solid CATIA STL
  facet normal  0.000000e+000  0.000000e+000 -1.000000e+000
    outer loop
      vertex  5.166336e+001  2.427051e+000  2.300000e+000
      vertex  5.126197e+001  2.673020e+000  2.300000e+000
      vertex  5.504201e+001  2.218047e+000  2.300000e+000
    endloop
  endfacet
  facet normal  0.000000e+000  0.000000e+000 -1.000000e+000
    outer loop
      vertex  5.504201e+001  2.218047e+000  2.300000e+000
      vertex  5.202132e+001  2.121320e+000  2.300000e+000
      vertex  5.166336e+001  2.427051e+000  2.300000e+000
    endloop
  endfacet
  facet normal  0.000000e+000  0.000000e+000 -1.000000e+000
    outer loop
      vertex  4.430000e+001 -5.600000e+000  2.300000e+000
      vertex  4.704683e+001  9.270510e-001  2.300000e+000
      vertex  4.693694e+001  4.693034e-001  2.300000e+000
    endloop
  endfacet
  facet normal  0.000000e+000  0.000000e+000 -1.000000e+000
    outer loop
      vertex  4.430000e+001 -5.600000e+000  2.300000e+000
      vertex  4.693694e+001  4.693034e-001  2.300000e+000
      vertex  4.690000e+001 -2.997602e-015  2.300000e+000
    endloop
  endfacet
  facet normal  0.000000e+000  -0.000000e+000 -9.999999e-001
    outer loop
      vertex  4.430000e+001 -5.600000e+000  2.300000e+000
      vertex  4.690000e+001 -2.997602e-015  2.300000e+000
      vertex  4.693900e+001 -4.821778e-001  2.300000e+000
    endloop
  endfacet
  facet normal  0.000000e+000  -0.000000e+000 -1.000000e+000
    outer loop
      vertex  4.430000e+001 -5.600000e+000  2.300000e+000
      vertex  4.693900e+001 -4.821778e-001  2.300000e+000
      vertex  4.705500e+001 -9.518271e-001  2.300000e+000
    endloop
  endfacet
  facet normal  0.000000e+000  -0.000000e+000 -1.000000e+000
    outer loop
      vertex  4.430000e+001 -5.600000e+000  2.300000e+000
      vertex  4.705500e+001 -9.518271e-001  2.300000e+000
      vertex  4.724497e+001 -1.396719e+000  2.300000e+000
    endloop
  endfacet
  facet normal  0.000000e+000  -0.000000e+000 -1.000000e+000
    outer loop
      vertex  4.430000e+001 -5.600000e+000  2.300000e+000
      vertex  4.724497e+001 -1.396719e+000  2.300000e+000
      vertex  4.745900e+001 -1.743984e+000  2.300000e+000
    endloop
  endfacet
  facet normal  0.000000e+000  -0.000000e+000 -9.999999e-001
    outer loop
      vertex  4.430000e+001 -5.600000e+000  2.300000e+000
      vertex  4.745900e+001 -1.743984e+000  2.300000e+000
      vertex  4.771816e+001 -2.059015e+000  2.300000e+000
    endloop
  endfacet
  facet normal  0.000000e+000  -0.000000e+000 -1.000000e+000
    outer loop
      vertex  4.430000e+001 -5.600000e+000  2.300000e+000
      vertex  4.771816e+001 -2.059015e+000  2.300000e+000
      vertex  4.801766e+001 -2.335977e+000  2.300000e+000
    endloop
  endfacet
  facet normal  0.000000e+000  -0.000000e+000 -1.000000e+000
    outer loop
      vertex  4.430000e+001 -5.600000e+000  2.300000e+000
      vertex  4.801766e+001 -2.335977e+000  2.300000e+000
      vertex  4.835196e+001 -2.569740e+000  2.300000e+000
    endloop
  endfacet
  facet normal  0.000000e+000  -0.000000e+000 -1.000000e+000
    outer loop
      vertex  4.430000e+001 -5.600000e+000  2.300000e+000
      vertex  4.835196e+001 -2.569740e+000  2.300000e+000
      vertex  4.871484e+001 -2.755974e+000  2.300000e+000
    endloop
  endfacet
  facet normal  0.000000e+000  -0.000000e+000 -1.000000e+000
    outer loop
      vertex  4.430000e+001 -5.600000e+000  2.300000e+000
      vertex  4.871484e+001 -2.755974e+000  2.300000e+000
      vertex  4.909963e+001 -2.891263e+000  2.300000e+000
    endloop
  endfacet
  facet normal  0.000000e+000  -0.000000e+000 -1.000000e+000
    outer loop
      vertex  4.430000e+001 -5.600000e+000  2.300000e+000
      vertex  4.909963e+001 -2.891263e+000  2.300000e+000
      vertex  4.957966e+001 -2.982843e+000  2.300000e+000
    endloop
  endfacet
  facet normal  0.000000e+000  -0.000000e+000 -9.999999e-001
    outer loop
      vertex  4.430000e+001 -5.600000e+000  2.300000e+000
      vertex  4.957966e+001 -2.982843e+000  2.300000e+000
      vertex  5.006823e+001 -2.995268e+000  2.300000e+000
    endloop
  endfacet
  facet normal  0.000000e+000  0.000000e+000 -1.000000e+000
    outer loop
      vertex  4.430000e+001 -5.600000e+000  2.300000e+000
      vertex  5.006823e+001 -2.995268e+000  2.300000e+000
      vertex  4.990000e+001 -5.600000e+000  2.300000e+000
    endloop
  endfacet
  facet normal  -0.000000e+000  -0.000000e+000 -1.000000e+000
    outer loop
      vertex  4.430000e+001  5.600000e+000  2.300000e+000
      vertex  4.990000e+001  5.600000e+000  2.300000e+000
      vertex  4.990000e+001  3.000000e+000  2.300000e+000
    endloop
  endfacet
  facet normal  -0.000000e+000  0.000000e+000 -1.000000e+000
    outer loop
      vertex  4.430000e+001  5.600000e+000  2.300000e+000
      vertex  4.990000e+001  3.000000e+000  2.300000e+000
      vertex  4.943070e+001  2.963065e+000  2.300000e+000
    endloop
  endfacet
  facet normal  -0.000000e+000  0.000000e+000 -1.000000e+000
    outer loop
      vertex  4.430000e+001  5.600000e+000  2.300000e+000
      vertex  4.943070e+001  2.963065e+000  2.300000e+000
      vertex  4.897295e+001  2.853169e+000  2.300000e+000
    endloop
  endfacet
  facet normal  -0.000000e+000  0.000000e+000 -1.000000e+000
    outer loop
      vertex  4.430000e+001  5.600000e+000  2.300000e+000
      vertex  4.897295e+001  2.853169e+000  2.300000e+000
      vertex  4.853803e+001  2.673020e+000  2.300000e+000
    endloop
  endfacet
  facet normal  -0.000000e+000  0.000000e+000 -9.999999e-001
    outer loop
      vertex  4.430000e+001  5.600000e+000  2.300000e+000
      vertex  4.853803e+001  2.673020e+000  2.300000e+000
      vertex  4.813664e+001  2.427051e+000  2.300000e+000
    endloop
  endfacet
  facet normal  -0.000000e+000  0.000000e+000 -1.000000e+000
    outer loop
      vertex  4.430000e+001  5.600000e+000  2.300000e+000
      vertex  4.813664e+001  2.427051e+000  2.300000e+000
      vertex  4.777868e+001  2.121320e+000  2.300000e+000
    endloop
  endfacet
  facet normal  -0.000000e+000  0.000000e+000 -1.000000e+000
    outer loop
      vertex  4.430000e+001  5.600000e+000  2.300000e+000
      vertex  4.777868e+001  2.121320e+000  2.300000e+000
      vertex  4.747295e+001  1.763356e+000  2.300000e+000
    endloop
  endfacet
  facet normal  -0.000000e+000  0.000000e+000 -1.000000e+000
    outer loop
      vertex  4.430000e+001  5.600000e+000  2.300000e+000
      vertex  4.747295e+001  1.763356e+000  2.300000e+000
      vertex  4.722698e+001  1.361971e+000  2.300000e+000
    endloop
  endfacet
  facet normal  -0.000000e+000  0.000000e+000 -1.000000e+000
    outer loop
      vertex  4.430000e+001  5.600000e+000  2.300000e+000
      vertex  4.722698e+001  1.361971e+000  2.300000e+000
      vertex  4.704683e+001  9.270510e-001  2.300000e+000
    endloop
  endfacet
  facet normal  -0.000000e+000  0.000000e+000 -1.000000e+000
    outer loop
      vertex  4.430000e+001  5.600000e+000  2.300000e+000
      vertex  4.704683e+001  9.270510e-001  2.300000e+000
      vertex  4.430000e+001 -5.600000e+000  2.300000e+000
    endloop
  endfacet
  facet normal  0.000000e+000  0.000000e+000 -9.999999e-001
    outer loop
      vertex  4.990000e+001  3.000000e+000  2.300000e+000
      vertex  4.990000e+001  5.600000e+000  2.300000e+000
      vertex  5.055012e+001  5.562135e+000  2.300000e+000
    endloop
  endfacet
  facet normal  0.000000e+000  -0.000000e+000 -1.000000e+000
    outer loop
      vertex  4.990000e+001  3.000000e+000  2.300000e+000
      vertex  5.055012e+001  5.562135e+000  2.300000e+000
      vertex  5.119145e+001  5.449051e+000  2.300000e+000
    endloop
  endfacet
  facet normal  0.000000e+000  -0.000000e+000 -1.000000e+000
    outer loop
      vertex  4.990000e+001  3.000000e+000  2.300000e+000
      vertex  5.119145e+001  5.449051e+000  2.300000e+000
      vertex  5.181531e+001  5.262279e+000  2.300000e+000
    endloop
  endfacet
  facet normal  0.000000e+000  -0.000000e+000 -1.000000e+000
    outer loop
      vertex  4.990000e+001  3.000000e+000  2.300000e+000
      vertex  5.181531e+001  5.262279e+000  2.300000e+000
      vertex  5.241328e+001  5.004343e+000  2.300000e+000
    endloop
  endfacet
  facet normal  0.000000e+000  -0.000000e+000 -1.000000e+000
    outer loop
      vertex  4.990000e+001  3.000000e+000  2.300000e+000
      vertex  5.241328e+001  5.004343e+000  2.300000e+000
      vertex  5.297725e+001  4.678732e+000  2.300000e+000
    endloop
  endfacet
  facet normal  0.000000e+000  -0.000000e+000 -1.000000e+000
    outer loop
      vertex  4.990000e+001  3.000000e+000  2.300000e+000
      vertex  5.297725e+001  4.678732e+000  2.300000e+000
      vertex  5.349961e+001  4.289849e+000  2.300000e+000
    endloop
  endfacet
  facet normal  0.000000e+000  -0.000000e+000 -1.000000e+000
    outer loop
      vertex  4.990000e+001  3.000000e+000  2.300000e+000
      vertex  5.349961e+001  4.289849e+000  2.300000e+000
      vertex  5.397329e+001  3.842953e+000  2.300000e+000
    endloop
  endfacet
  facet normal  0.000000e+000  -0.000000e+000 -1.000000e+000
    outer loop
      vertex  4.990000e+001  3.000000e+000  2.300000e+000
      vertex  5.397329e+001  3.842953e+000  2.300000e+000
      vertex  5.439189e+001  3.344088e+000  2.300000e+000
    endloop
  endfacet
  facet normal  0.000000e+000  -0.000000e+000 -1.000000e+000
    outer loop
      vertex  4.990000e+001  3.000000e+000  2.300000e+000
      vertex  5.439189e+001  3.344088e+000  2.300000e+000
      vertex  5.474974e+001  2.800000e+000  2.300000e+000
    endloop
  endfacet
  facet normal  0.000000e+000  0.000000e+000 -1.000000e+000
    outer loop
      vertex  4.990000e+001  3.000000e+000  2.300000e+000
      vertex  5.474974e+001  2.800000e+000  2.300000e+000
      vertex  5.036930e+001  2.963065e+000  2.300000e+000
    endloop
  endfacet
  facet normal  0.000000e+000  0.000000e+000 -1.000000e+000
    outer loop
      vertex  4.990000e+001 -5.600000e+000  2.300000e+000
      vertex  5.439189e+001 -3.344088e+000  2.300000e+000
      vertex  5.397329e+001 -3.842953e+000  2.300000e+000
    endloop
  endfacet
  facet normal  0.000000e+000  0.000000e+000 -1.000000e+000
    outer loop
      vertex  4.990000e+001 -5.600000e+000  2.300000e+000
      vertex  5.397329e+001 -3.842953e+000  2.300000e+000
      vertex  5.349961e+001 -4.289849e+000  2.300000e+000
    endloop
  endfacet
  facet normal  0.000000e+000  0.000000e+000 -1.000000e+000
    outer loop
      vertex  4.990000e+001 -5.600000e+000  2.300000e+000
      vertex  5.349961e+001 -4.289849e+000  2.300000e+000
      vertex  5.297725e+001 -4.678731e+000  2.300000e+000
    endloop
  endfacet
  facet normal  0.000000e+000  0.000000e+000 -1.000000e+000
    outer loop
      vertex  4.990000e+001 -5.600000e+000  2.300000e+000
      vertex  5.297725e+001 -4.678731e+000  2.300000e+000
      vertex  5.241328e+001 -5.004343e+000  2.300000e+000
    endloop
  endfacet
  facet normal  0.000000e+000  0.000000e+000 -1.000000e+000
    outer loop
      vertex  4.990000e+001 -5.600000e+000  2.300000e+000
      vertex  5.241328e+001 -5.004343e+000  2.300000e+000
      vertex  5.181531e+001 -5.262279e+000  2.300000e+000
    endloop
  endfacet
  facet normal  0.000000e+000  0.000000e+000 -1.000000e+000
    outer loop
      vertex  4.990000e+001 -5.600000e+000  2.300000e+000
      vertex  5.181531e+001 -5.262279e+000  2.300000e+000
      vertex  5.119145e+001 -5.449051e+000  2.300000e+000
    endloop
  endfacet
  facet normal  0.000000e+000  0.000000e+000 -1.000000e+000
    outer loop
      vertex  4.990000e+001 -5.600000e+000  2.300000e+000
      vertex  5.119145e+001 -5.449051e+000  2.300000e+000
      vertex  5.055012e+001 -5.562135e+000  2.300000e+000
    endloop
  endfacet
  facet normal  0.000000e+000  0.000000e+000 -1.000000e+000
    outer loop
      vertex  5.036930e+001  2.963065e+000  2.300000e+000
      vertex  5.474974e+001  2.800000e+000  2.300000e+000
      vertex  5.082705e+001  2.853169e+000  2.300000e+000
    endloop
  endfacet
  facet normal  0.000000e+000  0.000000e+000 -1.000000e+000
    outer loop
      vertex  5.082705e+001  2.853169e+000  2.300000e+000
      vertex  5.474974e+001  2.800000e+000  2.300000e+000
      vertex  5.504201e+001  2.218047e+000  2.300000e+000
    endloop
  endfacet
  facet normal  0.000000e+000  0.000000e+000 -1.000000e+000
    outer loop
      vertex  5.082705e+001  2.853169e+000  2.300000e+000
      vertex  5.504201e+001  2.218047e+000  2.300000e+000
      vertex  5.126197e+001  2.673020e+000  2.300000e+000
    endloop
  endfacet
  facet normal  0.000000e+000  0.000000e+000 -1.000000e+000
    outer loop
      vertex  5.275317e+001  9.270510e-001  2.300000e+000
      vertex  5.257302e+001  1.361971e+000  2.300000e+000
      vertex  5.541492e+001  9.724299e-001  2.300000e+000
    endloop
  endfacet
  facet normal  0.000000e+000  0.000000e+000 -1.000000e+000
    outer loop
      vertex  5.541492e+001  9.724299e-001  2.300000e+000
      vertex  5.257302e+001  1.361971e+000  2.300000e+000
      vertex  5.232705e+001  1.763356e+000  2.300000e+000
    endloop
  endfacet
  facet normal  0.000000e+000  0.000000e+000 -1.000000e+000
    outer loop
      vertex  5.541492e+001  9.724299e-001  2.300000e+000
      vertex  5.232705e+001  1.763356e+000  2.300000e+000
      vertex  5.526474e+001  1.606098e+000  2.300000e+000
    endloop
  endfacet
  facet normal  0.000000e+000  0.000000e+000 -1.000000e+000
    outer loop
      vertex  5.526474e+001  1.606098e+000  2.300000e+000
      vertex  5.232705e+001  1.763356e+000  2.300000e+000
      vertex  5.202132e+001  2.121320e+000  2.300000e+000
    endloop
  endfacet
  facet normal  0.000000e+000  0.000000e+000 -1.000000e+000
    outer loop
      vertex  5.526474e+001  1.606098e+000  2.300000e+000
      vertex  5.202132e+001  2.121320e+000  2.300000e+000
      vertex  5.504201e+001  2.218047e+000  2.300000e+000
    endloop
  endfacet
  facet normal  0.000000e+000  -0.000000e+000 -9.999999e-001
    outer loop
      vertex  5.287235e+001 -4.061894e-001  2.300000e+000
      vertex  5.290000e+001  1.716536e-008  2.300000e+000
      vertex  5.549052e+001 -3.256109e-001  2.300000e+000
    endloop
  endfacet
  facet normal  0.000000e+000  0.000000e+000 -1.000000e+000
    outer loop
      vertex  5.549052e+001 -3.256109e-001  2.300000e+000
      vertex  5.290000e+001  1.716536e-008  2.300000e+000
      vertex  5.286306e+001  4.693034e-001  2.300000e+000
    endloop
  endfacet
  facet normal  0.000000e+000  0.000000e+000 -1.000000e+000
    outer loop
      vertex  5.549052e+001 -3.256109e-001  2.300000e+000
      vertex  5.286306e+001  4.693034e-001  2.300000e+000
      vertex  5.549052e+001  3.256111e-001  2.300000e+000
    endloop
  endfacet
  facet normal  0.000000e+000  0.000000e+000 -1.000000e+000
    outer loop
      vertex  5.549052e+001  3.256111e-001  2.300000e+000
      vertex  5.286306e+001  4.693034e-001  2.300000e+000
      vertex  5.275317e+001  9.270510e-001  2.300000e+000
    endloop
  endfacet
  facet normal  0.000000e+000  0.000000e+000 -1.000000e+000
    outer loop
      vertex  5.549052e+001  3.256111e-001  2.300000e+000
      vertex  5.275317e+001  9.270510e-001  2.300000e+000
      vertex  5.541492e+001  9.724299e-001  2.300000e+000
    endloop
  endfacet
  facet normal  0.000000e+000  -0.000000e+000 -9.999999e-001
    outer loop
      vertex  5.243597e+001 -1.602749e+000  2.300000e+000
      vertex  5.265445e+001 -1.188700e+000  2.300000e+000
      vertex  5.526474e+001 -1.606098e+000  2.300000e+000
    endloop
  endfacet
  facet normal  0.000000e+000  0.000000e+000 -1.000000e+000
    outer loop
      vertex  5.526474e+001 -1.606098e+000  2.300000e+000
      vertex  5.265445e+001 -1.188700e+000  2.300000e+000
      vertex  5.279001e+001 -8.048723e-001  2.300000e+000
    endloop
  endfacet
  facet normal  0.000000e+000  0.000000e+000 -1.000000e+000
    outer loop
      vertex  5.526474e+001 -1.606098e+000  2.300000e+000
      vertex  5.279001e+001 -8.048723e-001  2.300000e+000
      vertex  5.541492e+001 -9.724297e-001  2.300000e+000
    endloop
  endfacet
  facet normal  0.000000e+000  0.000000e+000 -1.000000e+000
    outer loop
      vertex  5.541492e+001 -9.724297e-001  2.300000e+000
      vertex  5.279001e+001 -8.048723e-001  2.300000e+000
      vertex  5.287235e+001 -4.061894e-001  2.300000e+000
    endloop
  endfacet
  facet normal  0.000000e+000  0.000000e+000 -1.000000e+000
    outer loop
      vertex  5.541492e+001 -9.724297e-001  2.300000e+000
      vertex  5.287235e+001 -4.061894e-001  2.300000e+000
      vertex  5.549052e+001 -3.256109e-001  2.300000e+000
    endloop
  endfacet
  facet normal  0.000000e+000  -0.000000e+000 -1.000000e+000
    outer loop
      vertex  5.182047e+001 -2.304695e+000  2.300000e+000
      vertex  5.215569e+001 -1.977795e+000  2.300000e+000
      vertex  5.504201e+001 -2.218047e+000  2.300000e+000
    endloop
  endfacet
  facet normal  0.000000e+000  0.000000e+000 -1.000000e+000
    outer loop
      vertex  5.504201e+001 -2.218047e+000  2.300000e+000
      vertex  5.215569e+001 -1.977795e+000  2.300000e+000
      vertex  5.243597e+001 -1.602749e+000  2.300000e+000
    endloop
  endfacet
  facet normal  0.000000e+000  0.000000e+000 -1.000000e+000
    outer loop
      vertex  5.504201e+001 -2.218047e+000  2.300000e+000
      vertex  5.243597e+001 -1.602749e+000  2.300000e+000
      vertex  5.526474e+001 -1.606098e+000  2.300000e+000
    endloop
  endfacet
  facet normal  0.000000e+000  -0.000000e+000 -9.999999e-001
    outer loop
      vertex  5.101909e+001 -2.783457e+000  2.300000e+000
      vertex  5.143850e+001 -2.575455e+000  2.300000e+000
      vertex  5.474974e+001 -2.800000e+000  2.300000e+000
    endloop
  endfacet
  facet normal  0.000000e+000  0.000000e+000 -9.999999e-001
    outer loop
      vertex  5.474974e+001 -2.800000e+000  2.300000e+000
      vertex  5.143850e+001 -2.575455e+000  2.300000e+000
      vertex  5.182047e+001 -2.304695e+000  2.300000e+000
    endloop
  endfacet
  facet normal  0.000000e+000  0.000000e+000 -1.000000e+000
    outer loop
      vertex  5.474974e+001 -2.800000e+000  2.300000e+000
      vertex  5.182047e+001 -2.304695e+000  2.300000e+000
      vertex  5.504201e+001 -2.218047e+000  2.300000e+000
    endloop
  endfacet
  facet normal  0.000000e+000  0.000000e+000 -1.000000e+000
    outer loop
      vertex  5.474974e+001 -2.800000e+000  2.300000e+000
      vertex  5.439189e+001 -3.344088e+000  2.300000e+000
      vertex  5.101909e+001 -2.783457e+000  2.300000e+000
    endloop
  endfacet
  facet normal  0.000000e+000  -0.000000e+000 -1.000000e+000
    outer loop
      vertex  5.101909e+001 -2.783457e+000  2.300000e+000
      vertex  5.439189e+001 -3.344088e+000  2.300000e+000
      vertex  5.055233e+001 -2.928214e+000  2.300000e+000
    endloop
  endfacet
  facet normal  0.000000e+000  0.000000e+000 -1.000000e+000
    outer loop
      vertex  5.439189e+001 -3.344088e+000  2.300000e+000
      vertex  4.990000e+001 -5.600000e+000  2.300000e+000
      vertex  5.055233e+001 -2.928214e+000  2.300000e+000
    endloop
  endfacet
  facet normal  0.000000e+000  0.000000e+000 -1.000000e+000
    outer loop
      vertex  5.055233e+001 -2.928214e+000  2.300000e+000
      vertex  4.990000e+001 -5.600000e+000  2.300000e+000
      vertex  5.006823e+001 -2.995268e+000  2.300000e+000
    endloop
  endfacet
  facet normal -8.715567e-002 -9.961947e-001  0.000000e+000
    outer loop
      vertex  4.990000e+001  2.600000e+000  4.900000e+000
      vertex  5.035149e+001  2.560500e+000  2.700000e+000
      vertex  5.035149e+001  2.560500e+000  4.900000e+000
    endloop
  endfacet
  facet normal -2.588190e-001 -9.659258e-001  -0.000000e+000
    outer loop
      vertex  5.035149e+001  2.560500e+000  4.900000e+000
      vertex  5.035149e+001  2.560500e+000  2.700000e+000
      vertex  5.078925e+001  2.443201e+000  2.700000e+000
    endloop
  endfacet
  facet normal -2.588190e-001 -9.659258e-001  0.000000e+000
    outer loop
      vertex  5.035149e+001  2.560500e+000  4.900000e+000
      vertex  5.078925e+001  2.443201e+000  2.700000e+000
      vertex  5.078925e+001  2.443201e+000  4.900000e+000
    endloop
  endfacet
  facet normal -4.226184e-001 -9.063078e-001  -0.000000e+000
    outer loop
      vertex  5.078925e+001  2.443201e+000  4.900000e+000
      vertex  5.078925e+001  2.443201e+000  2.700000e+000
      vertex  5.120000e+001  2.251666e+000  2.700000e+000
    endloop
  endfacet
  facet normal -4.226184e-001 -9.063078e-001  0.000000e+000
    outer loop
      vertex  5.078925e+001  2.443201e+000  4.900000e+000
      vertex  5.120000e+001  2.251666e+000  2.700000e+000
      vertex  5.120000e+001  2.251666e+000  4.900000e+000
    endloop
  endfacet
  facet normal -5.735780e-001 -8.191510e-001  -0.000000e+000
    outer loop
      vertex  5.120000e+001  2.251666e+000  4.900000e+000
      vertex  5.120000e+001  2.251666e+000  2.700000e+000
      vertex  5.157125e+001  1.991716e+000  2.700000e+000
    endloop
  endfacet
  facet normal -5.735780e-001 -8.191510e-001  0.000000e+000
    outer loop
      vertex  5.120000e+001  2.251666e+000  4.900000e+000
      vertex  5.157125e+001  1.991716e+000  2.700000e+000
      vertex  5.157125e+001  1.991716e+000  4.900000e+000
    endloop
  endfacet
  facet normal -7.071055e-001 -7.071081e-001  -0.000000e+000
    outer loop
      vertex  5.157125e+001  1.991716e+000  4.900000e+000
      vertex  5.157125e+001  1.991716e+000  2.700000e+000
      vertex  5.189172e+001  1.671248e+000  2.700000e+000
    endloop
  endfacet
  facet normal -7.071055e-001 -7.071081e-001  0.000000e+000
    outer loop
      vertex  5.157125e+001  1.991716e+000  4.900000e+000
      vertex  5.189172e+001  1.671248e+000  2.700000e+000
      vertex  5.189172e+001  1.671248e+000  4.900000e+000
    endloop
  endfacet
  facet normal -8.191539e-001 -5.735737e-001  -0.000000e+000
    outer loop
      vertex  5.189172e+001  1.671248e+000  4.900000e+000
      vertex  5.189172e+001  1.671248e+000  2.700000e+000
      vertex  5.215166e+001  1.300000e+000  2.700000e+000
    endloop
  endfacet
  facet normal -8.191539e-001 -5.735737e-001  0.000000e+000
    outer loop
      vertex  5.189172e+001  1.671248e+000  4.900000e+000
      vertex  5.215166e+001  1.300000e+000  2.700000e+000
      vertex  5.215166e+001  1.300000e+000  4.900000e+000
    endloop
  endfacet
  facet normal -9.063068e-001 -4.226204e-001  -0.000000e+000
    outer loop
      vertex  5.215166e+001  1.300000e+000  4.900000e+000
      vertex  5.215166e+001  1.300000e+000  2.700000e+000
      vertex  5.234320e+001  8.892524e-001  2.700000e+000
    endloop
  endfacet
  facet normal -9.063068e-001 -4.226204e-001  0.000000e+000
    outer loop
      vertex  5.215166e+001  1.300000e+000  4.900000e+000
      vertex  5.234320e+001  8.892524e-001  2.700000e+000
      vertex  5.234320e+001  8.892524e-001  4.900000e+000
    endloop
  endfacet
  facet normal -9.659265e-001 -2.588166e-001  -0.000000e+000
    outer loop
      vertex  5.234320e+001  8.892524e-001  4.900000e+000
      vertex  5.234320e+001  8.892524e-001  2.700000e+000
      vertex  5.246050e+001  4.514853e-001  2.700000e+000
    endloop
  endfacet
  facet normal -9.659265e-001 -2.588166e-001  0.000000e+000
    outer loop
      vertex  5.234320e+001  8.892524e-001  4.900000e+000
      vertex  5.246050e+001  4.514853e-001  2.700000e+000
      vertex  5.246050e+001  4.514853e-001  4.900000e+000
    endloop
  endfacet
  facet normal -9.961944e-001 -8.715869e-002  -0.000000e+000
    outer loop
      vertex  5.246050e+001  4.514853e-001  4.900000e+000
      vertex  5.246050e+001  4.514853e-001  2.700000e+000
      vertex  5.250000e+001  3.184082e-016  2.700000e+000
    endloop
  endfacet
  facet normal -9.961944e-001 -8.715869e-002  0.000000e+000
    outer loop
      vertex  5.246050e+001  4.514853e-001  4.900000e+000
      vertex  5.250000e+001  3.184082e-016  2.700000e+000
      vertex  5.250000e+001  3.184082e-016  4.900000e+000
    endloop
  endfacet
  facet normal -8.715567e-002 -9.961947e-001  -0.000000e+000
    outer loop
      vertex  5.035149e+001  2.560500e+000  2.700000e+000
      vertex  4.990000e+001  2.600000e+000  4.900000e+000
      vertex  4.990000e+001  2.600000e+000  2.700000e+000
    endloop
  endfacet
  facet normal  8.715494e-002 -9.961947e-001  0.000000e+000
    outer loop
      vertex  4.990000e+001  2.600000e+000  2.700000e+000
      vertex  4.990000e+001  2.600000e+000  4.900000e+000
      vertex  4.944851e+001  2.560500e+000  4.900000e+000
    endloop
  endfacet
  facet normal  8.715494e-002 -9.961947e-001  0.000000e+000
    outer loop
      vertex  4.990000e+001  2.600000e+000  2.700000e+000
      vertex  4.944851e+001  2.560500e+000  4.900000e+000
      vertex  4.944851e+001  2.560500e+000  2.700000e+000
    endloop
  endfacet
  facet normal  2.588190e-001 -9.659258e-001  0.000000e+000
    outer loop
      vertex  4.944851e+001  2.560500e+000  2.700000e+000
      vertex  4.944851e+001  2.560500e+000  4.900000e+000
      vertex  4.901075e+001  2.443201e+000  4.900000e+000
    endloop
  endfacet
  facet normal  2.588190e-001 -9.659258e-001  0.000000e+000
    outer loop
      vertex  4.944851e+001  2.560500e+000  2.700000e+000
      vertex  4.901075e+001  2.443201e+000  4.900000e+000
      vertex  4.901075e+001  2.443201e+000  2.700000e+000
    endloop
  endfacet
  facet normal  4.226184e-001 -9.063078e-001  0.000000e+000
    outer loop
      vertex  4.901075e+001  2.443201e+000  2.700000e+000
      vertex  4.901075e+001  2.443201e+000  4.900000e+000
      vertex  4.860000e+001  2.251666e+000  4.900000e+000
    endloop
  endfacet
  facet normal  4.226184e-001 -9.063078e-001  0.000000e+000
    outer loop
      vertex  4.901075e+001  2.443201e+000  2.700000e+000
      vertex  4.860000e+001  2.251666e+000  4.900000e+000
      vertex  4.860000e+001  2.251666e+000  2.700000e+000
    endloop
  endfacet
  facet normal  5.735780e-001 -8.191510e-001  0.000000e+000
    outer loop
      vertex  4.860000e+001  2.251666e+000  2.700000e+000
      vertex  4.860000e+001  2.251666e+000  4.900000e+000
      vertex  4.822875e+001  1.991716e+000  4.900000e+000
    endloop
  endfacet
  facet normal  5.735780e-001 -8.191510e-001  0.000000e+000
    outer loop
      vertex  4.860000e+001  2.251666e+000  2.700000e+000
      vertex  4.822875e+001  1.991716e+000  4.900000e+000
      vertex  4.822875e+001  1.991716e+000  2.700000e+000
    endloop
  endfacet
  facet normal  7.071055e-001 -7.071081e-001  0.000000e+000
    outer loop
      vertex  4.822875e+001  1.991716e+000  2.700000e+000
      vertex  4.822875e+001  1.991716e+000  4.900000e+000
      vertex  4.790828e+001  1.671248e+000  4.900000e+000
    endloop
  endfacet
  facet normal  7.071055e-001 -7.071081e-001  0.000000e+000
    outer loop
      vertex  4.822875e+001  1.991716e+000  2.700000e+000
      vertex  4.790828e+001  1.671248e+000  4.900000e+000
      vertex  4.790828e+001  1.671248e+000  2.700000e+000
    endloop
  endfacet
  facet normal  8.191539e-001 -5.735737e-001  0.000000e+000
    outer loop
      vertex  4.790828e+001  1.671248e+000  2.700000e+000
      vertex  4.790828e+001  1.671248e+000  4.900000e+000
      vertex  4.764833e+001  1.300000e+000  4.900000e+000
    endloop
  endfacet
  facet normal  8.191539e-001 -5.735737e-001  0.000000e+000
    outer loop
      vertex  4.790828e+001  1.671248e+000  2.700000e+000
      vertex  4.764833e+001  1.300000e+000  4.900000e+000
      vertex  4.764833e+001  1.300000e+000  2.700000e+000
    endloop
  endfacet
  facet normal  9.063068e-001 -4.226204e-001  0.000000e+000
    outer loop
      vertex  4.764833e+001  1.300000e+000  2.700000e+000
      vertex  4.764833e+001  1.300000e+000  4.900000e+000
      vertex  4.745680e+001  8.892524e-001  4.900000e+000
    endloop
  endfacet
  facet normal  9.063068e-001 -4.226204e-001  0.000000e+000
    outer loop
      vertex  4.764833e+001  1.300000e+000  2.700000e+000
      vertex  4.745680e+001  8.892524e-001  4.900000e+000
      vertex  4.745680e+001  8.892524e-001  2.700000e+000
    endloop
  endfacet
  facet normal  9.659265e-001 -2.588166e-001  0.000000e+000
    outer loop
      vertex  4.745680e+001  8.892524e-001  2.700000e+000
      vertex  4.745680e+001  8.892524e-001  4.900000e+000
      vertex  4.733950e+001  4.514853e-001  4.900000e+000
    endloop
  endfacet
  facet normal  9.659265e-001 -2.588166e-001  0.000000e+000
    outer loop
      vertex  4.745680e+001  8.892524e-001  2.700000e+000
      vertex  4.733950e+001  4.514853e-001  4.900000e+000
      vertex  4.733950e+001  4.514853e-001  2.700000e+000
    endloop
  endfacet
  facet normal  9.961944e-001 -8.715869e-002  0.000000e+000
    outer loop
      vertex  4.733950e+001  4.514853e-001  2.700000e+000
      vertex  4.733950e+001  4.514853e-001  4.900000e+000
      vertex  4.730000e+001 -6.368163e-016  4.900000e+000
    endloop
  endfacet
  facet normal  9.961944e-001 -8.715869e-002  0.000000e+000
    outer loop
      vertex  4.733950e+001  4.514853e-001  2.700000e+000
      vertex  4.730000e+001 -6.368163e-016  4.900000e+000
      vertex  4.730000e+001 -6.368163e-016  2.700000e+000
    endloop
  endfacet
  facet normal  8.715494e-002  9.961947e-001  -0.000000e+000
    outer loop
      vertex  4.990000e+001 -2.600000e+000  4.900000e+000
      vertex  4.944851e+001 -2.560500e+000  2.700000e+000
      vertex  4.944851e+001 -2.560500e+000  4.900000e+000
    endloop
  endfacet
  facet normal  2.588190e-001  9.659258e-001  0.000000e+000
    outer loop
      vertex  4.944851e+001 -2.560500e+000  4.900000e+000
      vertex  4.944851e+001 -2.560500e+000  2.700000e+000
      vertex  4.901075e+001 -2.443201e+000  2.700000e+000
    endloop
  endfacet
  facet normal  2.588190e-001  9.659258e-001  -0.000000e+000
    outer loop
      vertex  4.944851e+001 -2.560500e+000  4.900000e+000
      vertex  4.901075e+001 -2.443201e+000  2.700000e+000
      vertex  4.901075e+001 -2.443201e+000  4.900000e+000
    endloop
  endfacet
  facet normal  4.226184e-001  9.063078e-001  0.000000e+000
    outer loop
      vertex  4.901075e+001 -2.443201e+000  4.900000e+000
      vertex  4.901075e+001 -2.443201e+000  2.700000e+000
      vertex  4.860000e+001 -2.251666e+000  2.700000e+000
    endloop
  endfacet
  facet normal  4.226184e-001  9.063078e-001  -0.000000e+000
    outer loop
      vertex  4.901075e+001 -2.443201e+000  4.900000e+000
      vertex  4.860000e+001 -2.251666e+000  2.700000e+000
      vertex  4.860000e+001 -2.251666e+000  4.900000e+000
    endloop
  endfacet
  facet normal  5.735780e-001  8.191510e-001  0.000000e+000
    outer loop
      vertex  4.860000e+001 -2.251666e+000  4.900000e+000
      vertex  4.860000e+001 -2.251666e+000  2.700000e+000
      vertex  4.822875e+001 -1.991716e+000  2.700000e+000
    endloop
  endfacet
  facet normal  5.735780e-001  8.191510e-001  -0.000000e+000
    outer loop
      vertex  4.860000e+001 -2.251666e+000  4.900000e+000
      vertex  4.822875e+001 -1.991716e+000  2.700000e+000
      vertex  4.822875e+001 -1.991716e+000  4.900000e+000
    endloop
  endfacet
  facet normal  7.071055e-001  7.071081e-001  0.000000e+000
    outer loop
      vertex  4.822875e+001 -1.991716e+000  4.900000e+000
      vertex  4.822875e+001 -1.991716e+000  2.700000e+000
      vertex  4.790828e+001 -1.671248e+000  2.700000e+000
    endloop
  endfacet
  facet normal  7.071055e-001  7.071081e-001  -0.000000e+000
    outer loop
      vertex  4.822875e+001 -1.991716e+000  4.900000e+000
      vertex  4.790828e+001 -1.671248e+000  2.700000e+000
      vertex  4.790828e+001 -1.671248e+000  4.900000e+000
    endloop
  endfacet
  facet normal  8.191539e-001  5.735737e-001  0.000000e+000
    outer loop
      vertex  4.790828e+001 -1.671248e+000  4.900000e+000
      vertex  4.790828e+001 -1.671248e+000  2.700000e+000
      vertex  4.764833e+001 -1.300000e+000  2.700000e+000
    endloop
  endfacet
  facet normal  8.191539e-001  5.735737e-001  -0.000000e+000
    outer loop
      vertex  4.790828e+001 -1.671248e+000  4.900000e+000
      vertex  4.764833e+001 -1.300000e+000  2.700000e+000
      vertex  4.764833e+001 -1.300000e+000  4.900000e+000
    endloop
  endfacet
  facet normal  9.063068e-001  4.226204e-001  0.000000e+000
    outer loop
      vertex  4.764833e+001 -1.300000e+000  4.900000e+000
      vertex  4.764833e+001 -1.300000e+000  2.700000e+000
      vertex  4.745680e+001 -8.892524e-001  2.700000e+000
    endloop
  endfacet
  facet normal  9.063068e-001  4.226204e-001  -0.000000e+000
    outer loop
      vertex  4.764833e+001 -1.300000e+000  4.900000e+000
      vertex  4.745680e+001 -8.892524e-001  2.700000e+000
      vertex  4.745680e+001 -8.892524e-001  4.900000e+000
    endloop
  endfacet
  facet normal  9.659265e-001  2.588166e-001  0.000000e+000
    outer loop
      vertex  4.745680e+001 -8.892524e-001  4.900000e+000
      vertex  4.745680e+001 -8.892524e-001  2.700000e+000
      vertex  4.733950e+001 -4.514853e-001  2.700000e+000
    endloop
  endfacet
  facet normal  9.659265e-001  2.588166e-001  -0.000000e+000
    outer loop
      vertex  4.745680e+001 -8.892524e-001  4.900000e+000
      vertex  4.733950e+001 -4.514853e-001  2.700000e+000
      vertex  4.733950e+001 -4.514853e-001  4.900000e+000
    endloop
  endfacet
  facet normal  9.961944e-001  8.715869e-002  0.000000e+000
    outer loop
      vertex  4.733950e+001 -4.514853e-001  4.900000e+000
      vertex  4.733950e+001 -4.514853e-001  2.700000e+000
      vertex  4.730000e+001 -6.368163e-016  2.700000e+000
    endloop
  endfacet
  facet normal  9.961944e-001  8.715869e-002  -0.000000e+000
    outer loop
      vertex  4.733950e+001 -4.514853e-001  4.900000e+000
      vertex  4.730000e+001 -6.368163e-016  2.700000e+000
      vertex  4.730000e+001 -6.368163e-016  4.900000e+000
    endloop
  endfacet
  facet normal  8.715494e-002  9.961947e-001  0.000000e+000
    outer loop
      vertex  4.944851e+001 -2.560500e+000  2.700000e+000
      vertex  4.990000e+001 -2.600000e+000  4.900000e+000
      vertex  4.990000e+001 -2.600000e+000  2.700000e+000
    endloop
  endfacet
  facet normal -8.715567e-002  9.961947e-001  0.000000e+000
    outer loop
      vertex  4.990000e+001 -2.600000e+000  2.700000e+000
      vertex  4.990000e+001 -2.600000e+000  4.900000e+000
      vertex  5.035149e+001 -2.560500e+000  4.900000e+000
    endloop
  endfacet
  facet normal -8.715567e-002  9.961947e-001  0.000000e+000
    outer loop
      vertex  4.990000e+001 -2.600000e+000  2.700000e+000
      vertex  5.035149e+001 -2.560500e+000  4.900000e+000
      vertex  5.035149e+001 -2.560500e+000  2.700000e+000
    endloop
  endfacet
  facet normal -2.588190e-001  9.659258e-001  0.000000e+000
    outer loop
      vertex  5.035149e+001 -2.560500e+000  2.700000e+000
      vertex  5.035149e+001 -2.560500e+000  4.900000e+000
      vertex  5.078925e+001 -2.443201e+000  4.900000e+000
    endloop
  endfacet
  facet normal -2.588190e-001  9.659258e-001  0.000000e+000
    outer loop
      vertex  5.035149e+001 -2.560500e+000  2.700000e+000
      vertex  5.078925e+001 -2.443201e+000  4.900000e+000
      vertex  5.078925e+001 -2.443201e+000  2.700000e+000
    endloop
  endfacet
  facet normal -4.226184e-001  9.063078e-001  0.000000e+000
    outer loop
      vertex  5.078925e+001 -2.443201e+000  2.700000e+000
      vertex  5.078925e+001 -2.443201e+000  4.900000e+000
      vertex  5.120000e+001 -2.251666e+000  4.900000e+000
    endloop
  endfacet
  facet normal -4.226184e-001  9.063078e-001  0.000000e+000
    outer loop
      vertex  5.078925e+001 -2.443201e+000  2.700000e+000
      vertex  5.120000e+001 -2.251666e+000  4.900000e+000
      vertex  5.120000e+001 -2.251666e+000  2.700000e+000
    endloop
  endfacet
  facet normal -5.735780e-001  8.191510e-001  0.000000e+000
    outer loop
      vertex  5.120000e+001 -2.251666e+000  2.700000e+000
      vertex  5.120000e+001 -2.251666e+000  4.900000e+000
      vertex  5.157125e+001 -1.991716e+000  4.900000e+000
    endloop
  endfacet
  facet normal -5.735780e-001  8.191510e-001  0.000000e+000
    outer loop
      vertex  5.120000e+001 -2.251666e+000  2.700000e+000
      vertex  5.157125e+001 -1.991716e+000  4.900000e+000
      vertex  5.157125e+001 -1.991716e+000  2.700000e+000
    endloop
  endfacet
  facet normal -7.071055e-001  7.071081e-001  0.000000e+000
    outer loop
      vertex  5.157125e+001 -1.991716e+000  2.700000e+000
      vertex  5.157125e+001 -1.991716e+000  4.900000e+000
      vertex  5.189172e+001 -1.671248e+000  4.900000e+000
    endloop
  endfacet
  facet normal -7.071055e-001  7.071081e-001  0.000000e+000
    outer loop
      vertex  5.157125e+001 -1.991716e+000  2.700000e+000
      vertex  5.189172e+001 -1.671248e+000  4.900000e+000
      vertex  5.189172e+001 -1.671248e+000  2.700000e+000
    endloop
  endfacet
  facet normal -8.191539e-001  5.735737e-001  0.000000e+000
    outer loop
      vertex  5.189172e+001 -1.671248e+000  2.700000e+000
      vertex  5.189172e+001 -1.671248e+000  4.900000e+000
      vertex  5.215166e+001 -1.300000e+000  4.900000e+000
    endloop
  endfacet
  facet normal -8.191539e-001  5.735737e-001  0.000000e+000
    outer loop
      vertex  5.189172e+001 -1.671248e+000  2.700000e+000
      vertex  5.215166e+001 -1.300000e+000  4.900000e+000
      vertex  5.215166e+001 -1.300000e+000  2.700000e+000
    endloop
  endfacet
  facet normal -9.063068e-001  4.226204e-001  0.000000e+000
    outer loop
      vertex  5.215166e+001 -1.300000e+000  2.700000e+000
      vertex  5.215166e+001 -1.300000e+000  4.900000e+000
      vertex  5.234320e+001 -8.892524e-001  4.900000e+000
    endloop
  endfacet
  facet normal -9.063068e-001  4.226204e-001  0.000000e+000
    outer loop
      vertex  5.215166e+001 -1.300000e+000  2.700000e+000
      vertex  5.234320e+001 -8.892524e-001  4.900000e+000
      vertex  5.234320e+001 -8.892524e-001  2.700000e+000
    endloop
  endfacet
  facet normal -9.659265e-001  2.588166e-001  0.000000e+000
    outer loop
      vertex  5.234320e+001 -8.892524e-001  2.700000e+000
      vertex  5.234320e+001 -8.892524e-001  4.900000e+000
      vertex  5.246050e+001 -4.514853e-001  4.900000e+000
    endloop
  endfacet
  facet normal -9.659265e-001  2.588166e-001  0.000000e+000
    outer loop
      vertex  5.234320e+001 -8.892524e-001  2.700000e+000
      vertex  5.246050e+001 -4.514853e-001  4.900000e+000
      vertex  5.246050e+001 -4.514853e-001  2.700000e+000
    endloop
  endfacet
  facet normal -9.961944e-001  8.715869e-002  0.000000e+000
    outer loop
      vertex  5.246050e+001 -4.514853e-001  2.700000e+000
      vertex  5.246050e+001 -4.514853e-001  4.900000e+000
      vertex  5.250000e+001  3.184082e-016  4.900000e+000
    endloop
  endfacet
  facet normal -9.961944e-001  8.715869e-002  0.000000e+000
    outer loop
      vertex  5.246050e+001 -4.514853e-001  2.700000e+000
      vertex  5.250000e+001  3.184082e-016  4.900000e+000
      vertex  5.250000e+001  3.184082e-016  2.700000e+000
    endloop
  endfacet
  facet normal -7.060128e-001 -5.556854e-002 -7.060155e-001
    outer loop
      vertex  5.250000e+001  3.184082e-016  2.700000e+000
      vertex  5.286306e+001  4.693034e-001  2.300000e+000
      vertex  5.290000e+001  1.716536e-008  2.300000e+000
    endloop
  endfacet
  facet normal -7.021425e-001 -6.143161e-002 -7.093814e-001
    outer loop
      vertex  5.250000e+001  3.184082e-016  2.700000e+000
      vertex  5.246050e+001  4.514853e-001  2.700000e+000
      vertex  5.286306e+001  4.693034e-001  2.300000e+000
    endloop
  endfacet
  facet normal  7.021425e-001 -6.143165e-002 -7.093813e-001
    outer loop
      vertex  4.730000e+001 -6.368163e-016  2.700000e+000
      vertex  4.693694e+001  4.693034e-001  2.300000e+000
      vertex  4.733950e+001  4.514853e-001  2.700000e+000
    endloop
  endfacet
  facet normal  7.060165e-001 -5.556308e-002 -7.060123e-001
    outer loop
      vertex  4.730000e+001 -6.368163e-016  2.700000e+000
      vertex  4.690000e+001 -2.997602e-015  2.300000e+000
      vertex  4.693694e+001  4.693034e-001  2.300000e+000
    endloop
  endfacet
  facet normal -6.913604e-001 -1.659784e-001 -7.031871e-001
    outer loop
      vertex  5.246050e+001  4.514853e-001  2.700000e+000
      vertex  5.275317e+001  9.270510e-001  2.300000e+000
      vertex  5.286306e+001  4.693034e-001  2.300000e+000
    endloop
  endfacet
  facet normal -6.588358e-001 -2.728974e-001 -7.010438e-001
    outer loop
      vertex  5.234320e+001  8.892524e-001  2.700000e+000
      vertex  5.257302e+001  1.361971e+000  2.300000e+000
      vertex  5.275317e+001  9.270510e-001  2.300000e+000
    endloop
  endfacet
  facet normal -6.780938e-001 -1.816928e-001 -7.121633e-001
    outer loop
      vertex  5.234320e+001  8.892524e-001  2.700000e+000
      vertex  5.275317e+001  9.270510e-001  2.300000e+000
      vertex  5.246050e+001  4.514853e-001  2.700000e+000
    endloop
  endfacet
  facet normal -6.092353e-001 -3.733445e-001 -6.996043e-001
    outer loop
      vertex  5.215166e+001  1.300000e+000  2.700000e+000
      vertex  5.232705e+001  1.763356e+000  2.300000e+000
      vertex  5.257302e+001  1.361971e+000  2.300000e+000
    endloop
  endfacet
  facet normal -6.344253e-001 -2.958392e-001 -7.141314e-001
    outer loop
      vertex  5.215166e+001  1.300000e+000  2.700000e+000
      vertex  5.257302e+001  1.361971e+000  2.300000e+000
      vertex  5.234320e+001  8.892524e-001  2.700000e+000
    endloop
  endfacet
  facet normal -5.438742e-001 -4.645099e-001 -6.988788e-001
    outer loop
      vertex  5.189172e+001  1.671248e+000  2.700000e+000
      vertex  5.202132e+001  2.121320e+000  2.300000e+000
      vertex  5.232705e+001  1.763356e+000  2.300000e+000
    endloop
  endfacet
  facet normal -5.724384e-001 -4.008228e-001 -7.153008e-001
    outer loop
      vertex  5.189172e+001  1.671248e+000  2.700000e+000
      vertex  5.232705e+001  1.763356e+000  2.300000e+000
      vertex  5.215166e+001  1.300000e+000  2.700000e+000
    endloop
  endfacet
  facet normal -4.645111e-001 -5.438707e-001 -6.988804e-001
    outer loop
      vertex  5.157125e+001  1.991716e+000  2.700000e+000
      vertex  5.166336e+001  2.427051e+000  2.300000e+000
      vertex  5.202132e+001  2.121320e+000  2.300000e+000
    endloop
  endfacet
  facet normal -4.938542e-001 -4.938560e-001 -7.156914e-001
    outer loop
      vertex  5.157125e+001  1.991716e+000  2.700000e+000
      vertex  5.202132e+001  2.121320e+000  2.300000e+000
      vertex  5.189172e+001  1.671248e+000  2.700000e+000
    endloop
  endfacet
  facet normal -3.733406e-001 -6.092396e-001 -6.996026e-001
    outer loop
      vertex  5.120000e+001  2.251666e+000  2.700000e+000
      vertex  5.126197e+001  2.673020e+000  2.300000e+000
      vertex  5.166336e+001  2.427051e+000  2.300000e+000
    endloop
  endfacet
  facet normal -4.008248e-001 -5.724348e-001 -7.153025e-001
    outer loop
      vertex  5.120000e+001  2.251666e+000  2.700000e+000
      vertex  5.166336e+001  2.427051e+000  2.300000e+000
      vertex  5.157125e+001  1.991716e+000  2.700000e+000
    endloop
  endfacet
  facet normal -2.728985e-001 -6.588370e-001 -7.010422e-001
    outer loop
      vertex  5.078925e+001  2.443201e+000  2.700000e+000
      vertex  5.082705e+001  2.853169e+000  2.300000e+000
      vertex  5.126197e+001  2.673020e+000  2.300000e+000
    endloop
  endfacet
  facet normal -2.958388e-001 -6.344282e-001 -7.141290e-001
    outer loop
      vertex  5.078925e+001  2.443201e+000  2.700000e+000
      vertex  5.126197e+001  2.673020e+000  2.300000e+000
      vertex  5.120000e+001  2.251666e+000  2.700000e+000
    endloop
  endfacet
  facet normal -1.659819e-001 -6.913601e-001 -7.031866e-001
    outer loop
      vertex  5.035149e+001  2.560500e+000  2.700000e+000
      vertex  5.036930e+001  2.963065e+000  2.300000e+000
      vertex  5.082705e+001  2.853169e+000  2.300000e+000
    endloop
  endfacet
  facet normal -1.816949e-001 -6.780946e-001 -7.121620e-001
    outer loop
      vertex  5.035149e+001  2.560500e+000  2.700000e+000
      vertex  5.082705e+001  2.853169e+000  2.300000e+000
      vertex  5.078925e+001  2.443201e+000  2.700000e+000
    endloop
  endfacet
  facet normal -5.556474e-002 -7.060144e-001 -7.060144e-001
    outer loop
      vertex  4.990000e+001  2.600000e+000  2.700000e+000
      vertex  4.990000e+001  3.000000e+000  2.300000e+000
      vertex  5.036930e+001  2.963065e+000  2.300000e+000
    endloop
  endfacet
  facet normal -6.142950e-002 -7.021429e-001 -7.093813e-001
    outer loop
      vertex  4.990000e+001  2.600000e+000  2.700000e+000
      vertex  5.036930e+001  2.963065e+000  2.300000e+000
      vertex  5.035149e+001  2.560500e+000  2.700000e+000
    endloop
  endfacet
  facet normal  1.659808e-001 -6.913609e-001 -7.031859e-001
    outer loop
      vertex  4.944851e+001  2.560500e+000  2.700000e+000
      vertex  4.897295e+001  2.853169e+000  2.300000e+000
      vertex  4.943070e+001  2.963065e+000  2.300000e+000
    endloop
  endfacet
  facet normal  6.142901e-002 -7.021432e-001 -7.093810e-001
    outer loop
      vertex  4.944851e+001  2.560500e+000  2.700000e+000
      vertex  4.943070e+001  2.963065e+000  2.300000e+000
      vertex  4.990000e+001  2.600000e+000  2.700000e+000
    endloop
  endfacet
  facet normal  2.728985e-001 -6.588370e-001 -7.010422e-001
    outer loop
      vertex  4.901075e+001  2.443201e+000  2.700000e+000
      vertex  4.853803e+001  2.673020e+000  2.300000e+000
      vertex  4.897295e+001  2.853169e+000  2.300000e+000
    endloop
  endfacet
  facet normal  1.816949e-001 -6.780946e-001 -7.121620e-001
    outer loop
      vertex  4.901075e+001  2.443201e+000  2.700000e+000
      vertex  4.897295e+001  2.853169e+000  2.300000e+000
      vertex  4.944851e+001  2.560500e+000  2.700000e+000
    endloop
  endfacet
  facet normal  3.733406e-001 -6.092396e-001 -6.996027e-001
    outer loop
      vertex  4.860000e+001  2.251666e+000  2.700000e+000
      vertex  4.813664e+001  2.427051e+000  2.300000e+000
      vertex  4.853803e+001  2.673020e+000  2.300000e+000
    endloop
  endfacet
  facet normal  2.958388e-001 -6.344282e-001 -7.141290e-001
    outer loop
      vertex  4.860000e+001  2.251666e+000  2.700000e+000
      vertex  4.853803e+001  2.673020e+000  2.300000e+000
      vertex  4.901075e+001  2.443201e+000  2.700000e+000
    endloop
  endfacet
  facet normal  4.645112e-001 -5.438708e-001 -6.988805e-001
    outer loop
      vertex  4.822875e+001  1.991716e+000  2.700000e+000
      vertex  4.777868e+001  2.121320e+000  2.300000e+000
      vertex  4.813664e+001  2.427051e+000  2.300000e+000
    endloop
  endfacet
  facet normal  4.008248e-001 -5.724348e-001 -7.153025e-001
    outer loop
      vertex  4.822875e+001  1.991716e+000  2.700000e+000
      vertex  4.813664e+001  2.427051e+000  2.300000e+000
      vertex  4.860000e+001  2.251666e+000  2.700000e+000
    endloop
  endfacet
  facet normal  5.438742e-001 -4.645099e-001 -6.988788e-001
    outer loop
      vertex  4.790828e+001  1.671248e+000  2.700000e+000
      vertex  4.747295e+001  1.763356e+000  2.300000e+000
      vertex  4.777868e+001  2.121320e+000  2.300000e+000
    endloop
  endfacet
  facet normal  4.938542e-001 -4.938560e-001 -7.156914e-001
    outer loop
      vertex  4.790828e+001  1.671248e+000  2.700000e+000
      vertex  4.777868e+001  2.121320e+000  2.300000e+000
      vertex  4.822875e+001  1.991716e+000  2.700000e+000
    endloop
  endfacet
  facet normal  6.092395e-001 -3.733413e-001 -6.996024e-001
    outer loop
      vertex  4.764833e+001  1.300000e+000  2.700000e+000
      vertex  4.722698e+001  1.361971e+000  2.300000e+000
      vertex  4.747295e+001  1.763356e+000  2.300000e+000
    endloop
  endfacet
  facet normal  5.724384e-001 -4.008228e-001 -7.153008e-001
    outer loop
      vertex  4.764833e+001  1.300000e+000  2.700000e+000
      vertex  4.747295e+001  1.763356e+000  2.300000e+000
      vertex  4.790828e+001  1.671248e+000  2.700000e+000
    endloop
  endfacet
  facet normal  6.588345e-001 -2.729026e-001 -7.010431e-001
    outer loop
      vertex  4.745680e+001  8.892524e-001  2.700000e+000
      vertex  4.704683e+001  9.270510e-001  2.300000e+000
      vertex  4.722698e+001  1.361971e+000  2.300000e+000
    endloop
  endfacet
  facet normal  6.344281e-001 -2.958405e-001 -7.141284e-001
    outer loop
      vertex  4.745680e+001  8.892524e-001  2.700000e+000
      vertex  4.722698e+001  1.361971e+000  2.300000e+000
      vertex  4.764833e+001  1.300000e+000  2.700000e+000
    endloop
  endfacet
  facet normal  6.913604e-001 -1.659784e-001 -7.031871e-001
    outer loop
      vertex  4.733950e+001  4.514853e-001  2.700000e+000
      vertex  4.693694e+001  4.693034e-001  2.300000e+000
      vertex  4.704683e+001  9.270510e-001  2.300000e+000
    endloop
  endfacet
  facet normal  6.780938e-001 -1.816928e-001 -7.121633e-001
    outer loop
      vertex  4.733950e+001  4.514853e-001  2.700000e+000
      vertex  4.704683e+001  9.270510e-001  2.300000e+000
      vertex  4.745680e+001  8.892524e-001  2.700000e+000
    endloop
  endfacet
  facet normal  5.556474e-002 -7.060144e-001 -7.060143e-001
    outer loop
      vertex  4.990000e+001  2.600000e+000  2.700000e+000
      vertex  4.943070e+001  2.963065e+000  2.300000e+000
      vertex  4.990000e+001  3.000000e+000  2.300000e+000
    endloop
  endfacet
  facet normal  7.059551e-001  5.710194e-002 -7.059509e-001
    outer loop
      vertex  4.730000e+001 -6.368163e-016  2.700000e+000
      vertex  4.693900e+001 -4.821778e-001  2.300000e+000
      vertex  4.690000e+001 -2.997602e-015  2.300000e+000
    endloop
  endfacet
  facet normal  7.029660e-001  6.150365e-002 -7.085593e-001
    outer loop
      vertex  4.730000e+001 -6.368163e-016  2.700000e+000
      vertex  4.733950e+001 -4.514853e-001  2.700000e+000
      vertex  4.693900e+001 -4.821778e-001  2.300000e+000
    endloop
  endfacet
  facet normal -6.988603e-001  6.114443e-002 -7.126399e-001
    outer loop
      vertex  5.250000e+001  3.184082e-016  2.700000e+000
      vertex  5.287235e+001 -4.061894e-001  2.300000e+000
      vertex  5.246050e+001 -4.514853e-001  2.700000e+000
    endloop
  endfacet
  facet normal -7.062876e-001  4.808296e-002 -7.062902e-001
    outer loop
      vertex  5.250000e+001  3.184082e-016  2.700000e+000
      vertex  5.290000e+001  1.716536e-008  2.300000e+000
      vertex  5.287235e+001 -4.061894e-001  2.300000e+000
    endloop
  endfacet
  facet normal  6.793495e-001  1.820293e-001 -7.108796e-001
    outer loop
      vertex  4.733950e+001 -4.514853e-001  2.700000e+000
      vertex  4.745680e+001 -8.892524e-001  2.700000e+000
      vertex  4.705500e+001 -9.518271e-001  2.300000e+000
    endloop
  endfacet
  facet normal  6.897699e-001  1.703642e-001 -7.036998e-001
    outer loop
      vertex  4.705500e+001 -9.518271e-001  2.300000e+000
      vertex  4.693900e+001 -4.821778e-001  2.300000e+000
      vertex  4.733950e+001 -4.514853e-001  2.700000e+000
    endloop
  endfacet
  facet normal  6.063972e-001  3.737293e-001 -7.018609e-001
    outer loop
      vertex  4.764833e+001 -1.300000e+000  2.700000e+000
      vertex  4.745900e+001 -1.743984e+000  2.300000e+000
      vertex  4.724497e+001 -1.396719e+000  2.300000e+000
    endloop
  endfacet
  facet normal  6.357136e-001  2.964399e-001 -7.127353e-001
    outer loop
      vertex  4.764833e+001 -1.300000e+000  2.700000e+000
      vertex  4.724497e+001 -1.396719e+000  2.300000e+000
      vertex  4.745680e+001 -8.892524e-001  2.700000e+000
    endloop
  endfacet
  facet normal  6.551207e-001  2.797412e-001 -7.018275e-001
    outer loop
      vertex  4.724497e+001 -1.396719e+000  2.300000e+000
      vertex  4.705500e+001 -9.518271e-001  2.300000e+000
      vertex  4.745680e+001 -8.892524e-001  2.700000e+000
    endloop
  endfacet
  facet normal  5.507473e-001  4.530780e-001 -7.009977e-001
    outer loop
      vertex  4.790828e+001 -1.671248e+000  2.700000e+000
      vertex  4.771816e+001 -2.059015e+000  2.300000e+000
      vertex  4.745900e+001 -1.743984e+000  2.300000e+000
    endloop
  endfacet
  facet normal  5.722098e-001  4.006627e-001 -7.155734e-001
    outer loop
      vertex  4.790828e+001 -1.671248e+000  2.700000e+000
      vertex  4.745900e+001 -1.743984e+000  2.300000e+000
      vertex  4.764833e+001 -1.300000e+000  2.700000e+000
    endloop
  endfacet
  facet normal  4.946342e-001  4.946360e-001 -7.146134e-001
    outer loop
      vertex  4.822875e+001 -1.991716e+000  2.700000e+000
      vertex  4.771816e+001 -2.059015e+000  2.300000e+000
      vertex  4.790828e+001 -1.671248e+000  2.700000e+000
    endloop
  endfacet
  facet normal  2.956694e-001  6.340650e-001 -7.145217e-001
    outer loop
      vertex  4.860000e+001 -2.251666e+000  2.700000e+000
      vertex  4.901075e+001 -2.443201e+000  2.700000e+000
      vertex  4.871484e+001 -2.755974e+000  2.300000e+000
    endloop
  endfacet
  facet normal  3.243782e-001  6.320642e-001 -7.037567e-001
    outer loop
      vertex  4.871484e+001 -2.755974e+000  2.300000e+000
      vertex  4.835196e+001 -2.569740e+000  2.300000e+000
      vertex  4.860000e+001 -2.251666e+000  2.700000e+000
    endloop
  endfacet
  facet normal  1.807868e-001  6.747057e-001 -7.156035e-001
    outer loop
      vertex  4.901075e+001 -2.443201e+000  2.700000e+000
      vertex  4.944851e+001 -2.560500e+000  2.700000e+000
      vertex  4.909963e+001 -2.891263e+000  2.300000e+000
    endloop
  endfacet
  facet normal  2.365377e-001  6.727574e-001 -7.010331e-001
    outer loop
      vertex  4.909963e+001 -2.891263e+000  2.300000e+000
      vertex  4.871484e+001 -2.755974e+000  2.300000e+000
      vertex  4.901075e+001 -2.443201e+000  2.700000e+000
    endloop
  endfacet
  facet normal  6.091520e-002  6.962703e-001 -7.151901e-001
    outer loop
      vertex  4.944851e+001 -2.560500e+000  2.700000e+000
      vertex  4.990000e+001 -2.600000e+000  2.700000e+000
      vertex  4.957966e+001 -2.982843e+000  2.300000e+000
    endloop
  endfacet
  facet normal  1.341299e-001  7.030661e-001 -6.983603e-001
    outer loop
      vertex  4.957966e+001 -2.982843e+000  2.300000e+000
      vertex  4.909963e+001 -2.891263e+000  2.300000e+000
      vertex  4.944851e+001 -2.560500e+000  2.700000e+000
    endloop
  endfacet
  facet normal  1.818319e-002  7.149967e-001 -6.988915e-001
    outer loop
      vertex  4.957966e+001 -2.982843e+000  2.300000e+000
      vertex  4.990000e+001 -2.600000e+000  2.700000e+000
      vertex  5.006823e+001 -2.995268e+000  2.300000e+000
    endloop
  endfacet
  facet normal -9.801663e-002  7.076421e-001 -6.997396e-001
    outer loop
      vertex  5.035149e+001 -2.560500e+000  2.700000e+000
      vertex  5.055233e+001 -2.928214e+000  2.300000e+000
      vertex  5.006823e+001 -2.995268e+000  2.300000e+000
    endloop
  endfacet
  facet normal -6.098270e-002  6.970365e-001 -7.144378e-001
    outer loop
      vertex  5.035149e+001 -2.560500e+000  2.700000e+000
      vertex  5.006823e+001 -2.995268e+000  2.300000e+000
      vertex  4.990000e+001 -2.600000e+000  2.700000e+000
    endloop
  endfacet
  facet normal -2.112760e-001  6.812512e-001 -7.008989e-001
    outer loop
      vertex  5.078925e+001 -2.443201e+000  2.700000e+000
      vertex  5.101909e+001 -2.783457e+000  2.300000e+000
      vertex  5.055233e+001 -2.928214e+000  2.300000e+000
    endloop
  endfacet
  facet normal -1.813806e-001  6.769218e-001 -7.133567e-001
    outer loop
      vertex  5.078925e+001 -2.443201e+000  2.700000e+000
      vertex  5.055233e+001 -2.928214e+000  2.300000e+000
      vertex  5.035149e+001 -2.560500e+000  2.700000e+000
    endloop
  endfacet
  facet normal -2.967847e-001  6.364568e-001 -7.119281e-001
    outer loop
      vertex  5.120000e+001 -2.251666e+000  2.700000e+000
      vertex  5.101909e+001 -2.783457e+000  2.300000e+000
      vertex  5.078925e+001 -2.443201e+000  2.700000e+000
    endloop
  endfacet
  facet normal -4.978655e-001  4.978673e-001 -7.101114e-001
    outer loop
      vertex  5.157125e+001 -1.991716e+000  2.700000e+000
      vertex  5.189172e+001 -1.671248e+000  2.700000e+000
      vertex  5.215569e+001 -1.977795e+000  2.300000e+000
    endloop
  endfacet
  facet normal -4.948682e-001  5.074632e-001 -7.053981e-001
    outer loop
      vertex  5.215569e+001 -1.977795e+000  2.300000e+000
      vertex  5.182047e+001 -2.304695e+000  2.300000e+000
      vertex  5.157125e+001 -1.991716e+000  2.700000e+000
    endloop
  endfacet
  facet normal -5.745143e-001  4.022764e-001 -7.128161e-001
    outer loop
      vertex  5.189172e+001 -1.671248e+000  2.700000e+000
      vertex  5.215166e+001 -1.300000e+000  2.700000e+000
      vertex  5.243597e+001 -1.602749e+000  2.300000e+000
    endloop
  endfacet
  facet normal -5.699943e-001  4.259657e-001 -7.026093e-001
    outer loop
      vertex  5.243597e+001 -1.602749e+000  2.300000e+000
      vertex  5.215569e+001 -1.977795e+000  2.300000e+000
      vertex  5.189172e+001 -1.671248e+000  2.700000e+000
    endloop
  endfacet
  facet normal -6.339725e-001  2.956281e-001 -7.146208e-001
    outer loop
      vertex  5.215166e+001 -1.300000e+000  2.700000e+000
      vertex  5.234320e+001 -8.892524e-001  2.700000e+000
      vertex  5.265445e+001 -1.188700e+000  2.300000e+000
    endloop
  endfacet
  facet normal -6.310889e-001  3.330036e-001 -7.005965e-001
    outer loop
      vertex  5.265445e+001 -1.188700e+000  2.300000e+000
      vertex  5.243597e+001 -1.602749e+000  2.300000e+000
      vertex  5.215166e+001 -1.300000e+000  2.700000e+000
    endloop
  endfacet
  facet normal -6.747449e-001  1.807955e-001 -7.155643e-001
    outer loop
      vertex  5.234320e+001 -8.892524e-001  2.700000e+000
      vertex  5.246050e+001 -4.514853e-001  2.700000e+000
      vertex  5.279001e+001 -8.048723e-001  2.300000e+000
    endloop
  endfacet
  facet normal -6.724333e-001  2.374877e-001 -7.010229e-001
    outer loop
      vertex  5.279001e+001 -8.048723e-001  2.300000e+000
      vertex  5.265445e+001 -1.188700e+000  2.300000e+000
      vertex  5.234320e+001 -8.892524e-001  2.700000e+000
    endloop
  endfacet
  facet normal -6.975515e-001  1.440658e-001 -7.019024e-001
    outer loop
      vertex  5.287235e+001 -4.061894e-001  2.300000e+000
      vertex  5.279001e+001 -8.048723e-001  2.300000e+000
      vertex  5.246050e+001 -4.514853e-001  2.700000e+000
    endloop
  endfacet
  facet normal  4.041525e-001  5.771874e-001 -7.095883e-001
    outer loop
      vertex  4.860000e+001 -2.251666e+000  2.700000e+000
      vertex  4.835196e+001 -2.569740e+000  2.300000e+000
      vertex  4.822875e+001 -1.991716e+000  2.700000e+000
    endloop
  endfacet
  facet normal  4.036530e-001  5.772452e-001 -7.098256e-001
    outer loop
      vertex  4.822875e+001 -1.991716e+000  2.700000e+000
      vertex  4.835196e+001 -2.569740e+000  2.300000e+000
      vertex  4.801766e+001 -2.335977e+000  2.300000e+000
    endloop
  endfacet
  facet normal  4.824450e-001  5.217096e-001 -7.036092e-001
    outer loop
      vertex  4.822875e+001 -1.991716e+000  2.700000e+000
      vertex  4.801766e+001 -2.335977e+000  2.300000e+000
      vertex  4.771816e+001 -2.059015e+000  2.300000e+000
    endloop
  endfacet
  facet normal -4.059219e-001  5.797142e-001 -7.065117e-001
    outer loop
      vertex  5.157125e+001 -1.991716e+000  2.700000e+000
      vertex  5.182047e+001 -2.304695e+000  2.300000e+000
      vertex  5.120000e+001 -2.251666e+000  2.700000e+000
    endloop
  endfacet
  facet normal -4.078556e-001  5.753805e-001 -7.089366e-001
    outer loop
      vertex  5.120000e+001 -2.251666e+000  2.700000e+000
      vertex  5.182047e+001 -2.304695e+000  2.300000e+000
      vertex  5.143850e+001 -2.575455e+000  2.300000e+000
    endloop
  endfacet
  facet normal -3.157297e-001  6.366230e-001 -7.035809e-001
    outer loop
      vertex  5.120000e+001 -2.251666e+000  2.700000e+000
      vertex  5.143850e+001 -2.575455e+000  2.300000e+000
      vertex  5.101909e+001 -2.783457e+000  2.300000e+000
    endloop
  endfacet
  facet normal  1.000000e+000  -0.000000e+000  0.000000e+000
    outer loop
      vertex  4.390000e+001  5.600000e+000  1.900000e+000
      vertex  4.390000e+001 -5.600000e+000  1.900000e+000
      vertex  4.390000e+001  5.600000e+000 -9.334314e+000
    endloop
  endfacet
  facet normal  1.000000e+000  0.000000e+000  0.000000e+000
    outer loop
      vertex  4.390000e+001  5.600000e+000 -9.334314e+000
      vertex  4.390000e+001 -5.600000e+000  1.900000e+000
      vertex  4.390000e+001 -5.600000e+000 -9.334314e+000
    endloop
  endfacet
  facet normal  2.634177e-007 -7.071071e-001 -7.071065e-001
    outer loop
      vertex  4.410000e+001 -5.400000e+000  2.100000e+000
      vertex  4.430000e+001 -5.600000e+000  2.300000e+000
      vertex  4.350000e+001 -6.000000e+000  2.700000e+000
    endloop
  endfacet
  facet normal  0.000000e+000 -7.071068e-001 -7.071068e-001
    outer loop
      vertex  4.350000e+001 -6.000000e+000  2.700000e+000
      vertex  4.430000e+001 -5.600000e+000  2.300000e+000
      vertex  4.990000e+001 -5.600000e+000  2.300000e+000
    endloop
  endfacet
  facet normal  0.000000e+000 -7.071068e-001 -7.071068e-001
    outer loop
      vertex  4.350000e+001 -6.000000e+000  2.700000e+000
      vertex  4.990000e+001 -5.600000e+000  2.300000e+000
      vertex  4.990000e+001 -6.000000e+000  2.700000e+000
    endloop
  endfacet
  facet normal  7.071055e-001 -7.071080e-001  0.000000e+000
    outer loop
      vertex  4.350000e+001 -6.000000e+000 -9.334314e+000
      vertex  4.390000e+001 -5.600000e+000 -9.334314e+000
      vertex  4.350000e+001 -6.000000e+000  2.700000e+000
    endloop
  endfacet
  facet normal  7.071055e-001 -7.071081e-001  0.000000e+000
    outer loop
      vertex  4.350000e+001 -6.000000e+000  2.700000e+000
      vertex  4.390000e+001 -5.600000e+000 -9.334314e+000
      vertex  4.390000e+001 -5.600000e+000  1.900000e+000
    endloop
  endfacet
  facet normal  7.071097e-001 -7.071038e-001  4.214705e-006
    outer loop
      vertex  4.350000e+001 -6.000000e+000  2.700000e+000
      vertex  4.390000e+001 -5.600000e+000  1.900000e+000
      vertex  4.410000e+001 -5.400000e+000  2.100000e+000
    endloop
  endfacet
  facet normal  7.071097e-001  7.071038e-001  4.214705e-006
    outer loop
      vertex  4.410000e+001  5.400000e+000  2.100000e+000
      vertex  4.390000e+001  5.600000e+000  1.900000e+000
      vertex  4.350000e+001  6.000000e+000  2.700000e+000
    endloop
  endfacet
  facet normal  7.071055e-001  7.071081e-001  0.000000e+000
    outer loop
      vertex  4.350000e+001  6.000000e+000  2.700000e+000
      vertex  4.390000e+001  5.600000e+000  1.900000e+000
      vertex  4.390000e+001  5.600000e+000 -9.334314e+000
    endloop
  endfacet
  facet normal  7.071055e-001  7.071080e-001  0.000000e+000
    outer loop
      vertex  4.350000e+001  6.000000e+000  2.700000e+000
      vertex  4.390000e+001  5.600000e+000 -9.334314e+000
      vertex  4.350000e+001  6.000000e+000 -9.334314e+000
    endloop
  endfacet
  facet normal  0.000000e+000  7.071068e-001 -7.071068e-001
    outer loop
      vertex  4.990000e+001  6.000000e+000  2.700000e+000
      vertex  4.990000e+001  5.600000e+000  2.300000e+000
      vertex  4.350000e+001  6.000000e+000  2.700000e+000
    endloop
  endfacet
  facet normal  0.000000e+000  7.071068e-001 -7.071068e-001
    outer loop
      vertex  4.350000e+001  6.000000e+000  2.700000e+000
      vertex  4.990000e+001  5.600000e+000  2.300000e+000
      vertex  4.430000e+001  5.600000e+000  2.300000e+000
    endloop
  endfacet
  facet normal  2.634177e-007  7.071071e-001 -7.071065e-001
    outer loop
      vertex  4.350000e+001  6.000000e+000  2.700000e+000
      vertex  4.430000e+001  5.600000e+000  2.300000e+000
      vertex  4.410000e+001  5.400000e+000  2.100000e+000
    endloop
  endfacet
  facet normal  7.071121e-001  0.000000e+000 -7.071015e-001
    outer loop
      vertex  4.410000e+001 -5.400000e+000  2.100000e+000
      vertex  4.390000e+001 -5.600000e+000  1.900000e+000
      vertex  4.390000e+001  5.600000e+000  1.900000e+000
    endloop
  endfacet
  facet normal  7.071120e-001  0.000000e+000 -7.071015e-001
    outer loop
      vertex  4.410000e+001 -5.400000e+000  2.100000e+000
      vertex  4.390000e+001  5.600000e+000  1.900000e+000
      vertex  4.410000e+001  5.400000e+000  2.100000e+000
    endloop
  endfacet
  facet normal  7.071055e-001  0.000000e+000 -7.071080e-001
    outer loop
      vertex  4.410000e+001 -5.400000e+000  2.100000e+000
      vertex  4.410000e+001  5.400000e+000  2.100000e+000
      vertex  4.430000e+001  5.600000e+000  2.300000e+000
    endloop
  endfacet
  facet normal  7.071055e-001  0.000000e+000 -7.071081e-001
    outer loop
      vertex  4.410000e+001 -5.400000e+000  2.100000e+000
      vertex  4.430000e+001  5.600000e+000  2.300000e+000
      vertex  4.430000e+001 -5.600000e+000  2.300000e+000
    endloop
  endfacet
  facet normal  0.000000e+000  0.000000e+000 -9.999999e-001
    outer loop
      vertex -5.166336e+001  2.427051e+000  2.300000e+000
      vertex -5.504201e+001  2.218047e+000  2.300000e+000
      vertex -5.126197e+001  2.673020e+000  2.300000e+000
    endloop
  endfacet
  facet normal  0.000000e+000  0.000000e+000 -1.000000e+000
    outer loop
      vertex -5.202132e+001  2.121320e+000  2.300000e+000
      vertex -5.504201e+001  2.218047e+000  2.300000e+000
      vertex -5.166336e+001  2.427051e+000  2.300000e+000
    endloop
  endfacet
  facet normal  0.000000e+000  0.000000e+000 -1.000000e+000
    outer loop
      vertex -5.030386e+001 -2.972656e+000  2.300000e+000
      vertex -5.439189e+001 -3.344088e+000  2.300000e+000
      vertex -5.070037e+001 -2.891263e+000  2.300000e+000
    endloop
  endfacet
  facet normal  0.000000e+000  0.000000e+000 -1.000000e+000
    outer loop
      vertex -4.990000e+001  3.000000e+000  2.300000e+000
      vertex -5.439189e+001  3.344088e+000  2.300000e+000
      vertex -5.397329e+001  3.842953e+000  2.300000e+000
    endloop
  endfacet
  facet normal  0.000000e+000  0.000000e+000 -1.000000e+000
    outer loop
      vertex -4.990000e+001  3.000000e+000  2.300000e+000
      vertex -5.397329e+001  3.842953e+000  2.300000e+000
      vertex -5.349961e+001  4.289849e+000  2.300000e+000
    endloop
  endfacet
  facet normal  0.000000e+000  0.000000e+000 -1.000000e+000
    outer loop
      vertex -4.990000e+001  3.000000e+000  2.300000e+000
      vertex -5.349961e+001  4.289849e+000  2.300000e+000
      vertex -5.297725e+001  4.678731e+000  2.300000e+000
    endloop
  endfacet
  facet normal  0.000000e+000  0.000000e+000 -9.999999e-001
    outer loop
      vertex -4.990000e+001  3.000000e+000  2.300000e+000
      vertex -5.297725e+001  4.678731e+000  2.300000e+000
      vertex -5.241328e+001  5.004343e+000  2.300000e+000
    endloop
  endfacet
  facet normal  0.000000e+000  0.000000e+000 -9.999999e-001
    outer loop
      vertex -4.990000e+001  3.000000e+000  2.300000e+000
      vertex -5.241328e+001  5.004343e+000  2.300000e+000
      vertex -5.181531e+001  5.262279e+000  2.300000e+000
    endloop
  endfacet
  facet normal  0.000000e+000  0.000000e+000 -1.000000e+000
    outer loop
      vertex -4.990000e+001  3.000000e+000  2.300000e+000
      vertex -5.181531e+001  5.262279e+000  2.300000e+000
      vertex -5.119145e+001  5.449051e+000  2.300000e+000
    endloop
  endfacet
  facet normal  0.000000e+000  0.000000e+000 -9.999999e-001
    outer loop
      vertex -4.990000e+001  3.000000e+000  2.300000e+000
      vertex -5.119145e+001  5.449051e+000  2.300000e+000
      vertex -5.055012e+001  5.562135e+000  2.300000e+000
    endloop
  endfacet
  facet normal  0.000000e+000  0.000000e+000 -9.999999e-001
    outer loop
      vertex -4.990000e+001  3.000000e+000  2.300000e+000
      vertex -5.055012e+001  5.562135e+000  2.300000e+000
      vertex -4.990000e+001  5.600000e+000  2.300000e+000
    endloop
  endfacet
  facet normal  0.000000e+000  0.000000e+000 -1.000000e+000
    outer loop
      vertex -4.990000e+001  3.000000e+000  2.300000e+000
      vertex -4.990000e+001  5.600000e+000  2.300000e+000
      vertex -4.430000e+001  5.600000e+000  2.300000e+000
    endloop
  endfacet
  facet normal  0.000000e+000  -0.000000e+000 -1.000000e+000
    outer loop
      vertex -5.474974e+001  2.800000e+000  2.300000e+000
      vertex -5.439189e+001  3.344088e+000  2.300000e+000
      vertex -4.990000e+001  3.000000e+000  2.300000e+000
    endloop
  endfacet
  facet normal  0.000000e+000  0.000000e+000 -9.999999e-001
    outer loop
      vertex -5.474974e+001  2.800000e+000  2.300000e+000
      vertex -4.990000e+001  3.000000e+000  2.300000e+000
      vertex -5.036930e+001  2.963065e+000  2.300000e+000
    endloop
  endfacet
  facet normal  0.000000e+000  0.000000e+000 -1.000000e+000
    outer loop
      vertex -5.474974e+001  2.800000e+000  2.300000e+000
      vertex -5.036930e+001  2.963065e+000  2.300000e+000
      vertex -5.082705e+001  2.853169e+000  2.300000e+000
    endloop
  endfacet
  facet normal  0.000000e+000  0.000000e+000 -9.999999e-001
    outer loop
      vertex -5.474974e+001  2.800000e+000  2.300000e+000
      vertex -5.082705e+001  2.853169e+000  2.300000e+000
      vertex -5.126197e+001  2.673020e+000  2.300000e+000
    endloop
  endfacet
  facet normal  -0.000000e+000  0.000000e+000 -1.000000e+000
    outer loop
      vertex -5.474974e+001  2.800000e+000  2.300000e+000
      vertex -5.126197e+001  2.673020e+000  2.300000e+000
      vertex -5.504201e+001  2.218047e+000  2.300000e+000
    endloop
  endfacet
  facet normal  0.000000e+000  0.000000e+000 -1.000000e+000
    outer loop
      vertex -5.474974e+001 -2.800000e+000  2.300000e+000
      vertex -5.504201e+001 -2.218047e+000  2.300000e+000
      vertex -5.178237e+001 -2.335954e+000  2.300000e+000
    endloop
  endfacet
  facet normal  0.000000e+000  -0.000000e+000 -9.999999e-001
    outer loop
      vertex -5.474974e+001 -2.800000e+000  2.300000e+000
      vertex -5.178237e+001 -2.335954e+000  2.300000e+000
      vertex -5.144808e+001 -2.569712e+000  2.300000e+000
    endloop
  endfacet
  facet normal  0.000000e+000  -0.000000e+000 -1.000000e+000
    outer loop
      vertex -5.474974e+001 -2.800000e+000  2.300000e+000
      vertex -5.144808e+001 -2.569712e+000  2.300000e+000
      vertex -5.108518e+001 -2.755965e+000  2.300000e+000
    endloop
  endfacet
  facet normal  0.000000e+000  -0.000000e+000 -1.000000e+000
    outer loop
      vertex -5.474974e+001 -2.800000e+000  2.300000e+000
      vertex -5.108518e+001 -2.755965e+000  2.300000e+000
      vertex -5.070037e+001 -2.891263e+000  2.300000e+000
    endloop
  endfacet
  facet normal  -0.000000e+000  0.000000e+000 -1.000000e+000
    outer loop
      vertex -5.474974e+001 -2.800000e+000  2.300000e+000
      vertex -5.070037e+001 -2.891263e+000  2.300000e+000
      vertex -5.439189e+001 -3.344088e+000  2.300000e+000
    endloop
  endfacet
  facet normal  0.000000e+000  0.000000e+000 -1.000000e+000
    outer loop
      vertex -4.990000e+001 -5.600000e+000  2.300000e+000
      vertex -5.055012e+001 -5.562135e+000  2.300000e+000
      vertex -5.119145e+001 -5.449051e+000  2.300000e+000
    endloop
  endfacet
  facet normal  0.000000e+000  0.000000e+000 -1.000000e+000
    outer loop
      vertex -4.990000e+001 -5.600000e+000  2.300000e+000
      vertex -5.119145e+001 -5.449051e+000  2.300000e+000
      vertex -5.181531e+001 -5.262279e+000  2.300000e+000
    endloop
  endfacet
  facet normal  0.000000e+000  0.000000e+000 -1.000000e+000
    outer loop
      vertex -4.990000e+001 -5.600000e+000  2.300000e+000
      vertex -5.181531e+001 -5.262279e+000  2.300000e+000
      vertex -5.241328e+001 -5.004343e+000  2.300000e+000
    endloop
  endfacet
  facet normal  0.000000e+000  0.000000e+000 -9.999999e-001
    outer loop
      vertex -4.990000e+001 -5.600000e+000  2.300000e+000
      vertex -5.241328e+001 -5.004343e+000  2.300000e+000
      vertex -5.297725e+001 -4.678732e+000  2.300000e+000
    endloop
  endfacet
  facet normal  0.000000e+000  0.000000e+000 -9.999999e-001
    outer loop
      vertex -4.990000e+001 -5.600000e+000  2.300000e+000
      vertex -5.297725e+001 -4.678732e+000  2.300000e+000
      vertex -5.349961e+001 -4.289849e+000  2.300000e+000
    endloop
  endfacet
  facet normal  0.000000e+000  0.000000e+000 -1.000000e+000
    outer loop
      vertex -4.990000e+001 -5.600000e+000  2.300000e+000
      vertex -5.349961e+001 -4.289849e+000  2.300000e+000
      vertex -5.397329e+001 -3.842953e+000  2.300000e+000
    endloop
  endfacet
  facet normal  0.000000e+000  0.000000e+000 -1.000000e+000
    outer loop
      vertex -4.990000e+001 -5.600000e+000  2.300000e+000
      vertex -5.397329e+001 -3.842953e+000  2.300000e+000
      vertex -5.439189e+001 -3.344088e+000  2.300000e+000
    endloop
  endfacet
  facet normal  0.000000e+000  0.000000e+000 -1.000000e+000
    outer loop
      vertex -4.990000e+001 -5.600000e+000  2.300000e+000
      vertex -5.439189e+001 -3.344088e+000  2.300000e+000
      vertex -5.030386e+001 -2.972656e+000  2.300000e+000
    endloop
  endfacet
  facet normal  0.000000e+000  0.000000e+000 -1.000000e+000
    outer loop
      vertex -4.990000e+001 -5.600000e+000  2.300000e+000
      vertex -5.030386e+001 -2.972656e+000  2.300000e+000
      vertex -4.990000e+001 -3.000000e+000  2.300000e+000
    endloop
  endfacet
  facet normal  0.000000e+000  0.000000e+000 -1.000000e+000
    outer loop
      vertex -4.430000e+001  5.600000e+000  2.300000e+000
      vertex -4.430000e+001 -5.600000e+000  2.300000e+000
      vertex -4.690042e+001 -5.000186e-002  2.300000e+000
    endloop
  endfacet
  facet normal  0.000000e+000  0.000000e+000 -1.000000e+000
    outer loop
      vertex -4.430000e+001  5.600000e+000  2.300000e+000
      vertex -4.690042e+001 -5.000186e-002  2.300000e+000
      vertex -4.690000e+001 -3.240463e-015  2.300000e+000
    endloop
  endfacet
  facet normal  0.000000e+000  0.000000e+000 -9.999999e-001
    outer loop
      vertex -4.430000e+001  5.600000e+000  2.300000e+000
      vertex -4.690000e+001 -3.240463e-015  2.300000e+000
      vertex -4.693694e+001  4.693034e-001  2.300000e+000
    endloop
  endfacet
  facet normal  0.000000e+000  0.000000e+000 -1.000000e+000
    outer loop
      vertex -4.430000e+001  5.600000e+000  2.300000e+000
      vertex -4.693694e+001  4.693034e-001  2.300000e+000
      vertex -4.704683e+001  9.270510e-001  2.300000e+000
    endloop
  endfacet
  facet normal  0.000000e+000  0.000000e+000 -1.000000e+000
    outer loop
      vertex -4.430000e+001  5.600000e+000  2.300000e+000
      vertex -4.704683e+001  9.270510e-001  2.300000e+000
      vertex -4.722698e+001  1.361971e+000  2.300000e+000
    endloop
  endfacet
  facet normal  0.000000e+000  0.000000e+000 -1.000000e+000
    outer loop
      vertex -4.430000e+001  5.600000e+000  2.300000e+000
      vertex -4.722698e+001  1.361971e+000  2.300000e+000
      vertex -4.747295e+001  1.763356e+000  2.300000e+000
    endloop
  endfacet
  facet normal  0.000000e+000  0.000000e+000 -1.000000e+000
    outer loop
      vertex -4.430000e+001  5.600000e+000  2.300000e+000
      vertex -4.747295e+001  1.763356e+000  2.300000e+000
      vertex -4.777868e+001  2.121320e+000  2.300000e+000
    endloop
  endfacet
  facet normal  0.000000e+000  0.000000e+000 -1.000000e+000
    outer loop
      vertex -4.430000e+001  5.600000e+000  2.300000e+000
      vertex -4.777868e+001  2.121320e+000  2.300000e+000
      vertex -4.813664e+001  2.427051e+000  2.300000e+000
    endloop
  endfacet
  facet normal  0.000000e+000  0.000000e+000 -9.999999e-001
    outer loop
      vertex -4.430000e+001  5.600000e+000  2.300000e+000
      vertex -4.813664e+001  2.427051e+000  2.300000e+000
      vertex -4.853803e+001  2.673020e+000  2.300000e+000
    endloop
  endfacet
  facet normal  0.000000e+000  0.000000e+000 -1.000000e+000
    outer loop
      vertex -4.430000e+001  5.600000e+000  2.300000e+000
      vertex -4.853803e+001  2.673020e+000  2.300000e+000
      vertex -4.897295e+001  2.853169e+000  2.300000e+000
    endloop
  endfacet
  facet normal  0.000000e+000  0.000000e+000 -1.000000e+000
    outer loop
      vertex -4.430000e+001  5.600000e+000  2.300000e+000
      vertex -4.897295e+001  2.853169e+000  2.300000e+000
      vertex -4.943070e+001  2.963065e+000  2.300000e+000
    endloop
  endfacet
  facet normal  0.000000e+000  0.000000e+000 -1.000000e+000
    outer loop
      vertex -4.430000e+001  5.600000e+000  2.300000e+000
      vertex -4.943070e+001  2.963065e+000  2.300000e+000
      vertex -4.990000e+001  3.000000e+000  2.300000e+000
    endloop
  endfacet
  facet normal  0.000000e+000  0.000000e+000 -1.000000e+000
    outer loop
      vertex -4.430000e+001 -5.600000e+000  2.300000e+000
      vertex -4.990000e+001 -5.600000e+000  2.300000e+000
      vertex -4.990000e+001 -3.000000e+000  2.300000e+000
    endloop
  endfacet
  facet normal  0.000000e+000  0.000000e+000 -1.000000e+000
    outer loop
      vertex -4.430000e+001 -5.600000e+000  2.300000e+000
      vertex -4.990000e+001 -3.000000e+000  2.300000e+000
      vertex -4.943828e+001 -2.964249e+000  2.300000e+000
    endloop
  endfacet
  facet normal  0.000000e+000  0.000000e+000 -9.999999e-001
    outer loop
      vertex -4.430000e+001 -5.600000e+000  2.300000e+000
      vertex -4.943828e+001 -2.964249e+000  2.300000e+000
      vertex -4.898753e+001 -2.857838e+000  2.300000e+000
    endloop
  endfacet
  facet normal  0.000000e+000  0.000000e+000 -1.000000e+000
    outer loop
      vertex -4.430000e+001 -5.600000e+000  2.300000e+000
      vertex -4.898753e+001 -2.857838e+000  2.300000e+000
      vertex -4.855849e+001 -2.683320e+000  2.300000e+000
    endloop
  endfacet
  facet normal  0.000000e+000  0.000000e+000 -1.000000e+000
    outer loop
      vertex -4.430000e+001 -5.600000e+000  2.300000e+000
      vertex -4.855849e+001 -2.683320e+000  2.300000e+000
      vertex -4.816145e+001 -2.444872e+000  2.300000e+000
    endloop
  endfacet
  facet normal  0.000000e+000  0.000000e+000 -1.000000e+000
    outer loop
      vertex -4.430000e+001 -5.600000e+000  2.300000e+000
      vertex -4.816145e+001 -2.444872e+000  2.300000e+000
      vertex -4.780588e+001 -2.148175e+000  2.300000e+000
    endloop
  endfacet
  facet normal  0.000000e+000  0.000000e+000 -1.000000e+000
    outer loop
      vertex -4.430000e+001 -5.600000e+000  2.300000e+000
      vertex -4.780588e+001 -2.148175e+000  2.300000e+000
      vertex -4.749705e+001 -1.796046e+000  2.300000e+000
    endloop
  endfacet
  facet normal  0.000000e+000  0.000000e+000 -9.999999e-001
    outer loop
      vertex -4.430000e+001 -5.600000e+000  2.300000e+000
      vertex -4.749705e+001 -1.796046e+000  2.300000e+000
      vertex -4.724678e+001 -1.400092e+000  2.300000e+000
    endloop
  endfacet
  facet normal  0.000000e+000  0.000000e+000 -1.000000e+000
    outer loop
      vertex -4.430000e+001 -5.600000e+000  2.300000e+000
      vertex -4.724678e+001 -1.400092e+000  2.300000e+000
      vertex -4.706117e+001 -9.699897e-001  2.300000e+000
    endloop
  endfacet
  facet normal  0.000000e+000  0.000000e+000 -9.999999e-001
    outer loop
      vertex -4.430000e+001 -5.600000e+000  2.300000e+000
      vertex -4.706117e+001 -9.699897e-001  2.300000e+000
      vertex -4.694476e+001 -5.162675e-001  2.300000e+000
    endloop
  endfacet
  facet normal  0.000000e+000  0.000000e+000 -1.000000e+000
    outer loop
      vertex -4.430000e+001 -5.600000e+000  2.300000e+000
      vertex -4.694476e+001 -5.162675e-001  2.300000e+000
      vertex -4.690042e+001 -5.000186e-002  2.300000e+000
    endloop
  endfacet
  facet normal  0.000000e+000  0.000000e+000 -1.000000e+000
    outer loop
      vertex -5.275317e+001  9.270510e-001  2.300000e+000
      vertex -5.541492e+001  9.724297e-001  2.300000e+000
      vertex -5.257302e+001  1.361971e+000  2.300000e+000
    endloop
  endfacet
  facet normal  -0.000000e+000  0.000000e+000 -1.000000e+000
    outer loop
      vertex -5.257302e+001  1.361971e+000  2.300000e+000
      vertex -5.541492e+001  9.724297e-001  2.300000e+000
      vertex -5.526474e+001  1.606098e+000  2.300000e+000
    endloop
  endfacet
  facet normal  0.000000e+000  0.000000e+000 -1.000000e+000
    outer loop
      vertex -5.257302e+001  1.361971e+000  2.300000e+000
      vertex -5.526474e+001  1.606098e+000  2.300000e+000
      vertex -5.232705e+001  1.763356e+000  2.300000e+000
    endloop
  endfacet
  facet normal  -0.000000e+000  0.000000e+000 -1.000000e+000
    outer loop
      vertex -5.232705e+001  1.763356e+000  2.300000e+000
      vertex -5.526474e+001  1.606098e+000  2.300000e+000
      vertex -5.504201e+001  2.218047e+000  2.300000e+000
    endloop
  endfacet
  facet normal  0.000000e+000  0.000000e+000 -1.000000e+000
    outer loop
      vertex -5.232705e+001  1.763356e+000  2.300000e+000
      vertex -5.504201e+001  2.218047e+000  2.300000e+000
      vertex -5.202132e+001  2.121320e+000  2.300000e+000
    endloop
  endfacet
  facet normal  0.000000e+000  0.000000e+000 -9.999999e-001
    outer loop
      vertex -5.288314e+001 -3.175879e-001  2.300000e+000
      vertex -5.549052e+001 -3.256111e-001  2.300000e+000
      vertex -5.290000e+001  1.716538e-008  2.300000e+000
    endloop
  endfacet
  facet normal  -0.000000e+000  0.000000e+000 -9.999999e-001
    outer loop
      vertex -5.290000e+001  1.716538e-008  2.300000e+000
      vertex -5.549052e+001 -3.256111e-001  2.300000e+000
      vertex -5.549052e+001  3.256109e-001  2.300000e+000
    endloop
  endfacet
  facet normal  0.000000e+000  0.000000e+000 -1.000000e+000
    outer loop
      vertex -5.290000e+001  1.716538e-008  2.300000e+000
      vertex -5.549052e+001  3.256109e-001  2.300000e+000
      vertex -5.286306e+001  4.693034e-001  2.300000e+000
    endloop
  endfacet
  facet normal  -0.000000e+000  0.000000e+000 -1.000000e+000
    outer loop
      vertex -5.286306e+001  4.693034e-001  2.300000e+000
      vertex -5.549052e+001  3.256109e-001  2.300000e+000
      vertex -5.541492e+001  9.724297e-001  2.300000e+000
    endloop
  endfacet
  facet normal  0.000000e+000  0.000000e+000 -1.000000e+000
    outer loop
      vertex -5.286306e+001  4.693034e-001  2.300000e+000
      vertex -5.541492e+001  9.724297e-001  2.300000e+000
      vertex -5.275317e+001  9.270510e-001  2.300000e+000
    endloop
  endfacet
  facet normal  0.000000e+000  0.000000e+000 -1.000000e+000
    outer loop
      vertex -5.271997e+001 -1.023615e+000  2.300000e+000
      vertex -5.541492e+001 -9.724299e-001  2.300000e+000
      vertex -5.283276e+001 -6.315987e-001  2.300000e+000
    endloop
  endfacet
  facet normal  -0.000000e+000  0.000000e+000 -1.000000e+000
    outer loop
      vertex -5.283276e+001 -6.315987e-001  2.300000e+000
      vertex -5.541492e+001 -9.724299e-001  2.300000e+000
      vertex -5.549052e+001 -3.256111e-001  2.300000e+000
    endloop
  endfacet
  facet normal  0.000000e+000  0.000000e+000 -1.000000e+000
    outer loop
      vertex -5.283276e+001 -6.315987e-001  2.300000e+000
      vertex -5.549052e+001 -3.256111e-001  2.300000e+000
      vertex -5.288314e+001 -3.175879e-001  2.300000e+000
    endloop
  endfacet
  facet normal  0.000000e+000  0.000000e+000 -9.999999e-001
    outer loop
      vertex -5.234100e+001 -1.743995e+000  2.300000e+000
      vertex -5.526474e+001 -1.606098e+000  2.300000e+000
      vertex -5.255503e+001 -1.396717e+000  2.300000e+000
    endloop
  endfacet
  facet normal  -0.000000e+000  0.000000e+000 -1.000000e+000
    outer loop
      vertex -5.255503e+001 -1.396717e+000  2.300000e+000
      vertex -5.526474e+001 -1.606098e+000  2.300000e+000
      vertex -5.541492e+001 -9.724299e-001  2.300000e+000
    endloop
  endfacet
  facet normal  0.000000e+000  0.000000e+000 -1.000000e+000
    outer loop
      vertex -5.255503e+001 -1.396717e+000  2.300000e+000
      vertex -5.541492e+001 -9.724299e-001  2.300000e+000
      vertex -5.271997e+001 -1.023615e+000  2.300000e+000
    endloop
  endfacet
  facet normal  0.000000e+000  0.000000e+000 -1.000000e+000
    outer loop
      vertex -5.178237e+001 -2.335954e+000  2.300000e+000
      vertex -5.504201e+001 -2.218047e+000  2.300000e+000
      vertex -5.208184e+001 -2.059018e+000  2.300000e+000
    endloop
  endfacet
  facet normal  -0.000000e+000  0.000000e+000 -1.000000e+000
    outer loop
      vertex -5.208184e+001 -2.059018e+000  2.300000e+000
      vertex -5.504201e+001 -2.218047e+000  2.300000e+000
      vertex -5.526474e+001 -1.606098e+000  2.300000e+000
    endloop
  endfacet
  facet normal  0.000000e+000  0.000000e+000 -1.000000e+000
    outer loop
      vertex -5.208184e+001 -2.059018e+000  2.300000e+000
      vertex -5.526474e+001 -1.606098e+000  2.300000e+000
      vertex -5.234100e+001 -1.743995e+000  2.300000e+000
    endloop
  endfacet
  facet normal  8.715567e-002 -9.961947e-001  0.000000e+000
    outer loop
      vertex -4.990000e+001  2.600000e+000  2.700000e+000
      vertex -5.035149e+001  2.560500e+000  4.900000e+000
      vertex -5.035149e+001  2.560500e+000  2.700000e+000
    endloop
  endfacet
  facet normal  2.588190e-001 -9.659258e-001  0.000000e+000
    outer loop
      vertex -5.035149e+001  2.560500e+000  2.700000e+000
      vertex -5.035149e+001  2.560500e+000  4.900000e+000
      vertex -5.078925e+001  2.443201e+000  4.900000e+000
    endloop
  endfacet
  facet normal  2.588190e-001 -9.659258e-001  0.000000e+000
    outer loop
      vertex -5.035149e+001  2.560500e+000  2.700000e+000
      vertex -5.078925e+001  2.443201e+000  4.900000e+000
      vertex -5.078925e+001  2.443201e+000  2.700000e+000
    endloop
  endfacet
  facet normal  4.226184e-001 -9.063078e-001  0.000000e+000
    outer loop
      vertex -5.078925e+001  2.443201e+000  2.700000e+000
      vertex -5.078925e+001  2.443201e+000  4.900000e+000
      vertex -5.120000e+001  2.251666e+000  4.900000e+000
    endloop
  endfacet
  facet normal  4.226184e-001 -9.063078e-001  0.000000e+000
    outer loop
      vertex -5.078925e+001  2.443201e+000  2.700000e+000
      vertex -5.120000e+001  2.251666e+000  4.900000e+000
      vertex -5.120000e+001  2.251666e+000  2.700000e+000
    endloop
  endfacet
  facet normal  5.735780e-001 -8.191510e-001  0.000000e+000
    outer loop
      vertex -5.120000e+001  2.251666e+000  2.700000e+000
      vertex -5.120000e+001  2.251666e+000  4.900000e+000
      vertex -5.157125e+001  1.991716e+000  4.900000e+000
    endloop
  endfacet
  facet normal  5.735780e-001 -8.191510e-001  0.000000e+000
    outer loop
      vertex -5.120000e+001  2.251666e+000  2.700000e+000
      vertex -5.157125e+001  1.991716e+000  4.900000e+000
      vertex -5.157125e+001  1.991716e+000  2.700000e+000
    endloop
  endfacet
  facet normal  7.071055e-001 -7.071081e-001  0.000000e+000
    outer loop
      vertex -5.157125e+001  1.991716e+000  2.700000e+000
      vertex -5.157125e+001  1.991716e+000  4.900000e+000
      vertex -5.189172e+001  1.671248e+000  4.900000e+000
    endloop
  endfacet
  facet normal  7.071055e-001 -7.071081e-001  0.000000e+000
    outer loop
      vertex -5.157125e+001  1.991716e+000  2.700000e+000
      vertex -5.189172e+001  1.671248e+000  4.900000e+000
      vertex -5.189172e+001  1.671248e+000  2.700000e+000
    endloop
  endfacet
  facet normal  8.191539e-001 -5.735737e-001  0.000000e+000
    outer loop
      vertex -5.189172e+001  1.671248e+000  2.700000e+000
      vertex -5.189172e+001  1.671248e+000  4.900000e+000
      vertex -5.215166e+001  1.300000e+000  4.900000e+000
    endloop
  endfacet
  facet normal  8.191539e-001 -5.735737e-001  0.000000e+000
    outer loop
      vertex -5.189172e+001  1.671248e+000  2.700000e+000
      vertex -5.215166e+001  1.300000e+000  4.900000e+000
      vertex -5.215166e+001  1.300000e+000  2.700000e+000
    endloop
  endfacet
  facet normal  9.063068e-001 -4.226204e-001  0.000000e+000
    outer loop
      vertex -5.215166e+001  1.300000e+000  2.700000e+000
      vertex -5.215166e+001  1.300000e+000  4.900000e+000
      vertex -5.234320e+001  8.892524e-001  4.900000e+000
    endloop
  endfacet
  facet normal  9.063068e-001 -4.226204e-001  0.000000e+000
    outer loop
      vertex -5.215166e+001  1.300000e+000  2.700000e+000
      vertex -5.234320e+001  8.892524e-001  4.900000e+000
      vertex -5.234320e+001  8.892524e-001  2.700000e+000
    endloop
  endfacet
  facet normal  9.659265e-001 -2.588166e-001  0.000000e+000
    outer loop
      vertex -5.234320e+001  8.892524e-001  2.700000e+000
      vertex -5.234320e+001  8.892524e-001  4.900000e+000
      vertex -5.246050e+001  4.514853e-001  4.900000e+000
    endloop
  endfacet
  facet normal  9.659265e-001 -2.588166e-001  0.000000e+000
    outer loop
      vertex -5.234320e+001  8.892524e-001  2.700000e+000
      vertex -5.246050e+001  4.514853e-001  4.900000e+000
      vertex -5.246050e+001  4.514853e-001  2.700000e+000
    endloop
  endfacet
  facet normal  9.961944e-001 -8.715869e-002  0.000000e+000
    outer loop
      vertex -5.246050e+001  4.514853e-001  2.700000e+000
      vertex -5.246050e+001  4.514853e-001  4.900000e+000
      vertex -5.250000e+001  3.184082e-016  4.900000e+000
    endloop
  endfacet
  facet normal  9.961944e-001 -8.715869e-002  0.000000e+000
    outer loop
      vertex -5.246050e+001  4.514853e-001  2.700000e+000
      vertex -5.250000e+001  3.184082e-016  4.900000e+000
      vertex -5.250000e+001  3.184082e-016  2.700000e+000
    endloop
  endfacet
  facet normal  8.715567e-002 -9.961947e-001  0.000000e+000
    outer loop
      vertex -5.035149e+001  2.560500e+000  4.900000e+000
      vertex -4.990000e+001  2.600000e+000  2.700000e+000
      vertex -4.990000e+001  2.600000e+000  4.900000e+000
    endloop
  endfacet
  facet normal -8.715494e-002 -9.961947e-001  -0.000000e+000
    outer loop
      vertex -4.990000e+001  2.600000e+000  4.900000e+000
      vertex -4.990000e+001  2.600000e+000  2.700000e+000
      vertex -4.944851e+001  2.560500e+000  2.700000e+000
    endloop
  endfacet
  facet normal -8.715494e-002 -9.961947e-001  0.000000e+000
    outer loop
      vertex -4.990000e+001  2.600000e+000  4.900000e+000
      vertex -4.944851e+001  2.560500e+000  2.700000e+000
      vertex -4.944851e+001  2.560500e+000  4.900000e+000
    endloop
  endfacet
  facet normal -2.588190e-001 -9.659258e-001  -0.000000e+000
    outer loop
      vertex -4.944851e+001  2.560500e+000  4.900000e+000
      vertex -4.944851e+001  2.560500e+000  2.700000e+000
      vertex -4.901075e+001  2.443201e+000  2.700000e+000
    endloop
  endfacet
  facet normal -2.588190e-001 -9.659258e-001  0.000000e+000
    outer loop
      vertex -4.944851e+001  2.560500e+000  4.900000e+000
      vertex -4.901075e+001  2.443201e+000  2.700000e+000
      vertex -4.901075e+001  2.443201e+000  4.900000e+000
    endloop
  endfacet
  facet normal -4.226184e-001 -9.063078e-001  -0.000000e+000
    outer loop
      vertex -4.901075e+001  2.443201e+000  4.900000e+000
      vertex -4.901075e+001  2.443201e+000  2.700000e+000
      vertex -4.860000e+001  2.251666e+000  2.700000e+000
    endloop
  endfacet
  facet normal -4.226184e-001 -9.063078e-001  0.000000e+000
    outer loop
      vertex -4.901075e+001  2.443201e+000  4.900000e+000
      vertex -4.860000e+001  2.251666e+000  2.700000e+000
      vertex -4.860000e+001  2.251666e+000  4.900000e+000
    endloop
  endfacet
  facet normal -5.735780e-001 -8.191510e-001  -0.000000e+000
    outer loop
      vertex -4.860000e+001  2.251666e+000  4.900000e+000
      vertex -4.860000e+001  2.251666e+000  2.700000e+000
      vertex -4.822875e+001  1.991716e+000  2.700000e+000
    endloop
  endfacet
  facet normal -5.735780e-001 -8.191510e-001  0.000000e+000
    outer loop
      vertex -4.860000e+001  2.251666e+000  4.900000e+000
      vertex -4.822875e+001  1.991716e+000  2.700000e+000
      vertex -4.822875e+001  1.991716e+000  4.900000e+000
    endloop
  endfacet
  facet normal -7.071055e-001 -7.071081e-001  -0.000000e+000
    outer loop
      vertex -4.822875e+001  1.991716e+000  4.900000e+000
      vertex -4.822875e+001  1.991716e+000  2.700000e+000
      vertex -4.790828e+001  1.671248e+000  2.700000e+000
    endloop
  endfacet
  facet normal -7.071055e-001 -7.071081e-001  0.000000e+000
    outer loop
      vertex -4.822875e+001  1.991716e+000  4.900000e+000
      vertex -4.790828e+001  1.671248e+000  2.700000e+000
      vertex -4.790828e+001  1.671248e+000  4.900000e+000
    endloop
  endfacet
  facet normal -8.191539e-001 -5.735737e-001  -0.000000e+000
    outer loop
      vertex -4.790828e+001  1.671248e+000  4.900000e+000
      vertex -4.790828e+001  1.671248e+000  2.700000e+000
      vertex -4.764833e+001  1.300000e+000  2.700000e+000
    endloop
  endfacet
  facet normal -8.191539e-001 -5.735737e-001  0.000000e+000
    outer loop
      vertex -4.790828e+001  1.671248e+000  4.900000e+000
      vertex -4.764833e+001  1.300000e+000  2.700000e+000
      vertex -4.764833e+001  1.300000e+000  4.900000e+000
    endloop
  endfacet
  facet normal -9.063068e-001 -4.226204e-001  -0.000000e+000
    outer loop
      vertex -4.764833e+001  1.300000e+000  4.900000e+000
      vertex -4.764833e+001  1.300000e+000  2.700000e+000
      vertex -4.745680e+001  8.892524e-001  2.700000e+000
    endloop
  endfacet
  facet normal -9.063068e-001 -4.226204e-001  0.000000e+000
    outer loop
      vertex -4.764833e+001  1.300000e+000  4.900000e+000
      vertex -4.745680e+001  8.892524e-001  2.700000e+000
      vertex -4.745680e+001  8.892524e-001  4.900000e+000
    endloop
  endfacet
  facet normal -9.659265e-001 -2.588166e-001  -0.000000e+000
    outer loop
      vertex -4.745680e+001  8.892524e-001  4.900000e+000
      vertex -4.745680e+001  8.892524e-001  2.700000e+000
      vertex -4.733950e+001  4.514853e-001  2.700000e+000
    endloop
  endfacet
  facet normal -9.659265e-001 -2.588166e-001  0.000000e+000
    outer loop
      vertex -4.745680e+001  8.892524e-001  4.900000e+000
      vertex -4.733950e+001  4.514853e-001  2.700000e+000
      vertex -4.733950e+001  4.514853e-001  4.900000e+000
    endloop
  endfacet
  facet normal -9.961944e-001 -8.715869e-002  -0.000000e+000
    outer loop
      vertex -4.733950e+001  4.514853e-001  4.900000e+000
      vertex -4.733950e+001  4.514853e-001  2.700000e+000
      vertex -4.730000e+001 -6.368163e-016  2.700000e+000
    endloop
  endfacet
  facet normal -9.961944e-001 -8.715869e-002  0.000000e+000
    outer loop
      vertex -4.733950e+001  4.514853e-001  4.900000e+000
      vertex -4.730000e+001 -6.368163e-016  2.700000e+000
      vertex -4.730000e+001 -6.368163e-016  4.900000e+000
    endloop
  endfacet
  facet normal -8.715494e-002  9.961947e-001  0.000000e+000
    outer loop
      vertex -4.990000e+001 -2.600000e+000  2.700000e+000
      vertex -4.944851e+001 -2.560500e+000  4.900000e+000
      vertex -4.944851e+001 -2.560500e+000  2.700000e+000
    endloop
  endfacet
  facet normal -2.588190e-001  9.659258e-001  0.000000e+000
    outer loop
      vertex -4.944851e+001 -2.560500e+000  2.700000e+000
      vertex -4.944851e+001 -2.560500e+000  4.900000e+000
      vertex -4.901075e+001 -2.443201e+000  4.900000e+000
    endloop
  endfacet
  facet normal -2.588190e-001  9.659258e-001  0.000000e+000
    outer loop
      vertex -4.944851e+001 -2.560500e+000  2.700000e+000
      vertex -4.901075e+001 -2.443201e+000  4.900000e+000
      vertex -4.901075e+001 -2.443201e+000  2.700000e+000
    endloop
  endfacet
  facet normal -4.226184e-001  9.063078e-001  0.000000e+000
    outer loop
      vertex -4.901075e+001 -2.443201e+000  2.700000e+000
      vertex -4.901075e+001 -2.443201e+000  4.900000e+000
      vertex -4.860000e+001 -2.251666e+000  4.900000e+000
    endloop
  endfacet
  facet normal -4.226184e-001  9.063078e-001  0.000000e+000
    outer loop
      vertex -4.901075e+001 -2.443201e+000  2.700000e+000
      vertex -4.860000e+001 -2.251666e+000  4.900000e+000
      vertex -4.860000e+001 -2.251666e+000  2.700000e+000
    endloop
  endfacet
  facet normal -5.735780e-001  8.191510e-001  0.000000e+000
    outer loop
      vertex -4.860000e+001 -2.251666e+000  2.700000e+000
      vertex -4.860000e+001 -2.251666e+000  4.900000e+000
      vertex -4.822875e+001 -1.991716e+000  4.900000e+000
    endloop
  endfacet
  facet normal -5.735780e-001  8.191510e-001  0.000000e+000
    outer loop
      vertex -4.860000e+001 -2.251666e+000  2.700000e+000
      vertex -4.822875e+001 -1.991716e+000  4.900000e+000
      vertex -4.822875e+001 -1.991716e+000  2.700000e+000
    endloop
  endfacet
  facet normal -7.071055e-001  7.071081e-001  0.000000e+000
    outer loop
      vertex -4.822875e+001 -1.991716e+000  2.700000e+000
      vertex -4.822875e+001 -1.991716e+000  4.900000e+000
      vertex -4.790828e+001 -1.671248e+000  4.900000e+000
    endloop
  endfacet
  facet normal -7.071055e-001  7.071081e-001  0.000000e+000
    outer loop
      vertex -4.822875e+001 -1.991716e+000  2.700000e+000
      vertex -4.790828e+001 -1.671248e+000  4.900000e+000
      vertex -4.790828e+001 -1.671248e+000  2.700000e+000
    endloop
  endfacet
  facet normal -8.191539e-001  5.735737e-001  0.000000e+000
    outer loop
      vertex -4.790828e+001 -1.671248e+000  2.700000e+000
      vertex -4.790828e+001 -1.671248e+000  4.900000e+000
      vertex -4.764833e+001 -1.300000e+000  4.900000e+000
    endloop
  endfacet
  facet normal -8.191539e-001  5.735737e-001  0.000000e+000
    outer loop
      vertex -4.790828e+001 -1.671248e+000  2.700000e+000
      vertex -4.764833e+001 -1.300000e+000  4.900000e+000
      vertex -4.764833e+001 -1.300000e+000  2.700000e+000
    endloop
  endfacet
  facet normal -9.063068e-001  4.226204e-001  0.000000e+000
    outer loop
      vertex -4.764833e+001 -1.300000e+000  2.700000e+000
      vertex -4.764833e+001 -1.300000e+000  4.900000e+000
      vertex -4.745680e+001 -8.892524e-001  4.900000e+000
    endloop
  endfacet
  facet normal -9.063068e-001  4.226204e-001  0.000000e+000
    outer loop
      vertex -4.764833e+001 -1.300000e+000  2.700000e+000
      vertex -4.745680e+001 -8.892524e-001  4.900000e+000
      vertex -4.745680e+001 -8.892524e-001  2.700000e+000
    endloop
  endfacet
  facet normal -9.659265e-001  2.588166e-001  0.000000e+000
    outer loop
      vertex -4.745680e+001 -8.892524e-001  2.700000e+000
      vertex -4.745680e+001 -8.892524e-001  4.900000e+000
      vertex -4.733950e+001 -4.514853e-001  4.900000e+000
    endloop
  endfacet
  facet normal -9.659265e-001  2.588166e-001  0.000000e+000
    outer loop
      vertex -4.745680e+001 -8.892524e-001  2.700000e+000
      vertex -4.733950e+001 -4.514853e-001  4.900000e+000
      vertex -4.733950e+001 -4.514853e-001  2.700000e+000
    endloop
  endfacet
  facet normal -9.961944e-001  8.715869e-002  0.000000e+000
    outer loop
      vertex -4.733950e+001 -4.514853e-001  2.700000e+000
      vertex -4.733950e+001 -4.514853e-001  4.900000e+000
      vertex -4.730000e+001 -6.368163e-016  4.900000e+000
    endloop
  endfacet
  facet normal -9.961944e-001  8.715869e-002  0.000000e+000
    outer loop
      vertex -4.733950e+001 -4.514853e-001  2.700000e+000
      vertex -4.730000e+001 -6.368163e-016  4.900000e+000
      vertex -4.730000e+001 -6.368163e-016  2.700000e+000
    endloop
  endfacet
  facet normal -8.715494e-002  9.961947e-001  0.000000e+000
    outer loop
      vertex -4.944851e+001 -2.560500e+000  4.900000e+000
      vertex -4.990000e+001 -2.600000e+000  2.700000e+000
      vertex -4.990000e+001 -2.600000e+000  4.900000e+000
    endloop
  endfacet
  facet normal  8.715567e-002  9.961947e-001  0.000000e+000
    outer loop
      vertex -4.990000e+001 -2.600000e+000  4.900000e+000
      vertex -4.990000e+001 -2.600000e+000  2.700000e+000
      vertex -5.035149e+001 -2.560500e+000  2.700000e+000
    endloop
  endfacet
  facet normal  8.715567e-002  9.961947e-001  -0.000000e+000
    outer loop
      vertex -4.990000e+001 -2.600000e+000  4.900000e+000
      vertex -5.035149e+001 -2.560500e+000  2.700000e+000
      vertex -5.035149e+001 -2.560500e+000  4.900000e+000
    endloop
  endfacet
  facet normal  2.588190e-001  9.659258e-001  0.000000e+000
    outer loop
      vertex -5.035149e+001 -2.560500e+000  4.900000e+000
      vertex -5.035149e+001 -2.560500e+000  2.700000e+000
      vertex -5.078925e+001 -2.443201e+000  2.700000e+000
    endloop
  endfacet
  facet normal  2.588190e-001  9.659258e-001  -0.000000e+000
    outer loop
      vertex -5.035149e+001 -2.560500e+000  4.900000e+000
      vertex -5.078925e+001 -2.443201e+000  2.700000e+000
      vertex -5.078925e+001 -2.443201e+000  4.900000e+000
    endloop
  endfacet
  facet normal  4.226184e-001  9.063078e-001  0.000000e+000
    outer loop
      vertex -5.078925e+001 -2.443201e+000  4.900000e+000
      vertex -5.078925e+001 -2.443201e+000  2.700000e+000
      vertex -5.120000e+001 -2.251666e+000  2.700000e+000
    endloop
  endfacet
  facet normal  4.226184e-001  9.063078e-001  -0.000000e+000
    outer loop
      vertex -5.078925e+001 -2.443201e+000  4.900000e+000
      vertex -5.120000e+001 -2.251666e+000  2.700000e+000
      vertex -5.120000e+001 -2.251666e+000  4.900000e+000
    endloop
  endfacet
  facet normal  5.735780e-001  8.191510e-001  0.000000e+000
    outer loop
      vertex -5.120000e+001 -2.251666e+000  4.900000e+000
      vertex -5.120000e+001 -2.251666e+000  2.700000e+000
      vertex -5.157125e+001 -1.991716e+000  2.700000e+000
    endloop
  endfacet
  facet normal  5.735780e-001  8.191510e-001  -0.000000e+000
    outer loop
      vertex -5.120000e+001 -2.251666e+000  4.900000e+000
      vertex -5.157125e+001 -1.991716e+000  2.700000e+000
      vertex -5.157125e+001 -1.991716e+000  4.900000e+000
    endloop
  endfacet
  facet normal  7.071055e-001  7.071081e-001  0.000000e+000
    outer loop
      vertex -5.157125e+001 -1.991716e+000  4.900000e+000
      vertex -5.157125e+001 -1.991716e+000  2.700000e+000
      vertex -5.189172e+001 -1.671248e+000  2.700000e+000
    endloop
  endfacet
  facet normal  7.071055e-001  7.071081e-001  -0.000000e+000
    outer loop
      vertex -5.157125e+001 -1.991716e+000  4.900000e+000
      vertex -5.189172e+001 -1.671248e+000  2.700000e+000
      vertex -5.189172e+001 -1.671248e+000  4.900000e+000
    endloop
  endfacet
  facet normal  8.191539e-001  5.735737e-001  0.000000e+000
    outer loop
      vertex -5.189172e+001 -1.671248e+000  4.900000e+000
      vertex -5.189172e+001 -1.671248e+000  2.700000e+000
      vertex -5.215166e+001 -1.300000e+000  2.700000e+000
    endloop
  endfacet
  facet normal  8.191539e-001  5.735737e-001  -0.000000e+000
    outer loop
      vertex -5.189172e+001 -1.671248e+000  4.900000e+000
      vertex -5.215166e+001 -1.300000e+000  2.700000e+000
      vertex -5.215166e+001 -1.300000e+000  4.900000e+000
    endloop
  endfacet
  facet normal  9.063068e-001  4.226204e-001  0.000000e+000
    outer loop
      vertex -5.215166e+001 -1.300000e+000  4.900000e+000
      vertex -5.215166e+001 -1.300000e+000  2.700000e+000
      vertex -5.234320e+001 -8.892524e-001  2.700000e+000
    endloop
  endfacet
  facet normal  9.063068e-001  4.226204e-001  -0.000000e+000
    outer loop
      vertex -5.215166e+001 -1.300000e+000  4.900000e+000
      vertex -5.234320e+001 -8.892524e-001  2.700000e+000
      vertex -5.234320e+001 -8.892524e-001  4.900000e+000
    endloop
  endfacet
  facet normal  9.659265e-001  2.588166e-001  0.000000e+000
    outer loop
      vertex -5.234320e+001 -8.892524e-001  4.900000e+000
      vertex -5.234320e+001 -8.892524e-001  2.700000e+000
      vertex -5.246050e+001 -4.514853e-001  2.700000e+000
    endloop
  endfacet
  facet normal  9.659265e-001  2.588166e-001  -0.000000e+000
    outer loop
      vertex -5.234320e+001 -8.892524e-001  4.900000e+000
      vertex -5.246050e+001 -4.514853e-001  2.700000e+000
      vertex -5.246050e+001 -4.514853e-001  4.900000e+000
    endloop
  endfacet
  facet normal  9.961944e-001  8.715869e-002  0.000000e+000
    outer loop
      vertex -5.246050e+001 -4.514853e-001  4.900000e+000
      vertex -5.246050e+001 -4.514853e-001  2.700000e+000
      vertex -5.250000e+001  3.184082e-016  2.700000e+000
    endloop
  endfacet
  facet normal  9.961944e-001  8.715869e-002  -0.000000e+000
    outer loop
      vertex -5.246050e+001 -4.514853e-001  4.900000e+000
      vertex -5.250000e+001  3.184082e-016  2.700000e+000
      vertex -5.250000e+001  3.184082e-016  4.900000e+000
    endloop
  endfacet
  facet normal -7.060165e-001 -5.556308e-002 -7.060123e-001
    outer loop
      vertex -4.730000e+001 -6.368163e-016  2.700000e+000
      vertex -4.693694e+001  4.693034e-001  2.300000e+000
      vertex -4.690000e+001 -3.240463e-015  2.300000e+000
    endloop
  endfacet
  facet normal -7.021425e-001 -6.143161e-002 -7.093814e-001
    outer loop
      vertex -4.730000e+001 -6.368163e-016  2.700000e+000
      vertex -4.733950e+001  4.514853e-001  2.700000e+000
      vertex -4.693694e+001  4.693034e-001  2.300000e+000
    endloop
  endfacet
  facet normal  7.021425e-001 -6.143165e-002 -7.093813e-001
    outer loop
      vertex -5.250000e+001  3.184082e-016  2.700000e+000
      vertex -5.286306e+001  4.693034e-001  2.300000e+000
      vertex -5.246050e+001  4.514853e-001  2.700000e+000
    endloop
  endfacet
  facet normal  7.060130e-001 -5.556855e-002 -7.060155e-001
    outer loop
      vertex -5.250000e+001  3.184082e-016  2.700000e+000
      vertex -5.290000e+001  1.716538e-008  2.300000e+000
      vertex -5.286306e+001  4.693034e-001  2.300000e+000
    endloop
  endfacet
  facet normal -6.913604e-001 -1.659784e-001 -7.031871e-001
    outer loop
      vertex -4.733950e+001  4.514853e-001  2.700000e+000
      vertex -4.704683e+001  9.270510e-001  2.300000e+000
      vertex -4.693694e+001  4.693034e-001  2.300000e+000
    endloop
  endfacet
  facet normal -6.588345e-001 -2.729026e-001 -7.010431e-001
    outer loop
      vertex -4.745680e+001  8.892524e-001  2.700000e+000
      vertex -4.722698e+001  1.361971e+000  2.300000e+000
      vertex -4.704683e+001  9.270510e-001  2.300000e+000
    endloop
  endfacet
  facet normal -6.780938e-001 -1.816928e-001 -7.121633e-001
    outer loop
      vertex -4.745680e+001  8.892524e-001  2.700000e+000
      vertex -4.704683e+001  9.270510e-001  2.300000e+000
      vertex -4.733950e+001  4.514853e-001  2.700000e+000
    endloop
  endfacet
  facet normal -6.092395e-001 -3.733413e-001 -6.996024e-001
    outer loop
      vertex -4.764833e+001  1.300000e+000  2.700000e+000
      vertex -4.747295e+001  1.763356e+000  2.300000e+000
      vertex -4.722698e+001  1.361971e+000  2.300000e+000
    endloop
  endfacet
  facet normal -6.344281e-001 -2.958405e-001 -7.141284e-001
    outer loop
      vertex -4.764833e+001  1.300000e+000  2.700000e+000
      vertex -4.722698e+001  1.361971e+000  2.300000e+000
      vertex -4.745680e+001  8.892524e-001  2.700000e+000
    endloop
  endfacet
  facet normal -5.438742e-001 -4.645099e-001 -6.988788e-001
    outer loop
      vertex -4.790828e+001  1.671248e+000  2.700000e+000
      vertex -4.777868e+001  2.121320e+000  2.300000e+000
      vertex -4.747295e+001  1.763356e+000  2.300000e+000
    endloop
  endfacet
  facet normal -5.724384e-001 -4.008228e-001 -7.153008e-001
    outer loop
      vertex -4.790828e+001  1.671248e+000  2.700000e+000
      vertex -4.747295e+001  1.763356e+000  2.300000e+000
      vertex -4.764833e+001  1.300000e+000  2.700000e+000
    endloop
  endfacet
  facet normal -4.645111e-001 -5.438707e-001 -6.988804e-001
    outer loop
      vertex -4.822875e+001  1.991716e+000  2.700000e+000
      vertex -4.813664e+001  2.427051e+000  2.300000e+000
      vertex -4.777868e+001  2.121320e+000  2.300000e+000
    endloop
  endfacet
  facet normal -4.938542e-001 -4.938560e-001 -7.156914e-001
    outer loop
      vertex -4.822875e+001  1.991716e+000  2.700000e+000
      vertex -4.777868e+001  2.121320e+000  2.300000e+000
      vertex -4.790828e+001  1.671248e+000  2.700000e+000
    endloop
  endfacet
  facet normal -3.733406e-001 -6.092396e-001 -6.996026e-001
    outer loop
      vertex -4.860000e+001  2.251666e+000  2.700000e+000
      vertex -4.853803e+001  2.673020e+000  2.300000e+000
      vertex -4.813664e+001  2.427051e+000  2.300000e+000
    endloop
  endfacet
  facet normal -4.008248e-001 -5.724348e-001 -7.153025e-001
    outer loop
      vertex -4.860000e+001  2.251666e+000  2.700000e+000
      vertex -4.813664e+001  2.427051e+000  2.300000e+000
      vertex -4.822875e+001  1.991716e+000  2.700000e+000
    endloop
  endfacet
  facet normal -2.728985e-001 -6.588370e-001 -7.010422e-001
    outer loop
      vertex -4.901075e+001  2.443201e+000  2.700000e+000
      vertex -4.897295e+001  2.853169e+000  2.300000e+000
      vertex -4.853803e+001  2.673020e+000  2.300000e+000
    endloop
  endfacet
  facet normal -2.958388e-001 -6.344282e-001 -7.141290e-001
    outer loop
      vertex -4.901075e+001  2.443201e+000  2.700000e+000
      vertex -4.853803e+001  2.673020e+000  2.300000e+000
      vertex -4.860000e+001  2.251666e+000  2.700000e+000
    endloop
  endfacet
  facet normal -1.659808e-001 -6.913609e-001 -7.031859e-001
    outer loop
      vertex -4.944851e+001  2.560500e+000  2.700000e+000
      vertex -4.943070e+001  2.963065e+000  2.300000e+000
      vertex -4.897295e+001  2.853169e+000  2.300000e+000
    endloop
  endfacet
  facet normal -1.816949e-001 -6.780946e-001 -7.121620e-001
    outer loop
      vertex -4.944851e+001  2.560500e+000  2.700000e+000
      vertex -4.897295e+001  2.853169e+000  2.300000e+000
      vertex -4.901075e+001  2.443201e+000  2.700000e+000
    endloop
  endfacet
  facet normal -5.556474e-002 -7.060144e-001 -7.060144e-001
    outer loop
      vertex -4.990000e+001  2.600000e+000  2.700000e+000
      vertex -4.990000e+001  3.000000e+000  2.300000e+000
      vertex -4.943070e+001  2.963065e+000  2.300000e+000
    endloop
  endfacet
  facet normal -6.142901e-002 -7.021432e-001 -7.093810e-001
    outer loop
      vertex -4.990000e+001  2.600000e+000  2.700000e+000
      vertex -4.943070e+001  2.963065e+000  2.300000e+000
      vertex -4.944851e+001  2.560500e+000  2.700000e+000
    endloop
  endfacet
  facet normal  1.659819e-001 -6.913601e-001 -7.031866e-001
    outer loop
      vertex -5.035149e+001  2.560500e+000  2.700000e+000
      vertex -5.082705e+001  2.853169e+000  2.300000e+000
      vertex -5.036930e+001  2.963065e+000  2.300000e+000
    endloop
  endfacet
  facet normal  6.142950e-002 -7.021429e-001 -7.093813e-001
    outer loop
      vertex -5.035149e+001  2.560500e+000  2.700000e+000
      vertex -5.036930e+001  2.963065e+000  2.300000e+000
      vertex -4.990000e+001  2.600000e+000  2.700000e+000
    endloop
  endfacet
  facet normal  2.728985e-001 -6.588370e-001 -7.010422e-001
    outer loop
      vertex -5.078925e+001  2.443201e+000  2.700000e+000
      vertex -5.126197e+001  2.673020e+000  2.300000e+000
      vertex -5.082705e+001  2.853169e+000  2.300000e+000
    endloop
  endfacet
  facet normal  1.816949e-001 -6.780946e-001 -7.121620e-001
    outer loop
      vertex -5.078925e+001  2.443201e+000  2.700000e+000
      vertex -5.082705e+001  2.853169e+000  2.300000e+000
      vertex -5.035149e+001  2.560500e+000  2.700000e+000
    endloop
  endfacet
  facet normal  3.733406e-001 -6.092396e-001 -6.996027e-001
    outer loop
      vertex -5.120000e+001  2.251666e+000  2.700000e+000
      vertex -5.166336e+001  2.427051e+000  2.300000e+000
      vertex -5.126197e+001  2.673020e+000  2.300000e+000
    endloop
  endfacet
  facet normal  2.958388e-001 -6.344282e-001 -7.141290e-001
    outer loop
      vertex -5.120000e+001  2.251666e+000  2.700000e+000
      vertex -5.126197e+001  2.673020e+000  2.300000e+000
      vertex -5.078925e+001  2.443201e+000  2.700000e+000
    endloop
  endfacet
  facet normal  4.645112e-001 -5.438708e-001 -6.988805e-001
    outer loop
      vertex -5.157125e+001  1.991716e+000  2.700000e+000
      vertex -5.202132e+001  2.121320e+000  2.300000e+000
      vertex -5.166336e+001  2.427051e+000  2.300000e+000
    endloop
  endfacet
  facet normal  4.008248e-001 -5.724348e-001 -7.153025e-001
    outer loop
      vertex -5.157125e+001  1.991716e+000  2.700000e+000
      vertex -5.166336e+001  2.427051e+000  2.300000e+000
      vertex -5.120000e+001  2.251666e+000  2.700000e+000
    endloop
  endfacet
  facet normal  5.438742e-001 -4.645099e-001 -6.988788e-001
    outer loop
      vertex -5.189172e+001  1.671248e+000  2.700000e+000
      vertex -5.232705e+001  1.763356e+000  2.300000e+000
      vertex -5.202132e+001  2.121320e+000  2.300000e+000
    endloop
  endfacet
  facet normal  4.938542e-001 -4.938560e-001 -7.156914e-001
    outer loop
      vertex -5.189172e+001  1.671248e+000  2.700000e+000
      vertex -5.202132e+001  2.121320e+000  2.300000e+000
      vertex -5.157125e+001  1.991716e+000  2.700000e+000
    endloop
  endfacet
  facet normal  6.092353e-001 -3.733445e-001 -6.996043e-001
    outer loop
      vertex -5.215166e+001  1.300000e+000  2.700000e+000
      vertex -5.257302e+001  1.361971e+000  2.300000e+000
      vertex -5.232705e+001  1.763356e+000  2.300000e+000
    endloop
  endfacet
  facet normal  5.724384e-001 -4.008228e-001 -7.153008e-001
    outer loop
      vertex -5.215166e+001  1.300000e+000  2.700000e+000
      vertex -5.232705e+001  1.763356e+000  2.300000e+000
      vertex -5.189172e+001  1.671248e+000  2.700000e+000
    endloop
  endfacet
  facet normal  6.588358e-001 -2.728974e-001 -7.010438e-001
    outer loop
      vertex -5.234320e+001  8.892524e-001  2.700000e+000
      vertex -5.275317e+001  9.270510e-001  2.300000e+000
      vertex -5.257302e+001  1.361971e+000  2.300000e+000
    endloop
  endfacet
  facet normal  6.344253e-001 -2.958392e-001 -7.141314e-001
    outer loop
      vertex -5.234320e+001  8.892524e-001  2.700000e+000
      vertex -5.257302e+001  1.361971e+000  2.300000e+000
      vertex -5.215166e+001  1.300000e+000  2.700000e+000
    endloop
  endfacet
  facet normal  6.913604e-001 -1.659784e-001 -7.031871e-001
    outer loop
      vertex -5.246050e+001  4.514853e-001  2.700000e+000
      vertex -5.286306e+001  4.693034e-001  2.300000e+000
      vertex -5.275317e+001  9.270510e-001  2.300000e+000
    endloop
  endfacet
  facet normal  6.780938e-001 -1.816928e-001 -7.121633e-001
    outer loop
      vertex -5.246050e+001  4.514853e-001  2.700000e+000
      vertex -5.275317e+001  9.270510e-001  2.300000e+000
      vertex -5.234320e+001  8.892524e-001  2.700000e+000
    endloop
  endfacet
  facet normal  5.556474e-002 -7.060144e-001 -7.060143e-001
    outer loop
      vertex -4.990000e+001  2.600000e+000  2.700000e+000
      vertex -5.036930e+001  2.963065e+000  2.300000e+000
      vertex -4.990000e+001  3.000000e+000  2.300000e+000
    endloop
  endfacet
  facet normal  7.066078e-001  3.751429e-002 -7.066103e-001
    outer loop
      vertex -5.250000e+001  3.184082e-016  2.700000e+000
      vertex -5.288314e+001 -3.175879e-001  2.300000e+000
      vertex -5.290000e+001  1.716538e-008  2.300000e+000
    endloop
  endfacet
  facet normal  6.962203e-001  6.091347e-002 -7.152389e-001
    outer loop
      vertex -5.250000e+001  3.184082e-016  2.700000e+000
      vertex -5.246050e+001 -4.514853e-001  2.700000e+000
      vertex -5.288314e+001 -3.175879e-001  2.300000e+000
    endloop
  endfacet
  facet normal -7.022889e-001  6.144440e-002 -7.092355e-001
    outer loop
      vertex -4.730000e+001 -6.368163e-016  2.700000e+000
      vertex -4.690042e+001 -5.000186e-002  2.300000e+000
      vertex -4.733950e+001 -4.514853e-001  2.700000e+000
    endloop
  endfacet
  facet normal -7.070967e-001  5.880026e-003 -7.070925e-001
    outer loop
      vertex -4.730000e+001 -6.368163e-016  2.700000e+000
      vertex -4.690000e+001 -3.240463e-015  2.300000e+000
      vertex -4.690042e+001 -5.000186e-002  2.300000e+000
    endloop
  endfacet
  facet normal  6.064005e-001  3.737239e-001 -7.018609e-001
    outer loop
      vertex -5.215166e+001 -1.300000e+000  2.700000e+000
      vertex -5.234100e+001 -1.743995e+000  2.300000e+000
      vertex -5.255503e+001 -1.396717e+000  2.300000e+000
    endloop
  endfacet
  facet normal  6.357142e-001  2.964403e-001 -7.127345e-001
    outer loop
      vertex -5.215166e+001 -1.300000e+000  2.700000e+000
      vertex -5.255503e+001 -1.396717e+000  2.300000e+000
      vertex -5.234320e+001 -8.892524e-001  2.700000e+000
    endloop
  endfacet
  facet normal  6.476011e-001  2.862900e-001 -7.061521e-001
    outer loop
      vertex -5.255503e+001 -1.396717e+000  2.300000e+000
      vertex -5.271997e+001 -1.023615e+000  2.300000e+000
      vertex -5.234320e+001 -8.892524e-001  2.700000e+000
    endloop
  endfacet
  facet normal  5.507452e-001  4.530740e-001 -7.010018e-001
    outer loop
      vertex -5.189172e+001 -1.671248e+000  2.700000e+000
      vertex -5.208184e+001 -2.059018e+000  2.300000e+000
      vertex -5.234100e+001 -1.743995e+000  2.300000e+000
    endloop
  endfacet
  facet normal  5.722075e-001  4.006611e-001 -7.155761e-001
    outer loop
      vertex -5.189172e+001 -1.671248e+000  2.700000e+000
      vertex -5.234100e+001 -1.743995e+000  2.300000e+000
      vertex -5.215166e+001 -1.300000e+000  2.700000e+000
    endloop
  endfacet
  facet normal  4.946310e-001  4.946328e-001 -7.146177e-001
    outer loop
      vertex -5.157125e+001 -1.991716e+000  2.700000e+000
      vertex -5.208184e+001 -2.059018e+000  2.300000e+000
      vertex -5.189172e+001 -1.671248e+000  2.700000e+000
    endloop
  endfacet
  facet normal  2.956692e-001  6.340645e-001 -7.145221e-001
    outer loop
      vertex -5.120000e+001 -2.251666e+000  2.700000e+000
      vertex -5.078925e+001 -2.443201e+000  2.700000e+000
      vertex -5.108518e+001 -2.755965e+000  2.300000e+000
    endloop
  endfacet
  facet normal  3.243940e-001  6.320619e-001 -7.037516e-001
    outer loop
      vertex -5.108518e+001 -2.755965e+000  2.300000e+000
      vertex -5.144808e+001 -2.569712e+000  2.300000e+000
      vertex -5.120000e+001 -2.251666e+000  2.700000e+000
    endloop
  endfacet
  facet normal  1.807868e-001  6.747057e-001 -7.156035e-001
    outer loop
      vertex -5.078925e+001 -2.443201e+000  2.700000e+000
      vertex -5.035149e+001 -2.560500e+000  2.700000e+000
      vertex -5.070037e+001 -2.891263e+000  2.300000e+000
    endloop
  endfacet
  facet normal  2.365405e-001  6.727573e-001 -7.010322e-001
    outer loop
      vertex -5.070037e+001 -2.891263e+000  2.300000e+000
      vertex -5.108518e+001 -2.755965e+000  2.300000e+000
      vertex -5.078925e+001 -2.443201e+000  2.700000e+000
    endloop
  endfacet
  facet normal  1.432267e-001  6.977380e-001 -7.018888e-001
    outer loop
      vertex -5.030386e+001 -2.972656e+000  2.300000e+000
      vertex -5.070037e+001 -2.891263e+000  2.300000e+000
      vertex -5.035149e+001 -2.560500e+000  2.700000e+000
    endloop
  endfacet
  facet normal -1.634212e-001  6.922469e-001 -7.029138e-001
    outer loop
      vertex -4.944851e+001 -2.560500e+000  2.700000e+000
      vertex -4.898753e+001 -2.857838e+000  2.300000e+000
      vertex -4.943828e+001 -2.964249e+000  2.300000e+000
    endloop
  endfacet
  facet normal -6.138923e-002  7.016885e-001 -7.098342e-001
    outer loop
      vertex -4.944851e+001 -2.560500e+000  2.700000e+000
      vertex -4.943828e+001 -2.964249e+000  2.300000e+000
      vertex -4.990000e+001 -2.600000e+000  2.700000e+000
    endloop
  endfacet
  facet normal -2.688297e-001  6.608926e-001 -7.006794e-001
    outer loop
      vertex -4.901075e+001 -2.443201e+000  2.700000e+000
      vertex -4.855849e+001 -2.683320e+000  2.300000e+000
      vertex -4.898753e+001 -2.857838e+000  2.300000e+000
    endloop
  endfacet
  facet normal -1.815278e-001  6.774712e-001 -7.127976e-001
    outer loop
      vertex -4.901075e+001 -2.443201e+000  2.700000e+000
      vertex -4.898753e+001 -2.857838e+000  2.300000e+000
      vertex -4.944851e+001 -2.560500e+000  2.700000e+000
    endloop
  endfacet
  facet normal -3.679779e-001  6.127279e-001 -6.993975e-001
    outer loop
      vertex -4.860000e+001 -2.251666e+000  2.700000e+000
      vertex -4.816145e+001 -2.444872e+000  2.300000e+000
      vertex -4.855849e+001 -2.683320e+000  2.300000e+000
    endloop
  endfacet
  facet normal -2.955852e-001  6.338844e-001 -7.147168e-001
    outer loop
      vertex -4.860000e+001 -2.251666e+000  2.700000e+000
      vertex -4.855849e+001 -2.683320e+000  2.300000e+000
      vertex -4.901075e+001 -2.443201e+000  2.700000e+000
    endloop
  endfacet
  facet normal -4.581200e-001  5.490259e-001 -6.990683e-001
    outer loop
      vertex -4.822875e+001 -1.991716e+000  2.700000e+000
      vertex -4.780588e+001 -2.148175e+000  2.300000e+000
      vertex -4.816145e+001 -2.444872e+000  2.300000e+000
    endloop
  endfacet
  facet normal -4.006399e-001  5.721707e-001 -7.156175e-001
    outer loop
      vertex -4.822875e+001 -1.991716e+000  2.700000e+000
      vertex -4.816145e+001 -2.444872e+000  2.300000e+000
      vertex -4.860000e+001 -2.251666e+000  2.700000e+000
    endloop
  endfacet
  facet normal -5.373223e-001  4.712462e-001 -6.994367e-001
    outer loop
      vertex -4.790828e+001 -1.671248e+000  2.700000e+000
      vertex -4.749705e+001 -1.796046e+000  2.300000e+000
      vertex -4.780588e+001 -2.148175e+000  2.300000e+000
    endloop
  endfacet
  facet normal -4.940045e-001  4.940062e-001 -7.154841e-001
    outer loop
      vertex -4.790828e+001 -1.671248e+000  2.700000e+000
      vertex -4.780588e+001 -2.148175e+000  2.300000e+000
      vertex -4.822875e+001 -1.991716e+000  2.700000e+000
    endloop
  endfacet
  facet normal -6.030369e-001  3.811621e-001 -7.007580e-001
    outer loop
      vertex -4.764833e+001 -1.300000e+000  2.700000e+000
      vertex -4.724678e+001 -1.400092e+000  2.300000e+000
      vertex -4.749705e+001 -1.796046e+000  2.300000e+000
    endloop
  endfacet
  facet normal -5.731488e-001  4.013202e-001 -7.144526e-001
    outer loop
      vertex -4.764833e+001 -1.300000e+000  2.700000e+000
      vertex -4.749705e+001 -1.796046e+000  2.300000e+000
      vertex -4.790828e+001 -1.671248e+000  2.700000e+000
    endloop
  endfacet
  facet normal -6.531110e-001  2.818458e-001 -7.028578e-001
    outer loop
      vertex -4.745680e+001 -8.892524e-001  2.700000e+000
      vertex -4.706117e+001 -9.699897e-001  2.300000e+000
      vertex -4.724678e+001 -1.400092e+000  2.300000e+000
    endloop
  endfacet
  facet normal -6.358829e-001  2.965189e-001 -7.125514e-001
    outer loop
      vertex -4.745680e+001 -8.892524e-001  2.700000e+000
      vertex -4.724678e+001 -1.400092e+000  2.300000e+000
      vertex -4.764833e+001 -1.300000e+000  2.700000e+000
    endloop
  endfacet
  facet normal -6.862492e-001  1.760676e-001 -7.057353e-001
    outer loop
      vertex -4.733950e+001 -4.514853e-001  2.700000e+000
      vertex -4.694476e+001 -5.162675e-001  2.300000e+000
      vertex -4.706117e+001 -9.699897e-001  2.300000e+000
    endloop
  endfacet
  facet normal -6.804212e-001  1.823164e-001 -7.097801e-001
    outer loop
      vertex -4.733950e+001 -4.514853e-001  2.700000e+000
      vertex -4.706117e+001 -9.699897e-001  2.300000e+000
      vertex -4.745680e+001 -8.892524e-001  2.700000e+000
    endloop
  endfacet
  facet normal -7.047248e-001  6.702536e-002 -7.063077e-001
    outer loop
      vertex -4.733950e+001 -4.514853e-001  2.700000e+000
      vertex -4.690042e+001 -5.000186e-002  2.300000e+000
      vertex -4.694476e+001 -5.162675e-001  2.300000e+000
    endloop
  endfacet
  facet normal  6.841209e-001  1.833077e-001 -7.059581e-001
    outer loop
      vertex -5.234320e+001 -8.892524e-001  2.700000e+000
      vertex -5.271997e+001 -1.023615e+000  2.300000e+000
      vertex -5.246050e+001 -4.514853e-001  2.700000e+000
    endloop
  endfacet
  facet normal  6.731555e-001  1.936838e-001 -7.136864e-001
    outer loop
      vertex -5.246050e+001 -4.514853e-001  2.700000e+000
      vertex -5.271997e+001 -1.023615e+000  2.300000e+000
      vertex -5.283276e+001 -6.315987e-001  2.300000e+000
    endloop
  endfacet
  facet normal  7.015955e-001  1.125658e-001 -7.036281e-001
    outer loop
      vertex -5.246050e+001 -4.514853e-001  2.700000e+000
      vertex -5.283276e+001 -6.315987e-001  2.300000e+000
      vertex -5.288314e+001 -3.175879e-001  2.300000e+000
    endloop
  endfacet
  facet normal  4.041531e-001  5.771880e-001 -7.095875e-001
    outer loop
      vertex -5.120000e+001 -2.251666e+000  2.700000e+000
      vertex -5.144808e+001 -2.569712e+000  2.300000e+000
      vertex -5.157125e+001 -1.991716e+000  2.700000e+000
    endloop
  endfacet
  facet normal  4.036541e-001  5.772457e-001 -7.098244e-001
    outer loop
      vertex -5.157125e+001 -1.991716e+000  2.700000e+000
      vertex -5.144808e+001 -2.569712e+000  2.300000e+000
      vertex -5.178237e+001 -2.335954e+000  2.300000e+000
    endloop
  endfacet
  facet normal  4.824411e-001  5.217083e-001 -7.036129e-001
    outer loop
      vertex -5.157125e+001 -1.991716e+000  2.700000e+000
      vertex -5.178237e+001 -2.335954e+000  2.300000e+000
      vertex -5.208184e+001 -2.059018e+000  2.300000e+000
    endloop
  endfacet
  facet normal  4.729112e-002  6.984746e-001 -7.140706e-001
    outer loop
      vertex -5.030386e+001 -2.972656e+000  2.300000e+000
      vertex -5.035149e+001 -2.560500e+000  2.700000e+000
      vertex -4.990000e+001 -3.000000e+000  2.300000e+000
    endloop
  endfacet
  facet normal  6.174575e-002  7.057576e-001 -7.057576e-001
    outer loop
      vertex -4.990000e+001 -3.000000e+000  2.300000e+000
      vertex -5.035149e+001 -2.560500e+000  2.700000e+000
      vertex -4.990000e+001 -2.600000e+000  2.700000e+000
    endloop
  endfacet
  facet normal -5.467000e-002  7.060493e-001 -7.060493e-001
    outer loop
      vertex -4.990000e+001 -3.000000e+000  2.300000e+000
      vertex -4.990000e+001 -2.600000e+000  2.700000e+000
      vertex -4.943828e+001 -2.964249e+000  2.300000e+000
    endloop
  endfacet
  facet normal -1.000000e+000  0.000000e+000  0.000000e+000
    outer loop
      vertex -4.390000e+001  5.600000e+000  1.900000e+000
      vertex -4.390000e+001  5.600000e+000 -9.334314e+000
      vertex -4.390000e+001 -5.600000e+000  1.900000e+000
    endloop
  endfacet
  facet normal -1.000000e+000  0.000000e+000  0.000000e+000
    outer loop
      vertex -4.390000e+001 -5.600000e+000  1.900000e+000
      vertex -4.390000e+001  5.600000e+000 -9.334314e+000
      vertex -4.390000e+001 -5.600000e+000 -9.334314e+000
    endloop
  endfacet
  facet normal -7.071097e-001 -7.071038e-001  4.214705e-006
    outer loop
      vertex -4.410000e+001 -5.400000e+000  2.100000e+000
      vertex -4.390000e+001 -5.600000e+000  1.900000e+000
      vertex -4.350000e+001 -6.000000e+000  2.700000e+000
    endloop
  endfacet
  facet normal -7.071055e-001 -7.071081e-001  0.000000e+000
    outer loop
      vertex -4.350000e+001 -6.000000e+000  2.700000e+000
      vertex -4.390000e+001 -5.600000e+000  1.900000e+000
      vertex -4.390000e+001 -5.600000e+000 -9.334314e+000
    endloop
  endfacet
  facet normal -7.071055e-001 -7.071080e-001  0.000000e+000
    outer loop
      vertex -4.350000e+001 -6.000000e+000  2.700000e+000
      vertex -4.390000e+001 -5.600000e+000 -9.334314e+000
      vertex -4.350000e+001 -6.000000e+000 -9.334314e+000
    endloop
  endfacet
  facet normal -2.634177e-007 -7.071071e-001 -7.071065e-001
    outer loop
      vertex -4.410000e+001 -5.400000e+000  2.100000e+000
      vertex -4.350000e+001 -6.000000e+000  2.700000e+000
      vertex -4.430000e+001 -5.600000e+000  2.300000e+000
    endloop
  endfacet
  facet normal  0.000000e+000 -7.071068e-001 -7.071068e-001
    outer loop
      vertex -4.430000e+001 -5.600000e+000  2.300000e+000
      vertex -4.350000e+001 -6.000000e+000  2.700000e+000
      vertex -4.990000e+001 -6.000000e+000  2.700000e+000
    endloop
  endfacet
  facet normal  0.000000e+000 -7.071068e-001 -7.071068e-001
    outer loop
      vertex -4.430000e+001 -5.600000e+000  2.300000e+000
      vertex -4.990000e+001 -6.000000e+000  2.700000e+000
      vertex -4.990000e+001 -5.600000e+000  2.300000e+000
    endloop
  endfacet
  facet normal  0.000000e+000  7.071068e-001 -7.071068e-001
    outer loop
      vertex -4.990000e+001  5.600000e+000  2.300000e+000
      vertex -4.990000e+001  6.000000e+000  2.700000e+000
      vertex -4.430000e+001  5.600000e+000  2.300000e+000
    endloop
  endfacet
  facet normal  0.000000e+000  7.071068e-001 -7.071068e-001
    outer loop
      vertex -4.430000e+001  5.600000e+000  2.300000e+000
      vertex -4.990000e+001  6.000000e+000  2.700000e+000
      vertex -4.350000e+001  6.000000e+000  2.700000e+000
    endloop
  endfacet
  facet normal -2.634177e-007  7.071071e-001 -7.071065e-001
    outer loop
      vertex -4.430000e+001  5.600000e+000  2.300000e+000
      vertex -4.350000e+001  6.000000e+000  2.700000e+000
      vertex -4.410000e+001  5.400000e+000  2.100000e+000
    endloop
  endfacet
  facet normal -7.071055e-001  7.071080e-001  0.000000e+000
    outer loop
      vertex -4.350000e+001  6.000000e+000 -9.334314e+000
      vertex -4.390000e+001  5.600000e+000 -9.334314e+000
      vertex -4.350000e+001  6.000000e+000  2.700000e+000
    endloop
  endfacet
  facet normal -7.071055e-001  7.071081e-001  0.000000e+000
    outer loop
      vertex -4.350000e+001  6.000000e+000  2.700000e+000
      vertex -4.390000e+001  5.600000e+000 -9.334314e+000
      vertex -4.390000e+001  5.600000e+000  1.900000e+000
    endloop
  endfacet
  facet normal -7.071097e-001  7.071038e-001  4.214705e-006
    outer loop
      vertex -4.350000e+001  6.000000e+000  2.700000e+000
      vertex -4.390000e+001  5.600000e+000  1.900000e+000
      vertex -4.410000e+001  5.400000e+000  2.100000e+000
    endloop
  endfacet
  facet normal -7.071055e-001  0.000000e+000 -7.071081e-001
    outer loop
      vertex -4.410000e+001 -5.400000e+000  2.100000e+000
      vertex -4.430000e+001 -5.600000e+000  2.300000e+000
      vertex -4.430000e+001  5.600000e+000  2.300000e+000
    endloop
  endfacet
  facet normal -7.071055e-001  0.000000e+000 -7.071080e-001
    outer loop
      vertex -4.410000e+001 -5.400000e+000  2.100000e+000
      vertex -4.430000e+001  5.600000e+000  2.300000e+000
      vertex -4.410000e+001  5.400000e+000  2.100000e+000
    endloop
  endfacet
  facet normal -7.071120e-001  -0.000000e+000 -7.071015e-001
    outer loop
      vertex -4.410000e+001 -5.400000e+000  2.100000e+000
      vertex -4.410000e+001  5.400000e+000  2.100000e+000
      vertex -4.390000e+001  5.600000e+000  1.900000e+000
    endloop
  endfacet
  facet normal -7.071121e-001  -0.000000e+000 -7.071015e-001
    outer loop
      vertex -4.410000e+001 -5.400000e+000  2.100000e+000
      vertex -4.390000e+001  5.600000e+000  1.900000e+000
      vertex -4.390000e+001 -5.600000e+000  1.900000e+000
    endloop
  endfacet
  facet normal  0.000000e+000  0.000000e+000 -1.000000e+000
    outer loop
      vertex  4.095000e+001 -5.600000e+000  0.000000e+000
      vertex  4.095000e+001 -2.595000e+001  0.000000e+000
      vertex  4.055000e+001 -2.555000e+001  0.000000e+000
    endloop
  endfacet
  facet normal  -0.000000e+000  0.000000e+000 -1.000000e+000
    outer loop
      vertex -4.095000e+001  5.600000e+000  0.000000e+000
      vertex -4.055000e+001 -2.555000e+001  0.000000e+000
      vertex -4.095000e+001 -2.595000e+001  0.000000e+000
    endloop
  endfacet
  facet normal  0.000000e+000  0.000000e+000 -1.000000e+000
    outer loop
      vertex -4.095000e+001 -2.595000e+001  0.000000e+000
      vertex -4.055000e+001 -2.555000e+001  0.000000e+000
      vertex  4.055000e+001 -2.555000e+001  0.000000e+000
    endloop
  endfacet
  facet normal  0.000000e+000  -0.000000e+000 -1.000000e+000
    outer loop
      vertex -4.095000e+001 -2.595000e+001  0.000000e+000
      vertex  4.055000e+001 -2.555000e+001  0.000000e+000
      vertex  4.095000e+001 -2.595000e+001  0.000000e+000
    endloop
  endfacet
  facet normal  0.000000e+000  0.000000e+000 -1.000000e+000
    outer loop
      vertex  4.110000e+001 -5.600000e+000  0.000000e+000
      vertex  4.095000e+001 -5.600000e+000  0.000000e+000
      vertex  4.110000e+001  5.600000e+000  0.000000e+000
    endloop
  endfacet
  facet normal  0.000000e+000  0.000000e+000 -1.000000e+000
    outer loop
      vertex  4.110000e+001  5.600000e+000  0.000000e+000
      vertex  4.095000e+001 -5.600000e+000  0.000000e+000
      vertex  4.055000e+001 -2.555000e+001  0.000000e+000
    endloop
  endfacet
  facet normal  0.000000e+000  0.000000e+000 -1.000000e+000
    outer loop
      vertex  4.110000e+001  5.600000e+000  0.000000e+000
      vertex  4.055000e+001 -2.555000e+001  0.000000e+000
      vertex  4.095000e+001  5.600000e+000  0.000000e+000
    endloop
  endfacet
  facet normal  -0.000000e+000  0.000000e+000 -1.000000e+000
    outer loop
      vertex  4.095000e+001  5.600000e+000  0.000000e+000
      vertex  4.055000e+001 -2.555000e+001  0.000000e+000
      vertex  4.055000e+001  2.555000e+001  0.000000e+000
    endloop
  endfacet
  facet normal  0.000000e+000  0.000000e+000 -1.000000e+000
    outer loop
      vertex  4.095000e+001  5.600000e+000  0.000000e+000
      vertex  4.055000e+001  2.555000e+001  0.000000e+000
      vertex  4.095000e+001  2.595000e+001  0.000000e+000
    endloop
  endfacet
  facet normal  0.000000e+000  0.000000e+000 -1.000000e+000
    outer loop
      vertex  4.095000e+001  2.595000e+001  0.000000e+000
      vertex  4.055000e+001  2.555000e+001  0.000000e+000
      vertex -4.055000e+001  2.555000e+001  0.000000e+000
    endloop
  endfacet
  facet normal  0.000000e+000  0.000000e+000 -1.000000e+000
    outer loop
      vertex  4.095000e+001  2.595000e+001  0.000000e+000
      vertex -4.055000e+001  2.555000e+001  0.000000e+000
      vertex -4.095000e+001  2.595000e+001  0.000000e+000
    endloop
  endfacet
  facet normal  0.000000e+000  0.000000e+000 -1.000000e+000
    outer loop
      vertex -4.095000e+001  2.595000e+001  0.000000e+000
      vertex -4.055000e+001  2.555000e+001  0.000000e+000
      vertex -4.055000e+001 -2.555000e+001  0.000000e+000
    endloop
  endfacet
  facet normal  0.000000e+000  0.000000e+000 -1.000000e+000
    outer loop
      vertex -4.095000e+001  2.595000e+001  0.000000e+000
      vertex -4.055000e+001 -2.555000e+001  0.000000e+000
      vertex -4.095000e+001  5.600000e+000  0.000000e+000
    endloop
  endfacet
  facet normal  0.000000e+000 -1.000000e+000  0.000000e+000
    outer loop
      vertex  3.040000e+001  2.515000e+001  1.600000e+000
      vertex  4.015000e+001  2.515000e+001  4.000000e-001
      vertex  4.015000e+001  2.515000e+001  1.600000e+000
    endloop
  endfacet
  facet normal  -0.000000e+000 -1.000000e+000  0.000000e+000
    outer loop
      vertex -3.000000e+001  2.515000e+001  2.000000e+000
      vertex  3.000000e+001  2.515000e+001  4.100000e+000
      vertex -3.000000e+001  2.515000e+001  4.100000e+000
    endloop
  endfacet
  facet normal  0.000000e+000 -1.000000e+000  0.000000e+000
    outer loop
      vertex -3.040000e+001  2.515000e+001  1.600000e+000
      vertex -4.015000e+001  2.515000e+001  1.600000e+000
      vertex -4.015000e+001  2.515000e+001  4.000000e-001
    endloop
  endfacet
  facet normal  0.000000e+000 -9.999999e-001  0.000000e+000
    outer loop
      vertex -3.040000e+001  2.515000e+001  1.600000e+000
      vertex -4.015000e+001  2.515000e+001  4.000000e-001
      vertex  4.015000e+001  2.515000e+001  4.000000e-001
    endloop
  endfacet
  facet normal  0.000000e+000 -1.000000e+000  0.000000e+000
    outer loop
      vertex -3.040000e+001  2.515000e+001  1.600000e+000
      vertex  4.015000e+001  2.515000e+001  4.000000e-001
      vertex  3.040000e+001  2.515000e+001  1.600000e+000
    endloop
  endfacet
  facet normal  0.000000e+000 -1.000000e+000  0.000000e+000
    outer loop
      vertex -3.040000e+001  2.515000e+001  1.600000e+000
      vertex  3.040000e+001  2.515000e+001  1.600000e+000
      vertex  3.000000e+001  2.515000e+001  2.000000e+000
    endloop
  endfacet
  facet normal  -0.000000e+000 -9.999999e-001  0.000000e+000
    outer loop
      vertex -3.040000e+001  2.515000e+001  1.600000e+000
      vertex  3.000000e+001  2.515000e+001  2.000000e+000
      vertex  3.000000e+001  2.515000e+001  4.100000e+000
    endloop
  endfacet
  facet normal  0.000000e+000 -1.000000e+000  0.000000e+000
    outer loop
      vertex -3.040000e+001  2.515000e+001  1.600000e+000
      vertex  3.000000e+001  2.515000e+001  4.100000e+000
      vertex -3.000000e+001  2.515000e+001  2.000000e+000
    endloop
  endfacet
  facet normal  7.071088e-001  0.000000e+000 -7.071047e-001
    outer loop
      vertex -4.015000e+001 -2.515000e+001  4.000000e-001
      vertex -4.055000e+001 -2.555000e+001  0.000000e+000
      vertex -4.015000e+001  2.515000e+001  4.000000e-001
    endloop
  endfacet
  facet normal  7.071089e-001  0.000000e+000 -7.071048e-001
    outer loop
      vertex -4.015000e+001  2.515000e+001  4.000000e-001
      vertex -4.055000e+001 -2.555000e+001  0.000000e+000
      vertex -4.055000e+001  2.555000e+001  0.000000e+000
    endloop
  endfacet
  facet normal -7.071088e-001  0.000000e+000 -7.071047e-001
    outer loop
      vertex  4.015000e+001  2.515000e+001  4.000000e-001
      vertex  4.055000e+001  2.555000e+001  0.000000e+000
      vertex  4.015000e+001 -2.515000e+001  4.000000e-001
    endloop
  endfacet
  facet normal -7.071089e-001  0.000000e+000 -7.071048e-001
    outer loop
      vertex  4.015000e+001 -2.515000e+001  4.000000e-001
      vertex  4.055000e+001  2.555000e+001  0.000000e+000
      vertex  4.055000e+001 -2.555000e+001  0.000000e+000
    endloop
  endfacet
  facet normal  0.000000e+000 -7.071071e-001 -7.071064e-001
    outer loop
      vertex -4.015000e+001  2.515000e+001  4.000000e-001
      vertex -4.055000e+001  2.555000e+001  0.000000e+000
      vertex  4.015000e+001  2.515000e+001  4.000000e-001
    endloop
  endfacet
  facet normal  0.000000e+000 -7.071071e-001 -7.071065e-001
    outer loop
      vertex  4.015000e+001  2.515000e+001  4.000000e-001
      vertex -4.055000e+001  2.555000e+001  0.000000e+000
      vertex  4.055000e+001  2.555000e+001  0.000000e+000
    endloop
  endfacet
  facet normal  1.000000e+000  0.000000e+000  -0.000000e+000
    outer loop
      vertex -4.015000e+001 -2.515000e+001  4.000000e-001
      vertex -4.015000e+001  2.515000e+001  4.000000e-001
      vertex -4.015000e+001  2.515000e+001  1.600000e+000
    endloop
  endfacet
  facet normal  1.000000e+000  0.000000e+000  0.000000e+000
    outer loop
      vertex -4.015000e+001 -2.515000e+001  4.000000e-001
      vertex -4.015000e+001  2.515000e+001  1.600000e+000
      vertex -4.015000e+001  1.540000e+001  1.600000e+000
    endloop
  endfacet
  facet normal  1.000000e+000  0.000000e+000  0.000000e+000
    outer loop
      vertex -4.015000e+001 -2.515000e+001  4.000000e-001
      vertex -4.015000e+001  1.540000e+001  1.600000e+000
      vertex -4.015000e+001  1.500000e+001  2.000000e+000
    endloop
  endfacet
  facet normal  1.000000e+000  0.000000e+000  -0.000000e+000
    outer loop
      vertex -4.015000e+001 -2.515000e+001  4.000000e-001
      vertex -4.015000e+001  1.500000e+001  2.000000e+000
      vertex -4.015000e+001  1.500000e+001  4.100000e+000
    endloop
  endfacet
  facet normal  1.000000e+000  0.000000e+000  0.000000e+000
    outer loop
      vertex -4.015000e+001 -2.515000e+001  4.000000e-001
      vertex -4.015000e+001  1.500000e+001  4.100000e+000
      vertex -4.015000e+001 -2.515000e+001  4.100000e+000
    endloop
  endfacet
  facet normal  0.000000e+000  7.071071e-001 -7.071064e-001
    outer loop
      vertex  4.015000e+001 -2.515000e+001  4.000000e-001
      vertex  4.055000e+001 -2.555000e+001  0.000000e+000
      vertex -4.015000e+001 -2.515000e+001  4.000000e-001
    endloop
  endfacet
  facet normal  0.000000e+000  7.071071e-001 -7.071065e-001
    outer loop
      vertex -4.015000e+001 -2.515000e+001  4.000000e-001
      vertex  4.055000e+001 -2.555000e+001  0.000000e+000
      vertex -4.055000e+001 -2.555000e+001  0.000000e+000
    endloop
  endfacet
  facet normal  0.000000e+000  1.000000e+000  0.000000e+000
    outer loop
      vertex -4.015000e+001 -2.515000e+001  4.100000e+000
      vertex -5.000000e+000 -2.515000e+001  4.100000e+000
      vertex -4.015000e+001 -2.515000e+001  4.000000e-001
    endloop
  endfacet
  facet normal  0.000000e+000  1.000000e+000  0.000000e+000
    outer loop
      vertex -4.015000e+001 -2.515000e+001  4.000000e-001
      vertex -5.000000e+000 -2.515000e+001  4.100000e+000
      vertex -5.000000e+000 -2.515000e+001  2.000000e+000
    endloop
  endfacet
  facet normal  0.000000e+000  1.000000e+000  0.000000e+000
    outer loop
      vertex -4.015000e+001 -2.515000e+001  4.000000e-001
      vertex -5.000000e+000 -2.515000e+001  2.000000e+000
      vertex -4.600000e+000 -2.515000e+001  1.600000e+000
    endloop
  endfacet
  facet normal  0.000000e+000  1.000000e+000  0.000000e+000
    outer loop
      vertex -4.015000e+001 -2.515000e+001  4.000000e-001
      vertex -4.600000e+000 -2.515000e+001  1.600000e+000
      vertex  4.015000e+001 -2.515000e+001  4.000000e-001
    endloop
  endfacet
  facet normal  0.000000e+000  1.000000e+000  0.000000e+000
    outer loop
      vertex  4.015000e+001 -2.515000e+001  4.000000e-001
      vertex -4.600000e+000 -2.515000e+001  1.600000e+000
      vertex  4.600000e+000 -2.515000e+001  1.600000e+000
    endloop
  endfacet
  facet normal  -0.000000e+000  1.000000e+000  0.000000e+000
    outer loop
      vertex  4.015000e+001 -2.515000e+001  4.000000e-001
      vertex  4.600000e+000 -2.515000e+001  1.600000e+000
      vertex  5.000000e+000 -2.515000e+001  2.000000e+000
    endloop
  endfacet
  facet normal  0.000000e+000  1.000000e+000  0.000000e+000
    outer loop
      vertex  5.000000e+000 -2.515000e+001  4.100000e+000
      vertex  4.015000e+001 -2.515000e+001  4.100000e+000
      vertex  5.000000e+000 -2.515000e+001  2.000000e+000
    endloop
  endfacet
  facet normal  -0.000000e+000  1.000000e+000  0.000000e+000
    outer loop
      vertex  5.000000e+000 -2.515000e+001  2.000000e+000
      vertex  4.015000e+001 -2.515000e+001  4.100000e+000
      vertex  4.015000e+001 -2.515000e+001  4.000000e-001
    endloop
  endfacet
  facet normal -1.000000e+000  -0.000000e+000  0.000000e+000
    outer loop
      vertex  4.015000e+001 -2.515000e+001  4.100000e+000
      vertex  4.015000e+001  1.500000e+001  4.100000e+000
      vertex  4.015000e+001 -2.515000e+001  4.000000e-001
    endloop
  endfacet
  facet normal -1.000000e+000  0.000000e+000  0.000000e+000
    outer loop
      vertex  4.015000e+001 -2.515000e+001  4.000000e-001
      vertex  4.015000e+001  1.500000e+001  4.100000e+000
      vertex  4.015000e+001  1.500000e+001  2.000000e+000
    endloop
  endfacet
  facet normal -1.000000e+000  0.000000e+000  -0.000000e+000
    outer loop
      vertex  4.015000e+001 -2.515000e+001  4.000000e-001
      vertex  4.015000e+001  1.500000e+001  2.000000e+000
      vertex  4.015000e+001  1.540000e+001  1.600000e+000
    endloop
  endfacet
  facet normal -1.000000e+000  -0.000000e+000  0.000000e+000
    outer loop
      vertex  4.015000e+001  1.540000e+001  1.600000e+000
      vertex  4.015000e+001  2.515000e+001  1.600000e+000
      vertex  4.015000e+001 -2.515000e+001  4.000000e-001
    endloop
  endfacet
  facet normal -1.000000e+000  0.000000e+000  0.000000e+000
    outer loop
      vertex  4.015000e+001 -2.515000e+001  4.000000e-001
      vertex  4.015000e+001  2.515000e+001  1.600000e+000
      vertex  4.015000e+001  2.515000e+001  4.000000e-001
    endloop
  endfacet
  facet normal -1.000000e+000  -0.000000e+000  0.000000e+000
    outer loop
      vertex  4.150000e+001 -5.600000e+000 -4.000000e-001
      vertex  4.150000e+001  5.600000e+000 -4.000000e-001
      vertex  4.150000e+001 -5.600000e+000 -5.500000e+000
    endloop
  endfacet
  facet normal -1.000000e+000  0.000000e+000  0.000000e+000
    outer loop
      vertex  4.150000e+001 -5.600000e+000 -5.500000e+000
      vertex  4.150000e+001  5.600000e+000 -4.000000e-001
      vertex  4.150000e+001  5.600000e+000 -5.500000e+000
    endloop
  endfacet
  facet normal -7.071052e-001 -7.071083e-001 -2.853688e-007
    outer loop
      vertex  4.130000e+001 -5.400000e+000 -2.000000e-001
      vertex  4.150000e+001 -5.600000e+000 -4.000000e-001
      vertex  4.190000e+001 -6.000000e+000  4.000000e-001
    endloop
  endfacet
  facet normal -7.071055e-001 -7.071080e-001  0.000000e+000
    outer loop
      vertex  4.190000e+001 -6.000000e+000  4.000000e-001
      vertex  4.150000e+001 -5.600000e+000 -4.000000e-001
      vertex  4.150000e+001 -5.600000e+000 -5.500000e+000
    endloop
  endfacet
  facet normal -7.071055e-001 -7.071080e-001  0.000000e+000
    outer loop
      vertex  4.190000e+001 -6.000000e+000  4.000000e-001
      vertex  4.150000e+001 -5.600000e+000 -5.500000e+000
      vertex  4.190000e+001 -6.000000e+000 -5.665686e+000
    endloop
  endfacet
  facet normal  0.000000e+000 -7.071067e-001 -7.071069e-001
    outer loop
      vertex  4.135000e+001 -6.000000e+000  4.000000e-001
      vertex  4.095000e+001 -5.600000e+000  0.000000e+000
      vertex  4.110000e+001 -5.600000e+000  0.000000e+000
    endloop
  endfacet
  facet normal -5.268345e-007 -7.071069e-001 -7.071068e-001
    outer loop
      vertex  4.135000e+001 -6.000000e+000  4.000000e-001
      vertex  4.110000e+001 -5.600000e+000  0.000000e+000
      vertex  4.130000e+001 -5.400000e+000 -2.000000e-001
    endloop
  endfacet
  facet normal  0.000000e+000 -7.071068e-001 -7.071067e-001
    outer loop
      vertex  4.135000e+001 -6.000000e+000  4.000000e-001
      vertex  4.130000e+001 -5.400000e+000 -2.000000e-001
      vertex  4.190000e+001 -6.000000e+000  4.000000e-001
    endloop
  endfacet
  facet normal  0.000000e+000  7.071068e-001 -7.071067e-001
    outer loop
      vertex  4.190000e+001  6.000000e+000  4.000000e-001
      vertex  4.130000e+001  5.400000e+000 -2.000000e-001
      vertex  4.135000e+001  6.000000e+000  4.000000e-001
    endloop
  endfacet
  facet normal -5.673602e-007  7.071069e-001 -7.071068e-001
    outer loop
      vertex  4.135000e+001  6.000000e+000  4.000000e-001
      vertex  4.130000e+001  5.400000e+000 -2.000000e-001
      vertex  4.110000e+001  5.600000e+000  0.000000e+000
    endloop
  endfacet
  facet normal  0.000000e+000  7.071067e-001 -7.071069e-001
    outer loop
      vertex  4.135000e+001  6.000000e+000  4.000000e-001
      vertex  4.110000e+001  5.600000e+000  0.000000e+000
      vertex  4.095000e+001  5.600000e+000  0.000000e+000
    endloop
  endfacet
  facet normal -7.071055e-001  7.071080e-001  0.000000e+000
    outer loop
      vertex  4.190000e+001  6.000000e+000 -5.665686e+000
      vertex  4.150000e+001  5.600000e+000 -5.500000e+000
      vertex  4.190000e+001  6.000000e+000  4.000000e-001
    endloop
  endfacet
  facet normal -7.071055e-001  7.071080e-001  0.000000e+000
    outer loop
      vertex  4.190000e+001  6.000000e+000  4.000000e-001
      vertex  4.150000e+001  5.600000e+000 -5.500000e+000
      vertex  4.150000e+001  5.600000e+000 -4.000000e-001
    endloop
  endfacet
  facet normal -7.071052e-001  7.071083e-001 -2.853688e-007
    outer loop
      vertex  4.190000e+001  6.000000e+000  4.000000e-001
      vertex  4.150000e+001  5.600000e+000 -4.000000e-001
      vertex  4.130000e+001  5.400000e+000 -2.000000e-001
    endloop
  endfacet
  facet normal -7.071055e-001  0.000000e+000 -7.071081e-001
    outer loop
      vertex  4.130000e+001 -5.400000e+000 -2.000000e-001
      vertex  4.110000e+001 -5.600000e+000  0.000000e+000
      vertex  4.110000e+001  5.600000e+000  0.000000e+000
    endloop
  endfacet
  facet normal -7.071055e-001  0.000000e+000 -7.071081e-001
    outer loop
      vertex  4.130000e+001 -5.400000e+000 -2.000000e-001
      vertex  4.110000e+001  5.600000e+000  0.000000e+000
      vertex  4.130000e+001  5.400000e+000 -2.000000e-001
    endloop
  endfacet
  facet normal -7.071055e-001  -0.000000e+000 -7.071081e-001
    outer loop
      vertex  4.130000e+001 -5.400000e+000 -2.000000e-001
      vertex  4.130000e+001  5.400000e+000 -2.000000e-001
      vertex  4.150000e+001  5.600000e+000 -4.000000e-001
    endloop
  endfacet
  facet normal -7.071055e-001  -0.000000e+000 -7.071081e-001
    outer loop
      vertex  4.130000e+001 -5.400000e+000 -2.000000e-001
      vertex  4.150000e+001  5.600000e+000 -4.000000e-001
      vertex  4.150000e+001 -5.600000e+000 -4.000000e-001
    endloop
  endfacet
  facet normal  0.000000e+000  1.000000e+000  -0.000000e+000
    outer loop
      vertex  4.990000e+001  6.000000e+000  4.900000e+000
      vertex  4.990000e+001  6.000000e+000  2.700000e+000
      vertex  4.135000e+001  6.000000e+000  4.900000e+000
    endloop
  endfacet
  facet normal  0.000000e+000  1.000000e+000  0.000000e+000
    outer loop
      vertex  4.135000e+001  6.000000e+000  4.900000e+000
      vertex  4.990000e+001  6.000000e+000  2.700000e+000
      vertex  4.350000e+001  6.000000e+000  2.700000e+000
    endloop
  endfacet
  facet normal  0.000000e+000  1.000000e+000  0.000000e+000
    outer loop
      vertex  4.135000e+001  6.000000e+000  4.900000e+000
      vertex  4.350000e+001  6.000000e+000  2.700000e+000
      vertex  4.135000e+001  6.000000e+000  4.000000e-001
    endloop
  endfacet
  facet normal  0.000000e+000  1.000000e+000  0.000000e+000
    outer loop
      vertex  4.135000e+001  6.000000e+000  4.000000e-001
      vertex  4.350000e+001  6.000000e+000  2.700000e+000
      vertex  4.190000e+001  6.000000e+000  4.000000e-001
    endloop
  endfacet
  facet normal  0.000000e+000  1.000000e+000  0.000000e+000
    outer loop
      vertex  4.190000e+001  6.000000e+000  4.000000e-001
      vertex  4.350000e+001  6.000000e+000  2.700000e+000
      vertex  4.190000e+001  6.000000e+000 -5.665686e+000
    endloop
  endfacet
  facet normal  -0.000000e+000  9.999999e-001  0.000000e+000
    outer loop
      vertex  4.190000e+001  6.000000e+000 -5.665686e+000
      vertex  4.350000e+001  6.000000e+000  2.700000e+000
      vertex  4.350000e+001  6.000000e+000 -9.334314e+000
    endloop
  endfacet
  facet normal  0.000000e+000  1.000000e+000  0.000000e+000
    outer loop
      vertex  4.190000e+001  6.000000e+000 -5.665686e+000
      vertex  4.350000e+001  6.000000e+000 -9.334314e+000
      vertex  4.086568e+001  6.000000e+000 -6.700000e+000
    endloop
  endfacet
  facet normal -5.000013e-001  7.071053e-001  5.000007e-001
    outer loop
      vertex  4.058284e+001  5.600000e+000 -6.417157e+000
      vertex  4.150000e+001  5.600000e+000 -5.500000e+000
      vertex  4.086568e+001  6.000000e+000 -6.700000e+000
    endloop
  endfacet
  facet normal -4.999987e-001  7.071075e-001  5.000001e-001
    outer loop
      vertex  4.086568e+001  6.000000e+000 -6.700000e+000
      vertex  4.150000e+001  5.600000e+000 -5.500000e+000
      vertex  4.190000e+001  6.000000e+000 -5.665686e+000
    endloop
  endfacet
  facet normal  7.071089e-001 -6.717212e-006 -7.071047e-001
    outer loop
      vertex  4.115000e+001  2.615000e+001  2.000000e-001
      vertex  4.135000e+001  2.595000e+001  4.000000e-001
      vertex  4.095000e+001  2.595000e+001  0.000000e+000
    endloop
  endfacet
  facet normal  7.071088e-001  0.000000e+000 -7.071047e-001
    outer loop
      vertex  4.095000e+001  2.595000e+001  0.000000e+000
      vertex  4.135000e+001  2.595000e+001  4.000000e-001
      vertex  4.135000e+001  6.000000e+000  4.000000e-001
    endloop
  endfacet
  facet normal  7.071089e-001  0.000000e+000 -7.071048e-001
    outer loop
      vertex  4.095000e+001  2.595000e+001  0.000000e+000
      vertex  4.135000e+001  6.000000e+000  4.000000e-001
      vertex  4.095000e+001  5.600000e+000  0.000000e+000
    endloop
  endfacet
  facet normal  0.000000e+000 -1.000000e+000  0.000000e+000
    outer loop
      vertex  4.086568e+001 -6.000000e+000 -6.700000e+000
      vertex  4.350000e+001 -6.000000e+000 -9.334314e+000
      vertex  4.190000e+001 -6.000000e+000 -5.665686e+000
    endloop
  endfacet
  facet normal  0.000000e+000 -1.000000e+000  0.000000e+000
    outer loop
      vertex  4.350000e+001 -6.000000e+000  2.700000e+000
      vertex  4.990000e+001 -6.000000e+000  2.700000e+000
      vertex  4.990000e+001 -6.000000e+000  4.900000e+000
    endloop
  endfacet
  facet normal  -0.000000e+000 -1.000000e+000  0.000000e+000
    outer loop
      vertex  4.350000e+001 -6.000000e+000  2.700000e+000
      vertex  4.990000e+001 -6.000000e+000  4.900000e+000
      vertex  4.135000e+001 -6.000000e+000  4.900000e+000
    endloop
  endfacet
  facet normal  0.000000e+000 -1.000000e+000  0.000000e+000
    outer loop
      vertex  4.350000e+001 -6.000000e+000  2.700000e+000
      vertex  4.135000e+001 -6.000000e+000  4.900000e+000
      vertex  4.135000e+001 -6.000000e+000  4.000000e-001
    endloop
  endfacet
  facet normal  0.000000e+000 -1.000000e+000  0.000000e+000
    outer loop
      vertex  4.350000e+001 -6.000000e+000  2.700000e+000
      vertex  4.135000e+001 -6.000000e+000  4.000000e-001
      vertex  4.190000e+001 -6.000000e+000  4.000000e-001
    endloop
  endfacet
  facet normal  0.000000e+000 -1.000000e+000  0.000000e+000
    outer loop
      vertex  4.350000e+001 -6.000000e+000  2.700000e+000
      vertex  4.190000e+001 -6.000000e+000  4.000000e-001
      vertex  4.190000e+001 -6.000000e+000 -5.665686e+000
    endloop
  endfacet
  facet normal  0.000000e+000 -9.999999e-001  0.000000e+000
    outer loop
      vertex  4.350000e+001 -6.000000e+000  2.700000e+000
      vertex  4.190000e+001 -6.000000e+000 -5.665686e+000
      vertex  4.350000e+001 -6.000000e+000 -9.334314e+000
    endloop
  endfacet
  facet normal -5.000012e-001 -7.071054e-001  5.000007e-001
    outer loop
      vertex  4.058284e+001 -5.600000e+000 -6.417157e+000
      vertex  4.086568e+001 -6.000000e+000 -6.700000e+000
      vertex  4.150000e+001 -5.600000e+000 -5.500000e+000
    endloop
  endfacet
  facet normal -4.999987e-001 -7.071076e-001  5.000001e-001
    outer loop
      vertex  4.150000e+001 -5.600000e+000 -5.500000e+000
      vertex  4.086568e+001 -6.000000e+000 -6.700000e+000
      vertex  4.190000e+001 -6.000000e+000 -5.665686e+000
    endloop
  endfacet
  facet normal -7.071072e-001  0.000000e+000  7.071064e-001
    outer loop
      vertex  4.058284e+001 -5.600000e+000 -6.417157e+000
      vertex  4.150000e+001 -5.600000e+000 -5.500000e+000
      vertex  4.058284e+001  5.600000e+000 -6.417157e+000
    endloop
  endfacet
  facet normal -7.071072e-001  0.000000e+000  7.071064e-001
    outer loop
      vertex  4.058284e+001  5.600000e+000 -6.417157e+000
      vertex  4.150000e+001 -5.600000e+000 -5.500000e+000
      vertex  4.150000e+001  5.600000e+000 -5.500000e+000
    endloop
  endfacet
  facet normal -5.555615e-001  -0.000000e+000 -8.314754e-001
    outer loop
      vertex  4.321716e+001 -5.600000e+000 -9.617157e+000
      vertex  4.321716e+001  5.600000e+000 -9.617157e+000
      vertex  4.334693e+001 -5.600000e+000 -9.703866e+000
    endloop
  endfacet
  facet normal -5.555615e-001  0.000000e+000 -8.314754e-001
    outer loop
      vertex  4.334693e+001 -5.600000e+000 -9.703866e+000
      vertex  4.321716e+001  5.600000e+000 -9.617157e+000
      vertex  4.334693e+001  5.600000e+000 -9.703866e+000
    endloop
  endfacet
  facet normal -1.950960e-001  -0.000000e+000 -9.807841e-001
    outer loop
      vertex  4.334693e+001 -5.600000e+000 -9.703866e+000
      vertex  4.334693e+001  5.600000e+000 -9.703866e+000
      vertex  4.350000e+001 -5.600000e+000 -9.734315e+000
    endloop
  endfacet
  facet normal -1.950960e-001  0.000000e+000 -9.807841e-001
    outer loop
      vertex  4.350000e+001 -5.600000e+000 -9.734315e+000
      vertex  4.334693e+001  5.600000e+000 -9.703866e+000
      vertex  4.350000e+001  5.600000e+000 -9.734315e+000
    endloop
  endfacet
  facet normal  1.950960e-001  0.000000e+000 -9.807841e-001
    outer loop
      vertex  4.350000e+001 -5.600000e+000 -9.734315e+000
      vertex  4.350000e+001  5.600000e+000 -9.734315e+000
      vertex  4.365307e+001 -5.600000e+000 -9.703866e+000
    endloop
  endfacet
  facet normal  1.950960e-001  0.000000e+000 -9.807841e-001
    outer loop
      vertex  4.365307e+001 -5.600000e+000 -9.703866e+000
      vertex  4.350000e+001  5.600000e+000 -9.734315e+000
      vertex  4.365307e+001  5.600000e+000 -9.703866e+000
    endloop
  endfacet
  facet normal  5.555615e-001  0.000000e+000 -8.314754e-001
    outer loop
      vertex  4.365307e+001 -5.600000e+000 -9.703866e+000
      vertex  4.365307e+001  5.600000e+000 -9.703866e+000
      vertex  4.378284e+001 -5.600000e+000 -9.617157e+000
    endloop
  endfacet
  facet normal  5.555615e-001  0.000000e+000 -8.314754e-001
    outer loop
      vertex  4.378284e+001 -5.600000e+000 -9.617157e+000
      vertex  4.365307e+001  5.600000e+000 -9.703866e+000
      vertex  4.378284e+001  5.600000e+000 -9.617157e+000
    endloop
  endfacet
  facet normal  8.314726e-001  0.000000e+000 -5.555657e-001
    outer loop
      vertex  4.378284e+001 -5.600000e+000 -9.617157e+000
      vertex  4.378284e+001  5.600000e+000 -9.617157e+000
      vertex  4.386955e+001 -5.600000e+000 -9.487388e+000
    endloop
  endfacet
  facet normal  8.314726e-001  0.000000e+000 -5.555657e-001
    outer loop
      vertex  4.386955e+001 -5.600000e+000 -9.487388e+000
      vertex  4.378284e+001  5.600000e+000 -9.617157e+000
      vertex  4.386955e+001  5.600000e+000 -9.487388e+000
    endloop
  endfacet
  facet normal  9.807844e-001  0.000000e+000 -1.950949e-001
    outer loop
      vertex  4.386955e+001 -5.600000e+000 -9.487388e+000
      vertex  4.386955e+001  5.600000e+000 -9.487388e+000
      vertex  4.390000e+001 -5.600000e+000 -9.334314e+000
    endloop
  endfacet
  facet normal  9.807844e-001  0.000000e+000 -1.950949e-001
    outer loop
      vertex  4.390000e+001 -5.600000e+000 -9.334314e+000
      vertex  4.386955e+001  5.600000e+000 -9.487388e+000
      vertex  4.390000e+001  5.600000e+000 -9.334314e+000
    endloop
  endfacet
  facet normal -7.071071e-001  -0.000000e+000 -7.071064e-001
    outer loop
      vertex  4.058284e+001 -5.600000e+000 -6.982843e+000
      vertex  4.058284e+001  5.600000e+000 -6.982843e+000
      vertex  4.321716e+001 -5.600000e+000 -9.617157e+000
    endloop
  endfacet
  facet normal -7.071071e-001  0.000000e+000 -7.071064e-001
    outer loop
      vertex  4.321716e+001 -5.600000e+000 -9.617157e+000
      vertex  4.058284e+001  5.600000e+000 -6.982843e+000
      vertex  4.321716e+001  5.600000e+000 -9.617157e+000
    endloop
  endfacet
  facet normal -8.314613e-001  0.000000e+000  5.555826e-001
    outer loop
      vertex  4.058284e+001 -5.600000e+000 -6.417157e+000
      vertex  4.058284e+001  5.600000e+000 -6.417157e+000
      vertex  4.049613e+001 -5.600000e+000 -6.546926e+000
    endloop
  endfacet
  facet normal -8.314613e-001  0.000000e+000  5.555826e-001
    outer loop
      vertex  4.049613e+001 -5.600000e+000 -6.546926e+000
      vertex  4.058284e+001  5.600000e+000 -6.417157e+000
      vertex  4.049613e+001  5.600000e+000 -6.546926e+000
    endloop
  endfacet
  facet normal -9.807891e-001  0.000000e+000  1.950714e-001
    outer loop
      vertex  4.049613e+001 -5.600000e+000 -6.546926e+000
      vertex  4.049613e+001  5.600000e+000 -6.546926e+000
      vertex  4.046569e+001 -5.600000e+000 -6.700000e+000
    endloop
  endfacet
  facet normal -9.807891e-001  0.000000e+000  1.950714e-001
    outer loop
      vertex  4.046569e+001 -5.600000e+000 -6.700000e+000
      vertex  4.049613e+001  5.600000e+000 -6.546926e+000
      vertex  4.046569e+001  5.600000e+000 -6.700000e+000
    endloop
  endfacet
  facet normal -9.807892e-001  -0.000000e+000 -1.950708e-001
    outer loop
      vertex  4.046569e+001 -5.600000e+000 -6.700000e+000
      vertex  4.046569e+001  5.600000e+000 -6.700000e+000
      vertex  4.049613e+001 -5.600000e+000 -6.853074e+000
    endloop
  endfacet
  facet normal -9.807892e-001  0.000000e+000 -1.950708e-001
    outer loop
      vertex  4.049613e+001 -5.600000e+000 -6.853074e+000
      vertex  4.046569e+001  5.600000e+000 -6.700000e+000
      vertex  4.049613e+001  5.600000e+000 -6.853074e+000
    endloop
  endfacet
  facet normal -8.314613e-001  -0.000000e+000 -5.555826e-001
    outer loop
      vertex  4.049613e+001 -5.600000e+000 -6.853074e+000
      vertex  4.049613e+001  5.600000e+000 -6.853074e+000
      vertex  4.058284e+001 -5.600000e+000 -6.982843e+000
    endloop
  endfacet
  facet normal -8.314613e-001  0.000000e+000 -5.555826e-001
    outer loop
      vertex  4.058284e+001 -5.600000e+000 -6.982843e+000
      vertex  4.049613e+001  5.600000e+000 -6.853074e+000
      vertex  4.058284e+001  5.600000e+000 -6.982843e+000
    endloop
  endfacet
  facet normal -5.936078e-001 -7.002140e-001  3.966488e-001
    outer loop
      vertex  4.086568e+001 -6.000000e+000 -6.700000e+000
      vertex  4.058284e+001 -5.600000e+000 -6.417157e+000
      vertex  4.049613e+001 -5.600000e+000 -6.546926e+000
    endloop
  endfacet
  facet normal -7.002179e-001 -7.002137e-001  1.392679e-001
    outer loop
      vertex  4.086568e+001 -6.000000e+000 -6.700000e+000
      vertex  4.049613e+001 -5.600000e+000 -6.546926e+000
      vertex  4.046569e+001 -5.600000e+000 -6.700000e+000
    endloop
  endfacet
  facet normal -7.002180e-001 -7.002138e-001 -1.392675e-001
    outer loop
      vertex  4.086568e+001 -6.000000e+000 -6.700000e+000
      vertex  4.046569e+001 -5.600000e+000 -6.700000e+000
      vertex  4.049613e+001 -5.600000e+000 -6.853074e+000
    endloop
  endfacet
  facet normal -5.936076e-001 -7.002142e-001 -3.966487e-001
    outer loop
      vertex  4.086568e+001 -6.000000e+000 -6.700000e+000
      vertex  4.049613e+001 -5.600000e+000 -6.853074e+000
      vertex  4.058284e+001 -5.600000e+000 -6.982843e+000
    endloop
  endfacet
  facet normal -5.000010e-001 -7.071056e-001 -5.000005e-001
    outer loop
      vertex  4.058284e+001 -5.600000e+000 -6.982843e+000
      vertex  4.321716e+001 -5.600000e+000 -9.617157e+000
      vertex  4.086568e+001 -6.000000e+000 -6.700000e+000
    endloop
  endfacet
  facet normal -4.999992e-001 -7.071078e-001 -4.999994e-001
    outer loop
      vertex  4.086568e+001 -6.000000e+000 -6.700000e+000
      vertex  4.321716e+001 -5.600000e+000 -9.617157e+000
      vertex  4.350000e+001 -6.000000e+000 -9.334314e+000
    endloop
  endfacet
  facet normal -3.966334e-001 -7.002145e-001 -5.936174e-001
    outer loop
      vertex  4.350000e+001 -6.000000e+000 -9.334314e+000
      vertex  4.321716e+001 -5.600000e+000 -9.617157e+000
      vertex  4.334693e+001 -5.600000e+000 -9.703866e+000
    endloop
  endfacet
  facet normal -1.392854e-001 -7.002144e-001 -7.002137e-001
    outer loop
      vertex  4.350000e+001 -6.000000e+000 -9.334314e+000
      vertex  4.334693e+001 -5.600000e+000 -9.703866e+000
      vertex  4.350000e+001 -5.600000e+000 -9.734315e+000
    endloop
  endfacet
  facet normal  1.392854e-001 -7.002145e-001 -7.002137e-001
    outer loop
      vertex  4.350000e+001 -6.000000e+000 -9.334314e+000
      vertex  4.350000e+001 -5.600000e+000 -9.734315e+000
      vertex  4.365307e+001 -5.600000e+000 -9.703866e+000
    endloop
  endfacet
  facet normal  3.966334e-001 -7.002145e-001 -5.936173e-001
    outer loop
      vertex  4.350000e+001 -6.000000e+000 -9.334314e+000
      vertex  4.365307e+001 -5.600000e+000 -9.703866e+000
      vertex  4.378284e+001 -5.600000e+000 -9.617157e+000
    endloop
  endfacet
  facet normal  5.936147e-001 -7.002153e-001 -3.966359e-001
    outer loop
      vertex  4.350000e+001 -6.000000e+000 -9.334314e+000
      vertex  4.378284e+001 -5.600000e+000 -9.617157e+000
      vertex  4.386955e+001 -5.600000e+000 -9.487388e+000
    endloop
  endfacet
  facet normal  7.002130e-001 -7.002154e-001 -1.392844e-001
    outer loop
      vertex  4.350000e+001 -6.000000e+000 -9.334314e+000
      vertex  4.386955e+001 -5.600000e+000 -9.487388e+000
      vertex  4.390000e+001 -5.600000e+000 -9.334314e+000
    endloop
  endfacet
  facet normal  5.607093e-002 -9.984268e-001  0.000000e+000
    outer loop
      vertex  4.990000e+001 -6.000000e+000  4.900000e+000
      vertex  4.990000e+001 -6.000000e+000  2.700000e+000
      vertex  5.057178e+001 -5.962273e+000  4.900000e+000
    endloop
  endfacet
  facet normal  5.607093e-002 -9.984268e-001  0.000000e+000
    outer loop
      vertex  5.057178e+001 -5.962273e+000  4.900000e+000
      vertex  4.990000e+001 -6.000000e+000  2.700000e+000
      vertex  5.057178e+001 -5.962273e+000  2.700000e+000
    endloop
  endfacet
  facet normal  1.675054e-001 -9.858712e-001  0.000000e+000
    outer loop
      vertex  5.057178e+001 -5.962273e+000  4.900000e+000
      vertex  5.057178e+001 -5.962273e+000  2.700000e+000
      vertex  5.123513e+001 -5.849567e+000  4.900000e+000
    endloop
  endfacet
  facet normal  1.675054e-001 -9.858712e-001  0.000000e+000
    outer loop
      vertex  5.123513e+001 -5.849567e+000  4.900000e+000
      vertex  5.057178e+001 -5.962273e+000  2.700000e+000
      vertex  5.123513e+001 -5.849567e+000  2.700000e+000
    endloop
  endfacet
  facet normal  2.768352e-001 -9.609174e-001  0.000000e+000
    outer loop
      vertex  5.123513e+001 -5.849567e+000  4.900000e+000
      vertex  5.123513e+001 -5.849567e+000  2.700000e+000
      vertex  5.188168e+001 -5.663300e+000  4.900000e+000
    endloop
  endfacet
  facet normal  2.768352e-001 -9.609174e-001  0.000000e+000
    outer loop
      vertex  5.188168e+001 -5.663300e+000  4.900000e+000
      vertex  5.123513e+001 -5.849567e+000  2.700000e+000
      vertex  5.188168e+001 -5.663300e+000  2.700000e+000
    endloop
  endfacet
  facet normal  3.826836e-001 -9.238794e-001  0.000000e+000
    outer loop
      vertex  5.188168e+001 -5.663300e+000  4.900000e+000
      vertex  5.188168e+001 -5.663300e+000  2.700000e+000
      vertex  5.250330e+001 -5.405813e+000  4.900000e+000
    endloop
  endfacet
  facet normal  3.826836e-001 -9.238794e-001  0.000000e+000
    outer loop
      vertex  5.250330e+001 -5.405813e+000  4.900000e+000
      vertex  5.188168e+001 -5.663300e+000  2.700000e+000
      vertex  5.250330e+001 -5.405813e+000  2.700000e+000
    endloop
  endfacet
  facet normal  4.837189e-001 -8.752235e-001  0.000000e+000
    outer loop
      vertex  5.250330e+001 -5.405813e+000  4.900000e+000
      vertex  5.250330e+001 -5.405813e+000  2.700000e+000
      vertex  5.309219e+001 -5.080345e+000  4.900000e+000
    endloop
  endfacet
  facet normal  4.837189e-001 -8.752235e-001  0.000000e+000
    outer loop
      vertex  5.309219e+001 -5.080345e+000  4.900000e+000
      vertex  5.250330e+001 -5.405813e+000  2.700000e+000
      vertex  5.309219e+001 -5.080345e+000  2.700000e+000
    endloop
  endfacet
  facet normal  5.786726e-001 -8.155599e-001  0.000000e+000
    outer loop
      vertex  5.309219e+001 -5.080345e+000  4.900000e+000
      vertex  5.309219e+001 -5.080345e+000  2.700000e+000
      vertex  5.364094e+001 -4.690989e+000  4.900000e+000
    endloop
  endfacet
  facet normal  5.786726e-001 -8.155599e-001  0.000000e+000
    outer loop
      vertex  5.364094e+001 -4.690989e+000  4.900000e+000
      vertex  5.309219e+001 -5.080345e+000  2.700000e+000
      vertex  5.364094e+001 -4.690989e+000  2.700000e+000
    endloop
  endfacet
  facet normal  6.663472e-001 -7.456416e-001  0.000000e+000
    outer loop
      vertex  5.364094e+001 -4.690989e+000  4.900000e+000
      vertex  5.364094e+001 -4.690989e+000  2.700000e+000
      vertex  5.414264e+001 -4.242640e+000  4.900000e+000
    endloop
  endfacet
  facet normal  6.663472e-001 -7.456416e-001  0.000000e+000
    outer loop
      vertex  5.414264e+001 -4.242640e+000  4.900000e+000
      vertex  5.364094e+001 -4.690989e+000  2.700000e+000
      vertex  5.414264e+001 -4.242640e+000  2.700000e+000
    endloop
  endfacet
  facet normal  7.456414e-001 -6.663474e-001  0.000000e+000
    outer loop
      vertex  5.414264e+001 -4.242640e+000  4.900000e+000
      vertex  5.414264e+001 -4.242640e+000  2.700000e+000
      vertex  5.459099e+001 -3.740939e+000  4.900000e+000
    endloop
  endfacet
  facet normal  7.456414e-001 -6.663474e-001  0.000000e+000
    outer loop
      vertex  5.459099e+001 -3.740939e+000  4.900000e+000
      vertex  5.414264e+001 -4.242640e+000  2.700000e+000
      vertex  5.459099e+001 -3.740939e+000  2.700000e+000
    endloop
  endfacet
  facet normal  8.155593e-001 -5.786735e-001  0.000000e+000
    outer loop
      vertex  5.459099e+001 -3.740939e+000  4.900000e+000
      vertex  5.459099e+001 -3.740939e+000  2.700000e+000
      vertex  5.498035e+001 -3.192193e+000  4.900000e+000
    endloop
  endfacet
  facet normal  8.155593e-001 -5.786735e-001  0.000000e+000
    outer loop
      vertex  5.498035e+001 -3.192193e+000  4.900000e+000
      vertex  5.459099e+001 -3.740939e+000  2.700000e+000
      vertex  5.498035e+001 -3.192193e+000  2.700000e+000
    endloop
  endfacet
  facet normal  8.752246e-001 -4.837167e-001  0.000000e+000
    outer loop
      vertex  5.498035e+001 -3.192193e+000  4.900000e+000
      vertex  5.498035e+001 -3.192193e+000  2.700000e+000
      vertex  5.530581e+001 -2.603302e+000  4.900000e+000
    endloop
  endfacet
  facet normal  8.752246e-001 -4.837167e-001  0.000000e+000
    outer loop
      vertex  5.530581e+001 -2.603302e+000  4.900000e+000
      vertex  5.498035e+001 -3.192193e+000  2.700000e+000
      vertex  5.530581e+001 -2.603302e+000  2.700000e+000
    endloop
  endfacet
  facet normal  9.238788e-001 -3.826852e-001  0.000000e+000
    outer loop
      vertex  5.530581e+001 -2.603302e+000  4.900000e+000
      vertex  5.530581e+001 -2.603302e+000  2.700000e+000
      vertex  5.556330e+001 -1.981674e+000  4.900000e+000
    endloop
  endfacet
  facet normal  9.238788e-001 -3.826852e-001  0.000000e+000
    outer loop
      vertex  5.556330e+001 -1.981674e+000  4.900000e+000
      vertex  5.530581e+001 -2.603302e+000  2.700000e+000
      vertex  5.556330e+001 -1.981674e+000  2.700000e+000
    endloop
  endfacet
  facet normal  9.609172e-001 -2.768360e-001  0.000000e+000
    outer loop
      vertex  5.556330e+001 -1.981674e+000  4.900000e+000
      vertex  5.556330e+001 -1.981674e+000  2.700000e+000
      vertex  5.574957e+001 -1.335126e+000  4.900000e+000
    endloop
  endfacet
  facet normal  9.609172e-001 -2.768360e-001  0.000000e+000
    outer loop
      vertex  5.574957e+001 -1.335126e+000  4.900000e+000
      vertex  5.556330e+001 -1.981674e+000  2.700000e+000
      vertex  5.574957e+001 -1.335126e+000  2.700000e+000
    endloop
  endfacet
  facet normal  9.858711e-001 -1.675054e-001  0.000000e+000
    outer loop
      vertex  5.574957e+001 -1.335126e+000  4.900000e+000
      vertex  5.574957e+001 -1.335126e+000  2.700000e+000
      vertex  5.586227e+001 -6.717868e-001  4.900000e+000
    endloop
  endfacet
  facet normal  9.858711e-001 -1.675054e-001  0.000000e+000
    outer loop
      vertex  5.586227e+001 -6.717868e-001  4.900000e+000
      vertex  5.574957e+001 -1.335126e+000  2.700000e+000
      vertex  5.586227e+001 -6.717868e-001  2.700000e+000
    endloop
  endfacet
  facet normal  9.984267e-001 -5.607136e-002  0.000000e+000
    outer loop
      vertex  5.586227e+001 -6.717868e-001  4.900000e+000
      vertex  5.586227e+001 -6.717868e-001  2.700000e+000
      vertex  5.590000e+001  3.673940e-016  4.900000e+000
    endloop
  endfacet
  facet normal  9.984267e-001 -5.607136e-002  0.000000e+000
    outer loop
      vertex  5.590000e+001  3.673940e-016  4.900000e+000
      vertex  5.586227e+001 -6.717868e-001  2.700000e+000
      vertex  5.590000e+001  3.673940e-016  2.700000e+000
    endloop
  endfacet
  facet normal  9.984267e-001  5.607136e-002  -0.000000e+000
    outer loop
      vertex  5.590000e+001  3.673940e-016  4.900000e+000
      vertex  5.590000e+001  3.673940e-016  2.700000e+000
      vertex  5.586227e+001  6.717868e-001  4.900000e+000
    endloop
  endfacet
  facet normal  9.984267e-001  5.607136e-002  0.000000e+000
    outer loop
      vertex  5.586227e+001  6.717868e-001  4.900000e+000
      vertex  5.590000e+001  3.673940e-016  2.700000e+000
      vertex  5.586227e+001  6.717868e-001  2.700000e+000
    endloop
  endfacet
  facet normal  9.858711e-001  1.675054e-001  -0.000000e+000
    outer loop
      vertex  5.586227e+001  6.717868e-001  4.900000e+000
      vertex  5.586227e+001  6.717868e-001  2.700000e+000
      vertex  5.574957e+001  1.335126e+000  4.900000e+000
    endloop
  endfacet
  facet normal  9.858711e-001  1.675054e-001  0.000000e+000
    outer loop
      vertex  5.574957e+001  1.335126e+000  4.900000e+000
      vertex  5.586227e+001  6.717868e-001  2.700000e+000
      vertex  5.574957e+001  1.335126e+000  2.700000e+000
    endloop
  endfacet
  facet normal  9.609172e-001  2.768360e-001  -0.000000e+000
    outer loop
      vertex  5.574957e+001  1.335126e+000  4.900000e+000
      vertex  5.574957e+001  1.335126e+000  2.700000e+000
      vertex  5.556330e+001  1.981674e+000  4.900000e+000
    endloop
  endfacet
  facet normal  9.609172e-001  2.768360e-001  0.000000e+000
    outer loop
      vertex  5.556330e+001  1.981674e+000  4.900000e+000
      vertex  5.574957e+001  1.335126e+000  2.700000e+000
      vertex  5.556330e+001  1.981674e+000  2.700000e+000
    endloop
  endfacet
  facet normal  9.238788e-001  3.826852e-001  -0.000000e+000
    outer loop
      vertex  5.556330e+001  1.981674e+000  4.900000e+000
      vertex  5.556330e+001  1.981674e+000  2.700000e+000
      vertex  5.530581e+001  2.603302e+000  4.900000e+000
    endloop
  endfacet
  facet normal  9.238788e-001  3.826852e-001  0.000000e+000
    outer loop
      vertex  5.530581e+001  2.603302e+000  4.900000e+000
      vertex  5.556330e+001  1.981674e+000  2.700000e+000
      vertex  5.530581e+001  2.603302e+000  2.700000e+000
    endloop
  endfacet
  facet normal  8.752246e-001  4.837167e-001  -0.000000e+000
    outer loop
      vertex  5.530581e+001  2.603302e+000  4.900000e+000
      vertex  5.530581e+001  2.603302e+000  2.700000e+000
      vertex  5.498035e+001  3.192193e+000  4.900000e+000
    endloop
  endfacet
  facet normal  8.752246e-001  4.837167e-001  0.000000e+000
    outer loop
      vertex  5.498035e+001  3.192193e+000  4.900000e+000
      vertex  5.530581e+001  2.603302e+000  2.700000e+000
      vertex  5.498035e+001  3.192193e+000  2.700000e+000
    endloop
  endfacet
  facet normal  8.155593e-001  5.786735e-001  -0.000000e+000
    outer loop
      vertex  5.498035e+001  3.192193e+000  4.900000e+000
      vertex  5.498035e+001  3.192193e+000  2.700000e+000
      vertex  5.459099e+001  3.740939e+000  4.900000e+000
    endloop
  endfacet
  facet normal  8.155593e-001  5.786735e-001  0.000000e+000
    outer loop
      vertex  5.459099e+001  3.740939e+000  4.900000e+000
      vertex  5.498035e+001  3.192193e+000  2.700000e+000
      vertex  5.459099e+001  3.740939e+000  2.700000e+000
    endloop
  endfacet
  facet normal  7.456414e-001  6.663474e-001  -0.000000e+000
    outer loop
      vertex  5.459099e+001  3.740939e+000  4.900000e+000
      vertex  5.459099e+001  3.740939e+000  2.700000e+000
      vertex  5.414264e+001  4.242640e+000  4.900000e+000
    endloop
  endfacet
  facet normal  7.456414e-001  6.663474e-001  0.000000e+000
    outer loop
      vertex  5.414264e+001  4.242640e+000  4.900000e+000
      vertex  5.459099e+001  3.740939e+000  2.700000e+000
      vertex  5.414264e+001  4.242640e+000  2.700000e+000
    endloop
  endfacet
  facet normal  6.663472e-001  7.456416e-001  -0.000000e+000
    outer loop
      vertex  5.414264e+001  4.242640e+000  4.900000e+000
      vertex  5.414264e+001  4.242640e+000  2.700000e+000
      vertex  5.364094e+001  4.690989e+000  4.900000e+000
    endloop
  endfacet
  facet normal  6.663472e-001  7.456416e-001  0.000000e+000
    outer loop
      vertex  5.364094e+001  4.690989e+000  4.900000e+000
      vertex  5.414264e+001  4.242640e+000  2.700000e+000
      vertex  5.364094e+001  4.690989e+000  2.700000e+000
    endloop
  endfacet
  facet normal  5.786726e-001  8.155599e-001  -0.000000e+000
    outer loop
      vertex  5.364094e+001  4.690989e+000  4.900000e+000
      vertex  5.364094e+001  4.690989e+000  2.700000e+000
      vertex  5.309219e+001  5.080345e+000  4.900000e+000
    endloop
  endfacet
  facet normal  5.786726e-001  8.155599e-001  0.000000e+000
    outer loop
      vertex  5.309219e+001  5.080345e+000  4.900000e+000
      vertex  5.364094e+001  4.690989e+000  2.700000e+000
      vertex  5.309219e+001  5.080345e+000  2.700000e+000
    endloop
  endfacet
  facet normal  4.837189e-001  8.752235e-001  -0.000000e+000
    outer loop
      vertex  5.309219e+001  5.080345e+000  4.900000e+000
      vertex  5.309219e+001  5.080345e+000  2.700000e+000
      vertex  5.250330e+001  5.405813e+000  4.900000e+000
    endloop
  endfacet
  facet normal  4.837189e-001  8.752235e-001  0.000000e+000
    outer loop
      vertex  5.250330e+001  5.405813e+000  4.900000e+000
      vertex  5.309219e+001  5.080345e+000  2.700000e+000
      vertex  5.250330e+001  5.405813e+000  2.700000e+000
    endloop
  endfacet
  facet normal  3.826836e-001  9.238794e-001  -0.000000e+000
    outer loop
      vertex  5.250330e+001  5.405813e+000  4.900000e+000
      vertex  5.250330e+001  5.405813e+000  2.700000e+000
      vertex  5.188168e+001  5.663300e+000  4.900000e+000
    endloop
  endfacet
  facet normal  3.826836e-001  9.238794e-001  0.000000e+000
    outer loop
      vertex  5.188168e+001  5.663300e+000  4.900000e+000
      vertex  5.250330e+001  5.405813e+000  2.700000e+000
      vertex  5.188168e+001  5.663300e+000  2.700000e+000
    endloop
  endfacet
  facet normal  2.768352e-001  9.609174e-001  -0.000000e+000
    outer loop
      vertex  5.188168e+001  5.663300e+000  4.900000e+000
      vertex  5.188168e+001  5.663300e+000  2.700000e+000
      vertex  5.123513e+001  5.849567e+000  4.900000e+000
    endloop
  endfacet
  facet normal  2.768352e-001  9.609174e-001  0.000000e+000
    outer loop
      vertex  5.123513e+001  5.849567e+000  4.900000e+000
      vertex  5.188168e+001  5.663300e+000  2.700000e+000
      vertex  5.123513e+001  5.849567e+000  2.700000e+000
    endloop
  endfacet
  facet normal  1.675054e-001  9.858712e-001  -0.000000e+000
    outer loop
      vertex  5.123513e+001  5.849567e+000  4.900000e+000
      vertex  5.123513e+001  5.849567e+000  2.700000e+000
      vertex  5.057178e+001  5.962273e+000  4.900000e+000
    endloop
  endfacet
  facet normal  1.675054e-001  9.858712e-001  0.000000e+000
    outer loop
      vertex  5.057178e+001  5.962273e+000  4.900000e+000
      vertex  5.123513e+001  5.849567e+000  2.700000e+000
      vertex  5.057178e+001  5.962273e+000  2.700000e+000
    endloop
  endfacet
  facet normal  5.607093e-002  9.984268e-001  -0.000000e+000
    outer loop
      vertex  5.057178e+001  5.962273e+000  4.900000e+000
      vertex  5.057178e+001  5.962273e+000  2.700000e+000
      vertex  4.990000e+001  6.000000e+000  4.900000e+000
    endloop
  endfacet
  facet normal  5.607093e-002  9.984268e-001  0.000000e+000
    outer loop
      vertex  4.990000e+001  6.000000e+000  4.900000e+000
      vertex  5.057178e+001  5.962273e+000  2.700000e+000
      vertex  4.990000e+001  6.000000e+000  2.700000e+000
    endloop
  endfacet
  facet normal  3.967934e-002 -7.065499e-001 -7.065499e-001
    outer loop
      vertex  4.990000e+001 -5.600000e+000  2.300000e+000
      vertex  5.057178e+001 -5.962273e+000  2.700000e+000
      vertex  4.990000e+001 -6.000000e+000  2.700000e+000
    endloop
  endfacet
  facet normal  4.107756e-002 -7.052746e-001 -7.077432e-001
    outer loop
      vertex  4.990000e+001 -5.600000e+000  2.300000e+000
      vertex  5.055012e+001 -5.562135e+000  2.300000e+000
      vertex  5.057178e+001 -5.962273e+000  2.700000e+000
    endloop
  endfacet
  facet normal  4.107755e-002  7.052746e-001 -7.077432e-001
    outer loop
      vertex  4.990000e+001  5.600000e+000  2.300000e+000
      vertex  5.057178e+001  5.962273e+000  2.700000e+000
      vertex  5.055012e+001  5.562135e+000  2.300000e+000
    endloop
  endfacet
  facet normal  3.967934e-002  7.065499e-001 -7.065499e-001
    outer loop
      vertex  4.990000e+001  5.600000e+000  2.300000e+000
      vertex  4.990000e+001  6.000000e+000  2.700000e+000
      vertex  5.057178e+001  5.962273e+000  2.700000e+000
    endloop
  endfacet
  facet normal  1.187238e-001 -6.987619e-001 -7.054335e-001
    outer loop
      vertex  5.055012e+001 -5.562135e+000  2.300000e+000
      vertex  5.123513e+001 -5.849567e+000  2.700000e+000
      vertex  5.057178e+001 -5.962273e+000  2.700000e+000
    endloop
  endfacet
  facet normal  1.964987e-001 -6.820629e-001 -7.043994e-001
    outer loop
      vertex  5.119145e+001 -5.449051e+000  2.300000e+000
      vertex  5.188168e+001 -5.663300e+000  2.700000e+000
      vertex  5.123513e+001 -5.849567e+000  2.700000e+000
    endloop
  endfacet
  facet normal  1.224789e-001 -6.946117e-001 -7.088819e-001
    outer loop
      vertex  5.119145e+001 -5.449051e+000  2.300000e+000
      vertex  5.123513e+001 -5.849567e+000  2.700000e+000
      vertex  5.055012e+001 -5.562135e+000  2.300000e+000
    endloop
  endfacet
  facet normal  2.719913e-001 -6.566446e-001 -7.034476e-001
    outer loop
      vertex  5.181531e+001 -5.262279e+000  2.300000e+000
      vertex  5.250330e+001 -5.405813e+000  2.700000e+000
      vertex  5.188168e+001 -5.663300e+000  2.700000e+000
    endloop
  endfacet
  facet normal  2.019894e-001 -6.746901e-001 -7.099251e-001
    outer loop
      vertex  5.181531e+001 -5.262279e+000  2.300000e+000
      vertex  5.188168e+001 -5.663300e+000  2.700000e+000
      vertex  5.119145e+001 -5.449051e+000  2.300000e+000
    endloop
  endfacet
  facet normal  3.442180e-001 -6.228154e-001 -7.025773e-001
    outer loop
      vertex  5.241328e+001 -5.004343e+000  2.300000e+000
      vertex  5.309219e+001 -5.080345e+000  2.700000e+000
      vertex  5.250330e+001 -5.405813e+000  2.700000e+000
    endloop
  endfacet
  facet normal  2.785703e-001 -6.458012e-001 -7.108724e-001
    outer loop
      vertex  5.241328e+001 -5.004343e+000  2.300000e+000
      vertex  5.250330e+001 -5.405813e+000  2.700000e+000
      vertex  5.181531e+001 -5.262279e+000  2.300000e+000
    endloop
  endfacet
  facet normal  4.122352e-001 -5.809891e-001 -7.017932e-001
    outer loop
      vertex  5.297725e+001 -4.678731e+000  2.300000e+000
      vertex  5.364094e+001 -4.690989e+000  2.700000e+000
      vertex  5.309219e+001 -5.080345e+000  2.700000e+000
    endloop
  endfacet
  facet normal  3.512290e-001 -6.083438e-001 -7.117275e-001
    outer loop
      vertex  5.297725e+001 -4.678731e+000  2.300000e+000
      vertex  5.309219e+001 -5.080345e+000  2.700000e+000
      vertex  5.241328e+001 -5.004343e+000  2.300000e+000
    endloop
  endfacet
  facet normal  4.751533e-001 -5.316958e-001 -7.010912e-001
    outer loop
      vertex  5.349961e+001 -4.289849e+000  2.300000e+000
      vertex  5.414264e+001 -4.242640e+000  2.700000e+000
      vertex  5.364094e+001 -4.690989e+000  2.700000e+000
    endloop
  endfacet
  facet normal  4.190160e-001 -5.628380e-001 -7.124878e-001
    outer loop
      vertex  5.349961e+001 -4.289849e+000  2.300000e+000
      vertex  5.364094e+001 -4.690989e+000  2.700000e+000
      vertex  5.297725e+001 -4.678731e+000  2.300000e+000
    endloop
  endfacet
  facet normal  5.321463e-001 -4.755561e-001 -7.004761e-001
    outer loop
      vertex  5.397329e+001 -3.842953e+000  2.300000e+000
      vertex  5.459099e+001 -3.740939e+000  2.700000e+000
      vertex  5.414264e+001 -4.242640e+000  2.700000e+000
    endloop
  endfacet
  facet normal  4.810581e-001 -5.098926e-001 -7.131568e-001
    outer loop
      vertex  5.397329e+001 -3.842953e+000  2.300000e+000
      vertex  5.414264e+001 -4.242640e+000  2.700000e+000
      vertex  5.349961e+001 -4.289849e+000  2.300000e+000
    endloop
  endfacet
  facet normal  5.824668e-001 -4.132846e-001 -6.999487e-001
    outer loop
      vertex  5.439189e+001 -3.344088e+000  2.300000e+000
      vertex  5.498035e+001 -3.192193e+000  2.700000e+000
      vertex  5.459099e+001 -3.740939e+000  2.700000e+000
    endloop
  endfacet
  facet normal  5.365484e-001 -4.502183e-001 -7.137361e-001
    outer loop
      vertex  5.439189e+001 -3.344088e+000  2.300000e+000
      vertex  5.459099e+001 -3.740939e+000  2.700000e+000
      vertex  5.397329e+001 -3.842953e+000  2.300000e+000
    endloop
  endfacet
  facet normal  6.254544e-001 -3.456745e-001 -6.995112e-001
    outer loop
      vertex  5.474974e+001 -2.800000e+000  2.300000e+000
      vertex  5.530581e+001 -2.603302e+000  2.700000e+000
      vertex  5.498035e+001 -3.192193e+000  2.700000e+000
    endloop
  endfacet
  facet normal  5.847705e-001 -3.846061e-001 -7.142280e-001
    outer loop
      vertex  5.474974e+001 -2.800000e+000  2.300000e+000
      vertex  5.498035e+001 -3.192193e+000  2.700000e+000
      vertex  5.439189e+001 -3.344088e+000  2.300000e+000
    endloop
  endfacet
  facet normal  6.605455e-001 -2.736084e-001 -6.991553e-001
    outer loop
      vertex  5.504201e+001 -2.218047e+000  2.300000e+000
      vertex  5.556330e+001 -1.981674e+000  2.700000e+000
      vertex  5.530581e+001 -2.603302e+000  2.700000e+000
    endloop
  endfacet
  facet normal  6.251015e-001 -3.139407e-001 -7.146254e-001
    outer loop
      vertex  5.504201e+001 -2.218047e+000  2.300000e+000
      vertex  5.530581e+001 -2.603302e+000  2.700000e+000
      vertex  5.474974e+001 -2.800000e+000  2.300000e+000
    endloop
  endfacet
  facet normal  6.872732e-001 -1.980004e-001 -6.988931e-001
    outer loop
      vertex  5.526474e+001 -1.606098e+000  2.300000e+000
      vertex  5.574957e+001 -1.335126e+000  2.700000e+000
      vertex  5.556330e+001 -1.981674e+000  2.700000e+000
    endloop
  endfacet
  facet normal  6.570235e-001 -2.391344e-001 -7.149370e-001
    outer loop
      vertex  5.526474e+001 -1.606098e+000  2.300000e+000
      vertex  5.556330e+001 -1.981674e+000  2.700000e+000
      vertex  5.504201e+001 -2.218047e+000  2.300000e+000
    endloop
  endfacet
  facet normal  7.052935e-001 -1.198336e-001 -6.987138e-001
    outer loop
      vertex  5.541492e+001 -9.724297e-001  2.300000e+000
      vertex  5.586227e+001 -6.717868e-001  2.700000e+000
      vertex  5.574957e+001 -1.335126e+000  2.700000e+000
    endloop
  endfacet
  facet normal  6.801215e-001 -1.611944e-001 -7.151581e-001
    outer loop
      vertex  5.541492e+001 -9.724297e-001  2.300000e+000
      vertex  5.574957e+001 -1.335126e+000  2.700000e+000
      vertex  5.526474e+001 -1.606098e+000  2.300000e+000
    endloop
  endfacet
  facet normal  7.143598e-001 -4.011824e-002 -6.986277e-001
    outer loop
      vertex  5.549052e+001 -3.256109e-001  2.300000e+000
      vertex  5.590000e+001  3.673940e-016  2.700000e+000
      vertex  5.586227e+001 -6.717868e-001  2.700000e+000
    endloop
  endfacet
  facet normal  6.941023e-001 -8.112615e-002 -7.152907e-001
    outer loop
      vertex  5.549052e+001 -3.256109e-001  2.300000e+000
      vertex  5.586227e+001 -6.717868e-001  2.700000e+000
      vertex  5.541492e+001 -9.724297e-001  2.300000e+000
    endloop
  endfacet
  facet normal  7.143598e-001  4.011824e-002 -6.986277e-001
    outer loop
      vertex  5.549052e+001  3.256111e-001  2.300000e+000
      vertex  5.586227e+001  6.717868e-001  2.700000e+000
      vertex  5.590000e+001  3.673940e-016  2.700000e+000
    endloop
  endfacet
  facet normal  6.987803e-001  0.000000e+000 -7.153364e-001
    outer loop
      vertex  5.549052e+001  3.256111e-001  2.300000e+000
      vertex  5.590000e+001  3.673940e-016  2.700000e+000
      vertex  5.549052e+001 -3.256109e-001  2.300000e+000
    endloop
  endfacet
  facet normal  7.052935e-001  1.198336e-001 -6.987138e-001
    outer loop
      vertex  5.541492e+001  9.724299e-001  2.300000e+000
      vertex  5.574957e+001  1.335126e+000  2.700000e+000
      vertex  5.586227e+001  6.717868e-001  2.700000e+000
    endloop
  endfacet
  facet normal  6.941022e-001  8.112613e-002 -7.152906e-001
    outer loop
      vertex  5.541492e+001  9.724299e-001  2.300000e+000
      vertex  5.586227e+001  6.717868e-001  2.700000e+000
      vertex  5.549052e+001  3.256111e-001  2.300000e+000
    endloop
  endfacet
  facet normal  6.872732e-001  1.980004e-001 -6.988931e-001
    outer loop
      vertex  5.526474e+001  1.606098e+000  2.300000e+000
      vertex  5.556330e+001  1.981674e+000  2.700000e+000
      vertex  5.574957e+001  1.335126e+000  2.700000e+000
    endloop
  endfacet
  facet normal  6.801215e-001  1.611944e-001 -7.151581e-001
    outer loop
      vertex  5.526474e+001  1.606098e+000  2.300000e+000
      vertex  5.574957e+001  1.335126e+000  2.700000e+000
      vertex  5.541492e+001  9.724299e-001  2.300000e+000
    endloop
  endfacet
  facet normal  6.605456e-001  2.736084e-001 -6.991552e-001
    outer loop
      vertex  5.504201e+001  2.218047e+000  2.300000e+000
      vertex  5.530581e+001  2.603302e+000  2.700000e+000
      vertex  5.556330e+001  1.981674e+000  2.700000e+000
    endloop
  endfacet
  facet normal  6.570235e-001  2.391344e-001 -7.149370e-001
    outer loop
      vertex  5.504201e+001  2.218047e+000  2.300000e+000
      vertex  5.556330e+001  1.981674e+000  2.700000e+000
      vertex  5.526474e+001  1.606098e+000  2.300000e+000
    endloop
  endfacet
  facet normal  6.254545e-001  3.456745e-001 -6.995112e-001
    outer loop
      vertex  5.474974e+001  2.800000e+000  2.300000e+000
      vertex  5.498035e+001  3.192193e+000  2.700000e+000
      vertex  5.530581e+001  2.603302e+000  2.700000e+000
    endloop
  endfacet
  facet normal  6.251016e-001  3.139407e-001 -7.146253e-001
    outer loop
      vertex  5.474974e+001  2.800000e+000  2.300000e+000
      vertex  5.530581e+001  2.603302e+000  2.700000e+000
      vertex  5.504201e+001  2.218047e+000  2.300000e+000
    endloop
  endfacet
  facet normal  5.824670e-001  4.132847e-001 -6.999486e-001
    outer loop
      vertex  5.439189e+001  3.344088e+000  2.300000e+000
      vertex  5.459099e+001  3.740939e+000  2.700000e+000
      vertex  5.498035e+001  3.192193e+000  2.700000e+000
    endloop
  endfacet
  facet normal  5.847706e-001  3.846062e-001 -7.142279e-001
    outer loop
      vertex  5.439189e+001  3.344088e+000  2.300000e+000
      vertex  5.498035e+001  3.192193e+000  2.700000e+000
      vertex  5.474974e+001  2.800000e+000  2.300000e+000
    endloop
  endfacet
  facet normal  5.321463e-001  4.755561e-001 -7.004761e-001
    outer loop
      vertex  5.397329e+001  3.842953e+000  2.300000e+000
      vertex  5.414264e+001  4.242640e+000  2.700000e+000
      vertex  5.459099e+001  3.740939e+000  2.700000e+000
    endloop
  endfacet
  facet normal  5.365484e-001  4.502185e-001 -7.137361e-001
    outer loop
      vertex  5.397329e+001  3.842953e+000  2.300000e+000
      vertex  5.459099e+001  3.740939e+000  2.700000e+000
      vertex  5.439189e+001  3.344088e+000  2.300000e+000
    endloop
  endfacet
  facet normal  4.751533e-001  5.316958e-001 -7.010912e-001
    outer loop
      vertex  5.349961e+001  4.289849e+000  2.300000e+000
      vertex  5.364094e+001  4.690989e+000  2.700000e+000
      vertex  5.414264e+001  4.242640e+000  2.700000e+000
    endloop
  endfacet
  facet normal  4.810581e-001  5.098926e-001 -7.131568e-001
    outer loop
      vertex  5.349961e+001  4.289849e+000  2.300000e+000
      vertex  5.414264e+001  4.242640e+000  2.700000e+000
      vertex  5.397329e+001  3.842953e+000  2.300000e+000
    endloop
  endfacet
  facet normal  4.122354e-001  5.809894e-001 -7.017928e-001
    outer loop
      vertex  5.297725e+001  4.678732e+000  2.300000e+000
      vertex  5.309219e+001  5.080345e+000  2.700000e+000
      vertex  5.364094e+001  4.690989e+000  2.700000e+000
    endloop
  endfacet
  facet normal  4.190164e-001  5.628379e-001 -7.124878e-001
    outer loop
      vertex  5.297725e+001  4.678732e+000  2.300000e+000
      vertex  5.364094e+001  4.690989e+000  2.700000e+000
      vertex  5.349961e+001  4.289849e+000  2.300000e+000
    endloop
  endfacet
  facet normal  3.442181e-001  6.228157e-001 -7.025769e-001
    outer loop
      vertex  5.241328e+001  5.004343e+000  2.300000e+000
      vertex  5.250330e+001  5.405813e+000  2.700000e+000
      vertex  5.309219e+001  5.080345e+000  2.700000e+000
    endloop
  endfacet
  facet normal  3.512293e-001  6.083441e-001 -7.117271e-001
    outer loop
      vertex  5.241328e+001  5.004343e+000  2.300000e+000
      vertex  5.309219e+001  5.080345e+000  2.700000e+000
      vertex  5.297725e+001  4.678732e+000  2.300000e+000
    endloop
  endfacet
  facet normal  2.719913e-001  6.566446e-001 -7.034476e-001
    outer loop
      vertex  5.181531e+001  5.262279e+000  2.300000e+000
      vertex  5.188168e+001  5.663300e+000  2.700000e+000
      vertex  5.250330e+001  5.405813e+000  2.700000e+000
    endloop
  endfacet
  facet normal  2.785700e-001  6.458017e-001 -7.108721e-001
    outer loop
      vertex  5.181531e+001  5.262279e+000  2.300000e+000
      vertex  5.250330e+001  5.405813e+000  2.700000e+000
      vertex  5.241328e+001  5.004343e+000  2.300000e+000
    endloop
  endfacet
  facet normal  1.964987e-001  6.820629e-001 -7.043994e-001
    outer loop
      vertex  5.119145e+001  5.449051e+000  2.300000e+000
      vertex  5.123513e+001  5.849567e+000  2.700000e+000
      vertex  5.188168e+001  5.663300e+000  2.700000e+000
    endloop
  endfacet
  facet normal  2.019894e-001  6.746901e-001 -7.099251e-001
    outer loop
      vertex  5.119145e+001  5.449051e+000  2.300000e+000
      vertex  5.188168e+001  5.663300e+000  2.700000e+000
      vertex  5.181531e+001  5.262279e+000  2.300000e+000
    endloop
  endfacet
  facet normal  1.187238e-001  6.987619e-001 -7.054335e-001
    outer loop
      vertex  5.055012e+001  5.562135e+000  2.300000e+000
      vertex  5.057178e+001  5.962273e+000  2.700000e+000
      vertex  5.123513e+001  5.849567e+000  2.700000e+000
    endloop
  endfacet
  facet normal  1.224789e-001  6.946117e-001 -7.088819e-001
    outer loop
      vertex  5.055012e+001  5.562135e+000  2.300000e+000
      vertex  5.123513e+001  5.849567e+000  2.700000e+000
      vertex  5.119145e+001  5.449051e+000  2.300000e+000
    endloop
  endfacet
  facet normal  7.002130e-001  7.002154e-001 -1.392844e-001
    outer loop
      vertex  4.350000e+001  6.000000e+000 -9.334314e+000
      vertex  4.390000e+001  5.600000e+000 -9.334314e+000
      vertex  4.386955e+001  5.600000e+000 -9.487388e+000
    endloop
  endfacet
  facet normal  5.936147e-001  7.002154e-001 -3.966359e-001
    outer loop
      vertex  4.350000e+001  6.000000e+000 -9.334314e+000
      vertex  4.386955e+001  5.600000e+000 -9.487388e+000
      vertex  4.378284e+001  5.600000e+000 -9.617157e+000
    endloop
  endfacet
  facet normal  3.966334e-001  7.002145e-001 -5.936174e-001
    outer loop
      vertex  4.350000e+001  6.000000e+000 -9.334314e+000
      vertex  4.378284e+001  5.600000e+000 -9.617157e+000
      vertex  4.365307e+001  5.600000e+000 -9.703866e+000
    endloop
  endfacet
  facet normal  1.392854e-001  7.002144e-001 -7.002137e-001
    outer loop
      vertex  4.350000e+001  6.000000e+000 -9.334314e+000
      vertex  4.365307e+001  5.600000e+000 -9.703866e+000
      vertex  4.350000e+001  5.600000e+000 -9.734315e+000
    endloop
  endfacet
  facet normal -1.392854e-001  7.002145e-001 -7.002137e-001
    outer loop
      vertex  4.350000e+001  6.000000e+000 -9.334314e+000
      vertex  4.350000e+001  5.600000e+000 -9.734315e+000
      vertex  4.334693e+001  5.600000e+000 -9.703866e+000
    endloop
  endfacet
  facet normal -3.966334e-001  7.002145e-001 -5.936173e-001
    outer loop
      vertex  4.350000e+001  6.000000e+000 -9.334314e+000
      vertex  4.334693e+001  5.600000e+000 -9.703866e+000
      vertex  4.321716e+001  5.600000e+000 -9.617157e+000
    endloop
  endfacet
  facet normal -5.000010e-001  7.071057e-001 -5.000005e-001
    outer loop
      vertex  4.058284e+001  5.600000e+000 -6.982843e+000
      vertex  4.086568e+001  6.000000e+000 -6.700000e+000
      vertex  4.321716e+001  5.600000e+000 -9.617157e+000
    endloop
  endfacet
  facet normal -4.999992e-001  7.071078e-001 -4.999994e-001
    outer loop
      vertex  4.321716e+001  5.600000e+000 -9.617157e+000
      vertex  4.086568e+001  6.000000e+000 -6.700000e+000
      vertex  4.350000e+001  6.000000e+000 -9.334314e+000
    endloop
  endfacet
  facet normal -5.936076e-001  7.002142e-001 -3.966487e-001
    outer loop
      vertex  4.086568e+001  6.000000e+000 -6.700000e+000
      vertex  4.058284e+001  5.600000e+000 -6.982843e+000
      vertex  4.049613e+001  5.600000e+000 -6.853074e+000
    endloop
  endfacet
  facet normal -7.002180e-001  7.002138e-001 -1.392675e-001
    outer loop
      vertex  4.086568e+001  6.000000e+000 -6.700000e+000
      vertex  4.049613e+001  5.600000e+000 -6.853074e+000
      vertex  4.046569e+001  5.600000e+000 -6.700000e+000
    endloop
  endfacet
  facet normal -7.002179e-001  7.002137e-001  1.392679e-001
    outer loop
      vertex  4.086568e+001  6.000000e+000 -6.700000e+000
      vertex  4.046569e+001  5.600000e+000 -6.700000e+000
      vertex  4.049613e+001  5.600000e+000 -6.546926e+000
    endloop
  endfacet
  facet normal -5.936078e-001  7.002140e-001  3.966488e-001
    outer loop
      vertex  4.086568e+001  6.000000e+000 -6.700000e+000
      vertex  4.049613e+001  5.600000e+000 -6.546926e+000
      vertex  4.058284e+001  5.600000e+000 -6.417157e+000
    endloop
  endfacet
  facet normal  7.071089e-001  6.717212e-006 -7.071047e-001
    outer loop
      vertex  4.115000e+001 -2.615000e+001  2.000000e-001
      vertex  4.095000e+001 -2.595000e+001  0.000000e+000
      vertex  4.135000e+001 -2.595000e+001  4.000000e-001
    endloop
  endfacet
  facet normal  7.071089e-001  0.000000e+000 -7.071048e-001
    outer loop
      vertex  4.135000e+001 -2.595000e+001  4.000000e-001
      vertex  4.095000e+001 -2.595000e+001  0.000000e+000
      vertex  4.095000e+001 -5.600000e+000  0.000000e+000
    endloop
  endfacet
  facet normal  7.071088e-001  0.000000e+000 -7.071047e-001
    outer loop
      vertex  4.135000e+001 -2.595000e+001  4.000000e-001
      vertex  4.095000e+001 -5.600000e+000  0.000000e+000
      vertex  4.135000e+001 -6.000000e+000  4.000000e-001
    endloop
  endfacet
  facet normal  3.358566e-006 -7.071071e-001 -7.071065e-001
    outer loop
      vertex  4.115000e+001 -2.615000e+001  2.000000e-001
      vertex  4.095000e+001 -2.635000e+001  4.000000e-001
      vertex  4.095000e+001 -2.595000e+001  0.000000e+000
    endloop
  endfacet
  facet normal -3.358566e-006 -7.071071e-001 -7.071065e-001
    outer loop
      vertex -4.115000e+001 -2.615000e+001  2.000000e-001
      vertex -4.095000e+001 -2.595000e+001  0.000000e+000
      vertex -4.095000e+001 -2.635000e+001  4.000000e-001
    endloop
  endfacet
  facet normal  0.000000e+000 -7.071072e-001 -7.071065e-001
    outer loop
      vertex -4.095000e+001 -2.635000e+001  4.000000e-001
      vertex -4.095000e+001 -2.595000e+001  0.000000e+000
      vertex  4.095000e+001 -2.595000e+001  0.000000e+000
    endloop
  endfacet
  facet normal  0.000000e+000 -7.071072e-001 -7.071065e-001
    outer loop
      vertex -4.095000e+001 -2.635000e+001  4.000000e-001
      vertex  4.095000e+001 -2.595000e+001  0.000000e+000
      vertex  4.095000e+001 -2.635000e+001  4.000000e-001
    endloop
  endfacet
  facet normal  7.071085e-001 -7.071051e-001  3.358588e-006
    outer loop
      vertex  4.135000e+001 -2.595000e+001  4.000000e-001
      vertex  4.095000e+001 -2.635000e+001  4.000000e-001
      vertex  4.115000e+001 -2.615000e+001  2.000000e-001
    endloop
  endfacet
  facet normal  7.071084e-001 -7.071050e-001 -3.358591e-006
    outer loop
      vertex  4.115000e+001 -2.615000e+001  5.100000e+000
      vertex  4.095000e+001 -2.635000e+001  4.900000e+000
      vertex  4.135000e+001 -2.595000e+001  4.900000e+000
    endloop
  endfacet
  facet normal  7.071085e-001 -7.071051e-001  0.000000e+000
    outer loop
      vertex  4.135000e+001 -2.595000e+001  4.900000e+000
      vertex  4.095000e+001 -2.635000e+001  4.900000e+000
      vertex  4.095000e+001 -2.635000e+001  4.000000e-001
    endloop
  endfacet
  facet normal  7.071085e-001 -7.071051e-001  0.000000e+000
    outer loop
      vertex  4.135000e+001 -2.595000e+001  4.900000e+000
      vertex  4.095000e+001 -2.635000e+001  4.000000e-001
      vertex  4.135000e+001 -2.595000e+001  4.000000e-001
    endloop
  endfacet
  facet normal  9.999999e-001  -0.000000e+000  0.000000e+000
    outer loop
      vertex  4.135000e+001 -6.000000e+000  4.900000e+000
      vertex  4.135000e+001 -2.595000e+001  4.900000e+000
      vertex  4.135000e+001 -6.000000e+000  4.000000e-001
    endloop
  endfacet
  facet normal  9.999999e-001  0.000000e+000  0.000000e+000
    outer loop
      vertex  4.135000e+001 -6.000000e+000  4.000000e-001
      vertex  4.135000e+001 -2.595000e+001  4.900000e+000
      vertex  4.135000e+001 -2.595000e+001  4.000000e-001
    endloop
  endfacet
  facet normal -7.071033e-001  0.000000e+000 -7.071104e-001
    outer loop
      vertex -4.095000e+001 -2.595000e+001  0.000000e+000
      vertex -4.102500e+001 -5.675000e+000  7.500000e-002
      vertex -4.095000e+001  5.600000e+000  0.000000e+000
    endloop
  endfacet
  facet normal -7.071031e-001  -0.000000e+000 -7.071103e-001
    outer loop
      vertex -4.102500e+001 -5.675000e+000  7.500000e-002
      vertex -4.102500e+001  5.675000e+000  7.500000e-002
      vertex -4.095000e+001  5.600000e+000  0.000000e+000
    endloop
  endfacet
  facet normal -7.071089e-001  6.717212e-006 -7.071047e-001
    outer loop
      vertex -4.115000e+001 -2.615000e+001  2.000000e-001
      vertex -4.135000e+001 -2.595000e+001  4.000000e-001
      vertex -4.095000e+001 -2.595000e+001  0.000000e+000
    endloop
  endfacet
  facet normal -7.071088e-001  0.000000e+000 -7.071047e-001
    outer loop
      vertex -4.095000e+001 -2.595000e+001  0.000000e+000
      vertex -4.135000e+001 -2.595000e+001  4.000000e-001
      vertex -4.135000e+001 -6.000000e+000  4.000000e-001
    endloop
  endfacet
  facet normal -7.071101e-001 -4.938796e-008 -7.071035e-001
    outer loop
      vertex -4.095000e+001 -2.595000e+001  0.000000e+000
      vertex -4.135000e+001 -6.000000e+000  4.000000e-001
      vertex -4.102500e+001 -5.675000e+000  7.500000e-002
    endloop
  endfacet
  facet normal -7.071084e-001 -7.071050e-001 -3.358591e-006
    outer loop
      vertex -4.115000e+001 -2.615000e+001  5.100000e+000
      vertex -4.135000e+001 -2.595000e+001  4.900000e+000
      vertex -4.095000e+001 -2.635000e+001  4.900000e+000
    endloop
  endfacet
  facet normal -7.071085e-001 -7.071051e-001  3.358588e-006
    outer loop
      vertex -4.115000e+001 -2.615000e+001  2.000000e-001
      vertex -4.095000e+001 -2.635000e+001  4.000000e-001
      vertex -4.135000e+001 -2.595000e+001  4.000000e-001
    endloop
  endfacet
  facet normal -7.071085e-001 -7.071051e-001  0.000000e+000
    outer loop
      vertex -4.135000e+001 -2.595000e+001  4.000000e-001
      vertex -4.095000e+001 -2.635000e+001  4.000000e-001
      vertex -4.095000e+001 -2.635000e+001  4.900000e+000
    endloop
  endfacet
  facet normal -7.071085e-001 -7.071051e-001  0.000000e+000
    outer loop
      vertex -4.135000e+001 -2.595000e+001  4.000000e-001
      vertex -4.095000e+001 -2.635000e+001  4.900000e+000
      vertex -4.135000e+001 -2.595000e+001  4.900000e+000
    endloop
  endfacet
  facet normal  0.000000e+000 -1.000000e+000  0.000000e+000
    outer loop
      vertex  4.095000e+001 -2.635000e+001  4.900000e+000
      vertex -4.095000e+001 -2.635000e+001  4.900000e+000
      vertex  4.095000e+001 -2.635000e+001  4.000000e-001
    endloop
  endfacet
  facet normal  0.000000e+000 -1.000000e+000  0.000000e+000
    outer loop
      vertex  4.095000e+001 -2.635000e+001  4.000000e-001
      vertex -4.095000e+001 -2.635000e+001  4.900000e+000
      vertex -4.095000e+001 -2.635000e+001  4.000000e-001
    endloop
  endfacet
  facet normal  0.000000e+000  7.071069e-001 -7.071066e-001
    outer loop
      vertex -4.135000e+001  6.000000e+000  4.000000e-001
      vertex -4.102500e+001  5.675000e+000  7.500000e-002
      vertex -4.190000e+001  6.000000e+000  4.000000e-001
    endloop
  endfacet
  facet normal -1.596475e-007  7.071068e-001 -7.071067e-001
    outer loop
      vertex -4.190000e+001  6.000000e+000  4.000000e-001
      vertex -4.102500e+001  5.675000e+000  7.500000e-002
      vertex -4.130000e+001  5.400000e+000 -2.000000e-001
    endloop
  endfacet
  facet normal -9.999999e-001  -0.000000e+000  0.000000e+000
    outer loop
      vertex -4.135000e+001 -2.595000e+001  4.900000e+000
      vertex -4.135000e+001 -6.000000e+000  4.900000e+000
      vertex -4.135000e+001 -2.595000e+001  4.000000e-001
    endloop
  endfacet
  facet normal -9.999999e-001  0.000000e+000  0.000000e+000
    outer loop
      vertex -4.135000e+001 -2.595000e+001  4.000000e-001
      vertex -4.135000e+001 -6.000000e+000  4.900000e+000
      vertex -4.135000e+001 -6.000000e+000  4.000000e-001
    endloop
  endfacet
  facet normal  7.071096e-001  0.000000e+000 -7.071038e-001
    outer loop
      vertex -4.102500e+001 -5.675000e+000  7.500000e-002
      vertex -4.130000e+001 -5.400000e+000 -2.000000e-001
      vertex -4.102500e+001  5.675000e+000  7.500000e-002
    endloop
  endfacet
  facet normal  7.071097e-001  0.000000e+000 -7.071038e-001
    outer loop
      vertex -4.102500e+001  5.675000e+000  7.500000e-002
      vertex -4.130000e+001 -5.400000e+000 -2.000000e-001
      vertex -4.130000e+001  5.400000e+000 -2.000000e-001
    endloop
  endfacet
  facet normal  7.071055e-001  0.000000e+000 -7.071081e-001
    outer loop
      vertex -4.130000e+001 -5.400000e+000 -2.000000e-001
      vertex -4.150000e+001 -5.600000e+000 -4.000000e-001
      vertex -4.130000e+001  5.400000e+000 -2.000000e-001
    endloop
  endfacet
  facet normal  7.071055e-001  0.000000e+000 -7.071081e-001
    outer loop
      vertex -4.130000e+001  5.400000e+000 -2.000000e-001
      vertex -4.150000e+001 -5.600000e+000 -4.000000e-001
      vertex -4.150000e+001  5.600000e+000 -4.000000e-001
    endloop
  endfacet
  facet normal  0.000000e+000 -7.071069e-001 -7.071066e-001
    outer loop
      vertex -4.135000e+001 -6.000000e+000  4.000000e-001
      vertex -4.190000e+001 -6.000000e+000  4.000000e-001
      vertex -4.102500e+001 -5.675000e+000  7.500000e-002
    endloop
  endfacet
  facet normal -1.596475e-007 -7.071067e-001 -7.071068e-001
    outer loop
      vertex -4.102500e+001 -5.675000e+000  7.500000e-002
      vertex -4.190000e+001 -6.000000e+000  4.000000e-001
      vertex -4.130000e+001 -5.400000e+000 -2.000000e-001
    endloop
  endfacet
  facet normal  1.000000e+000  0.000000e+000  0.000000e+000
    outer loop
      vertex -4.150000e+001 -5.600000e+000 -4.000000e-001
      vertex -4.150000e+001 -5.600000e+000 -5.500000e+000
      vertex -4.150000e+001  5.600000e+000 -4.000000e-001
    endloop
  endfacet
  facet normal  1.000000e+000  0.000000e+000  0.000000e+000
    outer loop
      vertex -4.150000e+001  5.600000e+000 -4.000000e-001
      vertex -4.150000e+001 -5.600000e+000 -5.500000e+000
      vertex -4.150000e+001  5.600000e+000 -5.500000e+000
    endloop
  endfacet
  facet normal  7.071055e-001 -7.071080e-001  0.000000e+000
    outer loop
      vertex -4.190000e+001 -6.000000e+000 -5.665686e+000
      vertex -4.150000e+001 -5.600000e+000 -5.500000e+000
      vertex -4.190000e+001 -6.000000e+000  4.000000e-001
    endloop
  endfacet
  facet normal  7.071055e-001 -7.071080e-001  0.000000e+000
    outer loop
      vertex -4.190000e+001 -6.000000e+000  4.000000e-001
      vertex -4.150000e+001 -5.600000e+000 -5.500000e+000
      vertex -4.150000e+001 -5.600000e+000 -4.000000e-001
    endloop
  endfacet
  facet normal  7.071052e-001 -7.071083e-001 -2.853688e-007
    outer loop
      vertex -4.190000e+001 -6.000000e+000  4.000000e-001
      vertex -4.150000e+001 -5.600000e+000 -4.000000e-001
      vertex -4.130000e+001 -5.400000e+000 -2.000000e-001
    endloop
  endfacet
  facet normal  7.071052e-001  7.071083e-001 -2.853688e-007
    outer loop
      vertex -4.130000e+001  5.400000e+000 -2.000000e-001
      vertex -4.150000e+001  5.600000e+000 -4.000000e-001
      vertex -4.190000e+001  6.000000e+000  4.000000e-001
    endloop
  endfacet
  facet normal  7.071055e-001  7.071080e-001  0.000000e+000
    outer loop
      vertex -4.190000e+001  6.000000e+000  4.000000e-001
      vertex -4.150000e+001  5.600000e+000 -4.000000e-001
      vertex -4.150000e+001  5.600000e+000 -5.500000e+000
    endloop
  endfacet
  facet normal  7.071055e-001  7.071080e-001  0.000000e+000
    outer loop
      vertex -4.190000e+001  6.000000e+000  4.000000e-001
      vertex -4.150000e+001  5.600000e+000 -5.500000e+000
      vertex -4.190000e+001  6.000000e+000 -5.665686e+000
    endloop
  endfacet
  facet normal  0.000000e+000 -1.000000e+000  0.000000e+000
    outer loop
      vertex -4.135000e+001 -6.000000e+000  4.000000e-001
      vertex -4.350000e+001 -6.000000e+000  2.700000e+000
      vertex -4.190000e+001 -6.000000e+000  4.000000e-001
    endloop
  endfacet
  facet normal  0.000000e+000 -1.000000e+000  0.000000e+000
    outer loop
      vertex -4.135000e+001 -6.000000e+000  4.900000e+000
      vertex -4.990000e+001 -6.000000e+000  4.900000e+000
      vertex -4.990000e+001 -6.000000e+000  2.700000e+000
    endloop
  endfacet
  facet normal  0.000000e+000 -1.000000e+000  0.000000e+000
    outer loop
      vertex -4.135000e+001 -6.000000e+000  4.900000e+000
      vertex -4.990000e+001 -6.000000e+000  2.700000e+000
      vertex -4.350000e+001 -6.000000e+000  2.700000e+000
    endloop
  endfacet
  facet normal  0.000000e+000 -1.000000e+000  0.000000e+000
    outer loop
      vertex -4.135000e+001 -6.000000e+000  4.900000e+000
      vertex -4.350000e+001 -6.000000e+000  2.700000e+000
      vertex -4.135000e+001 -6.000000e+000  4.000000e-001
    endloop
  endfacet
  facet normal  0.000000e+000 -1.000000e+000  -0.000000e+000
    outer loop
      vertex -4.086568e+001 -6.000000e+000 -6.700000e+000
      vertex -4.190000e+001 -6.000000e+000 -5.665686e+000
      vertex -4.350000e+001 -6.000000e+000 -9.334314e+000
    endloop
  endfacet
  facet normal  0.000000e+000 -1.000000e+000  0.000000e+000
    outer loop
      vertex -4.350000e+001 -6.000000e+000 -9.334314e+000
      vertex -4.190000e+001 -6.000000e+000 -5.665686e+000
      vertex -4.190000e+001 -6.000000e+000  4.000000e-001
    endloop
  endfacet
  facet normal  -0.000000e+000 -1.000000e+000  0.000000e+000
    outer loop
      vertex -4.350000e+001 -6.000000e+000 -9.334314e+000
      vertex -4.190000e+001 -6.000000e+000  4.000000e-001
      vertex -4.350000e+001 -6.000000e+000  2.700000e+000
    endloop
  endfacet
  facet normal  4.999987e-001 -7.071075e-001  5.000001e-001
    outer loop
      vertex -4.190000e+001 -6.000000e+000 -5.665686e+000
      vertex -4.086568e+001 -6.000000e+000 -6.700000e+000
      vertex -4.150000e+001 -5.600000e+000 -5.500000e+000
    endloop
  endfacet
  facet normal  5.000013e-001 -7.071053e-001  5.000007e-001
    outer loop
      vertex -4.150000e+001 -5.600000e+000 -5.500000e+000
      vertex -4.086568e+001 -6.000000e+000 -6.700000e+000
      vertex -4.058284e+001 -5.600000e+000 -6.417157e+000
    endloop
  endfacet
  facet normal -9.807844e-001  -0.000000e+000 -1.950949e-001
    outer loop
      vertex -4.390000e+001 -5.600000e+000 -9.334314e+000
      vertex -4.390000e+001  5.600000e+000 -9.334314e+000
      vertex -4.386955e+001 -5.600000e+000 -9.487388e+000
    endloop
  endfacet
  facet normal -9.807844e-001  0.000000e+000 -1.950949e-001
    outer loop
      vertex -4.386955e+001 -5.600000e+000 -9.487388e+000
      vertex -4.390000e+001  5.600000e+000 -9.334314e+000
      vertex -4.386955e+001  5.600000e+000 -9.487388e+000
    endloop
  endfacet
  facet normal -8.314726e-001  -0.000000e+000 -5.555657e-001
    outer loop
      vertex -4.386955e+001 -5.600000e+000 -9.487388e+000
      vertex -4.386955e+001  5.600000e+000 -9.487388e+000
      vertex -4.378284e+001 -5.600000e+000 -9.617157e+000
    endloop
  endfacet
  facet normal -8.314726e-001  0.000000e+000 -5.555657e-001
    outer loop
      vertex -4.378284e+001 -5.600000e+000 -9.617157e+000
      vertex -4.386955e+001  5.600000e+000 -9.487388e+000
      vertex -4.378284e+001  5.600000e+000 -9.617157e+000
    endloop
  endfacet
  facet normal -5.555615e-001  -0.000000e+000 -8.314754e-001
    outer loop
      vertex -4.378284e+001 -5.600000e+000 -9.617157e+000
      vertex -4.378284e+001  5.600000e+000 -9.617157e+000
      vertex -4.365307e+001 -5.600000e+000 -9.703866e+000
    endloop
  endfacet
  facet normal -5.555615e-001  0.000000e+000 -8.314754e-001
    outer loop
      vertex -4.365307e+001 -5.600000e+000 -9.703866e+000
      vertex -4.378284e+001  5.600000e+000 -9.617157e+000
      vertex -4.365307e+001  5.600000e+000 -9.703866e+000
    endloop
  endfacet
  facet normal -1.950960e-001  -0.000000e+000 -9.807841e-001
    outer loop
      vertex -4.365307e+001 -5.600000e+000 -9.703866e+000
      vertex -4.365307e+001  5.600000e+000 -9.703866e+000
      vertex -4.350000e+001 -5.600000e+000 -9.734315e+000
    endloop
  endfacet
  facet normal -1.950960e-001  0.000000e+000 -9.807841e-001
    outer loop
      vertex -4.350000e+001 -5.600000e+000 -9.734315e+000
      vertex -4.365307e+001  5.600000e+000 -9.703866e+000
      vertex -4.350000e+001  5.600000e+000 -9.734315e+000
    endloop
  endfacet
  facet normal  1.950960e-001  0.000000e+000 -9.807841e-001
    outer loop
      vertex -4.350000e+001 -5.600000e+000 -9.734315e+000
      vertex -4.350000e+001  5.600000e+000 -9.734315e+000
      vertex -4.334693e+001 -5.600000e+000 -9.703866e+000
    endloop
  endfacet
  facet normal  1.950960e-001  0.000000e+000 -9.807841e-001
    outer loop
      vertex -4.334693e+001 -5.600000e+000 -9.703866e+000
      vertex -4.350000e+001  5.600000e+000 -9.734315e+000
      vertex -4.334693e+001  5.600000e+000 -9.703866e+000
    endloop
  endfacet
  facet normal  5.555615e-001  0.000000e+000 -8.314754e-001
    outer loop
      vertex -4.334693e+001 -5.600000e+000 -9.703866e+000
      vertex -4.334693e+001  5.600000e+000 -9.703866e+000
      vertex -4.321716e+001 -5.600000e+000 -9.617157e+000
    endloop
  endfacet
  facet normal  5.555615e-001  0.000000e+000 -8.314754e-001
    outer loop
      vertex -4.321716e+001 -5.600000e+000 -9.617157e+000
      vertex -4.334693e+001  5.600000e+000 -9.703866e+000
      vertex -4.321716e+001  5.600000e+000 -9.617157e+000
    endloop
  endfacet
  facet normal  7.071072e-001  0.000000e+000  7.071064e-001
    outer loop
      vertex -4.058284e+001 -5.600000e+000 -6.417157e+000
      vertex -4.058284e+001  5.600000e+000 -6.417157e+000
      vertex -4.150000e+001 -5.600000e+000 -5.500000e+000
    endloop
  endfacet
  facet normal  7.071072e-001  -0.000000e+000  7.071064e-001
    outer loop
      vertex -4.150000e+001 -5.600000e+000 -5.500000e+000
      vertex -4.058284e+001  5.600000e+000 -6.417157e+000
      vertex -4.150000e+001  5.600000e+000 -5.500000e+000
    endloop
  endfacet
  facet normal  8.314613e-001  0.000000e+000 -5.555826e-001
    outer loop
      vertex -4.058284e+001 -5.600000e+000 -6.982843e+000
      vertex -4.058284e+001  5.600000e+000 -6.982843e+000
      vertex -4.049613e+001 -5.600000e+000 -6.853074e+000
    endloop
  endfacet
  facet normal  8.314613e-001  0.000000e+000 -5.555826e-001
    outer loop
      vertex -4.049613e+001 -5.600000e+000 -6.853074e+000
      vertex -4.058284e+001  5.600000e+000 -6.982843e+000
      vertex -4.049613e+001  5.600000e+000 -6.853074e+000
    endloop
  endfacet
  facet normal  9.807892e-001  0.000000e+000 -1.950708e-001
    outer loop
      vertex -4.049613e+001 -5.600000e+000 -6.853074e+000
      vertex -4.049613e+001  5.600000e+000 -6.853074e+000
      vertex -4.046569e+001 -5.600000e+000 -6.700000e+000
    endloop
  endfacet
  facet normal  9.807892e-001  0.000000e+000 -1.950708e-001
    outer loop
      vertex -4.046569e+001 -5.600000e+000 -6.700000e+000
      vertex -4.049613e+001  5.600000e+000 -6.853074e+000
      vertex -4.046569e+001  5.600000e+000 -6.700000e+000
    endloop
  endfacet
  facet normal  9.807891e-001  0.000000e+000  1.950714e-001
    outer loop
      vertex -4.046569e+001 -5.600000e+000 -6.700000e+000
      vertex -4.046569e+001  5.600000e+000 -6.700000e+000
      vertex -4.049613e+001 -5.600000e+000 -6.546926e+000
    endloop
  endfacet
  facet normal  9.807891e-001  -0.000000e+000  1.950714e-001
    outer loop
      vertex -4.049613e+001 -5.600000e+000 -6.546926e+000
      vertex -4.046569e+001  5.600000e+000 -6.700000e+000
      vertex -4.049613e+001  5.600000e+000 -6.546926e+000
    endloop
  endfacet
  facet normal  8.314613e-001  0.000000e+000  5.555826e-001
    outer loop
      vertex -4.049613e+001 -5.600000e+000 -6.546926e+000
      vertex -4.049613e+001  5.600000e+000 -6.546926e+000
      vertex -4.058284e+001 -5.600000e+000 -6.417157e+000
    endloop
  endfacet
  facet normal  8.314613e-001  -0.000000e+000  5.555826e-001
    outer loop
      vertex -4.058284e+001 -5.600000e+000 -6.417157e+000
      vertex -4.049613e+001  5.600000e+000 -6.546926e+000
      vertex -4.058284e+001  5.600000e+000 -6.417157e+000
    endloop
  endfacet
  facet normal  7.071071e-001  0.000000e+000 -7.071064e-001
    outer loop
      vertex -4.058284e+001 -5.600000e+000 -6.982843e+000
      vertex -4.321716e+001 -5.600000e+000 -9.617157e+000
      vertex -4.058284e+001  5.600000e+000 -6.982843e+000
    endloop
  endfacet
  facet normal  7.071071e-001  0.000000e+000 -7.071064e-001
    outer loop
      vertex -4.058284e+001  5.600000e+000 -6.982843e+000
      vertex -4.321716e+001 -5.600000e+000 -9.617157e+000
      vertex -4.321716e+001  5.600000e+000 -9.617157e+000
    endloop
  endfacet
  facet normal -7.002130e-001 -7.002154e-001 -1.392844e-001
    outer loop
      vertex -4.350000e+001 -6.000000e+000 -9.334314e+000
      vertex -4.390000e+001 -5.600000e+000 -9.334314e+000
      vertex -4.386955e+001 -5.600000e+000 -9.487388e+000
    endloop
  endfacet
  facet normal -5.936147e-001 -7.002154e-001 -3.966359e-001
    outer loop
      vertex -4.350000e+001 -6.000000e+000 -9.334314e+000
      vertex -4.386955e+001 -5.600000e+000 -9.487388e+000
      vertex -4.378284e+001 -5.600000e+000 -9.617157e+000
    endloop
  endfacet
  facet normal -3.966334e-001 -7.002145e-001 -5.936174e-001
    outer loop
      vertex -4.350000e+001 -6.000000e+000 -9.334314e+000
      vertex -4.378284e+001 -5.600000e+000 -9.617157e+000
      vertex -4.365307e+001 -5.600000e+000 -9.703866e+000
    endloop
  endfacet
  facet normal -1.392854e-001 -7.002144e-001 -7.002137e-001
    outer loop
      vertex -4.350000e+001 -6.000000e+000 -9.334314e+000
      vertex -4.365307e+001 -5.600000e+000 -9.703866e+000
      vertex -4.350000e+001 -5.600000e+000 -9.734315e+000
    endloop
  endfacet
  facet normal  1.392854e-001 -7.002145e-001 -7.002137e-001
    outer loop
      vertex -4.350000e+001 -6.000000e+000 -9.334314e+000
      vertex -4.350000e+001 -5.600000e+000 -9.734315e+000
      vertex -4.334693e+001 -5.600000e+000 -9.703866e+000
    endloop
  endfacet
  facet normal  3.966334e-001 -7.002145e-001 -5.936173e-001
    outer loop
      vertex -4.350000e+001 -6.000000e+000 -9.334314e+000
      vertex -4.334693e+001 -5.600000e+000 -9.703866e+000
      vertex -4.321716e+001 -5.600000e+000 -9.617157e+000
    endloop
  endfacet
  facet normal  4.999992e-001 -7.071078e-001 -4.999994e-001
    outer loop
      vertex -4.350000e+001 -6.000000e+000 -9.334314e+000
      vertex -4.321716e+001 -5.600000e+000 -9.617157e+000
      vertex -4.086568e+001 -6.000000e+000 -6.700000e+000
    endloop
  endfacet
  facet normal  5.000010e-001 -7.071057e-001 -5.000005e-001
    outer loop
      vertex -4.086568e+001 -6.000000e+000 -6.700000e+000
      vertex -4.321716e+001 -5.600000e+000 -9.617157e+000
      vertex -4.058284e+001 -5.600000e+000 -6.982843e+000
    endloop
  endfacet
  facet normal  5.936076e-001 -7.002142e-001 -3.966487e-001
    outer loop
      vertex -4.086568e+001 -6.000000e+000 -6.700000e+000
      vertex -4.058284e+001 -5.600000e+000 -6.982843e+000
      vertex -4.049613e+001 -5.600000e+000 -6.853074e+000
    endloop
  endfacet
  facet normal  7.002180e-001 -7.002138e-001 -1.392675e-001
    outer loop
      vertex -4.086568e+001 -6.000000e+000 -6.700000e+000
      vertex -4.049613e+001 -5.600000e+000 -6.853074e+000
      vertex -4.046569e+001 -5.600000e+000 -6.700000e+000
    endloop
  endfacet
  facet normal  7.002179e-001 -7.002137e-001  1.392679e-001
    outer loop
      vertex -4.086568e+001 -6.000000e+000 -6.700000e+000
      vertex -4.046569e+001 -5.600000e+000 -6.700000e+000
      vertex -4.049613e+001 -5.600000e+000 -6.546926e+000
    endloop
  endfacet
  facet normal  5.936078e-001 -7.002140e-001  3.966488e-001
    outer loop
      vertex -4.086568e+001 -6.000000e+000 -6.700000e+000
      vertex -4.049613e+001 -5.600000e+000 -6.546926e+000
      vertex -4.058284e+001 -5.600000e+000 -6.417157e+000
    endloop
  endfacet
  facet normal  0.000000e+000  1.000000e+000  0.000000e+000
    outer loop
      vertex -4.190000e+001  6.000000e+000  4.000000e-001
      vertex -4.350000e+001  6.000000e+000  2.700000e+000
      vertex -4.135000e+001  6.000000e+000  4.000000e-001
    endloop
  endfacet
  facet normal  0.000000e+000  1.000000e+000  -0.000000e+000
    outer loop
      vertex -4.135000e+001  6.000000e+000  4.900000e+000
      vertex -4.135000e+001  6.000000e+000  4.000000e-001
      vertex -4.350000e+001  6.000000e+000  2.700000e+000
    endloop
  endfacet
  facet normal  0.000000e+000  1.000000e+000  -0.000000e+000
    outer loop
      vertex -4.135000e+001  6.000000e+000  4.900000e+000
      vertex -4.350000e+001  6.000000e+000  2.700000e+000
      vertex -4.990000e+001  6.000000e+000  2.700000e+000
    endloop
  endfacet
  facet normal  0.000000e+000  1.000000e+000  0.000000e+000
    outer loop
      vertex -4.135000e+001  6.000000e+000  4.900000e+000
      vertex -4.990000e+001  6.000000e+000  2.700000e+000
      vertex -4.990000e+001  6.000000e+000  4.900000e+000
    endloop
  endfacet
  facet normal  0.000000e+000  1.000000e+000  0.000000e+000
    outer loop
      vertex -4.350000e+001  6.000000e+000  2.700000e+000
      vertex -4.190000e+001  6.000000e+000  4.000000e-001
      vertex -4.350000e+001  6.000000e+000 -9.334314e+000
    endloop
  endfacet
  facet normal  0.000000e+000  1.000000e+000  0.000000e+000
    outer loop
      vertex -4.350000e+001  6.000000e+000 -9.334314e+000
      vertex -4.190000e+001  6.000000e+000  4.000000e-001
      vertex -4.190000e+001  6.000000e+000 -5.665686e+000
    endloop
  endfacet
  facet normal  0.000000e+000  1.000000e+000  0.000000e+000
    outer loop
      vertex -4.350000e+001  6.000000e+000 -9.334314e+000
      vertex -4.190000e+001  6.000000e+000 -5.665686e+000
      vertex -4.086568e+001  6.000000e+000 -6.700000e+000
    endloop
  endfacet
  facet normal  4.999987e-001  7.071076e-001  5.000001e-001
    outer loop
      vertex -4.190000e+001  6.000000e+000 -5.665686e+000
      vertex -4.150000e+001  5.600000e+000 -5.500000e+000
      vertex -4.086568e+001  6.000000e+000 -6.700000e+000
    endloop
  endfacet
  facet normal  5.000012e-001  7.071054e-001  5.000007e-001
    outer loop
      vertex -4.086568e+001  6.000000e+000 -6.700000e+000
      vertex -4.150000e+001  5.600000e+000 -5.500000e+000
      vertex -4.058284e+001  5.600000e+000 -6.417157e+000
    endloop
  endfacet
  facet normal  5.936078e-001  7.002140e-001  3.966488e-001
    outer loop
      vertex -4.086568e+001  6.000000e+000 -6.700000e+000
      vertex -4.058284e+001  5.600000e+000 -6.417157e+000
      vertex -4.049613e+001  5.600000e+000 -6.546926e+000
    endloop
  endfacet
  facet normal  7.002179e-001  7.002137e-001  1.392679e-001
    outer loop
      vertex -4.086568e+001  6.000000e+000 -6.700000e+000
      vertex -4.049613e+001  5.600000e+000 -6.546926e+000
      vertex -4.046569e+001  5.600000e+000 -6.700000e+000
    endloop
  endfacet
  facet normal  7.002180e-001  7.002138e-001 -1.392675e-001
    outer loop
      vertex -4.086568e+001  6.000000e+000 -6.700000e+000
      vertex -4.046569e+001  5.600000e+000 -6.700000e+000
      vertex -4.049613e+001  5.600000e+000 -6.853074e+000
    endloop
  endfacet
  facet normal  5.936076e-001  7.002142e-001 -3.966487e-001
    outer loop
      vertex -4.086568e+001  6.000000e+000 -6.700000e+000
      vertex -4.049613e+001  5.600000e+000 -6.853074e+000
      vertex -4.058284e+001  5.600000e+000 -6.982843e+000
    endloop
  endfacet
  facet normal  4.999992e-001  7.071078e-001 -4.999994e-001
    outer loop
      vertex -4.350000e+001  6.000000e+000 -9.334314e+000
      vertex -4.086568e+001  6.000000e+000 -6.700000e+000
      vertex -4.321716e+001  5.600000e+000 -9.617157e+000
    endloop
  endfacet
  facet normal  5.000010e-001  7.071056e-001 -5.000005e-001
    outer loop
      vertex -4.321716e+001  5.600000e+000 -9.617157e+000
      vertex -4.086568e+001  6.000000e+000 -6.700000e+000
      vertex -4.058284e+001  5.600000e+000 -6.982843e+000
    endloop
  endfacet
  facet normal  3.966334e-001  7.002145e-001 -5.936174e-001
    outer loop
      vertex -4.350000e+001  6.000000e+000 -9.334314e+000
      vertex -4.321716e+001  5.600000e+000 -9.617157e+000
      vertex -4.334693e+001  5.600000e+000 -9.703866e+000
    endloop
  endfacet
  facet normal  1.392854e-001  7.002144e-001 -7.002137e-001
    outer loop
      vertex -4.350000e+001  6.000000e+000 -9.334314e+000
      vertex -4.334693e+001  5.600000e+000 -9.703866e+000
      vertex -4.350000e+001  5.600000e+000 -9.734315e+000
    endloop
  endfacet
  facet normal -1.392854e-001  7.002145e-001 -7.002137e-001
    outer loop
      vertex -4.350000e+001  6.000000e+000 -9.334314e+000
      vertex -4.350000e+001  5.600000e+000 -9.734315e+000
      vertex -4.365307e+001  5.600000e+000 -9.703866e+000
    endloop
  endfacet
  facet normal -3.966334e-001  7.002145e-001 -5.936173e-001
    outer loop
      vertex -4.350000e+001  6.000000e+000 -9.334314e+000
      vertex -4.365307e+001  5.600000e+000 -9.703866e+000
      vertex -4.378284e+001  5.600000e+000 -9.617157e+000
    endloop
  endfacet
  facet normal -5.936147e-001  7.002153e-001 -3.966359e-001
    outer loop
      vertex -4.350000e+001  6.000000e+000 -9.334314e+000
      vertex -4.378284e+001  5.600000e+000 -9.617157e+000
      vertex -4.386955e+001  5.600000e+000 -9.487388e+000
    endloop
  endfacet
  facet normal -7.002130e-001  7.002154e-001 -1.392844e-001
    outer loop
      vertex -4.350000e+001  6.000000e+000 -9.334314e+000
      vertex -4.386955e+001  5.600000e+000 -9.487388e+000
      vertex -4.390000e+001  5.600000e+000 -9.334314e+000
    endloop
  endfacet
  facet normal -5.607093e-002  9.984268e-001  0.000000e+000
    outer loop
      vertex -4.990000e+001  6.000000e+000  4.900000e+000
      vertex -4.990000e+001  6.000000e+000  2.700000e+000
      vertex -5.057178e+001  5.962273e+000  4.900000e+000
    endloop
  endfacet
  facet normal -5.607093e-002  9.984268e-001  0.000000e+000
    outer loop
      vertex -5.057178e+001  5.962273e+000  4.900000e+000
      vertex -4.990000e+001  6.000000e+000  2.700000e+000
      vertex -5.057178e+001  5.962273e+000  2.700000e+000
    endloop
  endfacet
  facet normal -1.675054e-001  9.858712e-001  0.000000e+000
    outer loop
      vertex -5.057178e+001  5.962273e+000  4.900000e+000
      vertex -5.057178e+001  5.962273e+000  2.700000e+000
      vertex -5.123513e+001  5.849567e+000  4.900000e+000
    endloop
  endfacet
  facet normal -1.675054e-001  9.858712e-001  0.000000e+000
    outer loop
      vertex -5.123513e+001  5.849567e+000  4.900000e+000
      vertex -5.057178e+001  5.962273e+000  2.700000e+000
      vertex -5.123513e+001  5.849567e+000  2.700000e+000
    endloop
  endfacet
  facet normal -2.768352e-001  9.609174e-001  0.000000e+000
    outer loop
      vertex -5.123513e+001  5.849567e+000  4.900000e+000
      vertex -5.123513e+001  5.849567e+000  2.700000e+000
      vertex -5.188168e+001  5.663300e+000  4.900000e+000
    endloop
  endfacet
  facet normal -2.768352e-001  9.609174e-001  0.000000e+000
    outer loop
      vertex -5.188168e+001  5.663300e+000  4.900000e+000
      vertex -5.123513e+001  5.849567e+000  2.700000e+000
      vertex -5.188168e+001  5.663300e+000  2.700000e+000
    endloop
  endfacet
  facet normal -3.826836e-001  9.238794e-001  0.000000e+000
    outer loop
      vertex -5.188168e+001  5.663300e+000  4.900000e+000
      vertex -5.188168e+001  5.663300e+000  2.700000e+000
      vertex -5.250330e+001  5.405813e+000  4.900000e+000
    endloop
  endfacet
  facet normal -3.826836e-001  9.238794e-001  0.000000e+000
    outer loop
      vertex -5.250330e+001  5.405813e+000  4.900000e+000
      vertex -5.188168e+001  5.663300e+000  2.700000e+000
      vertex -5.250330e+001  5.405813e+000  2.700000e+000
    endloop
  endfacet
  facet normal -4.837189e-001  8.752235e-001  0.000000e+000
    outer loop
      vertex -5.250330e+001  5.405813e+000  4.900000e+000
      vertex -5.250330e+001  5.405813e+000  2.700000e+000
      vertex -5.309219e+001  5.080345e+000  4.900000e+000
    endloop
  endfacet
  facet normal -4.837189e-001  8.752235e-001  0.000000e+000
    outer loop
      vertex -5.309219e+001  5.080345e+000  4.900000e+000
      vertex -5.250330e+001  5.405813e+000  2.700000e+000
      vertex -5.309219e+001  5.080345e+000  2.700000e+000
    endloop
  endfacet
  facet normal -5.786726e-001  8.155599e-001  0.000000e+000
    outer loop
      vertex -5.309219e+001  5.080345e+000  4.900000e+000
      vertex -5.309219e+001  5.080345e+000  2.700000e+000
      vertex -5.364094e+001  4.690989e+000  4.900000e+000
    endloop
  endfacet
  facet normal -5.786726e-001  8.155599e-001  0.000000e+000
    outer loop
      vertex -5.364094e+001  4.690989e+000  4.900000e+000
      vertex -5.309219e+001  5.080345e+000  2.700000e+000
      vertex -5.364094e+001  4.690989e+000  2.700000e+000
    endloop
  endfacet
  facet normal -6.663472e-001  7.456416e-001  0.000000e+000
    outer loop
      vertex -5.364094e+001  4.690989e+000  4.900000e+000
      vertex -5.364094e+001  4.690989e+000  2.700000e+000
      vertex -5.414264e+001  4.242640e+000  4.900000e+000
    endloop
  endfacet
  facet normal -6.663472e-001  7.456416e-001  0.000000e+000
    outer loop
      vertex -5.414264e+001  4.242640e+000  4.900000e+000
      vertex -5.364094e+001  4.690989e+000  2.700000e+000
      vertex -5.414264e+001  4.242640e+000  2.700000e+000
    endloop
  endfacet
  facet normal -7.456414e-001  6.663474e-001  0.000000e+000
    outer loop
      vertex -5.414264e+001  4.242640e+000  4.900000e+000
      vertex -5.414264e+001  4.242640e+000  2.700000e+000
      vertex -5.459099e+001  3.740939e+000  4.900000e+000
    endloop
  endfacet
  facet normal -7.456414e-001  6.663474e-001  0.000000e+000
    outer loop
      vertex -5.459099e+001  3.740939e+000  4.900000e+000
      vertex -5.414264e+001  4.242640e+000  2.700000e+000
      vertex -5.459099e+001  3.740939e+000  2.700000e+000
    endloop
  endfacet
  facet normal -8.155593e-001  5.786735e-001  0.000000e+000
    outer loop
      vertex -5.459099e+001  3.740939e+000  4.900000e+000
      vertex -5.459099e+001  3.740939e+000  2.700000e+000
      vertex -5.498035e+001  3.192193e+000  4.900000e+000
    endloop
  endfacet
  facet normal -8.155593e-001  5.786735e-001  0.000000e+000
    outer loop
      vertex -5.498035e+001  3.192193e+000  4.900000e+000
      vertex -5.459099e+001  3.740939e+000  2.700000e+000
      vertex -5.498035e+001  3.192193e+000  2.700000e+000
    endloop
  endfacet
  facet normal -8.752246e-001  4.837167e-001  0.000000e+000
    outer loop
      vertex -5.498035e+001  3.192193e+000  4.900000e+000
      vertex -5.498035e+001  3.192193e+000  2.700000e+000
      vertex -5.530581e+001  2.603302e+000  4.900000e+000
    endloop
  endfacet
  facet normal -8.752246e-001  4.837167e-001  0.000000e+000
    outer loop
      vertex -5.530581e+001  2.603302e+000  4.900000e+000
      vertex -5.498035e+001  3.192193e+000  2.700000e+000
      vertex -5.530581e+001  2.603302e+000  2.700000e+000
    endloop
  endfacet
  facet normal -9.238788e-001  3.826852e-001  0.000000e+000
    outer loop
      vertex -5.530581e+001  2.603302e+000  4.900000e+000
      vertex -5.530581e+001  2.603302e+000  2.700000e+000
      vertex -5.556330e+001  1.981674e+000  4.900000e+000
    endloop
  endfacet
  facet normal -9.238788e-001  3.826852e-001  0.000000e+000
    outer loop
      vertex -5.556330e+001  1.981674e+000  4.900000e+000
      vertex -5.530581e+001  2.603302e+000  2.700000e+000
      vertex -5.556330e+001  1.981674e+000  2.700000e+000
    endloop
  endfacet
  facet normal -9.609172e-001  2.768360e-001  0.000000e+000
    outer loop
      vertex -5.556330e+001  1.981674e+000  4.900000e+000
      vertex -5.556330e+001  1.981674e+000  2.700000e+000
      vertex -5.574957e+001  1.335126e+000  4.900000e+000
    endloop
  endfacet
  facet normal -9.609172e-001  2.768360e-001  0.000000e+000
    outer loop
      vertex -5.574957e+001  1.335126e+000  4.900000e+000
      vertex -5.556330e+001  1.981674e+000  2.700000e+000
      vertex -5.574957e+001  1.335126e+000  2.700000e+000
    endloop
  endfacet
  facet normal -9.858711e-001  1.675054e-001  0.000000e+000
    outer loop
      vertex -5.574957e+001  1.335126e+000  4.900000e+000
      vertex -5.574957e+001  1.335126e+000  2.700000e+000
      vertex -5.586227e+001  6.717868e-001  4.900000e+000
    endloop
  endfacet
  facet normal -9.858711e-001  1.675054e-001  0.000000e+000
    outer loop
      vertex -5.586227e+001  6.717868e-001  4.900000e+000
      vertex -5.574957e+001  1.335126e+000  2.700000e+000
      vertex -5.586227e+001  6.717868e-001  2.700000e+000
    endloop
  endfacet
  facet normal -9.984267e-001  5.607136e-002  0.000000e+000
    outer loop
      vertex -5.586227e+001  6.717868e-001  4.900000e+000
      vertex -5.586227e+001  6.717868e-001  2.700000e+000
      vertex -5.590000e+001 -1.102182e-015  4.900000e+000
    endloop
  endfacet
  facet normal -9.984267e-001  5.607136e-002  0.000000e+000
    outer loop
      vertex -5.590000e+001 -1.102182e-015  4.900000e+000
      vertex -5.586227e+001  6.717868e-001  2.700000e+000
      vertex -5.590000e+001 -1.102182e-015  2.700000e+000
    endloop
  endfacet
  facet normal -9.984267e-001 -5.607136e-002  0.000000e+000
    outer loop
      vertex -5.590000e+001 -1.102182e-015  4.900000e+000
      vertex -5.590000e+001 -1.102182e-015  2.700000e+000
      vertex -5.586227e+001 -6.717868e-001  4.900000e+000
    endloop
  endfacet
  facet normal -9.984267e-001 -5.607136e-002  -0.000000e+000
    outer loop
      vertex -5.586227e+001 -6.717868e-001  4.900000e+000
      vertex -5.590000e+001 -1.102182e-015  2.700000e+000
      vertex -5.586227e+001 -6.717868e-001  2.700000e+000
    endloop
  endfacet
  facet normal -9.858711e-001 -1.675054e-001  0.000000e+000
    outer loop
      vertex -5.586227e+001 -6.717868e-001  4.900000e+000
      vertex -5.586227e+001 -6.717868e-001  2.700000e+000
      vertex -5.574957e+001 -1.335126e+000  4.900000e+000
    endloop
  endfacet
  facet normal -9.858711e-001 -1.675054e-001  -0.000000e+000
    outer loop
      vertex -5.574957e+001 -1.335126e+000  4.900000e+000
      vertex -5.586227e+001 -6.717868e-001  2.700000e+000
      vertex -5.574957e+001 -1.335126e+000  2.700000e+000
    endloop
  endfacet
  facet normal -9.609172e-001 -2.768360e-001  0.000000e+000
    outer loop
      vertex -5.574957e+001 -1.335126e+000  4.900000e+000
      vertex -5.574957e+001 -1.335126e+000  2.700000e+000
      vertex -5.556330e+001 -1.981674e+000  4.900000e+000
    endloop
  endfacet
  facet normal -9.609172e-001 -2.768360e-001  -0.000000e+000
    outer loop
      vertex -5.556330e+001 -1.981674e+000  4.900000e+000
      vertex -5.574957e+001 -1.335126e+000  2.700000e+000
      vertex -5.556330e+001 -1.981674e+000  2.700000e+000
    endloop
  endfacet
  facet normal -9.238788e-001 -3.826852e-001  0.000000e+000
    outer loop
      vertex -5.556330e+001 -1.981674e+000  4.900000e+000
      vertex -5.556330e+001 -1.981674e+000  2.700000e+000
      vertex -5.530581e+001 -2.603302e+000  4.900000e+000
    endloop
  endfacet
  facet normal -9.238788e-001 -3.826852e-001  -0.000000e+000
    outer loop
      vertex -5.530581e+001 -2.603302e+000  4.900000e+000
      vertex -5.556330e+001 -1.981674e+000  2.700000e+000
      vertex -5.530581e+001 -2.603302e+000  2.700000e+000
    endloop
  endfacet
  facet normal -8.752246e-001 -4.837167e-001  0.000000e+000
    outer loop
      vertex -5.530581e+001 -2.603302e+000  4.900000e+000
      vertex -5.530581e+001 -2.603302e+000  2.700000e+000
      vertex -5.498035e+001 -3.192193e+000  4.900000e+000
    endloop
  endfacet
  facet normal -8.752246e-001 -4.837167e-001  -0.000000e+000
    outer loop
      vertex -5.498035e+001 -3.192193e+000  4.900000e+000
      vertex -5.530581e+001 -2.603302e+000  2.700000e+000
      vertex -5.498035e+001 -3.192193e+000  2.700000e+000
    endloop
  endfacet
  facet normal -8.155593e-001 -5.786735e-001  0.000000e+000
    outer loop
      vertex -5.498035e+001 -3.192193e+000  4.900000e+000
      vertex -5.498035e+001 -3.192193e+000  2.700000e+000
      vertex -5.459099e+001 -3.740939e+000  4.900000e+000
    endloop
  endfacet
  facet normal -8.155593e-001 -5.786735e-001  -0.000000e+000
    outer loop
      vertex -5.459099e+001 -3.740939e+000  4.900000e+000
      vertex -5.498035e+001 -3.192193e+000  2.700000e+000
      vertex -5.459099e+001 -3.740939e+000  2.700000e+000
    endloop
  endfacet
  facet normal -7.456414e-001 -6.663474e-001  0.000000e+000
    outer loop
      vertex -5.459099e+001 -3.740939e+000  4.900000e+000
      vertex -5.459099e+001 -3.740939e+000  2.700000e+000
      vertex -5.414264e+001 -4.242640e+000  4.900000e+000
    endloop
  endfacet
  facet normal -7.456414e-001 -6.663474e-001  -0.000000e+000
    outer loop
      vertex -5.414264e+001 -4.242640e+000  4.900000e+000
      vertex -5.459099e+001 -3.740939e+000  2.700000e+000
      vertex -5.414264e+001 -4.242640e+000  2.700000e+000
    endloop
  endfacet
  facet normal -6.663472e-001 -7.456416e-001  0.000000e+000
    outer loop
      vertex -5.414264e+001 -4.242640e+000  4.900000e+000
      vertex -5.414264e+001 -4.242640e+000  2.700000e+000
      vertex -5.364094e+001 -4.690989e+000  4.900000e+000
    endloop
  endfacet
  facet normal -6.663472e-001 -7.456416e-001  -0.000000e+000
    outer loop
      vertex -5.364094e+001 -4.690989e+000  4.900000e+000
      vertex -5.414264e+001 -4.242640e+000  2.700000e+000
      vertex -5.364094e+001 -4.690989e+000  2.700000e+000
    endloop
  endfacet
  facet normal -5.786726e-001 -8.155599e-001  0.000000e+000
    outer loop
      vertex -5.364094e+001 -4.690989e+000  4.900000e+000
      vertex -5.364094e+001 -4.690989e+000  2.700000e+000
      vertex -5.309219e+001 -5.080345e+000  4.900000e+000
    endloop
  endfacet
  facet normal -5.786726e-001 -8.155599e-001  -0.000000e+000
    outer loop
      vertex -5.309219e+001 -5.080345e+000  4.900000e+000
      vertex -5.364094e+001 -4.690989e+000  2.700000e+000
      vertex -5.309219e+001 -5.080345e+000  2.700000e+000
    endloop
  endfacet
  facet normal -4.837189e-001 -8.752235e-001  0.000000e+000
    outer loop
      vertex -5.309219e+001 -5.080345e+000  4.900000e+000
      vertex -5.309219e+001 -5.080345e+000  2.700000e+000
      vertex -5.250330e+001 -5.405813e+000  4.900000e+000
    endloop
  endfacet
  facet normal -4.837189e-001 -8.752235e-001  -0.000000e+000
    outer loop
      vertex -5.250330e+001 -5.405813e+000  4.900000e+000
      vertex -5.309219e+001 -5.080345e+000  2.700000e+000
      vertex -5.250330e+001 -5.405813e+000  2.700000e+000
    endloop
  endfacet
  facet normal -3.826836e-001 -9.238794e-001  0.000000e+000
    outer loop
      vertex -5.250330e+001 -5.405813e+000  4.900000e+000
      vertex -5.250330e+001 -5.405813e+000  2.700000e+000
      vertex -5.188168e+001 -5.663300e+000  4.900000e+000
    endloop
  endfacet
  facet normal -3.826836e-001 -9.238794e-001  -0.000000e+000
    outer loop
      vertex -5.188168e+001 -5.663300e+000  4.900000e+000
      vertex -5.250330e+001 -5.405813e+000  2.700000e+000
      vertex -5.188168e+001 -5.663300e+000  2.700000e+000
    endloop
  endfacet
  facet normal -2.768352e-001 -9.609174e-001  0.000000e+000
    outer loop
      vertex -5.188168e+001 -5.663300e+000  4.900000e+000
      vertex -5.188168e+001 -5.663300e+000  2.700000e+000
      vertex -5.123513e+001 -5.849567e+000  4.900000e+000
    endloop
  endfacet
  facet normal -2.768352e-001 -9.609174e-001  -0.000000e+000
    outer loop
      vertex -5.123513e+001 -5.849567e+000  4.900000e+000
      vertex -5.188168e+001 -5.663300e+000  2.700000e+000
      vertex -5.123513e+001 -5.849567e+000  2.700000e+000
    endloop
  endfacet
  facet normal -1.675054e-001 -9.858712e-001  0.000000e+000
    outer loop
      vertex -5.123513e+001 -5.849567e+000  4.900000e+000
      vertex -5.123513e+001 -5.849567e+000  2.700000e+000
      vertex -5.057178e+001 -5.962273e+000  4.900000e+000
    endloop
  endfacet
  facet normal -1.675054e-001 -9.858712e-001  -0.000000e+000
    outer loop
      vertex -5.057178e+001 -5.962273e+000  4.900000e+000
      vertex -5.123513e+001 -5.849567e+000  2.700000e+000
      vertex -5.057178e+001 -5.962273e+000  2.700000e+000
    endloop
  endfacet
  facet normal -5.607093e-002 -9.984268e-001  0.000000e+000
    outer loop
      vertex -5.057178e+001 -5.962273e+000  4.900000e+000
      vertex -5.057178e+001 -5.962273e+000  2.700000e+000
      vertex -4.990000e+001 -6.000000e+000  4.900000e+000
    endloop
  endfacet
  facet normal -5.607093e-002 -9.984268e-001  -0.000000e+000
    outer loop
      vertex -4.990000e+001 -6.000000e+000  4.900000e+000
      vertex -5.057178e+001 -5.962273e+000  2.700000e+000
      vertex -4.990000e+001 -6.000000e+000  2.700000e+000
    endloop
  endfacet
  facet normal -3.967934e-002  7.065499e-001 -7.065499e-001
    outer loop
      vertex -4.990000e+001  5.600000e+000  2.300000e+000
      vertex -5.057178e+001  5.962273e+000  2.700000e+000
      vertex -4.990000e+001  6.000000e+000  2.700000e+000
    endloop
  endfacet
  facet normal -4.107756e-002  7.052746e-001 -7.077432e-001
    outer loop
      vertex -4.990000e+001  5.600000e+000  2.300000e+000
      vertex -5.055012e+001  5.562135e+000  2.300000e+000
      vertex -5.057178e+001  5.962273e+000  2.700000e+000
    endloop
  endfacet
  facet normal -4.107755e-002 -7.052746e-001 -7.077432e-001
    outer loop
      vertex -4.990000e+001 -5.600000e+000  2.300000e+000
      vertex -5.057178e+001 -5.962273e+000  2.700000e+000
      vertex -5.055012e+001 -5.562135e+000  2.300000e+000
    endloop
  endfacet
  facet normal -3.967934e-002 -7.065499e-001 -7.065499e-001
    outer loop
      vertex -4.990000e+001 -5.600000e+000  2.300000e+000
      vertex -4.990000e+001 -6.000000e+000  2.700000e+000
      vertex -5.057178e+001 -5.962273e+000  2.700000e+000
    endloop
  endfacet
  facet normal -1.187238e-001  6.987619e-001 -7.054335e-001
    outer loop
      vertex -5.055012e+001  5.562135e+000  2.300000e+000
      vertex -5.123513e+001  5.849567e+000  2.700000e+000
      vertex -5.057178e+001  5.962273e+000  2.700000e+000
    endloop
  endfacet
  facet normal -1.964987e-001  6.820629e-001 -7.043994e-001
    outer loop
      vertex -5.119145e+001  5.449051e+000  2.300000e+000
      vertex -5.188168e+001  5.663300e+000  2.700000e+000
      vertex -5.123513e+001  5.849567e+000  2.700000e+000
    endloop
  endfacet
  facet normal -1.224789e-001  6.946117e-001 -7.088819e-001
    outer loop
      vertex -5.119145e+001  5.449051e+000  2.300000e+000
      vertex -5.123513e+001  5.849567e+000  2.700000e+000
      vertex -5.055012e+001  5.562135e+000  2.300000e+000
    endloop
  endfacet
  facet normal -2.719913e-001  6.566446e-001 -7.034476e-001
    outer loop
      vertex -5.181531e+001  5.262279e+000  2.300000e+000
      vertex -5.250330e+001  5.405813e+000  2.700000e+000
      vertex -5.188168e+001  5.663300e+000  2.700000e+000
    endloop
  endfacet
  facet normal -2.019894e-001  6.746901e-001 -7.099251e-001
    outer loop
      vertex -5.181531e+001  5.262279e+000  2.300000e+000
      vertex -5.188168e+001  5.663300e+000  2.700000e+000
      vertex -5.119145e+001  5.449051e+000  2.300000e+000
    endloop
  endfacet
  facet normal -3.442180e-001  6.228154e-001 -7.025773e-001
    outer loop
      vertex -5.241328e+001  5.004343e+000  2.300000e+000
      vertex -5.309219e+001  5.080345e+000  2.700000e+000
      vertex -5.250330e+001  5.405813e+000  2.700000e+000
    endloop
  endfacet
  facet normal -2.785703e-001  6.458012e-001 -7.108724e-001
    outer loop
      vertex -5.241328e+001  5.004343e+000  2.300000e+000
      vertex -5.250330e+001  5.405813e+000  2.700000e+000
      vertex -5.181531e+001  5.262279e+000  2.300000e+000
    endloop
  endfacet
  facet normal -4.122352e-001  5.809891e-001 -7.017932e-001
    outer loop
      vertex -5.297725e+001  4.678731e+000  2.300000e+000
      vertex -5.364094e+001  4.690989e+000  2.700000e+000
      vertex -5.309219e+001  5.080345e+000  2.700000e+000
    endloop
  endfacet
  facet normal -3.512290e-001  6.083438e-001 -7.117275e-001
    outer loop
      vertex -5.297725e+001  4.678731e+000  2.300000e+000
      vertex -5.309219e+001  5.080345e+000  2.700000e+000
      vertex -5.241328e+001  5.004343e+000  2.300000e+000
    endloop
  endfacet
  facet normal -4.751533e-001  5.316958e-001 -7.010912e-001
    outer loop
      vertex -5.349961e+001  4.289849e+000  2.300000e+000
      vertex -5.414264e+001  4.242640e+000  2.700000e+000
      vertex -5.364094e+001  4.690989e+000  2.700000e+000
    endloop
  endfacet
  facet normal -4.190160e-001  5.628380e-001 -7.124878e-001
    outer loop
      vertex -5.349961e+001  4.289849e+000  2.300000e+000
      vertex -5.364094e+001  4.690989e+000  2.700000e+000
      vertex -5.297725e+001  4.678731e+000  2.300000e+000
    endloop
  endfacet
  facet normal -5.321463e-001  4.755561e-001 -7.004761e-001
    outer loop
      vertex -5.397329e+001  3.842953e+000  2.300000e+000
      vertex -5.459099e+001  3.740939e+000  2.700000e+000
      vertex -5.414264e+001  4.242640e+000  2.700000e+000
    endloop
  endfacet
  facet normal -4.810581e-001  5.098926e-001 -7.131568e-001
    outer loop
      vertex -5.397329e+001  3.842953e+000  2.300000e+000
      vertex -5.414264e+001  4.242640e+000  2.700000e+000
      vertex -5.349961e+001  4.289849e+000  2.300000e+000
    endloop
  endfacet
  facet normal -5.824668e-001  4.132846e-001 -6.999487e-001
    outer loop
      vertex -5.439189e+001  3.344088e+000  2.300000e+000
      vertex -5.498035e+001  3.192193e+000  2.700000e+000
      vertex -5.459099e+001  3.740939e+000  2.700000e+000
    endloop
  endfacet
  facet normal -5.365484e-001  4.502183e-001 -7.137361e-001
    outer loop
      vertex -5.439189e+001  3.344088e+000  2.300000e+000
      vertex -5.459099e+001  3.740939e+000  2.700000e+000
      vertex -5.397329e+001  3.842953e+000  2.300000e+000
    endloop
  endfacet
  facet normal -6.254544e-001  3.456745e-001 -6.995112e-001
    outer loop
      vertex -5.474974e+001  2.800000e+000  2.300000e+000
      vertex -5.530581e+001  2.603302e+000  2.700000e+000
      vertex -5.498035e+001  3.192193e+000  2.700000e+000
    endloop
  endfacet
  facet normal -5.847705e-001  3.846061e-001 -7.142280e-001
    outer loop
      vertex -5.474974e+001  2.800000e+000  2.300000e+000
      vertex -5.498035e+001  3.192193e+000  2.700000e+000
      vertex -5.439189e+001  3.344088e+000  2.300000e+000
    endloop
  endfacet
  facet normal -6.605455e-001  2.736084e-001 -6.991553e-001
    outer loop
      vertex -5.504201e+001  2.218047e+000  2.300000e+000
      vertex -5.556330e+001  1.981674e+000  2.700000e+000
      vertex -5.530581e+001  2.603302e+000  2.700000e+000
    endloop
  endfacet
  facet normal -6.251015e-001  3.139407e-001 -7.146254e-001
    outer loop
      vertex -5.504201e+001  2.218047e+000  2.300000e+000
      vertex -5.530581e+001  2.603302e+000  2.700000e+000
      vertex -5.474974e+001  2.800000e+000  2.300000e+000
    endloop
  endfacet
  facet normal -6.872732e-001  1.980004e-001 -6.988931e-001
    outer loop
      vertex -5.526474e+001  1.606098e+000  2.300000e+000
      vertex -5.574957e+001  1.335126e+000  2.700000e+000
      vertex -5.556330e+001  1.981674e+000  2.700000e+000
    endloop
  endfacet
  facet normal -6.570235e-001  2.391344e-001 -7.149370e-001
    outer loop
      vertex -5.526474e+001  1.606098e+000  2.300000e+000
      vertex -5.556330e+001  1.981674e+000  2.700000e+000
      vertex -5.504201e+001  2.218047e+000  2.300000e+000
    endloop
  endfacet
  facet normal -7.052935e-001  1.198336e-001 -6.987138e-001
    outer loop
      vertex -5.541492e+001  9.724297e-001  2.300000e+000
      vertex -5.586227e+001  6.717868e-001  2.700000e+000
      vertex -5.574957e+001  1.335126e+000  2.700000e+000
    endloop
  endfacet
  facet normal -6.801215e-001  1.611944e-001 -7.151581e-001
    outer loop
      vertex -5.541492e+001  9.724297e-001  2.300000e+000
      vertex -5.574957e+001  1.335126e+000  2.700000e+000
      vertex -5.526474e+001  1.606098e+000  2.300000e+000
    endloop
  endfacet
  facet normal -7.143598e-001  4.011824e-002 -6.986277e-001
    outer loop
      vertex -5.549052e+001  3.256109e-001  2.300000e+000
      vertex -5.590000e+001 -1.102182e-015  2.700000e+000
      vertex -5.586227e+001  6.717868e-001  2.700000e+000
    endloop
  endfacet
  facet normal -6.941023e-001  8.112615e-002 -7.152907e-001
    outer loop
      vertex -5.549052e+001  3.256109e-001  2.300000e+000
      vertex -5.586227e+001  6.717868e-001  2.700000e+000
      vertex -5.541492e+001  9.724297e-001  2.300000e+000
    endloop
  endfacet
  facet normal -7.143598e-001 -4.011824e-002 -6.986277e-001
    outer loop
      vertex -5.549052e+001 -3.256111e-001  2.300000e+000
      vertex -5.586227e+001 -6.717868e-001  2.700000e+000
      vertex -5.590000e+001 -1.102182e-015  2.700000e+000
    endloop
  endfacet
  facet normal -6.987803e-001  0.000000e+000 -7.153364e-001
    outer loop
      vertex -5.549052e+001 -3.256111e-001  2.300000e+000
      vertex -5.590000e+001 -1.102182e-015  2.700000e+000
      vertex -5.549052e+001  3.256109e-001  2.300000e+000
    endloop
  endfacet
  facet normal -7.052935e-001 -1.198336e-001 -6.987138e-001
    outer loop
      vertex -5.541492e+001 -9.724299e-001  2.300000e+000
      vertex -5.574957e+001 -1.335126e+000  2.700000e+000
      vertex -5.586227e+001 -6.717868e-001  2.700000e+000
    endloop
  endfacet
  facet normal -6.941022e-001 -8.112613e-002 -7.152906e-001
    outer loop
      vertex -5.541492e+001 -9.724299e-001  2.300000e+000
      vertex -5.586227e+001 -6.717868e-001  2.700000e+000
      vertex -5.549052e+001 -3.256111e-001  2.300000e+000
    endloop
  endfacet
  facet normal -6.872732e-001 -1.980004e-001 -6.988931e-001
    outer loop
      vertex -5.526474e+001 -1.606098e+000  2.300000e+000
      vertex -5.556330e+001 -1.981674e+000  2.700000e+000
      vertex -5.574957e+001 -1.335126e+000  2.700000e+000
    endloop
  endfacet
  facet normal -6.801215e-001 -1.611944e-001 -7.151581e-001
    outer loop
      vertex -5.526474e+001 -1.606098e+000  2.300000e+000
      vertex -5.574957e+001 -1.335126e+000  2.700000e+000
      vertex -5.541492e+001 -9.724299e-001  2.300000e+000
    endloop
  endfacet
  facet normal -6.605456e-001 -2.736084e-001 -6.991552e-001
    outer loop
      vertex -5.504201e+001 -2.218047e+000  2.300000e+000
      vertex -5.530581e+001 -2.603302e+000  2.700000e+000
      vertex -5.556330e+001 -1.981674e+000  2.700000e+000
    endloop
  endfacet
  facet normal -6.570235e-001 -2.391344e-001 -7.149370e-001
    outer loop
      vertex -5.504201e+001 -2.218047e+000  2.300000e+000
      vertex -5.556330e+001 -1.981674e+000  2.700000e+000
      vertex -5.526474e+001 -1.606098e+000  2.300000e+000
    endloop
  endfacet
  facet normal -6.254545e-001 -3.456745e-001 -6.995112e-001
    outer loop
      vertex -5.474974e+001 -2.800000e+000  2.300000e+000
      vertex -5.498035e+001 -3.192193e+000  2.700000e+000
      vertex -5.530581e+001 -2.603302e+000  2.700000e+000
    endloop
  endfacet
  facet normal -6.251016e-001 -3.139407e-001 -7.146253e-001
    outer loop
      vertex -5.474974e+001 -2.800000e+000  2.300000e+000
      vertex -5.530581e+001 -2.603302e+000  2.700000e+000
      vertex -5.504201e+001 -2.218047e+000  2.300000e+000
    endloop
  endfacet
  facet normal -5.824670e-001 -4.132847e-001 -6.999486e-001
    outer loop
      vertex -5.439189e+001 -3.344088e+000  2.300000e+000
      vertex -5.459099e+001 -3.740939e+000  2.700000e+000
      vertex -5.498035e+001 -3.192193e+000  2.700000e+000
    endloop
  endfacet
  facet normal -5.847706e-001 -3.846062e-001 -7.142279e-001
    outer loop
      vertex -5.439189e+001 -3.344088e+000  2.300000e+000
      vertex -5.498035e+001 -3.192193e+000  2.700000e+000
      vertex -5.474974e+001 -2.800000e+000  2.300000e+000
    endloop
  endfacet
  facet normal -5.321463e-001 -4.755561e-001 -7.004761e-001
    outer loop
      vertex -5.397329e+001 -3.842953e+000  2.300000e+000
      vertex -5.414264e+001 -4.242640e+000  2.700000e+000
      vertex -5.459099e+001 -3.740939e+000  2.700000e+000
    endloop
  endfacet
  facet normal -5.365484e-001 -4.502185e-001 -7.137361e-001
    outer loop
      vertex -5.397329e+001 -3.842953e+000  2.300000e+000
      vertex -5.459099e+001 -3.740939e+000  2.700000e+000
      vertex -5.439189e+001 -3.344088e+000  2.300000e+000
    endloop
  endfacet
  facet normal -4.751533e-001 -5.316958e-001 -7.010912e-001
    outer loop
      vertex -5.349961e+001 -4.289849e+000  2.300000e+000
      vertex -5.364094e+001 -4.690989e+000  2.700000e+000
      vertex -5.414264e+001 -4.242640e+000  2.700000e+000
    endloop
  endfacet
  facet normal -4.810581e-001 -5.098926e-001 -7.131568e-001
    outer loop
      vertex -5.349961e+001 -4.289849e+000  2.300000e+000
      vertex -5.414264e+001 -4.242640e+000  2.700000e+000
      vertex -5.397329e+001 -3.842953e+000  2.300000e+000
    endloop
  endfacet
  facet normal -4.122354e-001 -5.809894e-001 -7.017928e-001
    outer loop
      vertex -5.297725e+001 -4.678732e+000  2.300000e+000
      vertex -5.309219e+001 -5.080345e+000  2.700000e+000
      vertex -5.364094e+001 -4.690989e+000  2.700000e+000
    endloop
  endfacet
  facet normal -4.190164e-001 -5.628379e-001 -7.124878e-001
    outer loop
      vertex -5.297725e+001 -4.678732e+000  2.300000e+000
      vertex -5.364094e+001 -4.690989e+000  2.700000e+000
      vertex -5.349961e+001 -4.289849e+000  2.300000e+000
    endloop
  endfacet
  facet normal -3.442181e-001 -6.228157e-001 -7.025769e-001
    outer loop
      vertex -5.241328e+001 -5.004343e+000  2.300000e+000
      vertex -5.250330e+001 -5.405813e+000  2.700000e+000
      vertex -5.309219e+001 -5.080345e+000  2.700000e+000
    endloop
  endfacet
  facet normal -3.512293e-001 -6.083441e-001 -7.117271e-001
    outer loop
      vertex -5.241328e+001 -5.004343e+000  2.300000e+000
      vertex -5.309219e+001 -5.080345e+000  2.700000e+000
      vertex -5.297725e+001 -4.678732e+000  2.300000e+000
    endloop
  endfacet
  facet normal -2.719913e-001 -6.566446e-001 -7.034476e-001
    outer loop
      vertex -5.181531e+001 -5.262279e+000  2.300000e+000
      vertex -5.188168e+001 -5.663300e+000  2.700000e+000
      vertex -5.250330e+001 -5.405813e+000  2.700000e+000
    endloop
  endfacet
  facet normal -2.785700e-001 -6.458017e-001 -7.108721e-001
    outer loop
      vertex -5.181531e+001 -5.262279e+000  2.300000e+000
      vertex -5.250330e+001 -5.405813e+000  2.700000e+000
      vertex -5.241328e+001 -5.004343e+000  2.300000e+000
    endloop
  endfacet
  facet normal -1.964987e-001 -6.820629e-001 -7.043994e-001
    outer loop
      vertex -5.119145e+001 -5.449051e+000  2.300000e+000
      vertex -5.123513e+001 -5.849567e+000  2.700000e+000
      vertex -5.188168e+001 -5.663300e+000  2.700000e+000
    endloop
  endfacet
  facet normal -2.019894e-001 -6.746901e-001 -7.099251e-001
    outer loop
      vertex -5.119145e+001 -5.449051e+000  2.300000e+000
      vertex -5.188168e+001 -5.663300e+000  2.700000e+000
      vertex -5.181531e+001 -5.262279e+000  2.300000e+000
    endloop
  endfacet
  facet normal -1.187238e-001 -6.987619e-001 -7.054335e-001
    outer loop
      vertex -5.055012e+001 -5.562135e+000  2.300000e+000
      vertex -5.057178e+001 -5.962273e+000  2.700000e+000
      vertex -5.123513e+001 -5.849567e+000  2.700000e+000
    endloop
  endfacet
  facet normal -1.224789e-001 -6.946117e-001 -7.088819e-001
    outer loop
      vertex -5.055012e+001 -5.562135e+000  2.300000e+000
      vertex -5.123513e+001 -5.849567e+000  2.700000e+000
      vertex -5.119145e+001 -5.449051e+000  2.300000e+000
    endloop
  endfacet
  facet normal -7.071089e-001 -6.717212e-006 -7.071049e-001
    outer loop
      vertex -4.135000e+001  2.595000e+001  4.000000e-001
      vertex -4.115000e+001  2.615000e+001  2.000000e-001
      vertex -4.095000e+001  2.595000e+001  0.000000e+000
    endloop
  endfacet
  facet normal -7.071032e-001  0.000000e+000 -7.071104e-001
    outer loop
      vertex -4.095000e+001  5.600000e+000  0.000000e+000
      vertex -4.102500e+001  5.675000e+000  7.500000e-002
      vertex -4.095000e+001  2.595000e+001  0.000000e+000
    endloop
  endfacet
  facet normal -7.071100e-001  5.078197e-008 -7.071034e-001
    outer loop
      vertex -4.095000e+001  2.595000e+001  0.000000e+000
      vertex -4.102500e+001  5.675000e+000  7.500000e-002
      vertex -4.135000e+001  6.000000e+000  4.000000e-001
    endloop
  endfacet
  facet normal -7.071088e-001  0.000000e+000 -7.071047e-001
    outer loop
      vertex -4.095000e+001  2.595000e+001  0.000000e+000
      vertex -4.135000e+001  6.000000e+000  4.000000e-001
      vertex -4.135000e+001  2.595000e+001  4.000000e-001
    endloop
  endfacet
  facet normal -3.358566e-006  7.071071e-001 -7.071065e-001
    outer loop
      vertex -4.115000e+001  2.615000e+001  2.000000e-001
      vertex -4.095000e+001  2.635000e+001  4.000000e-001
      vertex -4.095000e+001  2.595000e+001  0.000000e+000
    endloop
  endfacet
  facet normal  3.358566e-006  7.071071e-001 -7.071065e-001
    outer loop
      vertex  4.115000e+001  2.615000e+001  2.000000e-001
      vertex  4.095000e+001  2.595000e+001  0.000000e+000
      vertex  4.095000e+001  2.635000e+001  4.000000e-001
    endloop
  endfacet
  facet normal  0.000000e+000  7.071072e-001 -7.071065e-001
    outer loop
      vertex  4.095000e+001  2.635000e+001  4.000000e-001
      vertex  4.095000e+001  2.595000e+001  0.000000e+000
      vertex -4.095000e+001  2.595000e+001  0.000000e+000
    endloop
  endfacet
  facet normal  0.000000e+000  7.071072e-001 -7.071065e-001
    outer loop
      vertex  4.095000e+001  2.635000e+001  4.000000e-001
      vertex -4.095000e+001  2.595000e+001  0.000000e+000
      vertex -4.095000e+001  2.635000e+001  4.000000e-001
    endloop
  endfacet
  facet normal -7.071084e-001  7.071050e-001 -3.358591e-006
    outer loop
      vertex -4.115000e+001  2.615000e+001  5.100000e+000
      vertex -4.095000e+001  2.635000e+001  4.900000e+000
      vertex -4.135000e+001  2.595000e+001  4.900000e+000
    endloop
  endfacet
  facet normal -7.071085e-001  7.071051e-001  3.358588e-006
    outer loop
      vertex -4.115000e+001  2.615000e+001  2.000000e-001
      vertex -4.135000e+001  2.595000e+001  4.000000e-001
      vertex -4.095000e+001  2.635000e+001  4.000000e-001
    endloop
  endfacet
  facet normal -7.071085e-001  7.071051e-001  0.000000e+000
    outer loop
      vertex -4.095000e+001  2.635000e+001  4.000000e-001
      vertex -4.135000e+001  2.595000e+001  4.000000e-001
      vertex -4.135000e+001  2.595000e+001  4.900000e+000
    endloop
  endfacet
  facet normal -7.071085e-001  7.071051e-001  0.000000e+000
    outer loop
      vertex -4.095000e+001  2.635000e+001  4.000000e-001
      vertex -4.135000e+001  2.595000e+001  4.900000e+000
      vertex -4.095000e+001  2.635000e+001  4.900000e+000
    endloop
  endfacet
  facet normal -9.999999e-001  -0.000000e+000  0.000000e+000
    outer loop
      vertex -4.135000e+001  6.000000e+000  4.900000e+000
      vertex -4.135000e+001  2.595000e+001  4.900000e+000
      vertex -4.135000e+001  6.000000e+000  4.000000e-001
    endloop
  endfacet
  facet normal -9.999999e-001  0.000000e+000  0.000000e+000
    outer loop
      vertex -4.135000e+001  6.000000e+000  4.000000e-001
      vertex -4.135000e+001  2.595000e+001  4.900000e+000
      vertex -4.135000e+001  2.595000e+001  4.000000e-001
    endloop
  endfacet
  facet normal  7.071085e-001  7.071051e-001  3.358588e-006
    outer loop
      vertex  4.095000e+001  2.635000e+001  4.000000e-001
      vertex  4.135000e+001  2.595000e+001  4.000000e-001
      vertex  4.115000e+001  2.615000e+001  2.000000e-001
    endloop
  endfacet
  facet normal  7.071084e-001  7.071050e-001 -3.358591e-006
    outer loop
      vertex  4.115000e+001  2.615000e+001  5.100000e+000
      vertex  4.135000e+001  2.595000e+001  4.900000e+000
      vertex  4.095000e+001  2.635000e+001  4.900000e+000
    endloop
  endfacet
  facet normal  7.071085e-001  7.071051e-001  0.000000e+000
    outer loop
      vertex  4.095000e+001  2.635000e+001  4.900000e+000
      vertex  4.135000e+001  2.595000e+001  4.900000e+000
      vertex  4.135000e+001  2.595000e+001  4.000000e-001
    endloop
  endfacet
  facet normal  7.071085e-001  7.071051e-001  0.000000e+000
    outer loop
      vertex  4.095000e+001  2.635000e+001  4.900000e+000
      vertex  4.135000e+001  2.595000e+001  4.000000e-001
      vertex  4.095000e+001  2.635000e+001  4.000000e-001
    endloop
  endfacet
  facet normal  0.000000e+000  1.000000e+000  0.000000e+000
    outer loop
      vertex -4.095000e+001  2.635000e+001  4.900000e+000
      vertex  4.095000e+001  2.635000e+001  4.900000e+000
      vertex -4.095000e+001  2.635000e+001  4.000000e-001
    endloop
  endfacet
  facet normal  0.000000e+000  1.000000e+000  0.000000e+000
    outer loop
      vertex -4.095000e+001  2.635000e+001  4.000000e-001
      vertex  4.095000e+001  2.635000e+001  4.900000e+000
      vertex  4.095000e+001  2.635000e+001  4.000000e-001
    endloop
  endfacet
  facet normal  9.999999e-001  -0.000000e+000  0.000000e+000
    outer loop
      vertex  4.135000e+001  2.595000e+001  4.900000e+000
      vertex  4.135000e+001  6.000000e+000  4.900000e+000
      vertex  4.135000e+001  2.595000e+001  4.000000e-001
    endloop
  endfacet
  facet normal  9.999999e-001  0.000000e+000  0.000000e+000
    outer loop
      vertex  4.135000e+001  2.595000e+001  4.000000e-001
      vertex  4.135000e+001  6.000000e+000  4.900000e+000
      vertex  4.135000e+001  6.000000e+000  4.000000e-001
    endloop
  endfacet
  facet normal  1.975632e-007  7.071071e-001 -7.071065e-001
    outer loop
      vertex -4.600000e+000 -1.500000e+001  2.000000e+000
      vertex -4.600000e+000 -1.540000e+001  1.600000e+000
      vertex -4.800000e+000 -1.520000e+001  1.800000e+000
    endloop
  endfacet
  facet normal  0.000000e+000  7.071071e-001 -7.071065e-001
    outer loop
      vertex -4.600000e+000 -1.540000e+001  1.600000e+000
      vertex -4.600000e+000 -1.500000e+001  2.000000e+000
      vertex  4.600000e+000 -1.540000e+001  1.600000e+000
    endloop
  endfacet
  facet normal  0.000000e+000  7.071071e-001 -7.071065e-001
    outer loop
      vertex  4.600000e+000 -1.540000e+001  1.600000e+000
      vertex -4.600000e+000 -1.500000e+001  2.000000e+000
      vertex  4.600000e+000 -1.500000e+001  2.000000e+000
    endloop
  endfacet
  facet normal -2.634176e-007  7.071071e-001 -7.071065e-001
    outer loop
      vertex  4.600000e+000 -1.540000e+001  1.600000e+000
      vertex  4.600000e+000 -1.500000e+001  2.000000e+000
      vertex  4.800000e+000 -1.520000e+001  1.800000e+000
    endloop
  endfacet
  facet normal  -0.000000e+000  0.000000e+000 -9.999999e-001
    outer loop
      vertex -4.600000e+000 -1.540000e+001  1.600000e+000
      vertex  4.600000e+000 -1.540000e+001  1.600000e+000
      vertex  1.672455e-001 -1.840877e+001  1.600000e+000
    endloop
  endfacet
  facet normal  0.000000e+000  0.000000e+000 -1.000000e+000
    outer loop
      vertex -4.600000e+000 -1.540000e+001  1.600000e+000
      vertex  1.672455e-001 -1.840877e+001  1.600000e+000
      vertex -1.672455e-001 -1.840877e+001  1.600000e+000
    endloop
  endfacet
  facet normal  -0.000000e+000  0.000000e+000 -1.000000e+000
    outer loop
      vertex -4.600000e+000 -1.540000e+001  1.600000e+000
      vertex -1.672455e-001 -1.840877e+001  1.600000e+000
      vertex -4.944272e-001 -1.847831e+001  1.600000e+000
    endloop
  endfacet
  facet normal  -0.000000e+000  0.000000e+000 -1.000000e+000
    outer loop
      vertex -4.600000e+000 -1.540000e+001  1.600000e+000
      vertex -4.944272e-001 -1.847831e+001  1.600000e+000
      vertex -8.000000e-001 -1.861436e+001  1.600000e+000
    endloop
  endfacet
  facet normal  -0.000000e+000  0.000000e+000 -1.000000e+000
    outer loop
      vertex -4.600000e+000 -1.540000e+001  1.600000e+000
      vertex -8.000000e-001 -1.861436e+001  1.600000e+000
      vertex -1.070609e+000 -1.881097e+001  1.600000e+000
    endloop
  endfacet
  facet normal  -0.000000e+000  0.000000e+000 -1.000000e+000
    outer loop
      vertex -4.600000e+000 -1.540000e+001  1.600000e+000
      vertex -1.070609e+000 -1.881097e+001  1.600000e+000
      vertex -1.294427e+000 -1.905954e+001  1.600000e+000
    endloop
  endfacet
  facet normal  -0.000000e+000  0.000000e+000 -9.999999e-001
    outer loop
      vertex -4.600000e+000 -1.540000e+001  1.600000e+000
      vertex -1.294427e+000 -1.905954e+001  1.600000e+000
      vertex -1.461673e+000 -1.934922e+001  1.600000e+000
    endloop
  endfacet
  facet normal  -0.000000e+000  0.000000e+000 -1.000000e+000
    outer loop
      vertex -4.600000e+000 -1.540000e+001  1.600000e+000
      vertex -1.461673e+000 -1.934922e+001  1.600000e+000
      vertex -4.600000e+000 -2.515000e+001  1.600000e+000
    endloop
  endfacet
  facet normal  0.000000e+000  0.000000e+000 -1.000000e+000
    outer loop
      vertex -4.600000e+000 -2.515000e+001  1.600000e+000
      vertex -1.461673e+000 -1.934922e+001  1.600000e+000
      vertex -1.565036e+000 -1.966734e+001  1.600000e+000
    endloop
  endfacet
  facet normal  0.000000e+000  0.000000e+000 -1.000000e+000
    outer loop
      vertex -4.600000e+000 -2.515000e+001  1.600000e+000
      vertex -1.565036e+000 -1.966734e+001  1.600000e+000
      vertex -1.600000e+000 -2.000000e+001  1.600000e+000
    endloop
  endfacet
  facet normal  0.000000e+000  -0.000000e+000 -9.999999e-001
    outer loop
      vertex -4.600000e+000 -2.515000e+001  1.600000e+000
      vertex -1.600000e+000 -2.000000e+001  1.600000e+000
      vertex -1.565036e+000 -2.033266e+001  1.600000e+000
    endloop
  endfacet
  facet normal  0.000000e+000  -0.000000e+000 -1.000000e+000
    outer loop
      vertex -4.600000e+000 -2.515000e+001  1.600000e+000
      vertex -1.565036e+000 -2.033266e+001  1.600000e+000
      vertex -1.461673e+000 -2.065078e+001  1.600000e+000
    endloop
  endfacet
  facet normal  0.000000e+000  -0.000000e+000 -9.999999e-001
    outer loop
      vertex -4.600000e+000 -2.515000e+001  1.600000e+000
      vertex -1.461673e+000 -2.065078e+001  1.600000e+000
      vertex -1.294427e+000 -2.094046e+001  1.600000e+000
    endloop
  endfacet
  facet normal  0.000000e+000  -0.000000e+000 -1.000000e+000
    outer loop
      vertex -4.600000e+000 -2.515000e+001  1.600000e+000
      vertex -1.294427e+000 -2.094046e+001  1.600000e+000
      vertex -1.070609e+000 -2.118903e+001  1.600000e+000
    endloop
  endfacet
  facet normal  0.000000e+000  -0.000000e+000 -1.000000e+000
    outer loop
      vertex -4.600000e+000 -2.515000e+001  1.600000e+000
      vertex -1.070609e+000 -2.118903e+001  1.600000e+000
      vertex -8.000000e-001 -2.138564e+001  1.600000e+000
    endloop
  endfacet
  facet normal  0.000000e+000  -0.000000e+000 -1.000000e+000
    outer loop
      vertex -4.600000e+000 -2.515000e+001  1.600000e+000
      vertex -8.000000e-001 -2.138564e+001  1.600000e+000
      vertex -4.944272e-001 -2.152169e+001  1.600000e+000
    endloop
  endfacet
  facet normal  0.000000e+000  -0.000000e+000 -9.999999e-001
    outer loop
      vertex -4.600000e+000 -2.515000e+001  1.600000e+000
      vertex -4.944272e-001 -2.152169e+001  1.600000e+000
      vertex -1.672455e-001 -2.159123e+001  1.600000e+000
    endloop
  endfacet
  facet normal  0.000000e+000  -0.000000e+000 -1.000000e+000
    outer loop
      vertex -4.600000e+000 -2.515000e+001  1.600000e+000
      vertex -1.672455e-001 -2.159123e+001  1.600000e+000
      vertex  1.672455e-001 -2.159123e+001  1.600000e+000
    endloop
  endfacet
  facet normal  0.000000e+000  -0.000000e+000 -1.000000e+000
    outer loop
      vertex -4.600000e+000 -2.515000e+001  1.600000e+000
      vertex  1.672455e-001 -2.159123e+001  1.600000e+000
      vertex  4.600000e+000 -2.515000e+001  1.600000e+000
    endloop
  endfacet
  facet normal  0.000000e+000  0.000000e+000 -9.999999e-001
    outer loop
      vertex  4.600000e+000 -2.515000e+001  1.600000e+000
      vertex  1.672455e-001 -2.159123e+001  1.600000e+000
      vertex  4.944272e-001 -2.152169e+001  1.600000e+000
    endloop
  endfacet
  facet normal  0.000000e+000  0.000000e+000 -1.000000e+000
    outer loop
      vertex  4.600000e+000 -2.515000e+001  1.600000e+000
      vertex  4.944272e-001 -2.152169e+001  1.600000e+000
      vertex  8.000000e-001 -2.138564e+001  1.600000e+000
    endloop
  endfacet
  facet normal  0.000000e+000  0.000000e+000 -1.000000e+000
    outer loop
      vertex  4.600000e+000 -2.515000e+001  1.600000e+000
      vertex  8.000000e-001 -2.138564e+001  1.600000e+000
      vertex  1.070609e+000 -2.118903e+001  1.600000e+000
    endloop
  endfacet
  facet normal  0.000000e+000  0.000000e+000 -1.000000e+000
    outer loop
      vertex  4.600000e+000 -2.515000e+001  1.600000e+000
      vertex  1.070609e+000 -2.118903e+001  1.600000e+000
      vertex  1.294427e+000 -2.094046e+001  1.600000e+000
    endloop
  endfacet
  facet normal  0.000000e+000  0.000000e+000 -9.999999e-001
    outer loop
      vertex  4.600000e+000 -2.515000e+001  1.600000e+000
      vertex  1.294427e+000 -2.094046e+001  1.600000e+000
      vertex  1.461673e+000 -2.065078e+001  1.600000e+000
    endloop
  endfacet
  facet normal  0.000000e+000  0.000000e+000 -1.000000e+000
    outer loop
      vertex  4.600000e+000 -2.515000e+001  1.600000e+000
      vertex  1.461673e+000 -2.065078e+001  1.600000e+000
      vertex  1.565036e+000 -2.033266e+001  1.600000e+000
    endloop
  endfacet
  facet normal  0.000000e+000  0.000000e+000 -1.000000e+000
    outer loop
      vertex  4.600000e+000 -2.515000e+001  1.600000e+000
      vertex  1.565036e+000 -2.033266e+001  1.600000e+000
      vertex  1.600000e+000 -2.000000e+001  1.600000e+000
    endloop
  endfacet
  facet normal  0.000000e+000  0.000000e+000 -1.000000e+000
    outer loop
      vertex  4.600000e+000 -2.515000e+001  1.600000e+000
      vertex  1.600000e+000 -2.000000e+001  1.600000e+000
      vertex  1.565036e+000 -1.966734e+001  1.600000e+000
    endloop
  endfacet
  facet normal  0.000000e+000  0.000000e+000 -1.000000e+000
    outer loop
      vertex  4.600000e+000 -2.515000e+001  1.600000e+000
      vertex  1.565036e+000 -1.966734e+001  1.600000e+000
      vertex  1.461673e+000 -1.934922e+001  1.600000e+000
    endloop
  endfacet
  facet normal  0.000000e+000  0.000000e+000 -1.000000e+000
    outer loop
      vertex  4.600000e+000 -1.540000e+001  1.600000e+000
      vertex  4.600000e+000 -2.515000e+001  1.600000e+000
      vertex  1.461673e+000 -1.934922e+001  1.600000e+000
    endloop
  endfacet
  facet normal  0.000000e+000  0.000000e+000 -9.999999e-001
    outer loop
      vertex  4.600000e+000 -1.540000e+001  1.600000e+000
      vertex  1.461673e+000 -1.934922e+001  1.600000e+000
      vertex  1.294427e+000 -1.905954e+001  1.600000e+000
    endloop
  endfacet
  facet normal  0.000000e+000  0.000000e+000 -1.000000e+000
    outer loop
      vertex  4.600000e+000 -1.540000e+001  1.600000e+000
      vertex  1.294427e+000 -1.905954e+001  1.600000e+000
      vertex  1.070609e+000 -1.881097e+001  1.600000e+000
    endloop
  endfacet
  facet normal  0.000000e+000  0.000000e+000 -1.000000e+000
    outer loop
      vertex  4.600000e+000 -1.540000e+001  1.600000e+000
      vertex  1.070609e+000 -1.881097e+001  1.600000e+000
      vertex  8.000000e-001 -1.861436e+001  1.600000e+000
    endloop
  endfacet
  facet normal  0.000000e+000  0.000000e+000 -1.000000e+000
    outer loop
      vertex  4.600000e+000 -1.540000e+001  1.600000e+000
      vertex  8.000000e-001 -1.861436e+001  1.600000e+000
      vertex  4.944272e-001 -1.847831e+001  1.600000e+000
    endloop
  endfacet
  facet normal  0.000000e+000  0.000000e+000 -1.000000e+000
    outer loop
      vertex  4.600000e+000 -1.540000e+001  1.600000e+000
      vertex  4.944272e-001 -1.847831e+001  1.600000e+000
      vertex  1.672455e-001 -1.840877e+001  1.600000e+000
    endloop
  endfacet
  facet normal  7.071064e-001  7.071072e-001  0.000000e+000
    outer loop
      vertex  4.600000e+000 -1.500000e+001  4.100000e+000
      vertex  5.000000e+000 -1.540000e+001  4.100000e+000
      vertex  4.600000e+000 -1.500000e+001  2.000000e+000
    endloop
  endfacet
  facet normal  7.071064e-001  7.071072e-001  0.000000e+000
    outer loop
      vertex  4.600000e+000 -1.500000e+001  2.000000e+000
      vertex  5.000000e+000 -1.540000e+001  4.100000e+000
      vertex  5.000000e+000 -1.540000e+001  2.000000e+000
    endloop
  endfacet
  facet normal  7.071064e-001  7.071072e-001  8.561079e-007
    outer loop
      vertex  4.600000e+000 -1.500000e+001  2.000000e+000
      vertex  5.000000e+000 -1.540000e+001  2.000000e+000
      vertex  4.800000e+000 -1.520000e+001  1.800000e+000
    endloop
  endfacet
  facet normal  1.000000e+000  -0.000000e+000  0.000000e+000
    outer loop
      vertex  5.000000e+000 -1.540000e+001  4.100000e+000
      vertex  5.000000e+000 -2.515000e+001  4.100000e+000
      vertex  5.000000e+000 -1.540000e+001  2.000000e+000
    endloop
  endfacet
  facet normal  1.000000e+000  0.000000e+000  0.000000e+000
    outer loop
      vertex  5.000000e+000 -1.540000e+001  2.000000e+000
      vertex  5.000000e+000 -2.515000e+001  4.100000e+000
      vertex  5.000000e+000 -2.515000e+001  2.000000e+000
    endloop
  endfacet
  facet normal  7.071066e-001 -1.053672e-006 -7.071069e-001
    outer loop
      vertex  4.800000e+000 -1.520000e+001  1.800000e+000
      vertex  5.000000e+000 -1.540000e+001  2.000000e+000
      vertex  4.600000e+000 -1.540000e+001  1.600000e+000
    endloop
  endfacet
  facet normal  7.071066e-001  0.000000e+000 -7.071068e-001
    outer loop
      vertex  4.600000e+000 -1.540000e+001  1.600000e+000
      vertex  5.000000e+000 -1.540000e+001  2.000000e+000
      vertex  5.000000e+000 -2.515000e+001  2.000000e+000
    endloop
  endfacet
  facet normal  7.071066e-001  0.000000e+000 -7.071068e-001
    outer loop
      vertex  4.600000e+000 -1.540000e+001  1.600000e+000
      vertex  5.000000e+000 -2.515000e+001  2.000000e+000
      vertex  4.600000e+000 -2.515000e+001  1.600000e+000
    endloop
  endfacet
  facet normal -7.071066e-001 -1.053672e-006 -7.071069e-001
    outer loop
      vertex -4.800000e+000 -1.520000e+001  1.800000e+000
      vertex -4.600000e+000 -1.540000e+001  1.600000e+000
      vertex -5.000000e+000 -1.540000e+001  2.000000e+000
    endloop
  endfacet
  facet normal -7.071066e-001  0.000000e+000 -7.071068e-001
    outer loop
      vertex -5.000000e+000 -1.540000e+001  2.000000e+000
      vertex -4.600000e+000 -1.540000e+001  1.600000e+000
      vertex -4.600000e+000 -2.515000e+001  1.600000e+000
    endloop
  endfacet
  facet normal -7.071066e-001  0.000000e+000 -7.071068e-001
    outer loop
      vertex -5.000000e+000 -1.540000e+001  2.000000e+000
      vertex -4.600000e+000 -2.515000e+001  1.600000e+000
      vertex -5.000000e+000 -2.515000e+001  2.000000e+000
    endloop
  endfacet
  facet normal -7.071064e-001  7.071072e-001  0.000000e+000
    outer loop
      vertex -5.000000e+000 -1.540000e+001  4.100000e+000
      vertex -4.600000e+000 -1.500000e+001  4.100000e+000
      vertex -5.000000e+000 -1.540000e+001  2.000000e+000
    endloop
  endfacet
  facet normal -7.071064e-001  7.071072e-001  0.000000e+000
    outer loop
      vertex -5.000000e+000 -1.540000e+001  2.000000e+000
      vertex -4.600000e+000 -1.500000e+001  4.100000e+000
      vertex -4.600000e+000 -1.500000e+001  2.000000e+000
    endloop
  endfacet
  facet normal -7.071064e-001  7.071072e-001  7.902535e-007
    outer loop
      vertex -5.000000e+000 -1.540000e+001  2.000000e+000
      vertex -4.600000e+000 -1.500000e+001  2.000000e+000
      vertex -4.800000e+000 -1.520000e+001  1.800000e+000
    endloop
  endfacet
  facet normal  0.000000e+000  1.000000e+000  -0.000000e+000
    outer loop
      vertex  4.600000e+000 -1.500000e+001  4.100000e+000
      vertex  4.600000e+000 -1.500000e+001  2.000000e+000
      vertex -4.600000e+000 -1.500000e+001  4.100000e+000
    endloop
  endfacet
  facet normal  0.000000e+000  1.000000e+000  0.000000e+000
    outer loop
      vertex -4.600000e+000 -1.500000e+001  4.100000e+000
      vertex  4.600000e+000 -1.500000e+001  2.000000e+000
      vertex -4.600000e+000 -1.500000e+001  2.000000e+000
    endloop
  endfacet
  facet normal -1.000000e+000  -0.000000e+000  0.000000e+000
    outer loop
      vertex -5.000000e+000 -2.515000e+001  4.100000e+000
      vertex -5.000000e+000 -1.540000e+001  4.100000e+000
      vertex -5.000000e+000 -2.515000e+001  2.000000e+000
    endloop
  endfacet
  facet normal -1.000000e+000  0.000000e+000  0.000000e+000
    outer loop
      vertex -5.000000e+000 -2.515000e+001  2.000000e+000
      vertex -5.000000e+000 -1.540000e+001  4.100000e+000
      vertex -5.000000e+000 -1.540000e+001  2.000000e+000
    endloop
  endfacet
  facet normal -2.634195e-007 -7.071071e-001 -7.071065e-001
    outer loop
      vertex -3.020000e+001  1.520000e+001  1.800000e+000
      vertex -3.040000e+001  1.500000e+001  2.000000e+000
      vertex -3.040000e+001  1.540000e+001  1.600000e+000
    endloop
  endfacet
  facet normal  0.000000e+000 -7.071071e-001 -7.071064e-001
    outer loop
      vertex -3.040000e+001  1.540000e+001  1.600000e+000
      vertex -3.040000e+001  1.500000e+001  2.000000e+000
      vertex -4.015000e+001  1.500000e+001  2.000000e+000
    endloop
  endfacet
  facet normal  0.000000e+000 -7.071071e-001 -7.071064e-001
    outer loop
      vertex -3.040000e+001  1.540000e+001  1.600000e+000
      vertex -4.015000e+001  1.500000e+001  2.000000e+000
      vertex -4.015000e+001  1.540000e+001  1.600000e+000
    endloop
  endfacet
  facet normal  7.071068e-001 -7.071068e-001 -3.358579e-006
    outer loop
      vertex -3.020000e+001  1.520000e+001  1.800000e+000
      vertex -3.000000e+001  1.540000e+001  2.000000e+000
      vertex -3.040000e+001  1.500000e+001  2.000000e+000
    endloop
  endfacet
  facet normal  7.071068e-001 -7.071068e-001  0.000000e+000
    outer loop
      vertex -3.040000e+001  1.500000e+001  2.000000e+000
      vertex -3.000000e+001  1.540000e+001  2.000000e+000
      vertex -3.000000e+001  1.540000e+001  4.100000e+000
    endloop
  endfacet
  facet normal  7.071068e-001 -7.071068e-001  0.000000e+000
    outer loop
      vertex -3.040000e+001  1.500000e+001  2.000000e+000
      vertex -3.000000e+001  1.540000e+001  4.100000e+000
      vertex -3.040000e+001  1.500000e+001  4.100000e+000
    endloop
  endfacet
  facet normal  -0.000000e+000  0.000000e+000 -1.000000e+000
    outer loop
      vertex -4.015000e+001  2.515000e+001  1.600000e+000
      vertex -3.040000e+001  2.515000e+001  1.600000e+000
      vertex -3.483276e+001  2.159123e+001  1.600000e+000
    endloop
  endfacet
  facet normal  0.000000e+000  0.000000e+000 -1.000000e+000
    outer loop
      vertex -4.015000e+001  2.515000e+001  1.600000e+000
      vertex -3.483276e+001  2.159123e+001  1.600000e+000
      vertex -3.516724e+001  2.159123e+001  1.600000e+000
    endloop
  endfacet
  facet normal  -0.000000e+000  0.000000e+000 -1.000000e+000
    outer loop
      vertex -4.015000e+001  2.515000e+001  1.600000e+000
      vertex -3.516724e+001  2.159123e+001  1.600000e+000
      vertex -3.549443e+001  2.152169e+001  1.600000e+000
    endloop
  endfacet
  facet normal  -0.000000e+000  0.000000e+000 -1.000000e+000
    outer loop
      vertex -4.015000e+001  2.515000e+001  1.600000e+000
      vertex -3.549443e+001  2.152169e+001  1.600000e+000
      vertex -3.580000e+001  2.138564e+001  1.600000e+000
    endloop
  endfacet
  facet normal  -0.000000e+000  0.000000e+000 -9.999999e-001
    outer loop
      vertex -4.015000e+001  2.515000e+001  1.600000e+000
      vertex -3.580000e+001  2.138564e+001  1.600000e+000
      vertex -3.607061e+001  2.118903e+001  1.600000e+000
    endloop
  endfacet
  facet normal  -0.000000e+000  0.000000e+000 -1.000000e+000
    outer loop
      vertex -4.015000e+001  2.515000e+001  1.600000e+000
      vertex -3.607061e+001  2.118903e+001  1.600000e+000
      vertex -3.629443e+001  2.094046e+001  1.600000e+000
    endloop
  endfacet
  facet normal  -0.000000e+000  0.000000e+000 -1.000000e+000
    outer loop
      vertex -4.015000e+001  2.515000e+001  1.600000e+000
      vertex -3.629443e+001  2.094046e+001  1.600000e+000
      vertex -4.015000e+001  1.540000e+001  1.600000e+000
    endloop
  endfacet
  facet normal  0.000000e+000  0.000000e+000 -1.000000e+000
    outer loop
      vertex -4.015000e+001  1.540000e+001  1.600000e+000
      vertex -3.629443e+001  2.094046e+001  1.600000e+000
      vertex -3.646167e+001  2.065078e+001  1.600000e+000
    endloop
  endfacet
  facet normal  0.000000e+000  0.000000e+000 -1.000000e+000
    outer loop
      vertex -4.015000e+001  1.540000e+001  1.600000e+000
      vertex -3.646167e+001  2.065078e+001  1.600000e+000
      vertex -3.656504e+001  2.033266e+001  1.600000e+000
    endloop
  endfacet
  facet normal  0.000000e+000  0.000000e+000 -1.000000e+000
    outer loop
      vertex -4.015000e+001  1.540000e+001  1.600000e+000
      vertex -3.656504e+001  2.033266e+001  1.600000e+000
      vertex -3.660000e+001  2.000000e+001  1.600000e+000
    endloop
  endfacet
  facet normal  0.000000e+000  -0.000000e+000 -1.000000e+000
    outer loop
      vertex -4.015000e+001  1.540000e+001  1.600000e+000
      vertex -3.660000e+001  2.000000e+001  1.600000e+000
      vertex -3.656504e+001  1.966734e+001  1.600000e+000
    endloop
  endfacet
  facet normal  0.000000e+000  -0.000000e+000 -1.000000e+000
    outer loop
      vertex -4.015000e+001  1.540000e+001  1.600000e+000
      vertex -3.656504e+001  1.966734e+001  1.600000e+000
      vertex -3.646167e+001  1.934922e+001  1.600000e+000
    endloop
  endfacet
  facet normal  0.000000e+000  -0.000000e+000 -1.000000e+000
    outer loop
      vertex -4.015000e+001  1.540000e+001  1.600000e+000
      vertex -3.646167e+001  1.934922e+001  1.600000e+000
      vertex -3.629443e+001  1.905954e+001  1.600000e+000
    endloop
  endfacet
  facet normal  0.000000e+000  -0.000000e+000 -1.000000e+000
    outer loop
      vertex -4.015000e+001  1.540000e+001  1.600000e+000
      vertex -3.629443e+001  1.905954e+001  1.600000e+000
      vertex -3.607061e+001  1.881097e+001  1.600000e+000
    endloop
  endfacet
  facet normal  0.000000e+000  -0.000000e+000 -1.000000e+000
    outer loop
      vertex -4.015000e+001  1.540000e+001  1.600000e+000
      vertex -3.607061e+001  1.881097e+001  1.600000e+000
      vertex -3.580000e+001  1.861436e+001  1.600000e+000
    endloop
  endfacet
  facet normal  0.000000e+000  -0.000000e+000 -1.000000e+000
    outer loop
      vertex -4.015000e+001  1.540000e+001  1.600000e+000
      vertex -3.580000e+001  1.861436e+001  1.600000e+000
      vertex -3.549443e+001  1.847831e+001  1.600000e+000
    endloop
  endfacet
  facet normal  0.000000e+000  -0.000000e+000 -1.000000e+000
    outer loop
      vertex -4.015000e+001  1.540000e+001  1.600000e+000
      vertex -3.549443e+001  1.847831e+001  1.600000e+000
      vertex -3.516724e+001  1.840877e+001  1.600000e+000
    endloop
  endfacet
  facet normal  0.000000e+000  -0.000000e+000 -1.000000e+000
    outer loop
      vertex -4.015000e+001  1.540000e+001  1.600000e+000
      vertex -3.516724e+001  1.840877e+001  1.600000e+000
      vertex -3.483276e+001  1.840877e+001  1.600000e+000
    endloop
  endfacet
  facet normal  0.000000e+000  -0.000000e+000 -9.999999e-001
    outer loop
      vertex -4.015000e+001  1.540000e+001  1.600000e+000
      vertex -3.483276e+001  1.840877e+001  1.600000e+000
      vertex -3.040000e+001  1.540000e+001  1.600000e+000
    endloop
  endfacet
  facet normal  0.000000e+000  0.000000e+000 -1.000000e+000
    outer loop
      vertex -3.040000e+001  1.540000e+001  1.600000e+000
      vertex -3.483276e+001  1.840877e+001  1.600000e+000
      vertex -3.450557e+001  1.847831e+001  1.600000e+000
    endloop
  endfacet
  facet normal  0.000000e+000  0.000000e+000 -1.000000e+000
    outer loop
      vertex -3.040000e+001  1.540000e+001  1.600000e+000
      vertex -3.450557e+001  1.847831e+001  1.600000e+000
      vertex -3.420000e+001  1.861436e+001  1.600000e+000
    endloop
  endfacet
  facet normal  0.000000e+000  0.000000e+000 -1.000000e+000
    outer loop
      vertex -3.040000e+001  1.540000e+001  1.600000e+000
      vertex -3.420000e+001  1.861436e+001  1.600000e+000
      vertex -3.392939e+001  1.881097e+001  1.600000e+000
    endloop
  endfacet
  facet normal  0.000000e+000  0.000000e+000 -1.000000e+000
    outer loop
      vertex -3.040000e+001  1.540000e+001  1.600000e+000
      vertex -3.392939e+001  1.881097e+001  1.600000e+000
      vertex -3.370557e+001  1.905954e+001  1.600000e+000
    endloop
  endfacet
  facet normal  0.000000e+000  0.000000e+000 -1.000000e+000
    outer loop
      vertex -3.040000e+001  1.540000e+001  1.600000e+000
      vertex -3.370557e+001  1.905954e+001  1.600000e+000
      vertex -3.353833e+001  1.934922e+001  1.600000e+000
    endloop
  endfacet
  facet normal  0.000000e+000  0.000000e+000 -1.000000e+000
    outer loop
      vertex -3.040000e+001  1.540000e+001  1.600000e+000
      vertex -3.353833e+001  1.934922e+001  1.600000e+000
      vertex -3.343496e+001  1.966734e+001  1.600000e+000
    endloop
  endfacet
  facet normal  0.000000e+000  0.000000e+000 -1.000000e+000
    outer loop
      vertex -3.040000e+001  1.540000e+001  1.600000e+000
      vertex -3.343496e+001  1.966734e+001  1.600000e+000
      vertex -3.340000e+001  2.000000e+001  1.600000e+000
    endloop
  endfacet
  facet normal  0.000000e+000  0.000000e+000 -9.999999e-001
    outer loop
      vertex -3.040000e+001  1.540000e+001  1.600000e+000
      vertex -3.340000e+001  2.000000e+001  1.600000e+000
      vertex -3.343496e+001  2.033266e+001  1.600000e+000
    endloop
  endfacet
  facet normal  0.000000e+000  0.000000e+000 -1.000000e+000
    outer loop
      vertex -3.040000e+001  1.540000e+001  1.600000e+000
      vertex -3.343496e+001  2.033266e+001  1.600000e+000
      vertex -3.353833e+001  2.065078e+001  1.600000e+000
    endloop
  endfacet
  facet normal  0.000000e+000  0.000000e+000 -1.000000e+000
    outer loop
      vertex -3.040000e+001  2.515000e+001  1.600000e+000
      vertex -3.040000e+001  1.540000e+001  1.600000e+000
      vertex -3.353833e+001  2.065078e+001  1.600000e+000
    endloop
  endfacet
  facet normal  0.000000e+000  0.000000e+000 -9.999999e-001
    outer loop
      vertex -3.040000e+001  2.515000e+001  1.600000e+000
      vertex -3.353833e+001  2.065078e+001  1.600000e+000
      vertex -3.370557e+001  2.094046e+001  1.600000e+000
    endloop
  endfacet
  facet normal  0.000000e+000  0.000000e+000 -9.999999e-001
    outer loop
      vertex -3.040000e+001  2.515000e+001  1.600000e+000
      vertex -3.370557e+001  2.094046e+001  1.600000e+000
      vertex -3.392939e+001  2.118903e+001  1.600000e+000
    endloop
  endfacet
  facet normal  0.000000e+000  0.000000e+000 -1.000000e+000
    outer loop
      vertex -3.040000e+001  2.515000e+001  1.600000e+000
      vertex -3.392939e+001  2.118903e+001  1.600000e+000
      vertex -3.420000e+001  2.138564e+001  1.600000e+000
    endloop
  endfacet
  facet normal  0.000000e+000  0.000000e+000 -1.000000e+000
    outer loop
      vertex -3.040000e+001  2.515000e+001  1.600000e+000
      vertex -3.420000e+001  2.138564e+001  1.600000e+000
      vertex -3.450557e+001  2.152169e+001  1.600000e+000
    endloop
  endfacet
  facet normal  0.000000e+000  0.000000e+000 -1.000000e+000
    outer loop
      vertex -3.040000e+001  2.515000e+001  1.600000e+000
      vertex -3.450557e+001  2.152169e+001  1.600000e+000
      vertex -3.483276e+001  2.159123e+001  1.600000e+000
    endloop
  endfacet
  facet normal  1.000000e+000  -0.000000e+000  0.000000e+000
    outer loop
      vertex -3.000000e+001  2.515000e+001  4.100000e+000
      vertex -3.000000e+001  1.540000e+001  4.100000e+000
      vertex -3.000000e+001  2.515000e+001  2.000000e+000
    endloop
  endfacet
  facet normal  1.000000e+000  0.000000e+000  0.000000e+000
    outer loop
      vertex -3.000000e+001  2.515000e+001  2.000000e+000
      vertex -3.000000e+001  1.540000e+001  4.100000e+000
      vertex -3.000000e+001  1.540000e+001  2.000000e+000
    endloop
  endfacet
  facet normal  7.071070e-001 -3.161018e-006 -7.071064e-001
    outer loop
      vertex -3.020000e+001  1.520000e+001  1.800000e+000
      vertex -3.040000e+001  1.540000e+001  1.600000e+000
      vertex -3.000000e+001  1.540000e+001  2.000000e+000
    endloop
  endfacet
  facet normal  7.071071e-001  0.000000e+000 -7.071064e-001
    outer loop
      vertex -3.000000e+001  1.540000e+001  2.000000e+000
      vertex -3.040000e+001  1.540000e+001  1.600000e+000
      vertex -3.040000e+001  2.515000e+001  1.600000e+000
    endloop
  endfacet
  facet normal  7.071071e-001  0.000000e+000 -7.071064e-001
    outer loop
      vertex -3.000000e+001  1.540000e+001  2.000000e+000
      vertex -3.040000e+001  2.515000e+001  1.600000e+000
      vertex -3.000000e+001  2.515000e+001  2.000000e+000
    endloop
  endfacet
  facet normal  0.000000e+000 -1.000000e+000  0.000000e+000
    outer loop
      vertex -3.040000e+001  1.500000e+001  4.100000e+000
      vertex -4.015000e+001  1.500000e+001  4.100000e+000
      vertex -3.040000e+001  1.500000e+001  2.000000e+000
    endloop
  endfacet
  facet normal  0.000000e+000 -1.000000e+000  0.000000e+000
    outer loop
      vertex -3.040000e+001  1.500000e+001  2.000000e+000
      vertex -4.015000e+001  1.500000e+001  4.100000e+000
      vertex -4.015000e+001  1.500000e+001  2.000000e+000
    endloop
  endfacet
  facet normal -7.071070e-001 -3.161018e-006 -7.071064e-001
    outer loop
      vertex  3.020000e+001  1.520000e+001  1.800000e+000
      vertex  3.000000e+001  1.540000e+001  2.000000e+000
      vertex  3.040000e+001  1.540000e+001  1.600000e+000
    endloop
  endfacet
  facet normal -7.071071e-001  0.000000e+000 -7.071064e-001
    outer loop
      vertex  3.040000e+001  1.540000e+001  1.600000e+000
      vertex  3.000000e+001  1.540000e+001  2.000000e+000
      vertex  3.000000e+001  2.515000e+001  2.000000e+000
    endloop
  endfacet
  facet normal -7.071071e-001  0.000000e+000 -7.071064e-001
    outer loop
      vertex  3.040000e+001  1.540000e+001  1.600000e+000
      vertex  3.000000e+001  2.515000e+001  2.000000e+000
      vertex  3.040000e+001  2.515000e+001  1.600000e+000
    endloop
  endfacet
  facet normal -7.071068e-001 -7.071068e-001 -3.358579e-006
    outer loop
      vertex  3.020000e+001  1.520000e+001  1.800000e+000
      vertex  3.040000e+001  1.500000e+001  2.000000e+000
      vertex  3.000000e+001  1.540000e+001  2.000000e+000
    endloop
  endfacet
  facet normal -7.071068e-001 -7.071068e-001  0.000000e+000
    outer loop
      vertex  3.000000e+001  1.540000e+001  2.000000e+000
      vertex  3.040000e+001  1.500000e+001  2.000000e+000
      vertex  3.040000e+001  1.500000e+001  4.100000e+000
    endloop
  endfacet
  facet normal -7.071068e-001 -7.071068e-001  0.000000e+000
    outer loop
      vertex  3.000000e+001  1.540000e+001  2.000000e+000
      vertex  3.040000e+001  1.500000e+001  4.100000e+000
      vertex  3.000000e+001  1.540000e+001  4.100000e+000
    endloop
  endfacet
  facet normal  0.000000e+000  0.000000e+000 -9.999999e-001
    outer loop
      vertex  3.040000e+001  1.540000e+001  1.600000e+000
      vertex  3.353833e+001  2.065078e+001  1.600000e+000
      vertex  3.343496e+001  2.033266e+001  1.600000e+000
    endloop
  endfacet
  facet normal  0.000000e+000  0.000000e+000 -1.000000e+000
    outer loop
      vertex  3.040000e+001  1.540000e+001  1.600000e+000
      vertex  3.343496e+001  2.033266e+001  1.600000e+000
      vertex  3.340000e+001  2.000000e+001  1.600000e+000
    endloop
  endfacet
  facet normal  0.000000e+000  -0.000000e+000 -1.000000e+000
    outer loop
      vertex  3.040000e+001  1.540000e+001  1.600000e+000
      vertex  3.340000e+001  2.000000e+001  1.600000e+000
      vertex  3.343496e+001  1.966734e+001  1.600000e+000
    endloop
  endfacet
  facet normal  0.000000e+000  -0.000000e+000 -1.000000e+000
    outer loop
      vertex  3.040000e+001  1.540000e+001  1.600000e+000
      vertex  3.343496e+001  1.966734e+001  1.600000e+000
      vertex  3.353833e+001  1.934922e+001  1.600000e+000
    endloop
  endfacet
  facet normal  0.000000e+000  -0.000000e+000 -1.000000e+000
    outer loop
      vertex  3.040000e+001  1.540000e+001  1.600000e+000
      vertex  3.353833e+001  1.934922e+001  1.600000e+000
      vertex  3.370557e+001  1.905954e+001  1.600000e+000
    endloop
  endfacet
  facet normal  0.000000e+000  -0.000000e+000 -1.000000e+000
    outer loop
      vertex  3.040000e+001  1.540000e+001  1.600000e+000
      vertex  3.370557e+001  1.905954e+001  1.600000e+000
      vertex  3.392939e+001  1.881097e+001  1.600000e+000
    endloop
  endfacet
  facet normal  0.000000e+000  -0.000000e+000 -1.000000e+000
    outer loop
      vertex  3.040000e+001  1.540000e+001  1.600000e+000
      vertex  3.392939e+001  1.881097e+001  1.600000e+000
      vertex  3.420000e+001  1.861436e+001  1.600000e+000
    endloop
  endfacet
  facet normal  0.000000e+000  -0.000000e+000 -1.000000e+000
    outer loop
      vertex  3.040000e+001  1.540000e+001  1.600000e+000
      vertex  3.420000e+001  1.861436e+001  1.600000e+000
      vertex  3.450557e+001  1.847831e+001  1.600000e+000
    endloop
  endfacet
  facet normal  0.000000e+000  -0.000000e+000 -1.000000e+000
    outer loop
      vertex  3.040000e+001  1.540000e+001  1.600000e+000
      vertex  3.450557e+001  1.847831e+001  1.600000e+000
      vertex  3.483276e+001  1.840877e+001  1.600000e+000
    endloop
  endfacet
  facet normal  0.000000e+000  -0.000000e+000 -1.000000e+000
    outer loop
      vertex  3.040000e+001  1.540000e+001  1.600000e+000
      vertex  3.483276e+001  1.840877e+001  1.600000e+000
      vertex  3.516724e+001  1.840877e+001  1.600000e+000
    endloop
  endfacet
  facet normal  0.000000e+000  -0.000000e+000 -9.999999e-001
    outer loop
      vertex  3.040000e+001  1.540000e+001  1.600000e+000
      vertex  3.516724e+001  1.840877e+001  1.600000e+000
      vertex  4.015000e+001  1.540000e+001  1.600000e+000
    endloop
  endfacet
  facet normal  -0.000000e+000  0.000000e+000 -1.000000e+000
    outer loop
      vertex  3.040000e+001  2.515000e+001  1.600000e+000
      vertex  4.015000e+001  2.515000e+001  1.600000e+000
      vertex  3.516724e+001  2.159123e+001  1.600000e+000
    endloop
  endfacet
  facet normal  0.000000e+000  0.000000e+000 -1.000000e+000
    outer loop
      vertex  3.040000e+001  2.515000e+001  1.600000e+000
      vertex  3.516724e+001  2.159123e+001  1.600000e+000
      vertex  3.483276e+001  2.159123e+001  1.600000e+000
    endloop
  endfacet
  facet normal  -0.000000e+000  0.000000e+000 -1.000000e+000
    outer loop
      vertex  3.040000e+001  2.515000e+001  1.600000e+000
      vertex  3.483276e+001  2.159123e+001  1.600000e+000
      vertex  3.450557e+001  2.152169e+001  1.600000e+000
    endloop
  endfacet
  facet normal  -0.000000e+000  0.000000e+000 -1.000000e+000
    outer loop
      vertex  3.040000e+001  2.515000e+001  1.600000e+000
      vertex  3.450557e+001  2.152169e+001  1.600000e+000
      vertex  3.420000e+001  2.138564e+001  1.600000e+000
    endloop
  endfacet
  facet normal  -0.000000e+000  0.000000e+000 -1.000000e+000
    outer loop
      vertex  3.040000e+001  2.515000e+001  1.600000e+000
      vertex  3.420000e+001  2.138564e+001  1.600000e+000
      vertex  3.392939e+001  2.118903e+001  1.600000e+000
    endloop
  endfacet
  facet normal  -0.000000e+000  0.000000e+000 -9.999999e-001
    outer loop
      vertex  3.040000e+001  2.515000e+001  1.600000e+000
      vertex  3.392939e+001  2.118903e+001  1.600000e+000
      vertex  3.370557e+001  2.094046e+001  1.600000e+000
    endloop
  endfacet
  facet normal  -0.000000e+000  0.000000e+000 -9.999999e-001
    outer loop
      vertex  3.040000e+001  2.515000e+001  1.600000e+000
      vertex  3.370557e+001  2.094046e+001  1.600000e+000
      vertex  3.353833e+001  2.065078e+001  1.600000e+000
    endloop
  endfacet
  facet normal  -0.000000e+000  0.000000e+000 -1.000000e+000
    outer loop
      vertex  3.040000e+001  2.515000e+001  1.600000e+000
      vertex  3.353833e+001  2.065078e+001  1.600000e+000
      vertex  3.040000e+001  1.540000e+001  1.600000e+000
    endloop
  endfacet
  facet normal  0.000000e+000  0.000000e+000 -1.000000e+000
    outer loop
      vertex  4.015000e+001  1.540000e+001  1.600000e+000
      vertex  3.516724e+001  1.840877e+001  1.600000e+000
      vertex  3.549443e+001  1.847831e+001  1.600000e+000
    endloop
  endfacet
  facet normal  0.000000e+000  0.000000e+000 -1.000000e+000
    outer loop
      vertex  4.015000e+001  1.540000e+001  1.600000e+000
      vertex  3.549443e+001  1.847831e+001  1.600000e+000
      vertex  3.580000e+001  1.861436e+001  1.600000e+000
    endloop
  endfacet
  facet normal  0.000000e+000  0.000000e+000 -1.000000e+000
    outer loop
      vertex  4.015000e+001  1.540000e+001  1.600000e+000
      vertex  3.580000e+001  1.861436e+001  1.600000e+000
      vertex  3.607061e+001  1.881097e+001  1.600000e+000
    endloop
  endfacet
  facet normal  0.000000e+000  0.000000e+000 -1.000000e+000
    outer loop
      vertex  4.015000e+001  1.540000e+001  1.600000e+000
      vertex  3.607061e+001  1.881097e+001  1.600000e+000
      vertex  3.629443e+001  1.905954e+001  1.600000e+000
    endloop
  endfacet
  facet normal  0.000000e+000  0.000000e+000 -1.000000e+000
    outer loop
      vertex  4.015000e+001  1.540000e+001  1.600000e+000
      vertex  3.629443e+001  1.905954e+001  1.600000e+000
      vertex  3.646167e+001  1.934922e+001  1.600000e+000
    endloop
  endfacet
  facet normal  0.000000e+000  0.000000e+000 -9.999999e-001
    outer loop
      vertex  4.015000e+001  1.540000e+001  1.600000e+000
      vertex  3.646167e+001  1.934922e+001  1.600000e+000
      vertex  3.656504e+001  1.966734e+001  1.600000e+000
    endloop
  endfacet
  facet normal  0.000000e+000  0.000000e+000 -1.000000e+000
    outer loop
      vertex  4.015000e+001  1.540000e+001  1.600000e+000
      vertex  3.656504e+001  1.966734e+001  1.600000e+000
      vertex  3.660000e+001  2.000000e+001  1.600000e+000
    endloop
  endfacet
  facet normal  0.000000e+000  0.000000e+000 -1.000000e+000
    outer loop
      vertex  4.015000e+001  1.540000e+001  1.600000e+000
      vertex  3.660000e+001  2.000000e+001  1.600000e+000
      vertex  3.656504e+001  2.033266e+001  1.600000e+000
    endloop
  endfacet
  facet normal  0.000000e+000  0.000000e+000 -1.000000e+000
    outer loop
      vertex  4.015000e+001  1.540000e+001  1.600000e+000
      vertex  3.656504e+001  2.033266e+001  1.600000e+000
      vertex  3.646167e+001  2.065078e+001  1.600000e+000
    endloop
  endfacet
  facet normal  0.000000e+000  0.000000e+000 -1.000000e+000
    outer loop
      vertex  4.015000e+001  1.540000e+001  1.600000e+000
      vertex  3.646167e+001  2.065078e+001  1.600000e+000
      vertex  3.629443e+001  2.094046e+001  1.600000e+000
    endloop
  endfacet
  facet normal  0.000000e+000  0.000000e+000 -1.000000e+000
    outer loop
      vertex  4.015000e+001  2.515000e+001  1.600000e+000
      vertex  4.015000e+001  1.540000e+001  1.600000e+000
      vertex  3.629443e+001  2.094046e+001  1.600000e+000
    endloop
  endfacet
  facet normal  0.000000e+000  0.000000e+000 -1.000000e+000
    outer loop
      vertex  4.015000e+001  2.515000e+001  1.600000e+000
      vertex  3.629443e+001  2.094046e+001  1.600000e+000
      vertex  3.607061e+001  2.118903e+001  1.600000e+000
    endloop
  endfacet
  facet normal  0.000000e+000  0.000000e+000 -9.999999e-001
    outer loop
      vertex  4.015000e+001  2.515000e+001  1.600000e+000
      vertex  3.607061e+001  2.118903e+001  1.600000e+000
      vertex  3.580000e+001  2.138564e+001  1.600000e+000
    endloop
  endfacet
  facet normal  0.000000e+000  0.000000e+000 -1.000000e+000
    outer loop
      vertex  4.015000e+001  2.515000e+001  1.600000e+000
      vertex  3.580000e+001  2.138564e+001  1.600000e+000
      vertex  3.549443e+001  2.152169e+001  1.600000e+000
    endloop
  endfacet
  facet normal  0.000000e+000  0.000000e+000 -1.000000e+000
    outer loop
      vertex  4.015000e+001  2.515000e+001  1.600000e+000
      vertex  3.549443e+001  2.152169e+001  1.600000e+000
      vertex  3.516724e+001  2.159123e+001  1.600000e+000
    endloop
  endfacet
  facet normal  0.000000e+000 -1.000000e+000  0.000000e+000
    outer loop
      vertex  4.015000e+001  1.500000e+001  4.100000e+000
      vertex  3.040000e+001  1.500000e+001  4.100000e+000
      vertex  4.015000e+001  1.500000e+001  2.000000e+000
    endloop
  endfacet
  facet normal  0.000000e+000 -1.000000e+000  0.000000e+000
    outer loop
      vertex  4.015000e+001  1.500000e+001  2.000000e+000
      vertex  3.040000e+001  1.500000e+001  4.100000e+000
      vertex  3.040000e+001  1.500000e+001  2.000000e+000
    endloop
  endfacet
  facet normal  1.975646e-007 -7.071071e-001 -7.071065e-001
    outer loop
      vertex  3.020000e+001  1.520000e+001  1.800000e+000
      vertex  3.040000e+001  1.540000e+001  1.600000e+000
      vertex  3.040000e+001  1.500000e+001  2.000000e+000
    endloop
  endfacet
  facet normal  0.000000e+000 -7.071071e-001 -7.071064e-001
    outer loop
      vertex  3.040000e+001  1.500000e+001  2.000000e+000
      vertex  3.040000e+001  1.540000e+001  1.600000e+000
      vertex  4.015000e+001  1.540000e+001  1.600000e+000
    endloop
  endfacet
  facet normal  0.000000e+000 -7.071071e-001 -7.071064e-001
    outer loop
      vertex  3.040000e+001  1.500000e+001  2.000000e+000
      vertex  4.015000e+001  1.540000e+001  1.600000e+000
      vertex  4.015000e+001  1.500000e+001  2.000000e+000
    endloop
  endfacet
  facet normal -1.000000e+000  -0.000000e+000  0.000000e+000
    outer loop
      vertex  3.000000e+001  1.540000e+001  4.100000e+000
      vertex  3.000000e+001  2.515000e+001  4.100000e+000
      vertex  3.000000e+001  1.540000e+001  2.000000e+000
    endloop
  endfacet
  facet normal -1.000000e+000  0.000000e+000  0.000000e+000
    outer loop
      vertex  3.000000e+001  1.540000e+001  2.000000e+000
      vertex  3.000000e+001  2.515000e+001  4.100000e+000
      vertex  3.000000e+001  2.515000e+001  2.000000e+000
    endloop
  endfacet
  facet normal  0.000000e+000  0.000000e+000 -1.000000e+000
    outer loop
      vertex  1.200000e+000 -2.000000e+001  0.000000e+000
      vertex -1.165130e+000 -1.971282e+001  0.000000e+000
      vertex  1.165130e+000 -1.971282e+001  0.000000e+000
    endloop
  endfacet
  facet normal  0.000000e+000  0.000000e+000 -1.000000e+000
    outer loop
      vertex  1.165130e+000 -1.971282e+001  0.000000e+000
      vertex -1.165130e+000 -1.971282e+001  0.000000e+000
      vertex -1.062547e+000 -1.944233e+001  0.000000e+000
    endloop
  endfacet
  facet normal  0.000000e+000  0.000000e+000 -1.000000e+000
    outer loop
      vertex  1.165130e+000 -1.971282e+001  0.000000e+000
      vertex -1.062547e+000 -1.944233e+001  0.000000e+000
      vertex  1.062547e+000 -1.944233e+001  0.000000e+000
    endloop
  endfacet
  facet normal  0.000000e+000  0.000000e+000 -1.000000e+000
    outer loop
      vertex  1.062547e+000 -1.944233e+001  0.000000e+000
      vertex -1.062547e+000 -1.944233e+001  0.000000e+000
      vertex -8.982127e-001 -1.920425e+001  0.000000e+000
    endloop
  endfacet
  facet normal  0.000000e+000  0.000000e+000 -9.999999e-001
    outer loop
      vertex  1.062547e+000 -1.944233e+001  0.000000e+000
      vertex -8.982127e-001 -1.920425e+001  0.000000e+000
      vertex  8.982130e-001 -1.920425e+001  0.000000e+000
    endloop
  endfacet
  facet normal  0.000000e+000  0.000000e+000 -1.000000e+000
    outer loop
      vertex  8.982130e-001 -1.920425e+001  0.000000e+000
      vertex -8.982127e-001 -1.920425e+001  0.000000e+000
      vertex -6.816775e-001 -1.901242e+001  0.000000e+000
    endloop
  endfacet
  facet normal  0.000000e+000  0.000000e+000 -1.000000e+000
    outer loop
      vertex  8.982130e-001 -1.920425e+001  0.000000e+000
      vertex -6.816775e-001 -1.901242e+001  0.000000e+000
      vertex  6.816778e-001 -1.901242e+001  0.000000e+000
    endloop
  endfacet
  facet normal  0.000000e+000  0.000000e+000 -1.000000e+000
    outer loop
      vertex  6.816778e-001 -1.901242e+001  0.000000e+000
      vertex -6.816775e-001 -1.901242e+001  0.000000e+000
      vertex -4.255257e-001 -1.887798e+001  0.000000e+000
    endloop
  endfacet
  facet normal  0.000000e+000  0.000000e+000 -1.000000e+000
    outer loop
      vertex  6.816778e-001 -1.901242e+001  0.000000e+000
      vertex -4.255257e-001 -1.887798e+001  0.000000e+000
      vertex  4.255260e-001 -1.887798e+001  0.000000e+000
    endloop
  endfacet
  facet normal  0.000000e+000  0.000000e+000 -9.999999e-001
    outer loop
      vertex  4.255260e-001 -1.887798e+001  0.000000e+000
      vertex -4.255257e-001 -1.887798e+001  0.000000e+000
      vertex -1.446438e-001 -1.880875e+001  0.000000e+000
    endloop
  endfacet
  facet normal  0.000000e+000  0.000000e+000 -1.000000e+000
    outer loop
      vertex  4.255260e-001 -1.887798e+001  0.000000e+000
      vertex -1.446438e-001 -1.880875e+001  0.000000e+000
      vertex  1.446442e-001 -1.880875e+001  0.000000e+000
    endloop
  endfacet
  facet normal  0.000000e+000  0.000000e+000 -1.000000e+000
    outer loop
      vertex -1.165130e+000 -1.971282e+001  0.000000e+000
      vertex  1.200000e+000 -2.000000e+001  0.000000e+000
      vertex -1.200000e+000 -2.000000e+001  0.000000e+000
    endloop
  endfacet
  facet normal  0.000000e+000  0.000000e+000 -1.000000e+000
    outer loop
      vertex -1.200000e+000 -2.000000e+001  0.000000e+000
      vertex  1.200000e+000 -2.000000e+001  0.000000e+000
      vertex  1.165130e+000 -2.028718e+001  0.000000e+000
    endloop
  endfacet
  facet normal  0.000000e+000  0.000000e+000 -1.000000e+000
    outer loop
      vertex -1.200000e+000 -2.000000e+001  0.000000e+000
      vertex  1.165130e+000 -2.028718e+001  0.000000e+000
      vertex -1.165130e+000 -2.028718e+001  0.000000e+000
    endloop
  endfacet
  facet normal  0.000000e+000  0.000000e+000 -1.000000e+000
    outer loop
      vertex -1.165130e+000 -2.028718e+001  0.000000e+000
      vertex  1.165130e+000 -2.028718e+001  0.000000e+000
      vertex  1.062547e+000 -2.055767e+001  0.000000e+000
    endloop
  endfacet
  facet normal  0.000000e+000  0.000000e+000 -1.000000e+000
    outer loop
      vertex -1.165130e+000 -2.028718e+001  0.000000e+000
      vertex  1.062547e+000 -2.055767e+001  0.000000e+000
      vertex -1.062547e+000 -2.055767e+001  0.000000e+000
    endloop
  endfacet
  facet normal  0.000000e+000  0.000000e+000 -1.000000e+000
    outer loop
      vertex -1.062547e+000 -2.055767e+001  0.000000e+000
      vertex  1.062547e+000 -2.055767e+001  0.000000e+000
      vertex  8.982129e-001 -2.079575e+001  0.000000e+000
    endloop
  endfacet
  facet normal  0.000000e+000  0.000000e+000 -1.000000e+000
    outer loop
      vertex -1.062547e+000 -2.055767e+001  0.000000e+000
      vertex  8.982129e-001 -2.079575e+001  0.000000e+000
      vertex -8.982129e-001 -2.079575e+001  0.000000e+000
    endloop
  endfacet
  facet normal  0.000000e+000  0.000000e+000 -1.000000e+000
    outer loop
      vertex -8.982129e-001 -2.079575e+001  0.000000e+000
      vertex  8.982129e-001 -2.079575e+001  0.000000e+000
      vertex  6.816777e-001 -2.098758e+001  0.000000e+000
    endloop
  endfacet
  facet normal  0.000000e+000  0.000000e+000 -1.000000e+000
    outer loop
      vertex -8.982129e-001 -2.079575e+001  0.000000e+000
      vertex  6.816777e-001 -2.098758e+001  0.000000e+000
      vertex -6.816777e-001 -2.098758e+001  0.000000e+000
    endloop
  endfacet
  facet normal  0.000000e+000  0.000000e+000 -1.000000e+000
    outer loop
      vertex -6.816777e-001 -2.098758e+001  0.000000e+000
      vertex  6.816777e-001 -2.098758e+001  0.000000e+000
      vertex  4.255259e-001 -2.112202e+001  0.000000e+000
    endloop
  endfacet
  facet normal  0.000000e+000  0.000000e+000 -1.000000e+000
    outer loop
      vertex -6.816777e-001 -2.098758e+001  0.000000e+000
      vertex  4.255259e-001 -2.112202e+001  0.000000e+000
      vertex -4.255259e-001 -2.112202e+001  0.000000e+000
    endloop
  endfacet
  facet normal  0.000000e+000  0.000000e+000 -1.000000e+000
    outer loop
      vertex -4.255259e-001 -2.112202e+001  0.000000e+000
      vertex  4.255259e-001 -2.112202e+001  0.000000e+000
      vertex  1.446440e-001 -2.119125e+001  0.000000e+000
    endloop
  endfacet
  facet normal  0.000000e+000  0.000000e+000 -1.000000e+000
    outer loop
      vertex -4.255259e-001 -2.112202e+001  0.000000e+000
      vertex  1.446440e-001 -2.119125e+001  0.000000e+000
      vertex -1.446440e-001 -2.119125e+001  0.000000e+000
    endloop
  endfacet
  facet normal  9.945218e-001 -1.045285e-001  0.000000e+000
    outer loop
      vertex  1.600000e+000 -2.000000e+001  4.000000e-001
      vertex  1.600000e+000 -2.000000e+001  1.600000e+000
      vertex  1.565036e+000 -2.033266e+001  4.000000e-001
    endloop
  endfacet
  facet normal  9.945218e-001 -1.045285e-001  0.000000e+000
    outer loop
      vertex  1.565036e+000 -2.033266e+001  4.000000e-001
      vertex  1.600000e+000 -2.000000e+001  1.600000e+000
      vertex  1.565036e+000 -2.033266e+001  1.600000e+000
    endloop
  endfacet
  facet normal  9.510562e-001 -3.090177e-001  0.000000e+000
    outer loop
      vertex  1.565036e+000 -2.033266e+001  4.000000e-001
      vertex  1.565036e+000 -2.033266e+001  1.600000e+000
      vertex  1.461673e+000 -2.065078e+001  4.000000e-001
    endloop
  endfacet
  facet normal  9.510562e-001 -3.090177e-001  0.000000e+000
    outer loop
      vertex  1.461673e+000 -2.065078e+001  4.000000e-001
      vertex  1.565036e+000 -2.033266e+001  1.600000e+000
      vertex  1.461673e+000 -2.065078e+001  1.600000e+000
    endloop
  endfacet
  facet normal  8.660259e-001 -4.999991e-001  0.000000e+000
    outer loop
      vertex  1.461673e+000 -2.065078e+001  4.000000e-001
      vertex  1.461673e+000 -2.065078e+001  1.600000e+000
      vertex  1.294427e+000 -2.094046e+001  4.000000e-001
    endloop
  endfacet
  facet normal  8.660259e-001 -4.999991e-001  0.000000e+000
    outer loop
      vertex  1.294427e+000 -2.094046e+001  4.000000e-001
      vertex  1.461673e+000 -2.065078e+001  1.600000e+000
      vertex  1.294427e+000 -2.094046e+001  1.600000e+000
    endloop
  endfacet
  facet normal  7.431447e-001 -6.691307e-001  0.000000e+000
    outer loop
      vertex  1.294427e+000 -2.094046e+001  4.000000e-001
      vertex  1.294427e+000 -2.094046e+001  1.600000e+000
      vertex  1.070609e+000 -2.118903e+001  4.000000e-001
    endloop
  endfacet
  facet normal  7.431447e-001 -6.691307e-001  0.000000e+000
    outer loop
      vertex  1.070609e+000 -2.118903e+001  4.000000e-001
      vertex  1.294427e+000 -2.094046e+001  1.600000e+000
      vertex  1.070609e+000 -2.118903e+001  1.600000e+000
    endloop
  endfacet
  facet normal  5.877864e-001 -8.090162e-001  0.000000e+000
    outer loop
      vertex  1.070609e+000 -2.118903e+001  4.000000e-001
      vertex  1.070609e+000 -2.118903e+001  1.600000e+000
      vertex  8.000000e-001 -2.138564e+001  4.000000e-001
    endloop
  endfacet
  facet normal  5.877864e-001 -8.090162e-001  0.000000e+000
    outer loop
      vertex  8.000000e-001 -2.138564e+001  4.000000e-001
      vertex  1.070609e+000 -2.118903e+001  1.600000e+000
      vertex  8.000000e-001 -2.138564e+001  1.600000e+000
    endloop
  endfacet
  facet normal  4.067354e-001 -9.135461e-001  0.000000e+000
    outer loop
      vertex  8.000000e-001 -2.138564e+001  4.000000e-001
      vertex  8.000000e-001 -2.138564e+001  1.600000e+000
      vertex  4.944272e-001 -2.152169e+001  4.000000e-001
    endloop
  endfacet
  facet normal  4.067354e-001 -9.135461e-001  0.000000e+000
    outer loop
      vertex  4.944272e-001 -2.152169e+001  4.000000e-001
      vertex  8.000000e-001 -2.138564e+001  1.600000e+000
      vertex  4.944272e-001 -2.152169e+001  1.600000e+000
    endloop
  endfacet
  facet normal  2.079095e-001 -9.781480e-001  0.000000e+000
    outer loop
      vertex  4.944272e-001 -2.152169e+001  4.000000e-001
      vertex  4.944272e-001 -2.152169e+001  1.600000e+000
      vertex  1.672455e-001 -2.159123e+001  4.000000e-001
    endloop
  endfacet
  facet normal  2.079095e-001 -9.781480e-001  0.000000e+000
    outer loop
      vertex  1.672455e-001 -2.159123e+001  4.000000e-001
      vertex  4.944272e-001 -2.152169e+001  1.600000e+000
      vertex  1.672455e-001 -2.159123e+001  1.600000e+000
    endloop
  endfacet
  facet normal  0.000000e+000 -9.999999e-001  -0.000000e+000
    outer loop
      vertex  1.672455e-001 -2.159123e+001  4.000000e-001
      vertex  1.672455e-001 -2.159123e+001  1.600000e+000
      vertex -1.672455e-001 -2.159123e+001  4.000000e-001
    endloop
  endfacet
  facet normal  0.000000e+000 -9.999999e-001  0.000000e+000
    outer loop
      vertex -1.672455e-001 -2.159123e+001  4.000000e-001
      vertex  1.672455e-001 -2.159123e+001  1.600000e+000
      vertex -1.672455e-001 -2.159123e+001  1.600000e+000
    endloop
  endfacet
  facet normal -2.079095e-001 -9.781480e-001  -0.000000e+000
    outer loop
      vertex -1.672455e-001 -2.159123e+001  4.000000e-001
      vertex -1.672455e-001 -2.159123e+001  1.600000e+000
      vertex -4.944272e-001 -2.152169e+001  4.000000e-001
    endloop
  endfacet
  facet normal -2.079095e-001 -9.781480e-001  0.000000e+000
    outer loop
      vertex -4.944272e-001 -2.152169e+001  4.000000e-001
      vertex -1.672455e-001 -2.159123e+001  1.600000e+000
      vertex -4.944272e-001 -2.152169e+001  1.600000e+000
    endloop
  endfacet
  facet normal -4.067354e-001 -9.135461e-001  -0.000000e+000
    outer loop
      vertex -4.944272e-001 -2.152169e+001  4.000000e-001
      vertex -4.944272e-001 -2.152169e+001  1.600000e+000
      vertex -8.000000e-001 -2.138564e+001  4.000000e-001
    endloop
  endfacet
  facet normal -4.067354e-001 -9.135461e-001  0.000000e+000
    outer loop
      vertex -8.000000e-001 -2.138564e+001  4.000000e-001
      vertex -4.944272e-001 -2.152169e+001  1.600000e+000
      vertex -8.000000e-001 -2.138564e+001  1.600000e+000
    endloop
  endfacet
  facet normal -5.877864e-001 -8.090162e-001  -0.000000e+000
    outer loop
      vertex -8.000000e-001 -2.138564e+001  4.000000e-001
      vertex -8.000000e-001 -2.138564e+001  1.600000e+000
      vertex -1.070609e+000 -2.118903e+001  4.000000e-001
    endloop
  endfacet
  facet normal -5.877864e-001 -8.090162e-001  0.000000e+000
    outer loop
      vertex -1.070609e+000 -2.118903e+001  4.000000e-001
      vertex -8.000000e-001 -2.138564e+001  1.600000e+000
      vertex -1.070609e+000 -2.118903e+001  1.600000e+000
    endloop
  endfacet
  facet normal -7.431447e-001 -6.691307e-001  -0.000000e+000
    outer loop
      vertex -1.070609e+000 -2.118903e+001  4.000000e-001
      vertex -1.070609e+000 -2.118903e+001  1.600000e+000
      vertex -1.294427e+000 -2.094046e+001  4.000000e-001
    endloop
  endfacet
  facet normal -7.431447e-001 -6.691307e-001  0.000000e+000
    outer loop
      vertex -1.294427e+000 -2.094046e+001  4.000000e-001
      vertex -1.070609e+000 -2.118903e+001  1.600000e+000
      vertex -1.294427e+000 -2.094046e+001  1.600000e+000
    endloop
  endfacet
  facet normal -8.660259e-001 -4.999991e-001  -0.000000e+000
    outer loop
      vertex -1.294427e+000 -2.094046e+001  4.000000e-001
      vertex -1.294427e+000 -2.094046e+001  1.600000e+000
      vertex -1.461673e+000 -2.065078e+001  4.000000e-001
    endloop
  endfacet
  facet normal -8.660259e-001 -4.999991e-001  0.000000e+000
    outer loop
      vertex -1.461673e+000 -2.065078e+001  4.000000e-001
      vertex -1.294427e+000 -2.094046e+001  1.600000e+000
      vertex -1.461673e+000 -2.065078e+001  1.600000e+000
    endloop
  endfacet
  facet normal -9.510562e-001 -3.090177e-001  -0.000000e+000
    outer loop
      vertex -1.461673e+000 -2.065078e+001  4.000000e-001
      vertex -1.461673e+000 -2.065078e+001  1.600000e+000
      vertex -1.565036e+000 -2.033266e+001  4.000000e-001
    endloop
  endfacet
  facet normal -9.510562e-001 -3.090177e-001  0.000000e+000
    outer loop
      vertex -1.565036e+000 -2.033266e+001  4.000000e-001
      vertex -1.461673e+000 -2.065078e+001  1.600000e+000
      vertex -1.565036e+000 -2.033266e+001  1.600000e+000
    endloop
  endfacet
  facet normal -9.945218e-001 -1.045285e-001  -0.000000e+000
    outer loop
      vertex -1.565036e+000 -2.033266e+001  4.000000e-001
      vertex -1.565036e+000 -2.033266e+001  1.600000e+000
      vertex -1.600000e+000 -2.000000e+001  4.000000e-001
    endloop
  endfacet
  facet normal -9.945218e-001 -1.045285e-001  0.000000e+000
    outer loop
      vertex -1.600000e+000 -2.000000e+001  4.000000e-001
      vertex -1.565036e+000 -2.033266e+001  1.600000e+000
      vertex -1.600000e+000 -2.000000e+001  1.600000e+000
    endloop
  endfacet
  facet normal -9.945218e-001  1.045285e-001  0.000000e+000
    outer loop
      vertex -1.600000e+000 -2.000000e+001  4.000000e-001
      vertex -1.600000e+000 -2.000000e+001  1.600000e+000
      vertex -1.565036e+000 -1.966734e+001  4.000000e-001
    endloop
  endfacet
  facet normal -9.945218e-001  1.045285e-001  0.000000e+000
    outer loop
      vertex -1.565036e+000 -1.966734e+001  4.000000e-001
      vertex -1.600000e+000 -2.000000e+001  1.600000e+000
      vertex -1.565036e+000 -1.966734e+001  1.600000e+000
    endloop
  endfacet
  facet normal -9.510562e-001  3.090177e-001  0.000000e+000
    outer loop
      vertex -1.565036e+000 -1.966734e+001  4.000000e-001
      vertex -1.565036e+000 -1.966734e+001  1.600000e+000
      vertex -1.461673e+000 -1.934922e+001  4.000000e-001
    endloop
  endfacet
  facet normal -9.510562e-001  3.090177e-001  0.000000e+000
    outer loop
      vertex -1.461673e+000 -1.934922e+001  4.000000e-001
      vertex -1.565036e+000 -1.966734e+001  1.600000e+000
      vertex -1.461673e+000 -1.934922e+001  1.600000e+000
    endloop
  endfacet
  facet normal -8.660259e-001  4.999991e-001  0.000000e+000
    outer loop
      vertex -1.461673e+000 -1.934922e+001  4.000000e-001
      vertex -1.461673e+000 -1.934922e+001  1.600000e+000
      vertex -1.294427e+000 -1.905954e+001  4.000000e-001
    endloop
  endfacet
  facet normal -8.660259e-001  4.999991e-001  0.000000e+000
    outer loop
      vertex -1.294427e+000 -1.905954e+001  4.000000e-001
      vertex -1.461673e+000 -1.934922e+001  1.600000e+000
      vertex -1.294427e+000 -1.905954e+001  1.600000e+000
    endloop
  endfacet
  facet normal -7.431447e-001  6.691307e-001  0.000000e+000
    outer loop
      vertex -1.294427e+000 -1.905954e+001  4.000000e-001
      vertex -1.294427e+000 -1.905954e+001  1.600000e+000
      vertex -1.070609e+000 -1.881097e+001  4.000000e-001
    endloop
  endfacet
  facet normal -7.431447e-001  6.691307e-001  0.000000e+000
    outer loop
      vertex -1.070609e+000 -1.881097e+001  4.000000e-001
      vertex -1.294427e+000 -1.905954e+001  1.600000e+000
      vertex -1.070609e+000 -1.881097e+001  1.600000e+000
    endloop
  endfacet
  facet normal -5.877864e-001  8.090162e-001  0.000000e+000
    outer loop
      vertex -1.070609e+000 -1.881097e+001  4.000000e-001
      vertex -1.070609e+000 -1.881097e+001  1.600000e+000
      vertex -8.000000e-001 -1.861436e+001  4.000000e-001
    endloop
  endfacet
  facet normal -5.877864e-001  8.090162e-001  0.000000e+000
    outer loop
      vertex -8.000000e-001 -1.861436e+001  4.000000e-001
      vertex -1.070609e+000 -1.881097e+001  1.600000e+000
      vertex -8.000000e-001 -1.861436e+001  1.600000e+000
    endloop
  endfacet
  facet normal -4.067354e-001  9.135461e-001  0.000000e+000
    outer loop
      vertex -8.000000e-001 -1.861436e+001  4.000000e-001
      vertex -8.000000e-001 -1.861436e+001  1.600000e+000
      vertex -4.944272e-001 -1.847831e+001  4.000000e-001
    endloop
  endfacet
  facet normal -4.067354e-001  9.135461e-001  0.000000e+000
    outer loop
      vertex -4.944272e-001 -1.847831e+001  4.000000e-001
      vertex -8.000000e-001 -1.861436e+001  1.600000e+000
      vertex -4.944272e-001 -1.847831e+001  1.600000e+000
    endloop
  endfacet
  facet normal -2.079095e-001  9.781480e-001  0.000000e+000
    outer loop
      vertex -4.944272e-001 -1.847831e+001  4.000000e-001
      vertex -4.944272e-001 -1.847831e+001  1.600000e+000
      vertex -1.672455e-001 -1.840877e+001  4.000000e-001
    endloop
  endfacet
  facet normal -2.079095e-001  9.781480e-001  0.000000e+000
    outer loop
      vertex -1.672455e-001 -1.840877e+001  4.000000e-001
      vertex -4.944272e-001 -1.847831e+001  1.600000e+000
      vertex -1.672455e-001 -1.840877e+001  1.600000e+000
    endloop
  endfacet
  facet normal  0.000000e+000  9.999999e-001  0.000000e+000
    outer loop
      vertex -1.672455e-001 -1.840877e+001  4.000000e-001
      vertex -1.672455e-001 -1.840877e+001  1.600000e+000
      vertex  1.672455e-001 -1.840877e+001  4.000000e-001
    endloop
  endfacet
  facet normal  0.000000e+000  9.999999e-001  -0.000000e+000
    outer loop
      vertex  1.672455e-001 -1.840877e+001  4.000000e-001
      vertex -1.672455e-001 -1.840877e+001  1.600000e+000
      vertex  1.672455e-001 -1.840877e+001  1.600000e+000
    endloop
  endfacet
  facet normal  2.079095e-001  9.781480e-001  0.000000e+000
    outer loop
      vertex  1.672455e-001 -1.840877e+001  4.000000e-001
      vertex  1.672455e-001 -1.840877e+001  1.600000e+000
      vertex  4.944272e-001 -1.847831e+001  4.000000e-001
    endloop
  endfacet
  facet normal  2.079095e-001  9.781480e-001  -0.000000e+000
    outer loop
      vertex  4.944272e-001 -1.847831e+001  4.000000e-001
      vertex  1.672455e-001 -1.840877e+001  1.600000e+000
      vertex  4.944272e-001 -1.847831e+001  1.600000e+000
    endloop
  endfacet
  facet normal  4.067354e-001  9.135461e-001  0.000000e+000
    outer loop
      vertex  4.944272e-001 -1.847831e+001  4.000000e-001
      vertex  4.944272e-001 -1.847831e+001  1.600000e+000
      vertex  8.000000e-001 -1.861436e+001  4.000000e-001
    endloop
  endfacet
  facet normal  4.067354e-001  9.135461e-001  -0.000000e+000
    outer loop
      vertex  8.000000e-001 -1.861436e+001  4.000000e-001
      vertex  4.944272e-001 -1.847831e+001  1.600000e+000
      vertex  8.000000e-001 -1.861436e+001  1.600000e+000
    endloop
  endfacet
  facet normal  5.877864e-001  8.090162e-001  0.000000e+000
    outer loop
      vertex  8.000000e-001 -1.861436e+001  4.000000e-001
      vertex  8.000000e-001 -1.861436e+001  1.600000e+000
      vertex  1.070609e+000 -1.881097e+001  4.000000e-001
    endloop
  endfacet
  facet normal  5.877864e-001  8.090162e-001  -0.000000e+000
    outer loop
      vertex  1.070609e+000 -1.881097e+001  4.000000e-001
      vertex  8.000000e-001 -1.861436e+001  1.600000e+000
      vertex  1.070609e+000 -1.881097e+001  1.600000e+000
    endloop
  endfacet
  facet normal  7.431447e-001  6.691307e-001  0.000000e+000
    outer loop
      vertex  1.070609e+000 -1.881097e+001  4.000000e-001
      vertex  1.070609e+000 -1.881097e+001  1.600000e+000
      vertex  1.294427e+000 -1.905954e+001  4.000000e-001
    endloop
  endfacet
  facet normal  7.431447e-001  6.691307e-001  -0.000000e+000
    outer loop
      vertex  1.294427e+000 -1.905954e+001  4.000000e-001
      vertex  1.070609e+000 -1.881097e+001  1.600000e+000
      vertex  1.294427e+000 -1.905954e+001  1.600000e+000
    endloop
  endfacet
  facet normal  8.660259e-001  4.999991e-001  0.000000e+000
    outer loop
      vertex  1.294427e+000 -1.905954e+001  4.000000e-001
      vertex  1.294427e+000 -1.905954e+001  1.600000e+000
      vertex  1.461673e+000 -1.934922e+001  4.000000e-001
    endloop
  endfacet
  facet normal  8.660259e-001  4.999991e-001  -0.000000e+000
    outer loop
      vertex  1.461673e+000 -1.934922e+001  4.000000e-001
      vertex  1.294427e+000 -1.905954e+001  1.600000e+000
      vertex  1.461673e+000 -1.934922e+001  1.600000e+000
    endloop
  endfacet
  facet normal  9.510562e-001  3.090177e-001  0.000000e+000
    outer loop
      vertex  1.461673e+000 -1.934922e+001  4.000000e-001
      vertex  1.461673e+000 -1.934922e+001  1.600000e+000
      vertex  1.565036e+000 -1.966734e+001  4.000000e-001
    endloop
  endfacet
  facet normal  9.510562e-001  3.090177e-001  -0.000000e+000
    outer loop
      vertex  1.565036e+000 -1.966734e+001  4.000000e-001
      vertex  1.461673e+000 -1.934922e+001  1.600000e+000
      vertex  1.565036e+000 -1.966734e+001  1.600000e+000
    endloop
  endfacet
  facet normal  9.945218e-001  1.045285e-001  0.000000e+000
    outer loop
      vertex  1.565036e+000 -1.966734e+001  4.000000e-001
      vertex  1.565036e+000 -1.966734e+001  1.600000e+000
      vertex  1.600000e+000 -2.000000e+001  4.000000e-001
    endloop
  endfacet
  facet normal  9.945218e-001  1.045285e-001  -0.000000e+000
    outer loop
      vertex  1.600000e+000 -2.000000e+001  4.000000e-001
      vertex  1.565036e+000 -1.966734e+001  1.600000e+000
      vertex  1.600000e+000 -2.000000e+001  1.600000e+000
    endloop
  endfacet
  facet normal -7.051620e-001 -7.411552e-002 -7.051620e-001
    outer loop
      vertex -1.200000e+000 -2.000000e+001  0.000000e+000
      vertex -1.565036e+000 -2.033266e+001  4.000000e-001
      vertex -1.600000e+000 -2.000000e+001  4.000000e-001
    endloop
  endfacet
  facet normal -6.997851e-001 -8.496974e-002 -7.092819e-001
    outer loop
      vertex -1.200000e+000 -2.000000e+001  0.000000e+000
      vertex -1.165130e+000 -2.028718e+001  0.000000e+000
      vertex -1.565036e+000 -2.033266e+001  4.000000e-001
    endloop
  endfacet
  facet normal  6.997851e-001 -8.496974e-002 -7.092819e-001
    outer loop
      vertex  1.200000e+000 -2.000000e+001  0.000000e+000
      vertex  1.565036e+000 -2.033266e+001  4.000000e-001
      vertex  1.165130e+000 -2.028718e+001  0.000000e+000
    endloop
  endfacet
  facet normal  7.051620e-001 -7.411552e-002 -7.051620e-001
    outer loop
      vertex  1.200000e+000 -2.000000e+001  0.000000e+000
      vertex  1.600000e+000 -2.000000e+001  4.000000e-001
      vertex  1.565036e+000 -2.033266e+001  4.000000e-001
    endloop
  endfacet
  facet normal -6.772327e-001 -2.200468e-001 -7.020934e-001
    outer loop
      vertex -1.165130e+000 -2.028718e+001  0.000000e+000
      vertex -1.461673e+000 -2.065078e+001  4.000000e-001
      vertex -1.565036e+000 -2.033266e+001  4.000000e-001
    endloop
  endfacet
  facet normal -6.183664e-001 -3.570132e-001 -7.001175e-001
    outer loop
      vertex -1.062547e+000 -2.055767e+001  0.000000e+000
      vertex -1.294427e+000 -2.094046e+001  4.000000e-001
      vertex -1.461673e+000 -2.065078e+001  4.000000e-001
    endloop
  endfacet
  facet normal -6.560479e-001 -2.488047e-001 -7.125288e-001
    outer loop
      vertex -1.062547e+000 -2.055767e+001  0.000000e+000
      vertex -1.461673e+000 -2.065078e+001  4.000000e-001
      vertex -1.165130e+000 -2.028718e+001  0.000000e+000
    endloop
  endfacet
  facet normal -5.312456e-001 -4.783358e-001 -6.992660e-001
    outer loop
      vertex -8.982129e-001 -2.079575e+001  0.000000e+000
      vertex -1.070609e+000 -2.118903e+001  4.000000e-001
      vertex -1.294427e+000 -2.094046e+001  4.000000e-001
    endloop
  endfacet
  facet normal -5.759444e-001 -3.975462e-001 -7.143144e-001
    outer loop
      vertex -8.982129e-001 -2.079575e+001  0.000000e+000
      vertex -1.294427e+000 -2.094046e+001  4.000000e-001
      vertex -1.062547e+000 -2.055767e+001  0.000000e+000
    endloop
  endfacet
  facet normal -4.200223e-001 -5.781094e-001 -6.995504e-001
    outer loop
      vertex -6.816777e-001 -2.098758e+001  0.000000e+000
      vertex -8.000000e-001 -2.138564e+001  4.000000e-001
      vertex -1.070609e+000 -2.118903e+001  4.000000e-001
    endloop
  endfacet
  facet normal -4.638291e-001 -5.235547e-001 -7.146698e-001
    outer loop
      vertex -6.816777e-001 -2.098758e+001  0.000000e+000
      vertex -1.070609e+000 -2.118903e+001  4.000000e-001
      vertex -8.982129e-001 -2.079575e+001  0.000000e+000
    endloop
  endfacet
  facet normal -2.900810e-001 -6.515350e-001 -7.009674e-001
    outer loop
      vertex -4.255259e-001 -2.112202e+001  0.000000e+000
      vertex -4.944272e-001 -2.152169e+001  4.000000e-001
      vertex -8.000000e-001 -2.138564e+001  4.000000e-001
    endloop
  endfacet
  facet normal -3.255599e-001 -6.203085e-001 -7.136022e-001
    outer loop
      vertex -4.255259e-001 -2.112202e+001  0.000000e+000
      vertex -8.000000e-001 -2.138564e+001  4.000000e-001
      vertex -6.816777e-001 -2.098758e+001  0.000000e+000
    endloop
  endfacet
  facet normal -1.477616e-001 -6.951715e-001 -7.034935e-001
    outer loop
      vertex -1.446440e-001 -2.119125e+001  0.000000e+000
      vertex -1.672455e-001 -2.159123e+001  4.000000e-001
      vertex -4.944272e-001 -2.152169e+001  4.000000e-001
    endloop
  endfacet
  facet normal -1.682624e-001 -6.826685e-001 -7.110917e-001
    outer loop
      vertex -1.446440e-001 -2.119125e+001  0.000000e+000
      vertex -4.944272e-001 -2.152169e+001  4.000000e-001
      vertex -4.255259e-001 -2.112202e+001  0.000000e+000
    endloop
  endfacet
  facet normal  1.477616e-001 -6.951715e-001 -7.034935e-001
    outer loop
      vertex  1.446440e-001 -2.119125e+001  0.000000e+000
      vertex  4.944272e-001 -2.152169e+001  4.000000e-001
      vertex  1.672455e-001 -2.159123e+001  4.000000e-001
    endloop
  endfacet
  facet normal  0.000000e+000 -7.071206e-001 -7.070930e-001
    outer loop
      vertex  1.446440e-001 -2.119125e+001  0.000000e+000
      vertex  1.672455e-001 -2.159123e+001  4.000000e-001
      vertex -1.446440e-001 -2.119125e+001  0.000000e+000
    endloop
  endfacet
  facet normal  -0.000000e+000 -7.071206e-001 -7.070929e-001
    outer loop
      vertex -1.446440e-001 -2.119125e+001  0.000000e+000
      vertex  1.672455e-001 -2.159123e+001  4.000000e-001
      vertex -1.672455e-001 -2.159123e+001  4.000000e-001
    endloop
  endfacet
  facet normal  2.900810e-001 -6.515350e-001 -7.009674e-001
    outer loop
      vertex  4.255259e-001 -2.112202e+001  0.000000e+000
      vertex  8.000000e-001 -2.138564e+001  4.000000e-001
      vertex  4.944272e-001 -2.152169e+001  4.000000e-001
    endloop
  endfacet
  facet normal  1.682624e-001 -6.826685e-001 -7.110917e-001
    outer loop
      vertex  4.255259e-001 -2.112202e+001  0.000000e+000
      vertex  4.944272e-001 -2.152169e+001  4.000000e-001
      vertex  1.446440e-001 -2.119125e+001  0.000000e+000
    endloop
  endfacet
  facet normal  4.200223e-001 -5.781094e-001 -6.995503e-001
    outer loop
      vertex  6.816777e-001 -2.098758e+001  0.000000e+000
      vertex  1.070609e+000 -2.118903e+001  4.000000e-001
      vertex  8.000000e-001 -2.138564e+001  4.000000e-001
    endloop
  endfacet
  facet normal  3.255599e-001 -6.203085e-001 -7.136022e-001
    outer loop
      vertex  6.816777e-001 -2.098758e+001  0.000000e+000
      vertex  8.000000e-001 -2.138564e+001  4.000000e-001
      vertex  4.255259e-001 -2.112202e+001  0.000000e+000
    endloop
  endfacet
  facet normal  5.312456e-001 -4.783358e-001 -6.992660e-001
    outer loop
      vertex  8.982129e-001 -2.079575e+001  0.000000e+000
      vertex  1.294427e+000 -2.094046e+001  4.000000e-001
      vertex  1.070609e+000 -2.118903e+001  4.000000e-001
    endloop
  endfacet
  facet normal  4.638291e-001 -5.235547e-001 -7.146698e-001
    outer loop
      vertex  8.982129e-001 -2.079575e+001  0.000000e+000
      vertex  1.070609e+000 -2.118903e+001  4.000000e-001
      vertex  6.816777e-001 -2.098758e+001  0.000000e+000
    endloop
  endfacet
  facet normal  6.183664e-001 -3.570132e-001 -7.001175e-001
    outer loop
      vertex  1.062547e+000 -2.055767e+001  0.000000e+000
      vertex  1.461673e+000 -2.065078e+001  4.000000e-001
      vertex  1.294427e+000 -2.094046e+001  4.000000e-001
    endloop
  endfacet
  facet normal  5.759444e-001 -3.975462e-001 -7.143144e-001
    outer loop
      vertex  1.062547e+000 -2.055767e+001  0.000000e+000
      vertex  1.294427e+000 -2.094046e+001  4.000000e-001
      vertex  8.982129e-001 -2.079575e+001  0.000000e+000
    endloop
  endfacet
  facet normal  6.772327e-001 -2.200468e-001 -7.020934e-001
    outer loop
      vertex  1.165130e+000 -2.028718e+001  0.000000e+000
      vertex  1.565036e+000 -2.033266e+001  4.000000e-001
      vertex  1.461673e+000 -2.065078e+001  4.000000e-001
    endloop
  endfacet
  facet normal  6.560479e-001 -2.488047e-001 -7.125288e-001
    outer loop
      vertex  1.165130e+000 -2.028718e+001  0.000000e+000
      vertex  1.461673e+000 -2.065078e+001  4.000000e-001
      vertex  1.062547e+000 -2.055767e+001  0.000000e+000
    endloop
  endfacet
  facet normal  7.051620e-001  7.411552e-002 -7.051620e-001
    outer loop
      vertex  1.200000e+000 -2.000000e+001  0.000000e+000
      vertex  1.565036e+000 -1.966734e+001  4.000000e-001
      vertex  1.600000e+000 -2.000000e+001  4.000000e-001
    endloop
  endfacet
  facet normal  6.997851e-001  8.496974e-002 -7.092819e-001
    outer loop
      vertex  1.200000e+000 -2.000000e+001  0.000000e+000
      vertex  1.165130e+000 -1.971282e+001  0.000000e+000
      vertex  1.565036e+000 -1.966734e+001  4.000000e-001
    endloop
  endfacet
  facet normal -6.997854e-001  8.496921e-002 -7.092817e-001
    outer loop
      vertex -1.200000e+000 -2.000000e+001  0.000000e+000
      vertex -1.565036e+000 -1.966734e+001  4.000000e-001
      vertex -1.165130e+000 -1.971282e+001  0.000000e+000
    endloop
  endfacet
  facet normal -7.051620e-001  7.411552e-002 -7.051620e-001
    outer loop
      vertex -1.200000e+000 -2.000000e+001  0.000000e+000
      vertex -1.600000e+000 -2.000000e+001  4.000000e-001
      vertex -1.565036e+000 -1.966734e+001  4.000000e-001
    endloop
  endfacet
  facet normal  6.772327e-001  2.200468e-001 -7.020934e-001
    outer loop
      vertex  1.165130e+000 -1.971282e+001  0.000000e+000
      vertex  1.461673e+000 -1.934922e+001  4.000000e-001
      vertex  1.565036e+000 -1.966734e+001  4.000000e-001
    endloop
  endfacet
  facet normal  6.183664e-001  3.570132e-001 -7.001175e-001
    outer loop
      vertex  1.062547e+000 -1.944233e+001  0.000000e+000
      vertex  1.294427e+000 -1.905954e+001  4.000000e-001
      vertex  1.461673e+000 -1.934922e+001  4.000000e-001
    endloop
  endfacet
  facet normal  6.560479e-001  2.488047e-001 -7.125288e-001
    outer loop
      vertex  1.062547e+000 -1.944233e+001  0.000000e+000
      vertex  1.461673e+000 -1.934922e+001  4.000000e-001
      vertex  1.165130e+000 -1.971282e+001  0.000000e+000
    endloop
  endfacet
  facet normal  5.312457e-001  4.783359e-001 -6.992660e-001
    outer loop
      vertex  8.982130e-001 -1.920425e+001  0.000000e+000
      vertex  1.070609e+000 -1.881097e+001  4.000000e-001
      vertex  1.294427e+000 -1.905954e+001  4.000000e-001
    endloop
  endfacet
  facet normal  5.759444e-001  3.975461e-001 -7.143143e-001
    outer loop
      vertex  8.982130e-001 -1.920425e+001  0.000000e+000
      vertex  1.294427e+000 -1.905954e+001  4.000000e-001
      vertex  1.062547e+000 -1.944233e+001  0.000000e+000
    endloop
  endfacet
  facet normal  4.200223e-001  5.781094e-001 -6.995503e-001
    outer loop
      vertex  6.816778e-001 -1.901242e+001  0.000000e+000
      vertex  8.000000e-001 -1.861436e+001  4.000000e-001
      vertex  1.070609e+000 -1.881097e+001  4.000000e-001
    endloop
  endfacet
  facet normal  4.638291e-001  5.235547e-001 -7.146697e-001
    outer loop
      vertex  6.816778e-001 -1.901242e+001  0.000000e+000
      vertex  1.070609e+000 -1.881097e+001  4.000000e-001
      vertex  8.982130e-001 -1.920425e+001  0.000000e+000
    endloop
  endfacet
  facet normal  2.900810e-001  6.515350e-001 -7.009674e-001
    outer loop
      vertex  4.255260e-001 -1.887798e+001  0.000000e+000
      vertex  4.944272e-001 -1.847831e+001  4.000000e-001
      vertex  8.000000e-001 -1.861436e+001  4.000000e-001
    endloop
  endfacet
  facet normal  3.255600e-001  6.203085e-001 -7.136022e-001
    outer loop
      vertex  4.255260e-001 -1.887798e+001  0.000000e+000
      vertex  8.000000e-001 -1.861436e+001  4.000000e-001
      vertex  6.816778e-001 -1.901242e+001  0.000000e+000
    endloop
  endfacet
  facet normal  1.477616e-001  6.951715e-001 -7.034935e-001
    outer loop
      vertex  1.446442e-001 -1.880875e+001  0.000000e+000
      vertex  1.672455e-001 -1.840877e+001  4.000000e-001
      vertex  4.944272e-001 -1.847831e+001  4.000000e-001
    endloop
  endfacet
  facet normal  1.682625e-001  6.826686e-001 -7.110917e-001
    outer loop
      vertex  1.446442e-001 -1.880875e+001  0.000000e+000
      vertex  4.944272e-001 -1.847831e+001  4.000000e-001
      vertex  4.255260e-001 -1.887798e+001  0.000000e+000
    endloop
  endfacet
  facet normal -1.477616e-001  6.951715e-001 -7.034935e-001
    outer loop
      vertex -1.446438e-001 -1.880875e+001  0.000000e+000
      vertex -4.944272e-001 -1.847831e+001  4.000000e-001
      vertex -1.672455e-001 -1.840877e+001  4.000000e-001
    endloop
  endfacet
  facet normal  0.000000e+000  7.071206e-001 -7.070929e-001
    outer loop
      vertex -1.446438e-001 -1.880875e+001  0.000000e+000
      vertex -1.672455e-001 -1.840877e+001  4.000000e-001
      vertex  1.446442e-001 -1.880875e+001  0.000000e+000
    endloop
  endfacet
  facet normal  0.000000e+000  7.071206e-001 -7.070929e-001
    outer loop
      vertex  1.446442e-001 -1.880875e+001  0.000000e+000
      vertex -1.672455e-001 -1.840877e+001  4.000000e-001
      vertex  1.672455e-001 -1.840877e+001  4.000000e-001
    endloop
  endfacet
  facet normal -2.900809e-001  6.515349e-001 -7.009674e-001
    outer loop
      vertex -4.255257e-001 -1.887798e+001  0.000000e+000
      vertex -8.000000e-001 -1.861436e+001  4.000000e-001
      vertex -4.944272e-001 -1.847831e+001  4.000000e-001
    endloop
  endfacet
  facet normal -1.682624e-001  6.826685e-001 -7.110918e-001
    outer loop
      vertex -4.255257e-001 -1.887798e+001  0.000000e+000
      vertex -4.944272e-001 -1.847831e+001  4.000000e-001
      vertex -1.446438e-001 -1.880875e+001  0.000000e+000
    endloop
  endfacet
  facet normal -4.200222e-001  5.781093e-001 -6.995505e-001
    outer loop
      vertex -6.816775e-001 -1.901242e+001  0.000000e+000
      vertex -1.070609e+000 -1.881097e+001  4.000000e-001
      vertex -8.000000e-001 -1.861436e+001  4.000000e-001
    endloop
  endfacet
  facet normal -3.255598e-001  6.203084e-001 -7.136023e-001
    outer loop
      vertex -6.816775e-001 -1.901242e+001  0.000000e+000
      vertex -8.000000e-001 -1.861436e+001  4.000000e-001
      vertex -4.255257e-001 -1.887798e+001  0.000000e+000
    endloop
  endfacet
  facet normal -5.312455e-001  4.783358e-001 -6.992662e-001
    outer loop
      vertex -8.982127e-001 -1.920425e+001  0.000000e+000
      vertex -1.294427e+000 -1.905954e+001  4.000000e-001
      vertex -1.070609e+000 -1.881097e+001  4.000000e-001
    endloop
  endfacet
  facet normal -4.638291e-001  5.235546e-001 -7.146699e-001
    outer loop
      vertex -8.982127e-001 -1.920425e+001  0.000000e+000
      vertex -1.070609e+000 -1.881097e+001  4.000000e-001
      vertex -6.816775e-001 -1.901242e+001  0.000000e+000
    endloop
  endfacet
  facet normal -6.183663e-001  3.570131e-001 -7.001176e-001
    outer loop
      vertex -1.062547e+000 -1.944233e+001  0.000000e+000
      vertex -1.461673e+000 -1.934922e+001  4.000000e-001
      vertex -1.294427e+000 -1.905954e+001  4.000000e-001
    endloop
  endfacet
  facet normal -5.759442e-001  3.975462e-001 -7.143146e-001
    outer loop
      vertex -1.062547e+000 -1.944233e+001  0.000000e+000
      vertex -1.294427e+000 -1.905954e+001  4.000000e-001
      vertex -8.982127e-001 -1.920425e+001  0.000000e+000
    endloop
  endfacet
  facet normal -6.772333e-001  2.200470e-001 -7.020929e-001
    outer loop
      vertex -1.165130e+000 -1.971282e+001  0.000000e+000
      vertex -1.565036e+000 -1.966734e+001  4.000000e-001
      vertex -1.461673e+000 -1.934922e+001  4.000000e-001
    endloop
  endfacet
  facet normal -6.560473e-001  2.488064e-001 -7.125288e-001
    outer loop
      vertex -1.165130e+000 -1.971282e+001  0.000000e+000
      vertex -1.461673e+000 -1.934922e+001  4.000000e-001
      vertex -1.062547e+000 -1.944233e+001  0.000000e+000
    endloop
  endfacet
  facet normal  0.000000e+000  0.000000e+000 -1.000000e+000
    outer loop
      vertex  3.620000e+001  2.000000e+001  0.000000e+000
      vertex  3.383487e+001  2.028718e+001  0.000000e+000
      vertex  3.616513e+001  2.028718e+001  0.000000e+000
    endloop
  endfacet
  facet normal  0.000000e+000  0.000000e+000 -1.000000e+000
    outer loop
      vertex  3.616513e+001  2.028718e+001  0.000000e+000
      vertex  3.383487e+001  2.028718e+001  0.000000e+000
      vertex  3.393745e+001  2.055767e+001  0.000000e+000
    endloop
  endfacet
  facet normal  0.000000e+000  0.000000e+000 -1.000000e+000
    outer loop
      vertex  3.616513e+001  2.028718e+001  0.000000e+000
      vertex  3.393745e+001  2.055767e+001  0.000000e+000
      vertex  3.606255e+001  2.055767e+001  0.000000e+000
    endloop
  endfacet
  facet normal  0.000000e+000  0.000000e+000 -1.000000e+000
    outer loop
      vertex  3.606255e+001  2.055767e+001  0.000000e+000
      vertex  3.393745e+001  2.055767e+001  0.000000e+000
      vertex  3.410179e+001  2.079575e+001  0.000000e+000
    endloop
  endfacet
  facet normal  0.000000e+000  0.000000e+000 -1.000000e+000
    outer loop
      vertex  3.606255e+001  2.055767e+001  0.000000e+000
      vertex  3.410179e+001  2.079575e+001  0.000000e+000
      vertex  3.589821e+001  2.079575e+001  0.000000e+000
    endloop
  endfacet
  facet normal  0.000000e+000  0.000000e+000 -1.000000e+000
    outer loop
      vertex  3.589821e+001  2.079575e+001  0.000000e+000
      vertex  3.410179e+001  2.079575e+001  0.000000e+000
      vertex  3.431832e+001  2.098758e+001  0.000000e+000
    endloop
  endfacet
  facet normal  0.000000e+000  0.000000e+000 -1.000000e+000
    outer loop
      vertex  3.589821e+001  2.079575e+001  0.000000e+000
      vertex  3.431832e+001  2.098758e+001  0.000000e+000
      vertex  3.568168e+001  2.098758e+001  0.000000e+000
    endloop
  endfacet
  facet normal  0.000000e+000  0.000000e+000 -9.999999e-001
    outer loop
      vertex  3.568168e+001  2.098758e+001  0.000000e+000
      vertex  3.431832e+001  2.098758e+001  0.000000e+000
      vertex  3.457447e+001  2.112202e+001  0.000000e+000
    endloop
  endfacet
  facet normal  0.000000e+000  0.000000e+000 -1.000000e+000
    outer loop
      vertex  3.568168e+001  2.098758e+001  0.000000e+000
      vertex  3.457447e+001  2.112202e+001  0.000000e+000
      vertex  3.542553e+001  2.112202e+001  0.000000e+000
    endloop
  endfacet
  facet normal  0.000000e+000  0.000000e+000 -9.999999e-001
    outer loop
      vertex  3.542553e+001  2.112202e+001  0.000000e+000
      vertex  3.457447e+001  2.112202e+001  0.000000e+000
      vertex  3.485535e+001  2.119125e+001  0.000000e+000
    endloop
  endfacet
  facet normal  0.000000e+000  0.000000e+000 -1.000000e+000
    outer loop
      vertex  3.542553e+001  2.112202e+001  0.000000e+000
      vertex  3.485535e+001  2.119125e+001  0.000000e+000
      vertex  3.514465e+001  2.119125e+001  0.000000e+000
    endloop
  endfacet
  facet normal  0.000000e+000  0.000000e+000 -1.000000e+000
    outer loop
      vertex  3.383487e+001  2.028718e+001  0.000000e+000
      vertex  3.620000e+001  2.000000e+001  0.000000e+000
      vertex  3.380000e+001  2.000000e+001  0.000000e+000
    endloop
  endfacet
  facet normal  0.000000e+000  0.000000e+000 -1.000000e+000
    outer loop
      vertex  3.380000e+001  2.000000e+001  0.000000e+000
      vertex  3.620000e+001  2.000000e+001  0.000000e+000
      vertex  3.616513e+001  1.971282e+001  0.000000e+000
    endloop
  endfacet
  facet normal  0.000000e+000  0.000000e+000 -1.000000e+000
    outer loop
      vertex  3.380000e+001  2.000000e+001  0.000000e+000
      vertex  3.616513e+001  1.971282e+001  0.000000e+000
      vertex  3.383487e+001  1.971282e+001  0.000000e+000
    endloop
  endfacet
  facet normal  0.000000e+000  0.000000e+000 -1.000000e+000
    outer loop
      vertex  3.383487e+001  1.971282e+001  0.000000e+000
      vertex  3.616513e+001  1.971282e+001  0.000000e+000
      vertex  3.606255e+001  1.944233e+001  0.000000e+000
    endloop
  endfacet
  facet normal  0.000000e+000  0.000000e+000 -1.000000e+000
    outer loop
      vertex  3.383487e+001  1.971282e+001  0.000000e+000
      vertex  3.606255e+001  1.944233e+001  0.000000e+000
      vertex  3.393745e+001  1.944233e+001  0.000000e+000
    endloop
  endfacet
  facet normal  0.000000e+000  0.000000e+000 -1.000000e+000
    outer loop
      vertex  3.393745e+001  1.944233e+001  0.000000e+000
      vertex  3.606255e+001  1.944233e+001  0.000000e+000
      vertex  3.589821e+001  1.920425e+001  0.000000e+000
    endloop
  endfacet
  facet normal  0.000000e+000  0.000000e+000 -1.000000e+000
    outer loop
      vertex  3.393745e+001  1.944233e+001  0.000000e+000
      vertex  3.589821e+001  1.920425e+001  0.000000e+000
      vertex  3.410179e+001  1.920425e+001  0.000000e+000
    endloop
  endfacet
  facet normal  0.000000e+000  0.000000e+000 -1.000000e+000
    outer loop
      vertex  3.410179e+001  1.920425e+001  0.000000e+000
      vertex  3.589821e+001  1.920425e+001  0.000000e+000
      vertex  3.568168e+001  1.901242e+001  0.000000e+000
    endloop
  endfacet
  facet normal  0.000000e+000  0.000000e+000 -1.000000e+000
    outer loop
      vertex  3.410179e+001  1.920425e+001  0.000000e+000
      vertex  3.568168e+001  1.901242e+001  0.000000e+000
      vertex  3.431832e+001  1.901242e+001  0.000000e+000
    endloop
  endfacet
  facet normal  0.000000e+000  0.000000e+000 -9.999999e-001
    outer loop
      vertex  3.431832e+001  1.901242e+001  0.000000e+000
      vertex  3.568168e+001  1.901242e+001  0.000000e+000
      vertex  3.542553e+001  1.887798e+001  0.000000e+000
    endloop
  endfacet
  facet normal  0.000000e+000  0.000000e+000 -1.000000e+000
    outer loop
      vertex  3.431832e+001  1.901242e+001  0.000000e+000
      vertex  3.542553e+001  1.887798e+001  0.000000e+000
      vertex  3.457447e+001  1.887798e+001  0.000000e+000
    endloop
  endfacet
  facet normal  0.000000e+000  0.000000e+000 -9.999999e-001
    outer loop
      vertex  3.457447e+001  1.887798e+001  0.000000e+000
      vertex  3.542553e+001  1.887798e+001  0.000000e+000
      vertex  3.514465e+001  1.880875e+001  0.000000e+000
    endloop
  endfacet
  facet normal  0.000000e+000  0.000000e+000 -1.000000e+000
    outer loop
      vertex  3.457447e+001  1.887798e+001  0.000000e+000
      vertex  3.514465e+001  1.880875e+001  0.000000e+000
      vertex  3.485535e+001  1.880875e+001  0.000000e+000
    endloop
  endfacet
  facet normal  9.945226e-001 -1.045221e-001  0.000000e+000
    outer loop
      vertex  3.660000e+001  2.000000e+001  4.000000e-001
      vertex  3.660000e+001  2.000000e+001  1.600000e+000
      vertex  3.656504e+001  1.966734e+001  4.000000e-001
    endloop
  endfacet
  facet normal  9.945226e-001 -1.045221e-001  0.000000e+000
    outer loop
      vertex  3.656504e+001  1.966734e+001  4.000000e-001
      vertex  3.660000e+001  2.000000e+001  1.600000e+000
      vertex  3.656504e+001  1.966734e+001  1.600000e+000
    endloop
  endfacet
  facet normal  9.510566e-001 -3.090167e-001  0.000000e+000
    outer loop
      vertex  3.656504e+001  1.966734e+001  4.000000e-001
      vertex  3.656504e+001  1.966734e+001  1.600000e+000
      vertex  3.646167e+001  1.934922e+001  4.000000e-001
    endloop
  endfacet
  facet normal  9.510566e-001 -3.090167e-001  0.000000e+000
    outer loop
      vertex  3.646167e+001  1.934922e+001  4.000000e-001
      vertex  3.656504e+001  1.966734e+001  1.600000e+000
      vertex  3.646167e+001  1.934922e+001  1.600000e+000
    endloop
  endfacet
  facet normal  8.660231e-001 -5.000040e-001  0.000000e+000
    outer loop
      vertex  3.646167e+001  1.934922e+001  4.000000e-001
      vertex  3.646167e+001  1.934922e+001  1.600000e+000
      vertex  3.629443e+001  1.905954e+001  4.000000e-001
    endloop
  endfacet
  facet normal  8.660231e-001 -5.000040e-001  0.000000e+000
    outer loop
      vertex  3.629443e+001  1.905954e+001  4.000000e-001
      vertex  3.646167e+001  1.934922e+001  1.600000e+000
      vertex  3.629443e+001  1.905954e+001  1.600000e+000
    endloop
  endfacet
  facet normal  7.431480e-001 -6.691269e-001  0.000000e+000
    outer loop
      vertex  3.629443e+001  1.905954e+001  4.000000e-001
      vertex  3.629443e+001  1.905954e+001  1.600000e+000
      vertex  3.607061e+001  1.881097e+001  4.000000e-001
    endloop
  endfacet
  facet normal  7.431480e-001 -6.691269e-001  0.000000e+000
    outer loop
      vertex  3.607061e+001  1.881097e+001  4.000000e-001
      vertex  3.629443e+001  1.905954e+001  1.600000e+000
      vertex  3.607061e+001  1.881097e+001  1.600000e+000
    endloop
  endfacet
  facet normal  5.877838e-001 -8.090181e-001  0.000000e+000
    outer loop
      vertex  3.607061e+001  1.881097e+001  4.000000e-001
      vertex  3.607061e+001  1.881097e+001  1.600000e+000
      vertex  3.580000e+001  1.861436e+001  4.000000e-001
    endloop
  endfacet
  facet normal  5.877838e-001 -8.090181e-001  0.000000e+000
    outer loop
      vertex  3.580000e+001  1.861436e+001  4.000000e-001
      vertex  3.607061e+001  1.881097e+001  1.600000e+000
      vertex  3.580000e+001  1.861436e+001  1.600000e+000
    endloop
  endfacet
  facet normal  4.067357e-001 -9.135459e-001  0.000000e+000
    outer loop
      vertex  3.580000e+001  1.861436e+001  4.000000e-001
      vertex  3.580000e+001  1.861436e+001  1.600000e+000
      vertex  3.549443e+001  1.847831e+001  4.000000e-001
    endloop
  endfacet
  facet normal  4.067357e-001 -9.135459e-001  0.000000e+000
    outer loop
      vertex  3.549443e+001  1.847831e+001  4.000000e-001
      vertex  3.580000e+001  1.861436e+001  1.600000e+000
      vertex  3.549443e+001  1.847831e+001  1.600000e+000
    endloop
  endfacet
  facet normal  2.079088e-001 -9.781482e-001  0.000000e+000
    outer loop
      vertex  3.549443e+001  1.847831e+001  4.000000e-001
      vertex  3.549443e+001  1.847831e+001  1.600000e+000
      vertex  3.516724e+001  1.840877e+001  4.000000e-001
    endloop
  endfacet
  facet normal  2.079088e-001 -9.781482e-001  0.000000e+000
    outer loop
      vertex  3.516724e+001  1.840877e+001  4.000000e-001
      vertex  3.549443e+001  1.847831e+001  1.600000e+000
      vertex  3.516724e+001  1.840877e+001  1.600000e+000
    endloop
  endfacet
  facet normal  0.000000e+000 -1.000000e+000  -0.000000e+000
    outer loop
      vertex  3.516724e+001  1.840877e+001  4.000000e-001
      vertex  3.516724e+001  1.840877e+001  1.600000e+000
      vertex  3.483276e+001  1.840877e+001  4.000000e-001
    endloop
  endfacet
  facet normal  0.000000e+000 -1.000000e+000  0.000000e+000
    outer loop
      vertex  3.483276e+001  1.840877e+001  4.000000e-001
      vertex  3.516724e+001  1.840877e+001  1.600000e+000
      vertex  3.483276e+001  1.840877e+001  1.600000e+000
    endloop
  endfacet
  facet normal -2.079088e-001 -9.781482e-001  -0.000000e+000
    outer loop
      vertex  3.483276e+001  1.840877e+001  4.000000e-001
      vertex  3.483276e+001  1.840877e+001  1.600000e+000
      vertex  3.450557e+001  1.847831e+001  4.000000e-001
    endloop
  endfacet
  facet normal -2.079088e-001 -9.781482e-001  0.000000e+000
    outer loop
      vertex  3.450557e+001  1.847831e+001  4.000000e-001
      vertex  3.483276e+001  1.840877e+001  1.600000e+000
      vertex  3.450557e+001  1.847831e+001  1.600000e+000
    endloop
  endfacet
  facet normal -4.067357e-001 -9.135459e-001  -0.000000e+000
    outer loop
      vertex  3.450557e+001  1.847831e+001  4.000000e-001
      vertex  3.450557e+001  1.847831e+001  1.600000e+000
      vertex  3.420000e+001  1.861436e+001  4.000000e-001
    endloop
  endfacet
  facet normal -4.067357e-001 -9.135459e-001  0.000000e+000
    outer loop
      vertex  3.420000e+001  1.861436e+001  4.000000e-001
      vertex  3.450557e+001  1.847831e+001  1.600000e+000
      vertex  3.420000e+001  1.861436e+001  1.600000e+000
    endloop
  endfacet
  facet normal -5.877838e-001 -8.090181e-001  -0.000000e+000
    outer loop
      vertex  3.420000e+001  1.861436e+001  4.000000e-001
      vertex  3.420000e+001  1.861436e+001  1.600000e+000
      vertex  3.392939e+001  1.881097e+001  4.000000e-001
    endloop
  endfacet
  facet normal -5.877838e-001 -8.090181e-001  0.000000e+000
    outer loop
      vertex  3.392939e+001  1.881097e+001  4.000000e-001
      vertex  3.420000e+001  1.861436e+001  1.600000e+000
      vertex  3.392939e+001  1.881097e+001  1.600000e+000
    endloop
  endfacet
  facet normal -7.431480e-001 -6.691269e-001  -0.000000e+000
    outer loop
      vertex  3.392939e+001  1.881097e+001  4.000000e-001
      vertex  3.392939e+001  1.881097e+001  1.600000e+000
      vertex  3.370557e+001  1.905954e+001  4.000000e-001
    endloop
  endfacet
  facet normal -7.431480e-001 -6.691269e-001  0.000000e+000
    outer loop
      vertex  3.370557e+001  1.905954e+001  4.000000e-001
      vertex  3.392939e+001  1.881097e+001  1.600000e+000
      vertex  3.370557e+001  1.905954e+001  1.600000e+000
    endloop
  endfacet
  facet normal -8.660231e-001 -5.000040e-001  -0.000000e+000
    outer loop
      vertex  3.370557e+001  1.905954e+001  4.000000e-001
      vertex  3.370557e+001  1.905954e+001  1.600000e+000
      vertex  3.353833e+001  1.934922e+001  4.000000e-001
    endloop
  endfacet
  facet normal -8.660231e-001 -5.000040e-001  0.000000e+000
    outer loop
      vertex  3.353833e+001  1.934922e+001  4.000000e-001
      vertex  3.370557e+001  1.905954e+001  1.600000e+000
      vertex  3.353833e+001  1.934922e+001  1.600000e+000
    endloop
  endfacet
  facet normal -9.510566e-001 -3.090167e-001  -0.000000e+000
    outer loop
      vertex  3.353833e+001  1.934922e+001  4.000000e-001
      vertex  3.353833e+001  1.934922e+001  1.600000e+000
      vertex  3.343496e+001  1.966734e+001  4.000000e-001
    endloop
  endfacet
  facet normal -9.510566e-001 -3.090167e-001  0.000000e+000
    outer loop
      vertex  3.343496e+001  1.966734e+001  4.000000e-001
      vertex  3.353833e+001  1.934922e+001  1.600000e+000
      vertex  3.343496e+001  1.966734e+001  1.600000e+000
    endloop
  endfacet
  facet normal -9.945226e-001 -1.045221e-001  -0.000000e+000
    outer loop
      vertex  3.343496e+001  1.966734e+001  4.000000e-001
      vertex  3.343496e+001  1.966734e+001  1.600000e+000
      vertex  3.340000e+001  2.000000e+001  4.000000e-001
    endloop
  endfacet
  facet normal -9.945226e-001 -1.045221e-001  0.000000e+000
    outer loop
      vertex  3.340000e+001  2.000000e+001  4.000000e-001
      vertex  3.343496e+001  1.966734e+001  1.600000e+000
      vertex  3.340000e+001  2.000000e+001  1.600000e+000
    endloop
  endfacet
  facet normal -9.945226e-001  1.045221e-001  0.000000e+000
    outer loop
      vertex  3.340000e+001  2.000000e+001  4.000000e-001
      vertex  3.340000e+001  2.000000e+001  1.600000e+000
      vertex  3.343496e+001  2.033266e+001  4.000000e-001
    endloop
  endfacet
  facet normal -9.945226e-001  1.045221e-001  0.000000e+000
    outer loop
      vertex  3.343496e+001  2.033266e+001  4.000000e-001
      vertex  3.340000e+001  2.000000e+001  1.600000e+000
      vertex  3.343496e+001  2.033266e+001  1.600000e+000
    endloop
  endfacet
  facet normal -9.510566e-001  3.090167e-001  0.000000e+000
    outer loop
      vertex  3.343496e+001  2.033266e+001  4.000000e-001
      vertex  3.343496e+001  2.033266e+001  1.600000e+000
      vertex  3.353833e+001  2.065078e+001  4.000000e-001
    endloop
  endfacet
  facet normal -9.510566e-001  3.090167e-001  0.000000e+000
    outer loop
      vertex  3.353833e+001  2.065078e+001  4.000000e-001
      vertex  3.343496e+001  2.033266e+001  1.600000e+000
      vertex  3.353833e+001  2.065078e+001  1.600000e+000
    endloop
  endfacet
  facet normal -8.660231e-001  5.000040e-001  0.000000e+000
    outer loop
      vertex  3.353833e+001  2.065078e+001  4.000000e-001
      vertex  3.353833e+001  2.065078e+001  1.600000e+000
      vertex  3.370557e+001  2.094046e+001  4.000000e-001
    endloop
  endfacet
  facet normal -8.660231e-001  5.000040e-001  0.000000e+000
    outer loop
      vertex  3.370557e+001  2.094046e+001  4.000000e-001
      vertex  3.353833e+001  2.065078e+001  1.600000e+000
      vertex  3.370557e+001  2.094046e+001  1.600000e+000
    endloop
  endfacet
  facet normal -7.431480e-001  6.691269e-001  0.000000e+000
    outer loop
      vertex  3.370557e+001  2.094046e+001  4.000000e-001
      vertex  3.370557e+001  2.094046e+001  1.600000e+000
      vertex  3.392939e+001  2.118903e+001  4.000000e-001
    endloop
  endfacet
  facet normal -7.431480e-001  6.691269e-001  0.000000e+000
    outer loop
      vertex  3.392939e+001  2.118903e+001  4.000000e-001
      vertex  3.370557e+001  2.094046e+001  1.600000e+000
      vertex  3.392939e+001  2.118903e+001  1.600000e+000
    endloop
  endfacet
  facet normal -5.877838e-001  8.090181e-001  0.000000e+000
    outer loop
      vertex  3.392939e+001  2.118903e+001  4.000000e-001
      vertex  3.392939e+001  2.118903e+001  1.600000e+000
      vertex  3.420000e+001  2.138564e+001  4.000000e-001
    endloop
  endfacet
  facet normal -5.877838e-001  8.090181e-001  0.000000e+000
    outer loop
      vertex  3.420000e+001  2.138564e+001  4.000000e-001
      vertex  3.392939e+001  2.118903e+001  1.600000e+000
      vertex  3.420000e+001  2.138564e+001  1.600000e+000
    endloop
  endfacet
  facet normal -4.067357e-001  9.135459e-001  0.000000e+000
    outer loop
      vertex  3.420000e+001  2.138564e+001  4.000000e-001
      vertex  3.420000e+001  2.138564e+001  1.600000e+000
      vertex  3.450557e+001  2.152169e+001  4.000000e-001
    endloop
  endfacet
  facet normal -4.067357e-001  9.135459e-001  0.000000e+000
    outer loop
      vertex  3.450557e+001  2.152169e+001  4.000000e-001
      vertex  3.420000e+001  2.138564e+001  1.600000e+000
      vertex  3.450557e+001  2.152169e+001  1.600000e+000
    endloop
  endfacet
  facet normal -2.079088e-001  9.781482e-001  0.000000e+000
    outer loop
      vertex  3.450557e+001  2.152169e+001  4.000000e-001
      vertex  3.450557e+001  2.152169e+001  1.600000e+000
      vertex  3.483276e+001  2.159123e+001  4.000000e-001
    endloop
  endfacet
  facet normal -2.079088e-001  9.781482e-001  0.000000e+000
    outer loop
      vertex  3.483276e+001  2.159123e+001  4.000000e-001
      vertex  3.450557e+001  2.152169e+001  1.600000e+000
      vertex  3.483276e+001  2.159123e+001  1.600000e+000
    endloop
  endfacet
  facet normal  0.000000e+000  1.000000e+000  0.000000e+000
    outer loop
      vertex  3.483276e+001  2.159123e+001  4.000000e-001
      vertex  3.483276e+001  2.159123e+001  1.600000e+000
      vertex  3.516724e+001  2.159123e+001  4.000000e-001
    endloop
  endfacet
  facet normal  0.000000e+000  1.000000e+000  -0.000000e+000
    outer loop
      vertex  3.516724e+001  2.159123e+001  4.000000e-001
      vertex  3.483276e+001  2.159123e+001  1.600000e+000
      vertex  3.516724e+001  2.159123e+001  1.600000e+000
    endloop
  endfacet
  facet normal  2.079088e-001  9.781482e-001  0.000000e+000
    outer loop
      vertex  3.516724e+001  2.159123e+001  4.000000e-001
      vertex  3.516724e+001  2.159123e+001  1.600000e+000
      vertex  3.549443e+001  2.152169e+001  4.000000e-001
    endloop
  endfacet
  facet normal  2.079088e-001  9.781482e-001  -0.000000e+000
    outer loop
      vertex  3.549443e+001  2.152169e+001  4.000000e-001
      vertex  3.516724e+001  2.159123e+001  1.600000e+000
      vertex  3.549443e+001  2.152169e+001  1.600000e+000
    endloop
  endfacet
  facet normal  4.067357e-001  9.135459e-001  0.000000e+000
    outer loop
      vertex  3.549443e+001  2.152169e+001  4.000000e-001
      vertex  3.549443e+001  2.152169e+001  1.600000e+000
      vertex  3.580000e+001  2.138564e+001  4.000000e-001
    endloop
  endfacet
  facet normal  4.067357e-001  9.135459e-001  -0.000000e+000
    outer loop
      vertex  3.580000e+001  2.138564e+001  4.000000e-001
      vertex  3.549443e+001  2.152169e+001  1.600000e+000
      vertex  3.580000e+001  2.138564e+001  1.600000e+000
    endloop
  endfacet
  facet normal  5.877838e-001  8.090181e-001  0.000000e+000
    outer loop
      vertex  3.580000e+001  2.138564e+001  4.000000e-001
      vertex  3.580000e+001  2.138564e+001  1.600000e+000
      vertex  3.607061e+001  2.118903e+001  4.000000e-001
    endloop
  endfacet
  facet normal  5.877838e-001  8.090181e-001  -0.000000e+000
    outer loop
      vertex  3.607061e+001  2.118903e+001  4.000000e-001
      vertex  3.580000e+001  2.138564e+001  1.600000e+000
      vertex  3.607061e+001  2.118903e+001  1.600000e+000
    endloop
  endfacet
  facet normal  7.431480e-001  6.691269e-001  0.000000e+000
    outer loop
      vertex  3.607061e+001  2.118903e+001  4.000000e-001
      vertex  3.607061e+001  2.118903e+001  1.600000e+000
      vertex  3.629443e+001  2.094046e+001  4.000000e-001
    endloop
  endfacet
  facet normal  7.431480e-001  6.691269e-001  -0.000000e+000
    outer loop
      vertex  3.629443e+001  2.094046e+001  4.000000e-001
      vertex  3.607061e+001  2.118903e+001  1.600000e+000
      vertex  3.629443e+001  2.094046e+001  1.600000e+000
    endloop
  endfacet
  facet normal  8.660231e-001  5.000040e-001  0.000000e+000
    outer loop
      vertex  3.629443e+001  2.094046e+001  4.000000e-001
      vertex  3.629443e+001  2.094046e+001  1.600000e+000
      vertex  3.646167e+001  2.065078e+001  4.000000e-001
    endloop
  endfacet
  facet normal  8.660231e-001  5.000040e-001  -0.000000e+000
    outer loop
      vertex  3.646167e+001  2.065078e+001  4.000000e-001
      vertex  3.629443e+001  2.094046e+001  1.600000e+000
      vertex  3.646167e+001  2.065078e+001  1.600000e+000
    endloop
  endfacet
  facet normal  9.510566e-001  3.090167e-001  0.000000e+000
    outer loop
      vertex  3.646167e+001  2.065078e+001  4.000000e-001
      vertex  3.646167e+001  2.065078e+001  1.600000e+000
      vertex  3.656504e+001  2.033266e+001  4.000000e-001
    endloop
  endfacet
  facet normal  9.510566e-001  3.090167e-001  -0.000000e+000
    outer loop
      vertex  3.656504e+001  2.033266e+001  4.000000e-001
      vertex  3.646167e+001  2.065078e+001  1.600000e+000
      vertex  3.656504e+001  2.033266e+001  1.600000e+000
    endloop
  endfacet
  facet normal  9.945226e-001  1.045221e-001  0.000000e+000
    outer loop
      vertex  3.656504e+001  2.033266e+001  4.000000e-001
      vertex  3.656504e+001  2.033266e+001  1.600000e+000
      vertex  3.660000e+001  2.000000e+001  4.000000e-001
    endloop
  endfacet
  facet normal  9.945226e-001  1.045221e-001  -0.000000e+000
    outer loop
      vertex  3.660000e+001  2.000000e+001  4.000000e-001
      vertex  3.656504e+001  2.033266e+001  1.600000e+000
      vertex  3.660000e+001  2.000000e+001  1.600000e+000
    endloop
  endfacet
  facet normal -7.051642e-001 -7.411119e-002 -7.051601e-001
    outer loop
      vertex  3.380000e+001  2.000000e+001  0.000000e+000
      vertex  3.343496e+001  1.966734e+001  4.000000e-001
      vertex  3.340000e+001  2.000000e+001  4.000000e-001
    endloop
  endfacet
  facet normal -6.997849e-001 -8.497030e-002 -7.092821e-001
    outer loop
      vertex  3.380000e+001  2.000000e+001  0.000000e+000
      vertex  3.383487e+001  1.971282e+001  0.000000e+000
      vertex  3.343496e+001  1.966734e+001  4.000000e-001
    endloop
  endfacet
  facet normal  6.997849e-001 -8.497027e-002 -7.092821e-001
    outer loop
      vertex  3.620000e+001  2.000000e+001  0.000000e+000
      vertex  3.656504e+001  1.966734e+001  4.000000e-001
      vertex  3.616513e+001  1.971282e+001  0.000000e+000
    endloop
  endfacet
  facet normal  7.051642e-001 -7.411119e-002 -7.051601e-001
    outer loop
      vertex  3.620000e+001  2.000000e+001  0.000000e+000
      vertex  3.660000e+001  2.000000e+001  4.000000e-001
      vertex  3.656504e+001  1.966734e+001  4.000000e-001
    endloop
  endfacet
  facet normal -6.772329e-001 -2.200461e-001 -7.020936e-001
    outer loop
      vertex  3.383487e+001  1.971282e+001  0.000000e+000
      vertex  3.353833e+001  1.934922e+001  4.000000e-001
      vertex  3.343496e+001  1.966734e+001  4.000000e-001
    endloop
  endfacet
  facet normal -6.183633e-001 -3.570160e-001 -7.001188e-001
    outer loop
      vertex  3.393745e+001  1.944233e+001  0.000000e+000
      vertex  3.370557e+001  1.905954e+001  4.000000e-001
      vertex  3.353833e+001  1.934922e+001  4.000000e-001
    endloop
  endfacet
  facet normal -6.560449e-001 -2.488081e-001 -7.125305e-001
    outer loop
      vertex  3.393745e+001  1.944233e+001  0.000000e+000
      vertex  3.353833e+001  1.934922e+001  4.000000e-001
      vertex  3.383487e+001  1.971282e+001  0.000000e+000
    endloop
  endfacet
  facet normal -5.312479e-001 -4.783330e-001 -6.992663e-001
    outer loop
      vertex  3.410179e+001  1.920425e+001  0.000000e+000
      vertex  3.392939e+001  1.881097e+001  4.000000e-001
      vertex  3.370557e+001  1.905954e+001  4.000000e-001
    endloop
  endfacet
  facet normal -5.759457e-001 -3.975447e-001 -7.143142e-001
    outer loop
      vertex  3.410179e+001  1.920425e+001  0.000000e+000
      vertex  3.370557e+001  1.905954e+001  4.000000e-001
      vertex  3.393745e+001  1.944233e+001  0.000000e+000
    endloop
  endfacet
  facet normal -4.200208e-001 -5.781112e-001 -6.995498e-001
    outer loop
      vertex  3.431832e+001  1.901242e+001  0.000000e+000
      vertex  3.420000e+001  1.861436e+001  4.000000e-001
      vertex  3.392939e+001  1.881097e+001  4.000000e-001
    endloop
  endfacet
  facet normal -4.638307e-001 -5.235527e-001 -7.146704e-001
    outer loop
      vertex  3.431832e+001  1.901242e+001  0.000000e+000
      vertex  3.392939e+001  1.881097e+001  4.000000e-001
      vertex  3.410179e+001  1.920425e+001  0.000000e+000
    endloop
  endfacet
  facet normal -2.900812e-001 -6.515350e-001 -7.009673e-001
    outer loop
      vertex  3.457447e+001  1.887798e+001  0.000000e+000
      vertex  3.450557e+001  1.847831e+001  4.000000e-001
      vertex  3.420000e+001  1.861436e+001  4.000000e-001
    endloop
  endfacet
  facet normal -3.255589e-001 -6.203097e-001 -7.136016e-001
    outer loop
      vertex  3.457447e+001  1.887798e+001  0.000000e+000
      vertex  3.420000e+001  1.861436e+001  4.000000e-001
      vertex  3.431832e+001  1.901242e+001  0.000000e+000
    endloop
  endfacet
  facet normal -1.477613e-001 -6.951723e-001 -7.034929e-001
    outer loop
      vertex  3.485535e+001  1.880875e+001  0.000000e+000
      vertex  3.483276e+001  1.840877e+001  4.000000e-001
      vertex  3.450557e+001  1.847831e+001  4.000000e-001
    endloop
  endfacet
  facet normal -1.682635e-001 -6.826683e-001 -7.110916e-001
    outer loop
      vertex  3.485535e+001  1.880875e+001  0.000000e+000
      vertex  3.450557e+001  1.847831e+001  4.000000e-001
      vertex  3.457447e+001  1.887798e+001  0.000000e+000
    endloop
  endfacet
  facet normal  1.477613e-001 -6.951723e-001 -7.034929e-001
    outer loop
      vertex  3.514465e+001  1.880875e+001  0.000000e+000
      vertex  3.549443e+001  1.847831e+001  4.000000e-001
      vertex  3.516724e+001  1.840877e+001  4.000000e-001
    endloop
  endfacet
  facet normal  0.000000e+000 -7.071207e-001 -7.070929e-001
    outer loop
      vertex  3.514465e+001  1.880875e+001  0.000000e+000
      vertex  3.516724e+001  1.840877e+001  4.000000e-001
      vertex  3.485535e+001  1.880875e+001  0.000000e+000
    endloop
  endfacet
  facet normal  -0.000000e+000 -7.071206e-001 -7.070929e-001
    outer loop
      vertex  3.485535e+001  1.880875e+001  0.000000e+000
      vertex  3.516724e+001  1.840877e+001  4.000000e-001
      vertex  3.483276e+001  1.840877e+001  4.000000e-001
    endloop
  endfacet
  facet normal  2.900812e-001 -6.515350e-001 -7.009673e-001
    outer loop
      vertex  3.542553e+001  1.887798e+001  0.000000e+000
      vertex  3.580000e+001  1.861436e+001  4.000000e-001
      vertex  3.549443e+001  1.847831e+001  4.000000e-001
    endloop
  endfacet
  facet normal  1.682635e-001 -6.826683e-001 -7.110916e-001
    outer loop
      vertex  3.542553e+001  1.887798e+001  0.000000e+000
      vertex  3.549443e+001  1.847831e+001  4.000000e-001
      vertex  3.514465e+001  1.880875e+001  0.000000e+000
    endloop
  endfacet
  facet normal  4.200208e-001 -5.781112e-001 -6.995498e-001
    outer loop
      vertex  3.568168e+001  1.901242e+001  0.000000e+000
      vertex  3.607061e+001  1.881097e+001  4.000000e-001
      vertex  3.580000e+001  1.861436e+001  4.000000e-001
    endloop
  endfacet
  facet normal  3.255589e-001 -6.203097e-001 -7.136016e-001
    outer loop
      vertex  3.568168e+001  1.901242e+001  0.000000e+000
      vertex  3.580000e+001  1.861436e+001  4.000000e-001
      vertex  3.542553e+001  1.887798e+001  0.000000e+000
    endloop
  endfacet
  facet normal  5.312479e-001 -4.783330e-001 -6.992663e-001
    outer loop
      vertex  3.589821e+001  1.920425e+001  0.000000e+000
      vertex  3.629443e+001  1.905954e+001  4.000000e-001
      vertex  3.607061e+001  1.881097e+001  4.000000e-001
    endloop
  endfacet
  facet normal  4.638307e-001 -5.235527e-001 -7.146704e-001
    outer loop
      vertex  3.589821e+001  1.920425e+001  0.000000e+000
      vertex  3.607061e+001  1.881097e+001  4.000000e-001
      vertex  3.568168e+001  1.901242e+001  0.000000e+000
    endloop
  endfacet
  facet normal  6.183633e-001 -3.570160e-001 -7.001188e-001
    outer loop
      vertex  3.606255e+001  1.944233e+001  0.000000e+000
      vertex  3.646167e+001  1.934922e+001  4.000000e-001
      vertex  3.629443e+001  1.905954e+001  4.000000e-001
    endloop
  endfacet
  facet normal  5.759457e-001 -3.975447e-001 -7.143142e-001
    outer loop
      vertex  3.606255e+001  1.944233e+001  0.000000e+000
      vertex  3.629443e+001  1.905954e+001  4.000000e-001
      vertex  3.589821e+001  1.920425e+001  0.000000e+000
    endloop
  endfacet
  facet normal  6.772328e-001 -2.200461e-001 -7.020937e-001
    outer loop
      vertex  3.616513e+001  1.971282e+001  0.000000e+000
      vertex  3.656504e+001  1.966734e+001  4.000000e-001
      vertex  3.646167e+001  1.934922e+001  4.000000e-001
    endloop
  endfacet
  facet normal  6.560449e-001 -2.488081e-001 -7.125305e-001
    outer loop
      vertex  3.616513e+001  1.971282e+001  0.000000e+000
      vertex  3.646167e+001  1.934922e+001  4.000000e-001
      vertex  3.606255e+001  1.944233e+001  0.000000e+000
    endloop
  endfacet
  facet normal  7.051642e-001  7.411119e-002 -7.051601e-001
    outer loop
      vertex  3.620000e+001  2.000000e+001  0.000000e+000
      vertex  3.656504e+001  2.033266e+001  4.000000e-001
      vertex  3.660000e+001  2.000000e+001  4.000000e-001
    endloop
  endfacet
  facet normal  6.997849e-001  8.497030e-002 -7.092821e-001
    outer loop
      vertex  3.620000e+001  2.000000e+001  0.000000e+000
      vertex  3.616513e+001  2.028718e+001  0.000000e+000
      vertex  3.656504e+001  2.033266e+001  4.000000e-001
    endloop
  endfacet
  facet normal -6.997852e-001  8.496973e-002 -7.092819e-001
    outer loop
      vertex  3.380000e+001  2.000000e+001  0.000000e+000
      vertex  3.343496e+001  2.033266e+001  4.000000e-001
      vertex  3.383487e+001  2.028718e+001  0.000000e+000
    endloop
  endfacet
  facet normal -7.051642e-001  7.411119e-002 -7.051601e-001
    outer loop
      vertex  3.380000e+001  2.000000e+001  0.000000e+000
      vertex  3.340000e+001  2.000000e+001  4.000000e-001
      vertex  3.343496e+001  2.033266e+001  4.000000e-001
    endloop
  endfacet
  facet normal  6.772329e-001  2.200461e-001 -7.020936e-001
    outer loop
      vertex  3.616513e+001  2.028718e+001  0.000000e+000
      vertex  3.646167e+001  2.065078e+001  4.000000e-001
      vertex  3.656504e+001  2.033266e+001  4.000000e-001
    endloop
  endfacet
  facet normal  6.183633e-001  3.570160e-001 -7.001188e-001
    outer loop
      vertex  3.606255e+001  2.055767e+001  0.000000e+000
      vertex  3.629443e+001  2.094046e+001  4.000000e-001
      vertex  3.646167e+001  2.065078e+001  4.000000e-001
    endloop
  endfacet
  facet normal  6.560449e-001  2.488081e-001 -7.125305e-001
    outer loop
      vertex  3.606255e+001  2.055767e+001  0.000000e+000
      vertex  3.646167e+001  2.065078e+001  4.000000e-001
      vertex  3.616513e+001  2.028718e+001  0.000000e+000
    endloop
  endfacet
  facet normal  5.312479e-001  4.783330e-001 -6.992663e-001
    outer loop
      vertex  3.589821e+001  2.079575e+001  0.000000e+000
      vertex  3.607061e+001  2.118903e+001  4.000000e-001
      vertex  3.629443e+001  2.094046e+001  4.000000e-001
    endloop
  endfacet
  facet normal  5.759457e-001  3.975447e-001 -7.143142e-001
    outer loop
      vertex  3.589821e+001  2.079575e+001  0.000000e+000
      vertex  3.629443e+001  2.094046e+001  4.000000e-001
      vertex  3.606255e+001  2.055767e+001  0.000000e+000
    endloop
  endfacet
  facet normal  4.200208e-001  5.781112e-001 -6.995498e-001
    outer loop
      vertex  3.568168e+001  2.098758e+001  0.000000e+000
      vertex  3.580000e+001  2.138564e+001  4.000000e-001
      vertex  3.607061e+001  2.118903e+001  4.000000e-001
    endloop
  endfacet
  facet normal  4.638307e-001  5.235527e-001 -7.146704e-001
    outer loop
      vertex  3.568168e+001  2.098758e+001  0.000000e+000
      vertex  3.607061e+001  2.118903e+001  4.000000e-001
      vertex  3.589821e+001  2.079575e+001  0.000000e+000
    endloop
  endfacet
  facet normal  2.900812e-001  6.515350e-001 -7.009673e-001
    outer loop
      vertex  3.542553e+001  2.112202e+001  0.000000e+000
      vertex  3.549443e+001  2.152169e+001  4.000000e-001
      vertex  3.580000e+001  2.138564e+001  4.000000e-001
    endloop
  endfacet
  facet normal  3.255589e-001  6.203097e-001 -7.136016e-001
    outer loop
      vertex  3.542553e+001  2.112202e+001  0.000000e+000
      vertex  3.580000e+001  2.138564e+001  4.000000e-001
      vertex  3.568168e+001  2.098758e+001  0.000000e+000
    endloop
  endfacet
  facet normal  1.477613e-001  6.951723e-001 -7.034929e-001
    outer loop
      vertex  3.514465e+001  2.119125e+001  0.000000e+000
      vertex  3.516724e+001  2.159123e+001  4.000000e-001
      vertex  3.549443e+001  2.152169e+001  4.000000e-001
    endloop
  endfacet
  facet normal  1.682635e-001  6.826683e-001 -7.110916e-001
    outer loop
      vertex  3.514465e+001  2.119125e+001  0.000000e+000
      vertex  3.549443e+001  2.152169e+001  4.000000e-001
      vertex  3.542553e+001  2.112202e+001  0.000000e+000
    endloop
  endfacet
  facet normal -1.477613e-001  6.951723e-001 -7.034929e-001
    outer loop
      vertex  3.485535e+001  2.119125e+001  0.000000e+000
      vertex  3.450557e+001  2.152169e+001  4.000000e-001
      vertex  3.483276e+001  2.159123e+001  4.000000e-001
    endloop
  endfacet
  facet normal  0.000000e+000  7.071207e-001 -7.070929e-001
    outer loop
      vertex  3.485535e+001  2.119125e+001  0.000000e+000
      vertex  3.483276e+001  2.159123e+001  4.000000e-001
      vertex  3.514465e+001  2.119125e+001  0.000000e+000
    endloop
  endfacet
  facet normal  0.000000e+000  7.071206e-001 -7.070929e-001
    outer loop
      vertex  3.514465e+001  2.119125e+001  0.000000e+000
      vertex  3.483276e+001  2.159123e+001  4.000000e-001
      vertex  3.516724e+001  2.159123e+001  4.000000e-001
    endloop
  endfacet
  facet normal -2.900812e-001  6.515350e-001 -7.009673e-001
    outer loop
      vertex  3.457447e+001  2.112202e+001  0.000000e+000
      vertex  3.420000e+001  2.138564e+001  4.000000e-001
      vertex  3.450557e+001  2.152169e+001  4.000000e-001
    endloop
  endfacet
  facet normal -1.682635e-001  6.826683e-001 -7.110916e-001
    outer loop
      vertex  3.457447e+001  2.112202e+001  0.000000e+000
      vertex  3.450557e+001  2.152169e+001  4.000000e-001
      vertex  3.485535e+001  2.119125e+001  0.000000e+000
    endloop
  endfacet
  facet normal -4.200208e-001  5.781112e-001 -6.995498e-001
    outer loop
      vertex  3.431832e+001  2.098758e+001  0.000000e+000
      vertex  3.392939e+001  2.118903e+001  4.000000e-001
      vertex  3.420000e+001  2.138564e+001  4.000000e-001
    endloop
  endfacet
  facet normal -3.255589e-001  6.203097e-001 -7.136016e-001
    outer loop
      vertex  3.431832e+001  2.098758e+001  0.000000e+000
      vertex  3.420000e+001  2.138564e+001  4.000000e-001
      vertex  3.457447e+001  2.112202e+001  0.000000e+000
    endloop
  endfacet
  facet normal -5.312479e-001  4.783330e-001 -6.992663e-001
    outer loop
      vertex  3.410179e+001  2.079575e+001  0.000000e+000
      vertex  3.370557e+001  2.094046e+001  4.000000e-001
      vertex  3.392939e+001  2.118903e+001  4.000000e-001
    endloop
  endfacet
  facet normal -4.638307e-001  5.235527e-001 -7.146704e-001
    outer loop
      vertex  3.410179e+001  2.079575e+001  0.000000e+000
      vertex  3.392939e+001  2.118903e+001  4.000000e-001
      vertex  3.431832e+001  2.098758e+001  0.000000e+000
    endloop
  endfacet
  facet normal -6.183633e-001  3.570160e-001 -7.001188e-001
    outer loop
      vertex  3.393745e+001  2.055767e+001  0.000000e+000
      vertex  3.353833e+001  2.065078e+001  4.000000e-001
      vertex  3.370557e+001  2.094046e+001  4.000000e-001
    endloop
  endfacet
  facet normal -5.759457e-001  3.975447e-001 -7.143142e-001
    outer loop
      vertex  3.393745e+001  2.055767e+001  0.000000e+000
      vertex  3.370557e+001  2.094046e+001  4.000000e-001
      vertex  3.410179e+001  2.079575e+001  0.000000e+000
    endloop
  endfacet
  facet normal -6.772333e-001  2.200462e-001 -7.020931e-001
    outer loop
      vertex  3.383487e+001  2.028718e+001  0.000000e+000
      vertex  3.343496e+001  2.033266e+001  4.000000e-001
      vertex  3.353833e+001  2.065078e+001  4.000000e-001
    endloop
  endfacet
  facet normal -6.560444e-001  2.488097e-001 -7.125303e-001
    outer loop
      vertex  3.383487e+001  2.028718e+001  0.000000e+000
      vertex  3.353833e+001  2.065078e+001  4.000000e-001
      vertex  3.393745e+001  2.055767e+001  0.000000e+000
    endloop
  endfacet
  facet normal  0.000000e+000  0.000000e+000 -1.000000e+000
    outer loop
      vertex -3.380000e+001  2.000000e+001  0.000000e+000
      vertex -3.616513e+001  2.028718e+001  0.000000e+000
      vertex -3.383487e+001  2.028718e+001  0.000000e+000
    endloop
  endfacet
  facet normal  0.000000e+000  0.000000e+000 -1.000000e+000
    outer loop
      vertex -3.383487e+001  2.028718e+001  0.000000e+000
      vertex -3.616513e+001  2.028718e+001  0.000000e+000
      vertex -3.606255e+001  2.055767e+001  0.000000e+000
    endloop
  endfacet
  facet normal  0.000000e+000  0.000000e+000 -1.000000e+000
    outer loop
      vertex -3.383487e+001  2.028718e+001  0.000000e+000
      vertex -3.606255e+001  2.055767e+001  0.000000e+000
      vertex -3.393745e+001  2.055767e+001  0.000000e+000
    endloop
  endfacet
  facet normal  0.000000e+000  0.000000e+000 -1.000000e+000
    outer loop
      vertex -3.393745e+001  2.055767e+001  0.000000e+000
      vertex -3.606255e+001  2.055767e+001  0.000000e+000
      vertex -3.589821e+001  2.079575e+001  0.000000e+000
    endloop
  endfacet
  facet normal  0.000000e+000  0.000000e+000 -1.000000e+000
    outer loop
      vertex -3.393745e+001  2.055767e+001  0.000000e+000
      vertex -3.589821e+001  2.079575e+001  0.000000e+000
      vertex -3.410179e+001  2.079575e+001  0.000000e+000
    endloop
  endfacet
  facet normal  0.000000e+000  0.000000e+000 -1.000000e+000
    outer loop
      vertex -3.410179e+001  2.079575e+001  0.000000e+000
      vertex -3.589821e+001  2.079575e+001  0.000000e+000
      vertex -3.568168e+001  2.098758e+001  0.000000e+000
    endloop
  endfacet
  facet normal  0.000000e+000  0.000000e+000 -1.000000e+000
    outer loop
      vertex -3.410179e+001  2.079575e+001  0.000000e+000
      vertex -3.568168e+001  2.098758e+001  0.000000e+000
      vertex -3.431832e+001  2.098758e+001  0.000000e+000
    endloop
  endfacet
  facet normal  0.000000e+000  0.000000e+000 -9.999999e-001
    outer loop
      vertex -3.431832e+001  2.098758e+001  0.000000e+000
      vertex -3.568168e+001  2.098758e+001  0.000000e+000
      vertex -3.542553e+001  2.112202e+001  0.000000e+000
    endloop
  endfacet
  facet normal  0.000000e+000  0.000000e+000 -1.000000e+000
    outer loop
      vertex -3.431832e+001  2.098758e+001  0.000000e+000
      vertex -3.542553e+001  2.112202e+001  0.000000e+000
      vertex -3.457447e+001  2.112202e+001  0.000000e+000
    endloop
  endfacet
  facet normal  0.000000e+000  0.000000e+000 -9.999999e-001
    outer loop
      vertex -3.457447e+001  2.112202e+001  0.000000e+000
      vertex -3.542553e+001  2.112202e+001  0.000000e+000
      vertex -3.514465e+001  2.119125e+001  0.000000e+000
    endloop
  endfacet
  facet normal  0.000000e+000  0.000000e+000 -1.000000e+000
    outer loop
      vertex -3.457447e+001  2.112202e+001  0.000000e+000
      vertex -3.514465e+001  2.119125e+001  0.000000e+000
      vertex -3.485535e+001  2.119125e+001  0.000000e+000
    endloop
  endfacet
  facet normal  0.000000e+000  0.000000e+000 -1.000000e+000
    outer loop
      vertex -3.616513e+001  2.028718e+001  0.000000e+000
      vertex -3.380000e+001  2.000000e+001  0.000000e+000
      vertex -3.620000e+001  2.000000e+001  0.000000e+000
    endloop
  endfacet
  facet normal  0.000000e+000  0.000000e+000 -1.000000e+000
    outer loop
      vertex -3.620000e+001  2.000000e+001  0.000000e+000
      vertex -3.380000e+001  2.000000e+001  0.000000e+000
      vertex -3.383487e+001  1.971282e+001  0.000000e+000
    endloop
  endfacet
  facet normal  0.000000e+000  0.000000e+000 -1.000000e+000
    outer loop
      vertex -3.620000e+001  2.000000e+001  0.000000e+000
      vertex -3.383487e+001  1.971282e+001  0.000000e+000
      vertex -3.616513e+001  1.971282e+001  0.000000e+000
    endloop
  endfacet
  facet normal  0.000000e+000  0.000000e+000 -1.000000e+000
    outer loop
      vertex -3.616513e+001  1.971282e+001  0.000000e+000
      vertex -3.383487e+001  1.971282e+001  0.000000e+000
      vertex -3.393745e+001  1.944233e+001  0.000000e+000
    endloop
  endfacet
  facet normal  0.000000e+000  0.000000e+000 -1.000000e+000
    outer loop
      vertex -3.616513e+001  1.971282e+001  0.000000e+000
      vertex -3.393745e+001  1.944233e+001  0.000000e+000
      vertex -3.606255e+001  1.944233e+001  0.000000e+000
    endloop
  endfacet
  facet normal  0.000000e+000  0.000000e+000 -1.000000e+000
    outer loop
      vertex -3.606255e+001  1.944233e+001  0.000000e+000
      vertex -3.393745e+001  1.944233e+001  0.000000e+000
      vertex -3.410179e+001  1.920425e+001  0.000000e+000
    endloop
  endfacet
  facet normal  0.000000e+000  0.000000e+000 -1.000000e+000
    outer loop
      vertex -3.606255e+001  1.944233e+001  0.000000e+000
      vertex -3.410179e+001  1.920425e+001  0.000000e+000
      vertex -3.589821e+001  1.920425e+001  0.000000e+000
    endloop
  endfacet
  facet normal  0.000000e+000  0.000000e+000 -1.000000e+000
    outer loop
      vertex -3.589821e+001  1.920425e+001  0.000000e+000
      vertex -3.410179e+001  1.920425e+001  0.000000e+000
      vertex -3.431832e+001  1.901242e+001  0.000000e+000
    endloop
  endfacet
  facet normal  0.000000e+000  0.000000e+000 -1.000000e+000
    outer loop
      vertex -3.589821e+001  1.920425e+001  0.000000e+000
      vertex -3.431832e+001  1.901242e+001  0.000000e+000
      vertex -3.568168e+001  1.901242e+001  0.000000e+000
    endloop
  endfacet
  facet normal  0.000000e+000  0.000000e+000 -9.999999e-001
    outer loop
      vertex -3.568168e+001  1.901242e+001  0.000000e+000
      vertex -3.431832e+001  1.901242e+001  0.000000e+000
      vertex -3.457447e+001  1.887798e+001  0.000000e+000
    endloop
  endfacet
  facet normal  0.000000e+000  0.000000e+000 -1.000000e+000
    outer loop
      vertex -3.568168e+001  1.901242e+001  0.000000e+000
      vertex -3.457447e+001  1.887798e+001  0.000000e+000
      vertex -3.542553e+001  1.887798e+001  0.000000e+000
    endloop
  endfacet
  facet normal  0.000000e+000  0.000000e+000 -9.999999e-001
    outer loop
      vertex -3.542553e+001  1.887798e+001  0.000000e+000
      vertex -3.457447e+001  1.887798e+001  0.000000e+000
      vertex -3.485535e+001  1.880875e+001  0.000000e+000
    endloop
  endfacet
  facet normal  0.000000e+000  0.000000e+000 -1.000000e+000
    outer loop
      vertex -3.542553e+001  1.887798e+001  0.000000e+000
      vertex -3.485535e+001  1.880875e+001  0.000000e+000
      vertex -3.514465e+001  1.880875e+001  0.000000e+000
    endloop
  endfacet
  facet normal  9.945226e-001 -1.045221e-001  0.000000e+000
    outer loop
      vertex -3.340000e+001  2.000000e+001  4.000000e-001
      vertex -3.340000e+001  2.000000e+001  1.600000e+000
      vertex -3.343496e+001  1.966734e+001  4.000000e-001
    endloop
  endfacet
  facet normal  9.945226e-001 -1.045221e-001  0.000000e+000
    outer loop
      vertex -3.343496e+001  1.966734e+001  4.000000e-001
      vertex -3.340000e+001  2.000000e+001  1.600000e+000
      vertex -3.343496e+001  1.966734e+001  1.600000e+000
    endloop
  endfacet
  facet normal  9.510566e-001 -3.090167e-001  0.000000e+000
    outer loop
      vertex -3.343496e+001  1.966734e+001  4.000000e-001
      vertex -3.343496e+001  1.966734e+001  1.600000e+000
      vertex -3.353833e+001  1.934922e+001  4.000000e-001
    endloop
  endfacet
  facet normal  9.510566e-001 -3.090167e-001  0.000000e+000
    outer loop
      vertex -3.353833e+001  1.934922e+001  4.000000e-001
      vertex -3.343496e+001  1.966734e+001  1.600000e+000
      vertex -3.353833e+001  1.934922e+001  1.600000e+000
    endloop
  endfacet
  facet normal  8.660231e-001 -5.000040e-001  0.000000e+000
    outer loop
      vertex -3.353833e+001  1.934922e+001  4.000000e-001
      vertex -3.353833e+001  1.934922e+001  1.600000e+000
      vertex -3.370557e+001  1.905954e+001  4.000000e-001
    endloop
  endfacet
  facet normal  8.660231e-001 -5.000040e-001  0.000000e+000
    outer loop
      vertex -3.370557e+001  1.905954e+001  4.000000e-001
      vertex -3.353833e+001  1.934922e+001  1.600000e+000
      vertex -3.370557e+001  1.905954e+001  1.600000e+000
    endloop
  endfacet
  facet normal  7.431480e-001 -6.691269e-001  0.000000e+000
    outer loop
      vertex -3.370557e+001  1.905954e+001  4.000000e-001
      vertex -3.370557e+001  1.905954e+001  1.600000e+000
      vertex -3.392939e+001  1.881097e+001  4.000000e-001
    endloop
  endfacet
  facet normal  7.431480e-001 -6.691269e-001  0.000000e+000
    outer loop
      vertex -3.392939e+001  1.881097e+001  4.000000e-001
      vertex -3.370557e+001  1.905954e+001  1.600000e+000
      vertex -3.392939e+001  1.881097e+001  1.600000e+000
    endloop
  endfacet
  facet normal  5.877838e-001 -8.090181e-001  0.000000e+000
    outer loop
      vertex -3.392939e+001  1.881097e+001  4.000000e-001
      vertex -3.392939e+001  1.881097e+001  1.600000e+000
      vertex -3.420000e+001  1.861436e+001  4.000000e-001
    endloop
  endfacet
  facet normal  5.877838e-001 -8.090181e-001  0.000000e+000
    outer loop
      vertex -3.420000e+001  1.861436e+001  4.000000e-001
      vertex -3.392939e+001  1.881097e+001  1.600000e+000
      vertex -3.420000e+001  1.861436e+001  1.600000e+000
    endloop
  endfacet
  facet normal  4.067357e-001 -9.135459e-001  0.000000e+000
    outer loop
      vertex -3.420000e+001  1.861436e+001  4.000000e-001
      vertex -3.420000e+001  1.861436e+001  1.600000e+000
      vertex -3.450557e+001  1.847831e+001  4.000000e-001
    endloop
  endfacet
  facet normal  4.067357e-001 -9.135459e-001  0.000000e+000
    outer loop
      vertex -3.450557e+001  1.847831e+001  4.000000e-001
      vertex -3.420000e+001  1.861436e+001  1.600000e+000
      vertex -3.450557e+001  1.847831e+001  1.600000e+000
    endloop
  endfacet
  facet normal  2.079088e-001 -9.781482e-001  0.000000e+000
    outer loop
      vertex -3.450557e+001  1.847831e+001  4.000000e-001
      vertex -3.450557e+001  1.847831e+001  1.600000e+000
      vertex -3.483276e+001  1.840877e+001  4.000000e-001
    endloop
  endfacet
  facet normal  2.079088e-001 -9.781482e-001  0.000000e+000
    outer loop
      vertex -3.483276e+001  1.840877e+001  4.000000e-001
      vertex -3.450557e+001  1.847831e+001  1.600000e+000
      vertex -3.483276e+001  1.840877e+001  1.600000e+000
    endloop
  endfacet
  facet normal  0.000000e+000 -1.000000e+000  -0.000000e+000
    outer loop
      vertex -3.483276e+001  1.840877e+001  4.000000e-001
      vertex -3.483276e+001  1.840877e+001  1.600000e+000
      vertex -3.516724e+001  1.840877e+001  4.000000e-001
    endloop
  endfacet
  facet normal  0.000000e+000 -1.000000e+000  0.000000e+000
    outer loop
      vertex -3.516724e+001  1.840877e+001  4.000000e-001
      vertex -3.483276e+001  1.840877e+001  1.600000e+000
      vertex -3.516724e+001  1.840877e+001  1.600000e+000
    endloop
  endfacet
  facet normal -2.079088e-001 -9.781482e-001  -0.000000e+000
    outer loop
      vertex -3.516724e+001  1.840877e+001  4.000000e-001
      vertex -3.516724e+001  1.840877e+001  1.600000e+000
      vertex -3.549443e+001  1.847831e+001  4.000000e-001
    endloop
  endfacet
  facet normal -2.079088e-001 -9.781482e-001  0.000000e+000
    outer loop
      vertex -3.549443e+001  1.847831e+001  4.000000e-001
      vertex -3.516724e+001  1.840877e+001  1.600000e+000
      vertex -3.549443e+001  1.847831e+001  1.600000e+000
    endloop
  endfacet
  facet normal -4.067357e-001 -9.135459e-001  -0.000000e+000
    outer loop
      vertex -3.549443e+001  1.847831e+001  4.000000e-001
      vertex -3.549443e+001  1.847831e+001  1.600000e+000
      vertex -3.580000e+001  1.861436e+001  4.000000e-001
    endloop
  endfacet
  facet normal -4.067357e-001 -9.135459e-001  0.000000e+000
    outer loop
      vertex -3.580000e+001  1.861436e+001  4.000000e-001
      vertex -3.549443e+001  1.847831e+001  1.600000e+000
      vertex -3.580000e+001  1.861436e+001  1.600000e+000
    endloop
  endfacet
  facet normal -5.877838e-001 -8.090181e-001  -0.000000e+000
    outer loop
      vertex -3.580000e+001  1.861436e+001  4.000000e-001
      vertex -3.580000e+001  1.861436e+001  1.600000e+000
      vertex -3.607061e+001  1.881097e+001  4.000000e-001
    endloop
  endfacet
  facet normal -5.877838e-001 -8.090181e-001  0.000000e+000
    outer loop
      vertex -3.607061e+001  1.881097e+001  4.000000e-001
      vertex -3.580000e+001  1.861436e+001  1.600000e+000
      vertex -3.607061e+001  1.881097e+001  1.600000e+000
    endloop
  endfacet
  facet normal -7.431480e-001 -6.691269e-001  -0.000000e+000
    outer loop
      vertex -3.607061e+001  1.881097e+001  4.000000e-001
      vertex -3.607061e+001  1.881097e+001  1.600000e+000
      vertex -3.629443e+001  1.905954e+001  4.000000e-001
    endloop
  endfacet
  facet normal -7.431480e-001 -6.691269e-001  0.000000e+000
    outer loop
      vertex -3.629443e+001  1.905954e+001  4.000000e-001
      vertex -3.607061e+001  1.881097e+001  1.600000e+000
      vertex -3.629443e+001  1.905954e+001  1.600000e+000
    endloop
  endfacet
  facet normal -8.660231e-001 -5.000040e-001  -0.000000e+000
    outer loop
      vertex -3.629443e+001  1.905954e+001  4.000000e-001
      vertex -3.629443e+001  1.905954e+001  1.600000e+000
      vertex -3.646167e+001  1.934922e+001  4.000000e-001
    endloop
  endfacet
  facet normal -8.660231e-001 -5.000040e-001  0.000000e+000
    outer loop
      vertex -3.646167e+001  1.934922e+001  4.000000e-001
      vertex -3.629443e+001  1.905954e+001  1.600000e+000
      vertex -3.646167e+001  1.934922e+001  1.600000e+000
    endloop
  endfacet
  facet normal -9.510566e-001 -3.090167e-001  -0.000000e+000
    outer loop
      vertex -3.646167e+001  1.934922e+001  4.000000e-001
      vertex -3.646167e+001  1.934922e+001  1.600000e+000
      vertex -3.656504e+001  1.966734e+001  4.000000e-001
    endloop
  endfacet
  facet normal -9.510566e-001 -3.090167e-001  0.000000e+000
    outer loop
      vertex -3.656504e+001  1.966734e+001  4.000000e-001
      vertex -3.646167e+001  1.934922e+001  1.600000e+000
      vertex -3.656504e+001  1.966734e+001  1.600000e+000
    endloop
  endfacet
  facet normal -9.945226e-001 -1.045221e-001  -0.000000e+000
    outer loop
      vertex -3.656504e+001  1.966734e+001  4.000000e-001
      vertex -3.656504e+001  1.966734e+001  1.600000e+000
      vertex -3.660000e+001  2.000000e+001  4.000000e-001
    endloop
  endfacet
  facet normal -9.945226e-001 -1.045221e-001  0.000000e+000
    outer loop
      vertex -3.660000e+001  2.000000e+001  4.000000e-001
      vertex -3.656504e+001  1.966734e+001  1.600000e+000
      vertex -3.660000e+001  2.000000e+001  1.600000e+000
    endloop
  endfacet
  facet normal -9.945226e-001  1.045221e-001  0.000000e+000
    outer loop
      vertex -3.660000e+001  2.000000e+001  4.000000e-001
      vertex -3.660000e+001  2.000000e+001  1.600000e+000
      vertex -3.656504e+001  2.033266e+001  4.000000e-001
    endloop
  endfacet
  facet normal -9.945226e-001  1.045221e-001  0.000000e+000
    outer loop
      vertex -3.656504e+001  2.033266e+001  4.000000e-001
      vertex -3.660000e+001  2.000000e+001  1.600000e+000
      vertex -3.656504e+001  2.033266e+001  1.600000e+000
    endloop
  endfacet
  facet normal -9.510566e-001  3.090167e-001  0.000000e+000
    outer loop
      vertex -3.656504e+001  2.033266e+001  4.000000e-001
      vertex -3.656504e+001  2.033266e+001  1.600000e+000
      vertex -3.646167e+001  2.065078e+001  4.000000e-001
    endloop
  endfacet
  facet normal -9.510566e-001  3.090167e-001  0.000000e+000
    outer loop
      vertex -3.646167e+001  2.065078e+001  4.000000e-001
      vertex -3.656504e+001  2.033266e+001  1.600000e+000
      vertex -3.646167e+001  2.065078e+001  1.600000e+000
    endloop
  endfacet
  facet normal -8.660231e-001  5.000040e-001  0.000000e+000
    outer loop
      vertex -3.646167e+001  2.065078e+001  4.000000e-001
      vertex -3.646167e+001  2.065078e+001  1.600000e+000
      vertex -3.629443e+001  2.094046e+001  4.000000e-001
    endloop
  endfacet
  facet normal -8.660231e-001  5.000040e-001  0.000000e+000
    outer loop
      vertex -3.629443e+001  2.094046e+001  4.000000e-001
      vertex -3.646167e+001  2.065078e+001  1.600000e+000
      vertex -3.629443e+001  2.094046e+001  1.600000e+000
    endloop
  endfacet
  facet normal -7.431480e-001  6.691269e-001  0.000000e+000
    outer loop
      vertex -3.629443e+001  2.094046e+001  4.000000e-001
      vertex -3.629443e+001  2.094046e+001  1.600000e+000
      vertex -3.607061e+001  2.118903e+001  4.000000e-001
    endloop
  endfacet
  facet normal -7.431480e-001  6.691269e-001  0.000000e+000
    outer loop
      vertex -3.607061e+001  2.118903e+001  4.000000e-001
      vertex -3.629443e+001  2.094046e+001  1.600000e+000
      vertex -3.607061e+001  2.118903e+001  1.600000e+000
    endloop
  endfacet
  facet normal -5.877838e-001  8.090181e-001  0.000000e+000
    outer loop
      vertex -3.607061e+001  2.118903e+001  4.000000e-001
      vertex -3.607061e+001  2.118903e+001  1.600000e+000
      vertex -3.580000e+001  2.138564e+001  4.000000e-001
    endloop
  endfacet
  facet normal -5.877838e-001  8.090181e-001  0.000000e+000
    outer loop
      vertex -3.580000e+001  2.138564e+001  4.000000e-001
      vertex -3.607061e+001  2.118903e+001  1.600000e+000
      vertex -3.580000e+001  2.138564e+001  1.600000e+000
    endloop
  endfacet
  facet normal -4.067357e-001  9.135459e-001  0.000000e+000
    outer loop
      vertex -3.580000e+001  2.138564e+001  4.000000e-001
      vertex -3.580000e+001  2.138564e+001  1.600000e+000
      vertex -3.549443e+001  2.152169e+001  4.000000e-001
    endloop
  endfacet
  facet normal -4.067357e-001  9.135459e-001  0.000000e+000
    outer loop
      vertex -3.549443e+001  2.152169e+001  4.000000e-001
      vertex -3.580000e+001  2.138564e+001  1.600000e+000
      vertex -3.549443e+001  2.152169e+001  1.600000e+000
    endloop
  endfacet
  facet normal -2.079088e-001  9.781482e-001  0.000000e+000
    outer loop
      vertex -3.549443e+001  2.152169e+001  4.000000e-001
      vertex -3.549443e+001  2.152169e+001  1.600000e+000
      vertex -3.516724e+001  2.159123e+001  4.000000e-001
    endloop
  endfacet
  facet normal -2.079088e-001  9.781482e-001  0.000000e+000
    outer loop
      vertex -3.516724e+001  2.159123e+001  4.000000e-001
      vertex -3.549443e+001  2.152169e+001  1.600000e+000
      vertex -3.516724e+001  2.159123e+001  1.600000e+000
    endloop
  endfacet
  facet normal  0.000000e+000  1.000000e+000  0.000000e+000
    outer loop
      vertex -3.516724e+001  2.159123e+001  4.000000e-001
      vertex -3.516724e+001  2.159123e+001  1.600000e+000
      vertex -3.483276e+001  2.159123e+001  4.000000e-001
    endloop
  endfacet
  facet normal  0.000000e+000  1.000000e+000  -0.000000e+000
    outer loop
      vertex -3.483276e+001  2.159123e+001  4.000000e-001
      vertex -3.516724e+001  2.159123e+001  1.600000e+000
      vertex -3.483276e+001  2.159123e+001  1.600000e+000
    endloop
  endfacet
  facet normal  2.079088e-001  9.781482e-001  0.000000e+000
    outer loop
      vertex -3.483276e+001  2.159123e+001  4.000000e-001
      vertex -3.483276e+001  2.159123e+001  1.600000e+000
      vertex -3.450557e+001  2.152169e+001  4.000000e-001
    endloop
  endfacet
  facet normal  2.079088e-001  9.781482e-001  -0.000000e+000
    outer loop
      vertex -3.450557e+001  2.152169e+001  4.000000e-001
      vertex -3.483276e+001  2.159123e+001  1.600000e+000
      vertex -3.450557e+001  2.152169e+001  1.600000e+000
    endloop
  endfacet
  facet normal  4.067357e-001  9.135459e-001  0.000000e+000
    outer loop
      vertex -3.450557e+001  2.152169e+001  4.000000e-001
      vertex -3.450557e+001  2.152169e+001  1.600000e+000
      vertex -3.420000e+001  2.138564e+001  4.000000e-001
    endloop
  endfacet
  facet normal  4.067357e-001  9.135459e-001  -0.000000e+000
    outer loop
      vertex -3.420000e+001  2.138564e+001  4.000000e-001
      vertex -3.450557e+001  2.152169e+001  1.600000e+000
      vertex -3.420000e+001  2.138564e+001  1.600000e+000
    endloop
  endfacet
  facet normal  5.877838e-001  8.090181e-001  0.000000e+000
    outer loop
      vertex -3.420000e+001  2.138564e+001  4.000000e-001
      vertex -3.420000e+001  2.138564e+001  1.600000e+000
      vertex -3.392939e+001  2.118903e+001  4.000000e-001
    endloop
  endfacet
  facet normal  5.877838e-001  8.090181e-001  -0.000000e+000
    outer loop
      vertex -3.392939e+001  2.118903e+001  4.000000e-001
      vertex -3.420000e+001  2.138564e+001  1.600000e+000
      vertex -3.392939e+001  2.118903e+001  1.600000e+000
    endloop
  endfacet
  facet normal  7.431480e-001  6.691269e-001  0.000000e+000
    outer loop
      vertex -3.392939e+001  2.118903e+001  4.000000e-001
      vertex -3.392939e+001  2.118903e+001  1.600000e+000
      vertex -3.370557e+001  2.094046e+001  4.000000e-001
    endloop
  endfacet
  facet normal  7.431480e-001  6.691269e-001  -0.000000e+000
    outer loop
      vertex -3.370557e+001  2.094046e+001  4.000000e-001
      vertex -3.392939e+001  2.118903e+001  1.600000e+000
      vertex -3.370557e+001  2.094046e+001  1.600000e+000
    endloop
  endfacet
  facet normal  8.660231e-001  5.000040e-001  0.000000e+000
    outer loop
      vertex -3.370557e+001  2.094046e+001  4.000000e-001
      vertex -3.370557e+001  2.094046e+001  1.600000e+000
      vertex -3.353833e+001  2.065078e+001  4.000000e-001
    endloop
  endfacet
  facet normal  8.660231e-001  5.000040e-001  -0.000000e+000
    outer loop
      vertex -3.353833e+001  2.065078e+001  4.000000e-001
      vertex -3.370557e+001  2.094046e+001  1.600000e+000
      vertex -3.353833e+001  2.065078e+001  1.600000e+000
    endloop
  endfacet
  facet normal  9.510566e-001  3.090167e-001  0.000000e+000
    outer loop
      vertex -3.353833e+001  2.065078e+001  4.000000e-001
      vertex -3.353833e+001  2.065078e+001  1.600000e+000
      vertex -3.343496e+001  2.033266e+001  4.000000e-001
    endloop
  endfacet
  facet normal  9.510566e-001  3.090167e-001  -0.000000e+000
    outer loop
      vertex -3.343496e+001  2.033266e+001  4.000000e-001
      vertex -3.353833e+001  2.065078e+001  1.600000e+000
      vertex -3.343496e+001  2.033266e+001  1.600000e+000
    endloop
  endfacet
  facet normal  9.945226e-001  1.045221e-001  0.000000e+000
    outer loop
      vertex -3.343496e+001  2.033266e+001  4.000000e-001
      vertex -3.343496e+001  2.033266e+001  1.600000e+000
      vertex -3.340000e+001  2.000000e+001  4.000000e-001
    endloop
  endfacet
  facet normal  9.945226e-001  1.045221e-001  -0.000000e+000
    outer loop
      vertex -3.340000e+001  2.000000e+001  4.000000e-001
      vertex -3.343496e+001  2.033266e+001  1.600000e+000
      vertex -3.340000e+001  2.000000e+001  1.600000e+000
    endloop
  endfacet
  facet normal -7.051642e-001 -7.411119e-002 -7.051601e-001
    outer loop
      vertex -3.620000e+001  2.000000e+001  0.000000e+000
      vertex -3.656504e+001  1.966734e+001  4.000000e-001
      vertex -3.660000e+001  2.000000e+001  4.000000e-001
    endloop
  endfacet
  facet normal -6.997849e-001 -8.497030e-002 -7.092821e-001
    outer loop
      vertex -3.620000e+001  2.000000e+001  0.000000e+000
      vertex -3.616513e+001  1.971282e+001  0.000000e+000
      vertex -3.656504e+001  1.966734e+001  4.000000e-001
    endloop
  endfacet
  facet normal  6.997849e-001 -8.497027e-002 -7.092821e-001
    outer loop
      vertex -3.380000e+001  2.000000e+001  0.000000e+000
      vertex -3.343496e+001  1.966734e+001  4.000000e-001
      vertex -3.383487e+001  1.971282e+001  0.000000e+000
    endloop
  endfacet
  facet normal  7.051642e-001 -7.411119e-002 -7.051601e-001
    outer loop
      vertex -3.380000e+001  2.000000e+001  0.000000e+000
      vertex -3.340000e+001  2.000000e+001  4.000000e-001
      vertex -3.343496e+001  1.966734e+001  4.000000e-001
    endloop
  endfacet
  facet normal -6.772329e-001 -2.200461e-001 -7.020936e-001
    outer loop
      vertex -3.616513e+001  1.971282e+001  0.000000e+000
      vertex -3.646167e+001  1.934922e+001  4.000000e-001
      vertex -3.656504e+001  1.966734e+001  4.000000e-001
    endloop
  endfacet
  facet normal -6.183633e-001 -3.570160e-001 -7.001188e-001
    outer loop
      vertex -3.606255e+001  1.944233e+001  0.000000e+000
      vertex -3.629443e+001  1.905954e+001  4.000000e-001
      vertex -3.646167e+001  1.934922e+001  4.000000e-001
    endloop
  endfacet
  facet normal -6.560449e-001 -2.488081e-001 -7.125305e-001
    outer loop
      vertex -3.606255e+001  1.944233e+001  0.000000e+000
      vertex -3.646167e+001  1.934922e+001  4.000000e-001
      vertex -3.616513e+001  1.971282e+001  0.000000e+000
    endloop
  endfacet
  facet normal -5.312479e-001 -4.783330e-001 -6.992663e-001
    outer loop
      vertex -3.589821e+001  1.920425e+001  0.000000e+000
      vertex -3.607061e+001  1.881097e+001  4.000000e-001
      vertex -3.629443e+001  1.905954e+001  4.000000e-001
    endloop
  endfacet
  facet normal -5.759457e-001 -3.975447e-001 -7.143142e-001
    outer loop
      vertex -3.589821e+001  1.920425e+001  0.000000e+000
      vertex -3.629443e+001  1.905954e+001  4.000000e-001
      vertex -3.606255e+001  1.944233e+001  0.000000e+000
    endloop
  endfacet
  facet normal -4.200208e-001 -5.781112e-001 -6.995498e-001
    outer loop
      vertex -3.568168e+001  1.901242e+001  0.000000e+000
      vertex -3.580000e+001  1.861436e+001  4.000000e-001
      vertex -3.607061e+001  1.881097e+001  4.000000e-001
    endloop
  endfacet
  facet normal -4.638307e-001 -5.235527e-001 -7.146704e-001
    outer loop
      vertex -3.568168e+001  1.901242e+001  0.000000e+000
      vertex -3.607061e+001  1.881097e+001  4.000000e-001
      vertex -3.589821e+001  1.920425e+001  0.000000e+000
    endloop
  endfacet
  facet normal -2.900812e-001 -6.515350e-001 -7.009673e-001
    outer loop
      vertex -3.542553e+001  1.887798e+001  0.000000e+000
      vertex -3.549443e+001  1.847831e+001  4.000000e-001
      vertex -3.580000e+001  1.861436e+001  4.000000e-001
    endloop
  endfacet
  facet normal -3.255589e-001 -6.203097e-001 -7.136016e-001
    outer loop
      vertex -3.542553e+001  1.887798e+001  0.000000e+000
      vertex -3.580000e+001  1.861436e+001  4.000000e-001
      vertex -3.568168e+001  1.901242e+001  0.000000e+000
    endloop
  endfacet
  facet normal -1.477613e-001 -6.951723e-001 -7.034929e-001
    outer loop
      vertex -3.514465e+001  1.880875e+001  0.000000e+000
      vertex -3.516724e+001  1.840877e+001  4.000000e-001
      vertex -3.549443e+001  1.847831e+001  4.000000e-001
    endloop
  endfacet
  facet normal -1.682635e-001 -6.826683e-001 -7.110916e-001
    outer loop
      vertex -3.514465e+001  1.880875e+001  0.000000e+000
      vertex -3.549443e+001  1.847831e+001  4.000000e-001
      vertex -3.542553e+001  1.887798e+001  0.000000e+000
    endloop
  endfacet
  facet normal  1.477613e-001 -6.951723e-001 -7.034929e-001
    outer loop
      vertex -3.485535e+001  1.880875e+001  0.000000e+000
      vertex -3.450557e+001  1.847831e+001  4.000000e-001
      vertex -3.483276e+001  1.840877e+001  4.000000e-001
    endloop
  endfacet
  facet normal  0.000000e+000 -7.071207e-001 -7.070929e-001
    outer loop
      vertex -3.485535e+001  1.880875e+001  0.000000e+000
      vertex -3.483276e+001  1.840877e+001  4.000000e-001
      vertex -3.514465e+001  1.880875e+001  0.000000e+000
    endloop
  endfacet
  facet normal  -0.000000e+000 -7.071206e-001 -7.070929e-001
    outer loop
      vertex -3.514465e+001  1.880875e+001  0.000000e+000
      vertex -3.483276e+001  1.840877e+001  4.000000e-001
      vertex -3.516724e+001  1.840877e+001  4.000000e-001
    endloop
  endfacet
  facet normal  2.900812e-001 -6.515350e-001 -7.009673e-001
    outer loop
      vertex -3.457447e+001  1.887798e+001  0.000000e+000
      vertex -3.420000e+001  1.861436e+001  4.000000e-001
      vertex -3.450557e+001  1.847831e+001  4.000000e-001
    endloop
  endfacet
  facet normal  1.682635e-001 -6.826683e-001 -7.110916e-001
    outer loop
      vertex -3.457447e+001  1.887798e+001  0.000000e+000
      vertex -3.450557e+001  1.847831e+001  4.000000e-001
      vertex -3.485535e+001  1.880875e+001  0.000000e+000
    endloop
  endfacet
  facet normal  4.200208e-001 -5.781112e-001 -6.995498e-001
    outer loop
      vertex -3.431832e+001  1.901242e+001  0.000000e+000
      vertex -3.392939e+001  1.881097e+001  4.000000e-001
      vertex -3.420000e+001  1.861436e+001  4.000000e-001
    endloop
  endfacet
  facet normal  3.255589e-001 -6.203097e-001 -7.136016e-001
    outer loop
      vertex -3.431832e+001  1.901242e+001  0.000000e+000
      vertex -3.420000e+001  1.861436e+001  4.000000e-001
      vertex -3.457447e+001  1.887798e+001  0.000000e+000
    endloop
  endfacet
  facet normal  5.312479e-001 -4.783330e-001 -6.992663e-001
    outer loop
      vertex -3.410179e+001  1.920425e+001  0.000000e+000
      vertex -3.370557e+001  1.905954e+001  4.000000e-001
      vertex -3.392939e+001  1.881097e+001  4.000000e-001
    endloop
  endfacet
  facet normal  4.638307e-001 -5.235527e-001 -7.146704e-001
    outer loop
      vertex -3.410179e+001  1.920425e+001  0.000000e+000
      vertex -3.392939e+001  1.881097e+001  4.000000e-001
      vertex -3.431832e+001  1.901242e+001  0.000000e+000
    endloop
  endfacet
  facet normal  6.183633e-001 -3.570160e-001 -7.001188e-001
    outer loop
      vertex -3.393745e+001  1.944233e+001  0.000000e+000
      vertex -3.353833e+001  1.934922e+001  4.000000e-001
      vertex -3.370557e+001  1.905954e+001  4.000000e-001
    endloop
  endfacet
  facet normal  5.759457e-001 -3.975447e-001 -7.143142e-001
    outer loop
      vertex -3.393745e+001  1.944233e+001  0.000000e+000
      vertex -3.370557e+001  1.905954e+001  4.000000e-001
      vertex -3.410179e+001  1.920425e+001  0.000000e+000
    endloop
  endfacet
  facet normal  6.772328e-001 -2.200461e-001 -7.020937e-001
    outer loop
      vertex -3.383487e+001  1.971282e+001  0.000000e+000
      vertex -3.343496e+001  1.966734e+001  4.000000e-001
      vertex -3.353833e+001  1.934922e+001  4.000000e-001
    endloop
  endfacet
  facet normal  6.560449e-001 -2.488081e-001 -7.125305e-001
    outer loop
      vertex -3.383487e+001  1.971282e+001  0.000000e+000
      vertex -3.353833e+001  1.934922e+001  4.000000e-001
      vertex -3.393745e+001  1.944233e+001  0.000000e+000
    endloop
  endfacet
  facet normal  7.051642e-001  7.411119e-002 -7.051601e-001
    outer loop
      vertex -3.380000e+001  2.000000e+001  0.000000e+000
      vertex -3.343496e+001  2.033266e+001  4.000000e-001
      vertex -3.340000e+001  2.000000e+001  4.000000e-001
    endloop
  endfacet
  facet normal  6.997849e-001  8.497030e-002 -7.092821e-001
    outer loop
      vertex -3.380000e+001  2.000000e+001  0.000000e+000
      vertex -3.383487e+001  2.028718e+001  0.000000e+000
      vertex -3.343496e+001  2.033266e+001  4.000000e-001
    endloop
  endfacet
  facet normal -6.997852e-001  8.496973e-002 -7.092819e-001
    outer loop
      vertex -3.620000e+001  2.000000e+001  0.000000e+000
      vertex -3.656504e+001  2.033266e+001  4.000000e-001
      vertex -3.616513e+001  2.028718e+001  0.000000e+000
    endloop
  endfacet
  facet normal -7.051642e-001  7.411119e-002 -7.051601e-001
    outer loop
      vertex -3.620000e+001  2.000000e+001  0.000000e+000
      vertex -3.660000e+001  2.000000e+001  4.000000e-001
      vertex -3.656504e+001  2.033266e+001  4.000000e-001
    endloop
  endfacet
  facet normal  6.772329e-001  2.200461e-001 -7.020936e-001
    outer loop
      vertex -3.383487e+001  2.028718e+001  0.000000e+000
      vertex -3.353833e+001  2.065078e+001  4.000000e-001
      vertex -3.343496e+001  2.033266e+001  4.000000e-001
    endloop
  endfacet
  facet normal  6.183633e-001  3.570160e-001 -7.001188e-001
    outer loop
      vertex -3.393745e+001  2.055767e+001  0.000000e+000
      vertex -3.370557e+001  2.094046e+001  4.000000e-001
      vertex -3.353833e+001  2.065078e+001  4.000000e-001
    endloop
  endfacet
  facet normal  6.560449e-001  2.488081e-001 -7.125305e-001
    outer loop
      vertex -3.393745e+001  2.055767e+001  0.000000e+000
      vertex -3.353833e+001  2.065078e+001  4.000000e-001
      vertex -3.383487e+001  2.028718e+001  0.000000e+000
    endloop
  endfacet
  facet normal  5.312479e-001  4.783330e-001 -6.992663e-001
    outer loop
      vertex -3.410179e+001  2.079575e+001  0.000000e+000
      vertex -3.392939e+001  2.118903e+001  4.000000e-001
      vertex -3.370557e+001  2.094046e+001  4.000000e-001
    endloop
  endfacet
  facet normal  5.759457e-001  3.975447e-001 -7.143142e-001
    outer loop
      vertex -3.410179e+001  2.079575e+001  0.000000e+000
      vertex -3.370557e+001  2.094046e+001  4.000000e-001
      vertex -3.393745e+001  2.055767e+001  0.000000e+000
    endloop
  endfacet
  facet normal  4.200208e-001  5.781112e-001 -6.995498e-001
    outer loop
      vertex -3.431832e+001  2.098758e+001  0.000000e+000
      vertex -3.420000e+001  2.138564e+001  4.000000e-001
      vertex -3.392939e+001  2.118903e+001  4.000000e-001
    endloop
  endfacet
  facet normal  4.638307e-001  5.235527e-001 -7.146704e-001
    outer loop
      vertex -3.431832e+001  2.098758e+001  0.000000e+000
      vertex -3.392939e+001  2.118903e+001  4.000000e-001
      vertex -3.410179e+001  2.079575e+001  0.000000e+000
    endloop
  endfacet
  facet normal  2.900812e-001  6.515350e-001 -7.009673e-001
    outer loop
      vertex -3.457447e+001  2.112202e+001  0.000000e+000
      vertex -3.450557e+001  2.152169e+001  4.000000e-001
      vertex -3.420000e+001  2.138564e+001  4.000000e-001
    endloop
  endfacet
  facet normal  3.255589e-001  6.203097e-001 -7.136016e-001
    outer loop
      vertex -3.457447e+001  2.112202e+001  0.000000e+000
      vertex -3.420000e+001  2.138564e+001  4.000000e-001
      vertex -3.431832e+001  2.098758e+001  0.000000e+000
    endloop
  endfacet
  facet normal  1.477613e-001  6.951723e-001 -7.034929e-001
    outer loop
      vertex -3.485535e+001  2.119125e+001  0.000000e+000
      vertex -3.483276e+001  2.159123e+001  4.000000e-001
      vertex -3.450557e+001  2.152169e+001  4.000000e-001
    endloop
  endfacet
  facet normal  1.682635e-001  6.826683e-001 -7.110916e-001
    outer loop
      vertex -3.485535e+001  2.119125e+001  0.000000e+000
      vertex -3.450557e+001  2.152169e+001  4.000000e-001
      vertex -3.457447e+001  2.112202e+001  0.000000e+000
    endloop
  endfacet
  facet normal -1.477613e-001  6.951723e-001 -7.034929e-001
    outer loop
      vertex -3.514465e+001  2.119125e+001  0.000000e+000
      vertex -3.549443e+001  2.152169e+001  4.000000e-001
      vertex -3.516724e+001  2.159123e+001  4.000000e-001
    endloop
  endfacet
  facet normal  0.000000e+000  7.071207e-001 -7.070929e-001
    outer loop
      vertex -3.514465e+001  2.119125e+001  0.000000e+000
      vertex -3.516724e+001  2.159123e+001  4.000000e-001
      vertex -3.485535e+001  2.119125e+001  0.000000e+000
    endloop
  endfacet
  facet normal  0.000000e+000  7.071206e-001 -7.070929e-001
    outer loop
      vertex -3.485535e+001  2.119125e+001  0.000000e+000
      vertex -3.516724e+001  2.159123e+001  4.000000e-001
      vertex -3.483276e+001  2.159123e+001  4.000000e-001
    endloop
  endfacet
  facet normal -2.900812e-001  6.515350e-001 -7.009673e-001
    outer loop
      vertex -3.542553e+001  2.112202e+001  0.000000e+000
      vertex -3.580000e+001  2.138564e+001  4.000000e-001
      vertex -3.549443e+001  2.152169e+001  4.000000e-001
    endloop
  endfacet
  facet normal -1.682635e-001  6.826683e-001 -7.110916e-001
    outer loop
      vertex -3.542553e+001  2.112202e+001  0.000000e+000
      vertex -3.549443e+001  2.152169e+001  4.000000e-001
      vertex -3.514465e+001  2.119125e+001  0.000000e+000
    endloop
  endfacet
  facet normal -4.200208e-001  5.781112e-001 -6.995498e-001
    outer loop
      vertex -3.568168e+001  2.098758e+001  0.000000e+000
      vertex -3.607061e+001  2.118903e+001  4.000000e-001
      vertex -3.580000e+001  2.138564e+001  4.000000e-001
    endloop
  endfacet
  facet normal -3.255589e-001  6.203097e-001 -7.136016e-001
    outer loop
      vertex -3.568168e+001  2.098758e+001  0.000000e+000
      vertex -3.580000e+001  2.138564e+001  4.000000e-001
      vertex -3.542553e+001  2.112202e+001  0.000000e+000
    endloop
  endfacet
  facet normal -5.312479e-001  4.783330e-001 -6.992663e-001
    outer loop
      vertex -3.589821e+001  2.079575e+001  0.000000e+000
      vertex -3.629443e+001  2.094046e+001  4.000000e-001
      vertex -3.607061e+001  2.118903e+001  4.000000e-001
    endloop
  endfacet
  facet normal -4.638307e-001  5.235527e-001 -7.146704e-001
    outer loop
      vertex -3.589821e+001  2.079575e+001  0.000000e+000
      vertex -3.607061e+001  2.118903e+001  4.000000e-001
      vertex -3.568168e+001  2.098758e+001  0.000000e+000
    endloop
  endfacet
  facet normal -6.183633e-001  3.570160e-001 -7.001188e-001
    outer loop
      vertex -3.606255e+001  2.055767e+001  0.000000e+000
      vertex -3.646167e+001  2.065078e+001  4.000000e-001
      vertex -3.629443e+001  2.094046e+001  4.000000e-001
    endloop
  endfacet
  facet normal -5.759457e-001  3.975447e-001 -7.143142e-001
    outer loop
      vertex -3.606255e+001  2.055767e+001  0.000000e+000
      vertex -3.629443e+001  2.094046e+001  4.000000e-001
      vertex -3.589821e+001  2.079575e+001  0.000000e+000
    endloop
  endfacet
  facet normal -6.772333e-001  2.200462e-001 -7.020931e-001
    outer loop
      vertex -3.616513e+001  2.028718e+001  0.000000e+000
      vertex -3.656504e+001  2.033266e+001  4.000000e-001
      vertex -3.646167e+001  2.065078e+001  4.000000e-001
    endloop
  endfacet
  facet normal -6.560444e-001  2.488097e-001 -7.125303e-001
    outer loop
      vertex -3.616513e+001  2.028718e+001  0.000000e+000
      vertex -3.646167e+001  2.065078e+001  4.000000e-001
      vertex -3.606255e+001  2.055767e+001  0.000000e+000
    endloop
  endfacet
  facet normal  0.000000e+000  -0.000000e+000 -9.999999e-001
    outer loop
      vertex -3.040000e+001  1.500000e+001  4.100000e+000
      vertex -3.000000e+001  1.540000e+001  4.100000e+000
      vertex  3.000000e+001  1.540000e+001  4.100000e+000
    endloop
  endfacet
  facet normal  0.000000e+000  -0.000000e+000 -1.000000e+000
    outer loop
      vertex -3.040000e+001  1.500000e+001  4.100000e+000
      vertex  3.000000e+001  1.540000e+001  4.100000e+000
      vertex  3.040000e+001  1.500000e+001  4.100000e+000
    endloop
  endfacet
  facet normal  -0.000000e+000  0.000000e+000 -1.000000e+000
    outer loop
      vertex -3.040000e+001  1.500000e+001  4.100000e+000
      vertex  3.040000e+001  1.500000e+001  4.100000e+000
      vertex -4.600000e+000 -1.500000e+001  4.100000e+000
    endloop
  endfacet
  facet normal  0.000000e+000  0.000000e+000 -1.000000e+000
    outer loop
      vertex -3.040000e+001  1.500000e+001  4.100000e+000
      vertex -4.600000e+000 -1.500000e+001  4.100000e+000
      vertex -4.015000e+001  1.500000e+001  4.100000e+000
    endloop
  endfacet
  facet normal  0.000000e+000  0.000000e+000 -1.000000e+000
    outer loop
      vertex  5.000000e+000 -1.540000e+001  4.100000e+000
      vertex  4.600000e+000 -1.500000e+001  4.100000e+000
      vertex  4.015000e+001  1.500000e+001  4.100000e+000
    endloop
  endfacet
  facet normal  0.000000e+000  0.000000e+000 -1.000000e+000
    outer loop
      vertex  4.015000e+001  1.500000e+001  4.100000e+000
      vertex  4.600000e+000 -1.500000e+001  4.100000e+000
      vertex -4.600000e+000 -1.500000e+001  4.100000e+000
    endloop
  endfacet
  facet normal  0.000000e+000  0.000000e+000 -1.000000e+000
    outer loop
      vertex  4.015000e+001  1.500000e+001  4.100000e+000
      vertex -4.600000e+000 -1.500000e+001  4.100000e+000
      vertex  3.040000e+001  1.500000e+001  4.100000e+000
    endloop
  endfacet
  facet normal  0.000000e+000  0.000000e+000 -1.000000e+000
    outer loop
      vertex -3.000000e+001  1.540000e+001  4.100000e+000
      vertex -3.000000e+001  2.515000e+001  4.100000e+000
      vertex  3.000000e+001  1.540000e+001  4.100000e+000
    endloop
  endfacet
  facet normal  0.000000e+000  0.000000e+000 -1.000000e+000
    outer loop
      vertex  3.000000e+001  1.540000e+001  4.100000e+000
      vertex -3.000000e+001  2.515000e+001  4.100000e+000
      vertex  3.000000e+001  2.515000e+001  4.100000e+000
    endloop
  endfacet
  facet normal  0.000000e+000  0.000000e+000 -1.000000e+000
    outer loop
      vertex -4.600000e+000 -1.500000e+001  4.100000e+000
      vertex -5.000000e+000 -1.540000e+001  4.100000e+000
      vertex -4.015000e+001  1.500000e+001  4.100000e+000
    endloop
  endfacet
  facet normal  0.000000e+000  0.000000e+000 -1.000000e+000
    outer loop
      vertex -4.015000e+001  1.500000e+001  4.100000e+000
      vertex -5.000000e+000 -1.540000e+001  4.100000e+000
      vertex -5.000000e+000 -2.515000e+001  4.100000e+000
    endloop
  endfacet
  facet normal  0.000000e+000  0.000000e+000 -9.999999e-001
    outer loop
      vertex -4.015000e+001  1.500000e+001  4.100000e+000
      vertex -5.000000e+000 -2.515000e+001  4.100000e+000
      vertex -4.015000e+001 -2.515000e+001  4.100000e+000
    endloop
  endfacet
  facet normal  0.000000e+000  0.000000e+000 -1.000000e+000
    outer loop
      vertex  5.000000e+000 -1.540000e+001  4.100000e+000
      vertex  4.015000e+001  1.500000e+001  4.100000e+000
      vertex  5.000000e+000 -2.515000e+001  4.100000e+000
    endloop
  endfacet
  facet normal  0.000000e+000  0.000000e+000 -9.999999e-001
    outer loop
      vertex  5.000000e+000 -2.515000e+001  4.100000e+000
      vertex  4.015000e+001  1.500000e+001  4.100000e+000
      vertex  4.015000e+001 -2.515000e+001  4.100000e+000
    endloop
  endfacet
  facet normal  0.000000e+000  7.071068e-001  7.071068e-001
    outer loop
      vertex  4.095000e+001  5.600000e+000  5.300000e+000
      vertex  4.150000e+001  5.600000e+000  5.300000e+000
      vertex  4.135000e+001  6.000000e+000  4.900000e+000
    endloop
  endfacet
  facet normal  0.000000e+000  7.071068e-001  7.071068e-001
    outer loop
      vertex  4.135000e+001  6.000000e+000  4.900000e+000
      vertex  4.150000e+001  5.600000e+000  5.300000e+000
      vertex  4.990000e+001  5.600000e+000  5.300000e+000
    endloop
  endfacet
  facet normal  0.000000e+000  7.071068e-001  7.071068e-001
    outer loop
      vertex  4.135000e+001  6.000000e+000  4.900000e+000
      vertex  4.990000e+001  5.600000e+000  5.300000e+000
      vertex  4.990000e+001  6.000000e+000  4.900000e+000
    endloop
  endfacet
  facet normal -4.214670e-006  7.071072e-001  7.071064e-001
    outer loop
      vertex -4.095000e+001  2.595000e+001  5.300000e+000
      vertex -4.095000e+001  2.635000e+001  4.900000e+000
      vertex -4.115000e+001  2.615000e+001  5.100000e+000
    endloop
  endfacet
  facet normal  0.000000e+000  7.071072e-001  7.071064e-001
    outer loop
      vertex -4.095000e+001  2.635000e+001  4.900000e+000
      vertex -4.095000e+001  2.595000e+001  5.300000e+000
      vertex  4.095000e+001  2.635000e+001  4.900000e+000
    endloop
  endfacet
  facet normal  0.000000e+000  7.071072e-001  7.071064e-001
    outer loop
      vertex  4.095000e+001  2.635000e+001  4.900000e+000
      vertex -4.095000e+001  2.595000e+001  5.300000e+000
      vertex  4.095000e+001  2.595000e+001  5.300000e+000
    endloop
  endfacet
  facet normal  4.214670e-006  7.071072e-001  7.071064e-001
    outer loop
      vertex  4.095000e+001  2.635000e+001  4.900000e+000
      vertex  4.095000e+001  2.595000e+001  5.300000e+000
      vertex  4.115000e+001  2.615000e+001  5.100000e+000
    endloop
  endfacet
  facet normal  0.000000e+000  0.000000e+000  1.000000e+000
    outer loop
      vertex  4.150000e+001  5.600000e+000  5.300000e+000
      vertex -4.150000e+001 -5.600000e+000  5.300000e+000
      vertex -4.095000e+001 -5.600000e+000  5.300000e+000
    endloop
  endfacet
  facet normal  0.000000e+000  0.000000e+000  1.000000e+000
    outer loop
      vertex  4.150000e+001  5.600000e+000  5.300000e+000
      vertex -4.095000e+001 -5.600000e+000  5.300000e+000
      vertex  4.095000e+001 -5.600000e+000  5.300000e+000
    endloop
  endfacet
  facet normal  0.000000e+000  0.000000e+000  1.000000e+000
    outer loop
      vertex  4.150000e+001  5.600000e+000  5.300000e+000
      vertex  4.095000e+001 -5.600000e+000  5.300000e+000
      vertex  4.150000e+001 -5.600000e+000  5.300000e+000
    endloop
  endfacet
  facet normal  0.000000e+000  0.000000e+000  1.000000e+000
    outer loop
      vertex -4.150000e+001 -5.600000e+000  5.300000e+000
      vertex  4.150000e+001  5.600000e+000  5.300000e+000
      vertex  4.095000e+001  5.600000e+000  5.300000e+000
    endloop
  endfacet
  facet normal  0.000000e+000  0.000000e+000  1.000000e+000
    outer loop
      vertex -4.150000e+001 -5.600000e+000  5.300000e+000
      vertex  4.095000e+001  5.600000e+000  5.300000e+000
      vertex -4.095000e+001  5.600000e+000  5.300000e+000
    endloop
  endfacet
  facet normal  0.000000e+000  0.000000e+000  1.000000e+000
    outer loop
      vertex -4.150000e+001 -5.600000e+000  5.300000e+000
      vertex -4.095000e+001  5.600000e+000  5.300000e+000
      vertex -4.150000e+001  5.600000e+000  5.300000e+000
    endloop
  endfacet
  facet normal  0.000000e+000  0.000000e+000  1.000000e+000
    outer loop
      vertex -4.095000e+001  5.600000e+000  5.300000e+000
      vertex  4.095000e+001  5.600000e+000  5.300000e+000
      vertex -4.095000e+001  2.595000e+001  5.300000e+000
    endloop
  endfacet
  facet normal  -0.000000e+000  0.000000e+000  1.000000e+000
    outer loop
      vertex -4.095000e+001  2.595000e+001  5.300000e+000
      vertex  4.095000e+001  5.600000e+000  5.300000e+000
      vertex  4.095000e+001  2.595000e+001  5.300000e+000
    endloop
  endfacet
  facet normal  0.000000e+000  0.000000e+000  1.000000e+000
    outer loop
      vertex -4.095000e+001 -2.595000e+001  5.300000e+000
      vertex  4.095000e+001 -2.595000e+001  5.300000e+000
      vertex -4.095000e+001 -5.600000e+000  5.300000e+000
    endloop
  endfacet
  facet normal  -0.000000e+000  0.000000e+000  1.000000e+000
    outer loop
      vertex -4.095000e+001 -5.600000e+000  5.300000e+000
      vertex  4.095000e+001 -2.595000e+001  5.300000e+000
      vertex  4.095000e+001 -5.600000e+000  5.300000e+000
    endloop
  endfacet
  facet normal  7.071089e-001  0.000000e+000  7.071047e-001
    outer loop
      vertex  4.095000e+001  5.600000e+000  5.300000e+000
      vertex  4.135000e+001  6.000000e+000  4.900000e+000
      vertex  4.095000e+001  2.595000e+001  5.300000e+000
    endloop
  endfacet
  facet normal  7.071089e-001  0.000000e+000  7.071047e-001
    outer loop
      vertex  4.095000e+001  2.595000e+001  5.300000e+000
      vertex  4.135000e+001  6.000000e+000  4.900000e+000
      vertex  4.135000e+001  2.595000e+001  4.900000e+000
    endloop
  endfacet
  facet normal  7.071089e-001 -5.926951e-006  7.071046e-001
    outer loop
      vertex  4.095000e+001  2.595000e+001  5.300000e+000
      vertex  4.135000e+001  2.595000e+001  4.900000e+000
      vertex  4.115000e+001  2.615000e+001  5.100000e+000
    endloop
  endfacet
  facet normal -7.071089e-001  0.000000e+000  7.071047e-001
    outer loop
      vertex -4.135000e+001  6.000000e+000  4.900000e+000
      vertex -4.095000e+001  5.600000e+000  5.300000e+000
      vertex -4.135000e+001  2.595000e+001  4.900000e+000
    endloop
  endfacet
  facet normal -7.071089e-001  0.000000e+000  7.071047e-001
    outer loop
      vertex -4.135000e+001  2.595000e+001  4.900000e+000
      vertex -4.095000e+001  5.600000e+000  5.300000e+000
      vertex -4.095000e+001  2.595000e+001  5.300000e+000
    endloop
  endfacet
  facet normal -7.071089e-001 -5.926951e-006  7.071046e-001
    outer loop
      vertex -4.135000e+001  2.595000e+001  4.900000e+000
      vertex -4.095000e+001  2.595000e+001  5.300000e+000
      vertex -4.115000e+001  2.615000e+001  5.100000e+000
    endloop
  endfacet
  facet normal  0.000000e+000  7.071068e-001  7.071068e-001
    outer loop
      vertex -4.095000e+001  5.600000e+000  5.300000e+000
      vertex -4.135000e+001  6.000000e+000  4.900000e+000
      vertex -4.150000e+001  5.600000e+000  5.300000e+000
    endloop
  endfacet
  facet normal  0.000000e+000  7.071068e-001  7.071068e-001
    outer loop
      vertex -4.150000e+001  5.600000e+000  5.300000e+000
      vertex -4.135000e+001  6.000000e+000  4.900000e+000
      vertex -4.990000e+001  6.000000e+000  4.900000e+000
    endloop
  endfacet
  facet normal  0.000000e+000  7.071068e-001  7.071068e-001
    outer loop
      vertex -4.150000e+001  5.600000e+000  5.300000e+000
      vertex -4.990000e+001  6.000000e+000  4.900000e+000
      vertex -4.990000e+001  5.600000e+000  5.300000e+000
    endloop
  endfacet
  facet normal  0.000000e+000 -7.071068e-001  7.071068e-001
    outer loop
      vertex -4.990000e+001 -5.600000e+000  5.300000e+000
      vertex -4.990000e+001 -6.000000e+000  4.900000e+000
      vertex -4.150000e+001 -5.600000e+000  5.300000e+000
    endloop
  endfacet
  facet normal  0.000000e+000 -7.071068e-001  7.071068e-001
    outer loop
      vertex -4.150000e+001 -5.600000e+000  5.300000e+000
      vertex -4.990000e+001 -6.000000e+000  4.900000e+000
      vertex -4.135000e+001 -6.000000e+000  4.900000e+000
    endloop
  endfacet
  facet normal  0.000000e+000 -7.071068e-001  7.071068e-001
    outer loop
      vertex -4.150000e+001 -5.600000e+000  5.300000e+000
      vertex -4.135000e+001 -6.000000e+000  4.900000e+000
      vertex -4.095000e+001 -5.600000e+000  5.300000e+000
    endloop
  endfacet
  facet normal  4.214670e-006 -7.071072e-001  7.071064e-001
    outer loop
      vertex  4.095000e+001 -2.595000e+001  5.300000e+000
      vertex  4.095000e+001 -2.635000e+001  4.900000e+000
      vertex  4.115000e+001 -2.615000e+001  5.100000e+000
    endloop
  endfacet
  facet normal  0.000000e+000 -7.071072e-001  7.071064e-001
    outer loop
      vertex  4.095000e+001 -2.635000e+001  4.900000e+000
      vertex  4.095000e+001 -2.595000e+001  5.300000e+000
      vertex -4.095000e+001 -2.635000e+001  4.900000e+000
    endloop
  endfacet
  facet normal  0.000000e+000 -7.071072e-001  7.071064e-001
    outer loop
      vertex -4.095000e+001 -2.635000e+001  4.900000e+000
      vertex  4.095000e+001 -2.595000e+001  5.300000e+000
      vertex -4.095000e+001 -2.595000e+001  5.300000e+000
    endloop
  endfacet
  facet normal -4.214670e-006 -7.071072e-001  7.071064e-001
    outer loop
      vertex -4.095000e+001 -2.635000e+001  4.900000e+000
      vertex -4.095000e+001 -2.595000e+001  5.300000e+000
      vertex -4.115000e+001 -2.615000e+001  5.100000e+000
    endloop
  endfacet
  facet normal -7.071089e-001  0.000000e+000  7.071047e-001
    outer loop
      vertex -4.095000e+001 -5.600000e+000  5.300000e+000
      vertex -4.135000e+001 -6.000000e+000  4.900000e+000
      vertex -4.095000e+001 -2.595000e+001  5.300000e+000
    endloop
  endfacet
  facet normal -7.071089e-001  0.000000e+000  7.071047e-001
    outer loop
      vertex -4.095000e+001 -2.595000e+001  5.300000e+000
      vertex -4.135000e+001 -6.000000e+000  4.900000e+000
      vertex -4.135000e+001 -2.595000e+001  4.900000e+000
    endloop
  endfacet
  facet normal -7.071089e-001  5.926951e-006  7.071046e-001
    outer loop
      vertex -4.095000e+001 -2.595000e+001  5.300000e+000
      vertex -4.135000e+001 -2.595000e+001  4.900000e+000
      vertex -4.115000e+001 -2.615000e+001  5.100000e+000
    endloop
  endfacet
  facet normal  7.071089e-001  0.000000e+000  7.071047e-001
    outer loop
      vertex  4.135000e+001 -6.000000e+000  4.900000e+000
      vertex  4.095000e+001 -5.600000e+000  5.300000e+000
      vertex  4.135000e+001 -2.595000e+001  4.900000e+000
    endloop
  endfacet
  facet normal  7.071089e-001  0.000000e+000  7.071047e-001
    outer loop
      vertex  4.135000e+001 -2.595000e+001  4.900000e+000
      vertex  4.095000e+001 -5.600000e+000  5.300000e+000
      vertex  4.095000e+001 -2.595000e+001  5.300000e+000
    endloop
  endfacet
  facet normal  7.071089e-001  5.926951e-006  7.071046e-001
    outer loop
      vertex  4.135000e+001 -2.595000e+001  4.900000e+000
      vertex  4.095000e+001 -2.595000e+001  5.300000e+000
      vertex  4.115000e+001 -2.615000e+001  5.100000e+000
    endloop
  endfacet
  facet normal  0.000000e+000 -7.071068e-001  7.071068e-001
    outer loop
      vertex  4.990000e+001 -6.000000e+000  4.900000e+000
      vertex  4.990000e+001 -5.600000e+000  5.300000e+000
      vertex  4.135000e+001 -6.000000e+000  4.900000e+000
    endloop
  endfacet
  facet normal  0.000000e+000 -7.071068e-001  7.071068e-001
    outer loop
      vertex  4.135000e+001 -6.000000e+000  4.900000e+000
      vertex  4.990000e+001 -5.600000e+000  5.300000e+000
      vertex  4.150000e+001 -5.600000e+000  5.300000e+000
    endloop
  endfacet
  facet normal  0.000000e+000 -7.071068e-001  7.071068e-001
    outer loop
      vertex  4.135000e+001 -6.000000e+000  4.900000e+000
      vertex  4.150000e+001 -5.600000e+000  5.300000e+000
      vertex  4.095000e+001 -5.600000e+000  5.300000e+000
    endloop
  endfacet
  facet normal  0.000000e+000  -0.000000e+000  1.000000e+000
    outer loop
      vertex -5.541492e+001  9.724297e-001  5.300000e+000
      vertex -5.271997e+001  1.023615e+000  5.300000e+000
      vertex -5.255503e+001  1.396717e+000  5.300000e+000
    endloop
  endfacet
  facet normal  -0.000000e+000  0.000000e+000  1.000000e+000
    outer loop
      vertex -5.129672e+001 -2.655029e+000  5.300000e+000
      vertex -5.474974e+001 -2.800000e+000  5.300000e+000
      vertex -5.092363e+001 -2.819961e+000  5.300000e+000
    endloop
  endfacet
  facet normal  0.000000e+000  0.000000e+000  9.999999e-001
    outer loop
      vertex -4.990000e+001  3.000000e+000  5.300000e+000
      vertex -4.150000e+001  5.600000e+000  5.300000e+000
      vertex -4.990000e+001  5.600000e+000  5.300000e+000
    endloop
  endfacet
  facet normal  0.000000e+000  0.000000e+000  9.999999e-001
    outer loop
      vertex -4.990000e+001  3.000000e+000  5.300000e+000
      vertex -4.990000e+001  5.600000e+000  5.300000e+000
      vertex -5.055012e+001  5.562135e+000  5.300000e+000
    endloop
  endfacet
  facet normal  0.000000e+000  0.000000e+000  1.000000e+000
    outer loop
      vertex -4.990000e+001  3.000000e+000  5.300000e+000
      vertex -5.055012e+001  5.562135e+000  5.300000e+000
      vertex -5.119145e+001  5.449051e+000  5.300000e+000
    endloop
  endfacet
  facet normal  0.000000e+000  0.000000e+000  1.000000e+000
    outer loop
      vertex -4.990000e+001  3.000000e+000  5.300000e+000
      vertex -5.119145e+001  5.449051e+000  5.300000e+000
      vertex -5.181531e+001  5.262279e+000  5.300000e+000
    endloop
  endfacet
  facet normal  0.000000e+000  0.000000e+000  1.000000e+000
    outer loop
      vertex -4.990000e+001  3.000000e+000  5.300000e+000
      vertex -5.181531e+001  5.262279e+000  5.300000e+000
      vertex -5.241328e+001  5.004343e+000  5.300000e+000
    endloop
  endfacet
  facet normal  0.000000e+000  0.000000e+000  9.999999e-001
    outer loop
      vertex -4.990000e+001  3.000000e+000  5.300000e+000
      vertex -5.241328e+001  5.004343e+000  5.300000e+000
      vertex -5.297725e+001  4.678731e+000  5.300000e+000
    endloop
  endfacet
  facet normal  0.000000e+000  0.000000e+000  1.000000e+000
    outer loop
      vertex -4.990000e+001  3.000000e+000  5.300000e+000
      vertex -5.297725e+001  4.678731e+000  5.300000e+000
      vertex -5.349961e+001  4.289849e+000  5.300000e+000
    endloop
  endfacet
  facet normal  0.000000e+000  0.000000e+000  1.000000e+000
    outer loop
      vertex -4.990000e+001  3.000000e+000  5.300000e+000
      vertex -5.349961e+001  4.289849e+000  5.300000e+000
      vertex -5.397329e+001  3.842953e+000  5.300000e+000
    endloop
  endfacet
  facet normal  0.000000e+000  0.000000e+000  1.000000e+000
    outer loop
      vertex -4.990000e+001  3.000000e+000  5.300000e+000
      vertex -5.397329e+001  3.842953e+000  5.300000e+000
      vertex -5.439189e+001  3.344088e+000  5.300000e+000
    endloop
  endfacet
  facet normal  0.000000e+000  -0.000000e+000  1.000000e+000
    outer loop
      vertex -5.474974e+001  2.800000e+000  5.300000e+000
      vertex -5.108518e+001  2.755965e+000  5.300000e+000
      vertex -5.070037e+001  2.891263e+000  5.300000e+000
    endloop
  endfacet
  facet normal  0.000000e+000  -0.000000e+000  1.000000e+000
    outer loop
      vertex -5.474974e+001  2.800000e+000  5.300000e+000
      vertex -5.070037e+001  2.891263e+000  5.300000e+000
      vertex -5.030386e+001  2.972656e+000  5.300000e+000
    endloop
  endfacet
  facet normal  0.000000e+000  -0.000000e+000  1.000000e+000
    outer loop
      vertex -5.474974e+001  2.800000e+000  5.300000e+000
      vertex -5.030386e+001  2.972656e+000  5.300000e+000
      vertex -4.990000e+001  3.000000e+000  5.300000e+000
    endloop
  endfacet
  facet normal  0.000000e+000  0.000000e+000  1.000000e+000
    outer loop
      vertex -5.474974e+001  2.800000e+000  5.300000e+000
      vertex -4.990000e+001  3.000000e+000  5.300000e+000
      vertex -5.439189e+001  3.344088e+000  5.300000e+000
    endloop
  endfacet
  facet normal  0.000000e+000  0.000000e+000  1.000000e+000
    outer loop
      vertex -5.504201e+001  2.218047e+000  5.300000e+000
      vertex -5.526474e+001  1.606098e+000  5.300000e+000
      vertex -5.208184e+001  2.059018e+000  5.300000e+000
    endloop
  endfacet
  facet normal  0.000000e+000  -0.000000e+000  9.999999e-001
    outer loop
      vertex -5.504201e+001  2.218047e+000  5.300000e+000
      vertex -5.208184e+001  2.059018e+000  5.300000e+000
      vertex -5.178237e+001  2.335954e+000  5.300000e+000
    endloop
  endfacet
  facet normal  0.000000e+000  -0.000000e+000  1.000000e+000
    outer loop
      vertex -5.504201e+001  2.218047e+000  5.300000e+000
      vertex -5.178237e+001  2.335954e+000  5.300000e+000
      vertex -5.144808e+001  2.569712e+000  5.300000e+000
    endloop
  endfacet
  facet normal  0.000000e+000  -0.000000e+000  1.000000e+000
    outer loop
      vertex -5.504201e+001  2.218047e+000  5.300000e+000
      vertex -5.144808e+001  2.569712e+000  5.300000e+000
      vertex -5.108518e+001  2.755965e+000  5.300000e+000
    endloop
  endfacet
  facet normal  0.000000e+000  0.000000e+000  1.000000e+000
    outer loop
      vertex -5.504201e+001  2.218047e+000  5.300000e+000
      vertex -5.108518e+001  2.755965e+000  5.300000e+000
      vertex -5.474974e+001  2.800000e+000  5.300000e+000
    endloop
  endfacet
  facet normal  0.000000e+000  0.000000e+000  1.000000e+000
    outer loop
      vertex -4.990000e+001 -5.600000e+000  5.300000e+000
      vertex -4.971998e+001 -2.994594e+000  5.300000e+000
      vertex -5.012789e+001 -2.991330e+000  5.300000e+000
    endloop
  endfacet
  facet normal  0.000000e+000  0.000000e+000  1.000000e+000
    outer loop
      vertex -4.990000e+001 -5.600000e+000  5.300000e+000
      vertex -5.012789e+001 -2.991330e+000  5.300000e+000
      vertex -5.439189e+001 -3.344088e+000  5.300000e+000
    endloop
  endfacet
  facet normal  0.000000e+000  0.000000e+000  1.000000e+000
    outer loop
      vertex -4.990000e+001 -5.600000e+000  5.300000e+000
      vertex -5.439189e+001 -3.344088e+000  5.300000e+000
      vertex -5.397329e+001 -3.842953e+000  5.300000e+000
    endloop
  endfacet
  facet normal  0.000000e+000  0.000000e+000  1.000000e+000
    outer loop
      vertex -4.990000e+001 -5.600000e+000  5.300000e+000
      vertex -5.397329e+001 -3.842953e+000  5.300000e+000
      vertex -5.349961e+001 -4.289849e+000  5.300000e+000
    endloop
  endfacet
  facet normal  0.000000e+000  0.000000e+000  9.999999e-001
    outer loop
      vertex -4.990000e+001 -5.600000e+000  5.300000e+000
      vertex -5.349961e+001 -4.289849e+000  5.300000e+000
      vertex -5.297725e+001 -4.678732e+000  5.300000e+000
    endloop
  endfacet
  facet normal  0.000000e+000  0.000000e+000  1.000000e+000
    outer loop
      vertex -4.990000e+001 -5.600000e+000  5.300000e+000
      vertex -5.297725e+001 -4.678732e+000  5.300000e+000
      vertex -5.241328e+001 -5.004343e+000  5.300000e+000
    endloop
  endfacet
  facet normal  0.000000e+000  0.000000e+000  1.000000e+000
    outer loop
      vertex -4.990000e+001 -5.600000e+000  5.300000e+000
      vertex -5.241328e+001 -5.004343e+000  5.300000e+000
      vertex -5.181531e+001 -5.262279e+000  5.300000e+000
    endloop
  endfacet
  facet normal  0.000000e+000  0.000000e+000  1.000000e+000
    outer loop
      vertex -4.990000e+001 -5.600000e+000  5.300000e+000
      vertex -5.181531e+001 -5.262279e+000  5.300000e+000
      vertex -5.119145e+001 -5.449051e+000  5.300000e+000
    endloop
  endfacet
  facet normal  0.000000e+000  0.000000e+000  1.000000e+000
    outer loop
      vertex -4.990000e+001 -5.600000e+000  5.300000e+000
      vertex -5.119145e+001 -5.449051e+000  5.300000e+000
      vertex -5.055012e+001 -5.562135e+000  5.300000e+000
    endloop
  endfacet
  facet normal  0.000000e+000  0.000000e+000  1.000000e+000
    outer loop
      vertex -5.439189e+001 -3.344088e+000  5.300000e+000
      vertex -5.012789e+001 -2.991330e+000  5.300000e+000
      vertex -5.053160e+001 -2.932757e+000  5.300000e+000
    endloop
  endfacet
  facet normal  0.000000e+000  0.000000e+000  1.000000e+000
    outer loop
      vertex -5.439189e+001 -3.344088e+000  5.300000e+000
      vertex -5.053160e+001 -2.932757e+000  5.300000e+000
      vertex -5.092363e+001 -2.819961e+000  5.300000e+000
    endloop
  endfacet
  facet normal  0.000000e+000  0.000000e+000  1.000000e+000
    outer loop
      vertex -5.439189e+001 -3.344088e+000  5.300000e+000
      vertex -5.092363e+001 -2.819961e+000  5.300000e+000
      vertex -5.474974e+001 -2.800000e+000  5.300000e+000
    endloop
  endfacet
  facet normal  0.000000e+000  0.000000e+000  1.000000e+000
    outer loop
      vertex -4.150000e+001 -5.600000e+000  5.300000e+000
      vertex -4.749705e+001  1.796046e+000  5.300000e+000
      vertex -4.724678e+001  1.400092e+000  5.300000e+000
    endloop
  endfacet
  facet normal  0.000000e+000  0.000000e+000  1.000000e+000
    outer loop
      vertex -4.150000e+001 -5.600000e+000  5.300000e+000
      vertex -4.724678e+001  1.400092e+000  5.300000e+000
      vertex -4.706117e+001  9.699897e-001  5.300000e+000
    endloop
  endfacet
  facet normal  0.000000e+000  0.000000e+000  9.999999e-001
    outer loop
      vertex -4.150000e+001 -5.600000e+000  5.300000e+000
      vertex -4.706117e+001  9.699897e-001  5.300000e+000
      vertex -4.694476e+001  5.162675e-001  5.300000e+000
    endloop
  endfacet
  facet normal  0.000000e+000  0.000000e+000  1.000000e+000
    outer loop
      vertex -4.150000e+001 -5.600000e+000  5.300000e+000
      vertex -4.694476e+001  5.162675e-001  5.300000e+000
      vertex -4.690042e+001  5.000186e-002  5.300000e+000
    endloop
  endfacet
  facet normal  0.000000e+000  0.000000e+000  1.000000e+000
    outer loop
      vertex -4.150000e+001 -5.600000e+000  5.300000e+000
      vertex -4.690042e+001  5.000186e-002  5.300000e+000
      vertex -4.690000e+001 -3.330669e-015  5.300000e+000
    endloop
  endfacet
  facet normal  0.000000e+000  0.000000e+000  1.000000e+000
    outer loop
      vertex -4.150000e+001 -5.600000e+000  5.300000e+000
      vertex -4.690000e+001 -3.330669e-015  5.300000e+000
      vertex -4.692965e+001 -4.207141e-001  5.300000e+000
    endloop
  endfacet
  facet normal  0.000000e+000  0.000000e+000  9.999999e-001
    outer loop
      vertex -4.150000e+001 -5.600000e+000  5.300000e+000
      vertex -4.692965e+001 -4.207141e-001  5.300000e+000
      vertex -4.701800e+001 -8.331178e-001  5.300000e+000
    endloop
  endfacet
  facet normal  0.000000e+000  0.000000e+000  1.000000e+000
    outer loop
      vertex -4.150000e+001 -5.600000e+000  5.300000e+000
      vertex -4.701800e+001 -8.331178e-001  5.300000e+000
      vertex -4.716332e+001 -1.229051e+000  5.300000e+000
    endloop
  endfacet
  facet normal  0.000000e+000  0.000000e+000  1.000000e+000
    outer loop
      vertex -4.150000e+001 -5.600000e+000  5.300000e+000
      vertex -4.716332e+001 -1.229051e+000  5.300000e+000
      vertex -4.735535e+001 -1.588944e+000  5.300000e+000
    endloop
  endfacet
  facet normal  0.000000e+000  0.000000e+000  1.000000e+000
    outer loop
      vertex -4.150000e+001 -5.600000e+000  5.300000e+000
      vertex -4.735535e+001 -1.588944e+000  5.300000e+000
      vertex -4.759444e+001 -1.919469e+000  5.300000e+000
    endloop
  endfacet
  facet normal  0.000000e+000  0.000000e+000  1.000000e+000
    outer loop
      vertex -4.150000e+001 -5.600000e+000  5.300000e+000
      vertex -4.759444e+001 -1.919469e+000  5.300000e+000
      vertex -4.787615e+001 -2.214506e+000  5.300000e+000
    endloop
  endfacet
  facet normal  0.000000e+000  0.000000e+000  1.000000e+000
    outer loop
      vertex -4.150000e+001 -5.600000e+000  5.300000e+000
      vertex -4.787615e+001 -2.214506e+000  5.300000e+000
      vertex -4.819528e+001 -2.468589e+000  5.300000e+000
    endloop
  endfacet
  facet normal  0.000000e+000  0.000000e+000  1.000000e+000
    outer loop
      vertex -4.150000e+001 -5.600000e+000  5.300000e+000
      vertex -4.819528e+001 -2.468589e+000  5.300000e+000
      vertex -4.854593e+001 -2.677027e+000  5.300000e+000
    endloop
  endfacet
  facet normal  0.000000e+000  0.000000e+000  1.000000e+000
    outer loop
      vertex -4.150000e+001 -5.600000e+000  5.300000e+000
      vertex -4.854593e+001 -2.677027e+000  5.300000e+000
      vertex -4.892162e+001 -2.835974e+000  5.300000e+000
    endloop
  endfacet
  facet normal  0.000000e+000  0.000000e+000  9.999999e-001
    outer loop
      vertex -4.150000e+001 -5.600000e+000  5.300000e+000
      vertex -4.892162e+001 -2.835974e+000  5.300000e+000
      vertex -4.931540e+001 -2.942488e+000  5.300000e+000
    endloop
  endfacet
  facet normal  0.000000e+000  0.000000e+000  1.000000e+000
    outer loop
      vertex -4.150000e+001 -5.600000e+000  5.300000e+000
      vertex -4.931540e+001 -2.942488e+000  5.300000e+000
      vertex -4.971998e+001 -2.994594e+000  5.300000e+000
    endloop
  endfacet
  facet normal  0.000000e+000  0.000000e+000  1.000000e+000
    outer loop
      vertex -4.150000e+001 -5.600000e+000  5.300000e+000
      vertex -4.971998e+001 -2.994594e+000  5.300000e+000
      vertex -4.990000e+001 -5.600000e+000  5.300000e+000
    endloop
  endfacet
  facet normal  -0.000000e+000  0.000000e+000  1.000000e+000
    outer loop
      vertex -4.150000e+001  5.600000e+000  5.300000e+000
      vertex -4.990000e+001  3.000000e+000  5.300000e+000
      vertex -4.943828e+001  2.964249e+000  5.300000e+000
    endloop
  endfacet
  facet normal  -0.000000e+000  0.000000e+000  1.000000e+000
    outer loop
      vertex -4.150000e+001  5.600000e+000  5.300000e+000
      vertex -4.943828e+001  2.964249e+000  5.300000e+000
      vertex -4.898753e+001  2.857838e+000  5.300000e+000
    endloop
  endfacet
  facet normal  -0.000000e+000  0.000000e+000  9.999999e-001
    outer loop
      vertex -4.150000e+001  5.600000e+000  5.300000e+000
      vertex -4.898753e+001  2.857838e+000  5.300000e+000
      vertex -4.855849e+001  2.683320e+000  5.300000e+000
    endloop
  endfacet
  facet normal  -0.000000e+000  0.000000e+000  1.000000e+000
    outer loop
      vertex -4.150000e+001  5.600000e+000  5.300000e+000
      vertex -4.855849e+001  2.683320e+000  5.300000e+000
      vertex -4.816145e+001  2.444872e+000  5.300000e+000
    endloop
  endfacet
  facet normal  -0.000000e+000  0.000000e+000  1.000000e+000
    outer loop
      vertex -4.150000e+001  5.600000e+000  5.300000e+000
      vertex -4.816145e+001  2.444872e+000  5.300000e+000
      vertex -4.780588e+001  2.148175e+000  5.300000e+000
    endloop
  endfacet
  facet normal  -0.000000e+000  0.000000e+000  9.999999e-001
    outer loop
      vertex -4.150000e+001  5.600000e+000  5.300000e+000
      vertex -4.780588e+001  2.148175e+000  5.300000e+000
      vertex -4.749705e+001  1.796046e+000  5.300000e+000
    endloop
  endfacet
  facet normal  -0.000000e+000  0.000000e+000  1.000000e+000
    outer loop
      vertex -4.150000e+001  5.600000e+000  5.300000e+000
      vertex -4.749705e+001  1.796046e+000  5.300000e+000
      vertex -4.150000e+001 -5.600000e+000  5.300000e+000
    endloop
  endfacet
  facet normal  0.000000e+000  0.000000e+000  1.000000e+000
    outer loop
      vertex -5.541492e+001  9.724297e-001  5.300000e+000
      vertex -5.255503e+001  1.396717e+000  5.300000e+000
      vertex -5.526474e+001  1.606098e+000  5.300000e+000
    endloop
  endfacet
  facet normal  -0.000000e+000  0.000000e+000  1.000000e+000
    outer loop
      vertex -5.526474e+001  1.606098e+000  5.300000e+000
      vertex -5.255503e+001  1.396717e+000  5.300000e+000
      vertex -5.234100e+001  1.743995e+000  5.300000e+000
    endloop
  endfacet
  facet normal  0.000000e+000  -0.000000e+000  1.000000e+000
    outer loop
      vertex -5.526474e+001  1.606098e+000  5.300000e+000
      vertex -5.234100e+001  1.743995e+000  5.300000e+000
      vertex -5.208184e+001  2.059018e+000  5.300000e+000
    endloop
  endfacet
  facet normal  -0.000000e+000  0.000000e+000  1.000000e+000
    outer loop
      vertex -5.271997e+001  1.023615e+000  5.300000e+000
      vertex -5.541492e+001  9.724297e-001  5.300000e+000
      vertex -5.283276e+001  6.315987e-001  5.300000e+000
    endloop
  endfacet
  facet normal  0.000000e+000  0.000000e+000  1.000000e+000
    outer loop
      vertex -5.283276e+001  6.315987e-001  5.300000e+000
      vertex -5.541492e+001  9.724297e-001  5.300000e+000
      vertex -5.549052e+001  3.256109e-001  5.300000e+000
    endloop
  endfacet
  facet normal  -0.000000e+000  0.000000e+000  1.000000e+000
    outer loop
      vertex -5.283276e+001  6.315987e-001  5.300000e+000
      vertex -5.549052e+001  3.256109e-001  5.300000e+000
      vertex -5.288314e+001  3.175879e-001  5.300000e+000
    endloop
  endfacet
  facet normal  0.000000e+000  0.000000e+000  1.000000e+000
    outer loop
      vertex -5.288314e+001  3.175879e-001  5.300000e+000
      vertex -5.549052e+001  3.256109e-001  5.300000e+000
      vertex -5.290000e+001 -1.730580e-007  5.300000e+000
    endloop
  endfacet
  facet normal  0.000000e+000  0.000000e+000  1.000000e+000
    outer loop
      vertex -5.290000e+001 -1.730580e-007  5.300000e+000
      vertex -5.549052e+001  3.256109e-001  5.300000e+000
      vertex -5.549052e+001 -3.256112e-001  5.300000e+000
    endloop
  endfacet
  facet normal  -0.000000e+000  0.000000e+000  1.000000e+000
    outer loop
      vertex -5.290000e+001 -1.730580e-007  5.300000e+000
      vertex -5.549052e+001 -3.256112e-001  5.300000e+000
      vertex -5.287248e+001 -4.053931e-001  5.300000e+000
    endloop
  endfacet
  facet normal  0.000000e+000  0.000000e+000  1.000000e+000
    outer loop
      vertex -5.287248e+001 -4.053931e-001  5.300000e+000
      vertex -5.549052e+001 -3.256112e-001  5.300000e+000
      vertex -5.279043e+001 -8.033611e-001  5.300000e+000
    endloop
  endfacet
  facet normal  0.000000e+000  0.000000e+000  9.999999e-001
    outer loop
      vertex -5.279043e+001 -8.033611e-001  5.300000e+000
      vertex -5.549052e+001 -3.256112e-001  5.300000e+000
      vertex -5.541492e+001 -9.724299e-001  5.300000e+000
    endloop
  endfacet
  facet normal  -0.000000e+000  0.000000e+000  1.000000e+000
    outer loop
      vertex -5.279043e+001 -8.033611e-001  5.300000e+000
      vertex -5.541492e+001 -9.724299e-001  5.300000e+000
      vertex -5.265536e+001 -1.186592e+000  5.300000e+000
    endloop
  endfacet
  facet normal  0.000000e+000  0.000000e+000  1.000000e+000
    outer loop
      vertex -5.265536e+001 -1.186592e+000  5.300000e+000
      vertex -5.541492e+001 -9.724299e-001  5.300000e+000
      vertex -5.526474e+001 -1.606098e+000  5.300000e+000
    endloop
  endfacet
  facet normal  0.000000e+000  0.000000e+000  1.000000e+000
    outer loop
      vertex -5.265536e+001 -1.186592e+000  5.300000e+000
      vertex -5.526474e+001 -1.606098e+000  5.300000e+000
      vertex -5.246974e+001 -1.548043e+000  5.300000e+000
    endloop
  endfacet
  facet normal  -0.000000e+000  0.000000e+000  1.000000e+000
    outer loop
      vertex -5.246974e+001 -1.548043e+000  5.300000e+000
      vertex -5.526474e+001 -1.606098e+000  5.300000e+000
      vertex -5.223598e+001 -1.882340e+000  5.300000e+000
    endloop
  endfacet
  facet normal  0.000000e+000  0.000000e+000  1.000000e+000
    outer loop
      vertex -5.223598e+001 -1.882340e+000  5.300000e+000
      vertex -5.526474e+001 -1.606098e+000  5.300000e+000
      vertex -5.504201e+001 -2.218047e+000  5.300000e+000
    endloop
  endfacet
  facet normal  0.000000e+000  0.000000e+000  1.000000e+000
    outer loop
      vertex -5.223598e+001 -1.882340e+000  5.300000e+000
      vertex -5.504201e+001 -2.218047e+000  5.300000e+000
      vertex -5.195901e+001 -2.181842e+000  5.300000e+000
    endloop
  endfacet
  facet normal  -0.000000e+000  0.000000e+000  9.999999e-001
    outer loop
      vertex -5.195901e+001 -2.181842e+000  5.300000e+000
      vertex -5.504201e+001 -2.218047e+000  5.300000e+000
      vertex -5.164399e+001 -2.441006e+000  5.300000e+000
    endloop
  endfacet
  facet normal  0.000000e+000  0.000000e+000  1.000000e+000
    outer loop
      vertex -5.164399e+001 -2.441006e+000  5.300000e+000
      vertex -5.504201e+001 -2.218047e+000  5.300000e+000
      vertex -5.474974e+001 -2.800000e+000  5.300000e+000
    endloop
  endfacet
  facet normal  0.000000e+000  0.000000e+000  1.000000e+000
    outer loop
      vertex -5.164399e+001 -2.441006e+000  5.300000e+000
      vertex -5.474974e+001 -2.800000e+000  5.300000e+000
      vertex -5.129672e+001 -2.655029e+000  5.300000e+000
    endloop
  endfacet
  facet normal -7.062328e-001  4.976200e-002  7.062286e-001
    outer loop
      vertex -4.730000e+001 -6.368163e-016  4.900000e+000
      vertex -4.692965e+001 -4.207141e-001  5.300000e+000
      vertex -4.690000e+001 -3.330669e-015  5.300000e+000
    endloop
  endfacet
  facet normal -6.994908e-001  6.119961e-002  7.120163e-001
    outer loop
      vertex -4.730000e+001 -6.368163e-016  4.900000e+000
      vertex -4.733950e+001 -4.514853e-001  4.900000e+000
      vertex -4.692965e+001 -4.207141e-001  5.300000e+000
    endloop
  endfacet
  facet normal  6.988048e-001  6.113956e-002  7.126948e-001
    outer loop
      vertex -5.250000e+001  3.184082e-016  4.900000e+000
      vertex -5.287248e+001 -4.053931e-001  5.300000e+000
      vertex -5.246050e+001 -4.514853e-001  4.900000e+000
    endloop
  endfacet
  facet normal  7.062958e-001  4.793873e-002  7.062917e-001
    outer loop
      vertex -5.250000e+001  3.184082e-016  4.900000e+000
      vertex -5.290000e+001 -1.730580e-007  5.300000e+000
      vertex -5.287248e+001 -4.053931e-001  5.300000e+000
    endloop
  endfacet
  facet normal -6.963480e-001  1.491900e-001  7.020270e-001
    outer loop
      vertex -4.733950e+001 -4.514853e-001  4.900000e+000
      vertex -4.701800e+001 -8.331178e-001  5.300000e+000
      vertex -4.692965e+001 -4.207141e-001  5.300000e+000
    endloop
  endfacet
  facet normal -6.699881e-001  2.459018e-001  7.004628e-001
    outer loop
      vertex -4.745680e+001 -8.892524e-001  4.900000e+000
      vertex -4.716332e+001 -1.229051e+000  5.300000e+000
      vertex -4.701800e+001 -8.331178e-001  5.300000e+000
    endloop
  endfacet
  facet normal -6.751055e-001  1.808921e-001  7.151997e-001
    outer loop
      vertex -4.745680e+001 -8.892524e-001  4.900000e+000
      vertex -4.701800e+001 -8.331178e-001  5.300000e+000
      vertex -4.733950e+001 -4.514853e-001  4.900000e+000
    endloop
  endfacet
  facet normal -6.332211e-001  2.952777e-001  7.154315e-001
    outer loop
      vertex -4.764833e+001 -1.300000e+000  4.900000e+000
      vertex -4.716332e+001 -1.229051e+000  5.300000e+000
      vertex -4.745680e+001 -8.892524e-001  4.900000e+000
    endloop
  endfacet
  facet normal -4.957289e-001  4.957307e-001  7.130946e-001
    outer loop
      vertex -4.790828e+001 -1.671248e+000  4.900000e+000
      vertex -4.822875e+001 -1.991716e+000  4.900000e+000
      vertex -4.787615e+001 -2.214506e+000  5.300000e+000
    endloop
  endfacet
  facet normal -5.124313e-001  4.892943e-001  7.056949e-001
    outer loop
      vertex -4.787615e+001 -2.214506e+000  5.300000e+000
      vertex -4.759444e+001 -1.919469e+000  5.300000e+000
      vertex -4.790828e+001 -1.671248e+000  4.900000e+000
    endloop
  endfacet
  facet normal -4.006279e-001  5.721536e-001  7.156379e-001
    outer loop
      vertex -4.822875e+001 -1.991716e+000  4.900000e+000
      vertex -4.860000e+001 -2.251666e+000  4.900000e+000
      vertex -4.819528e+001 -2.468589e+000  5.300000e+000
    endloop
  endfacet
  facet normal -4.437981e-001  5.574070e-001  7.016699e-001
    outer loop
      vertex -4.819528e+001 -2.468589e+000  5.300000e+000
      vertex -4.787615e+001 -2.214506e+000  5.300000e+000
      vertex -4.822875e+001 -1.991716e+000  4.900000e+000
    endloop
  endfacet
  facet normal -2.957298e-001  6.341944e-001  7.143818e-001
    outer loop
      vertex -4.901075e+001 -2.443201e+000  4.900000e+000
      vertex -4.854593e+001 -2.677027e+000  5.300000e+000
      vertex -4.860000e+001 -2.251666e+000  4.900000e+000
    endloop
  endfacet
  facet normal -3.643686e-001  6.129610e-001  7.010809e-001
    outer loop
      vertex -4.854593e+001 -2.677027e+000  5.300000e+000
      vertex -4.819528e+001 -2.468589e+000  5.300000e+000
      vertex -4.860000e+001 -2.251666e+000  4.900000e+000
    endloop
  endfacet
  facet normal -6.095507e-002  6.967261e-001  7.147427e-001
    outer loop
      vertex -4.944851e+001 -2.560500e+000  4.900000e+000
      vertex -4.990000e+001 -2.600000e+000  4.900000e+000
      vertex -4.971998e+001 -2.994594e+000  5.300000e+000
    endloop
  endfacet
  facet normal -9.079097e-002  7.049516e-001  7.034205e-001
    outer loop
      vertex -4.971998e+001 -2.994594e+000  5.300000e+000
      vertex -4.931540e+001 -2.942488e+000  5.300000e+000
      vertex -4.944851e+001 -2.560500e+000  4.900000e+000
    endloop
  endfacet
  facet normal  5.706558e-003  7.131723e-001  7.009656e-001
    outer loop
      vertex -4.971998e+001 -2.994594e+000  5.300000e+000
      vertex -4.990000e+001 -2.600000e+000  4.900000e+000
      vertex -5.012789e+001 -2.991330e+000  5.300000e+000
    endloop
  endfacet
  facet normal  6.088549e-002  6.959248e-001  7.155289e-001
    outer loop
      vertex -5.035149e+001 -2.560500e+000  4.900000e+000
      vertex -5.012789e+001 -2.991330e+000  5.300000e+000
      vertex -4.990000e+001 -2.600000e+000  4.900000e+000
    endloop
  endfacet
  facet normal  3.737271e-001  6.063985e-001  7.018611e-001
    outer loop
      vertex -5.120000e+001 -2.251666e+000  4.900000e+000
      vertex -5.164399e+001 -2.441006e+000  5.300000e+000
      vertex -5.129672e+001 -2.655029e+000  5.300000e+000
    endloop
  endfacet
  facet normal  2.964385e-001  6.357142e-001  7.127352e-001
    outer loop
      vertex -5.120000e+001 -2.251666e+000  4.900000e+000
      vertex -5.129672e+001 -2.655029e+000  5.300000e+000
      vertex -5.078925e+001 -2.443201e+000  4.900000e+000
    endloop
  endfacet
  facet normal  2.862849e-001  6.476049e-001  7.061507e-001
    outer loop
      vertex -5.129672e+001 -2.655029e+000  5.300000e+000
      vertex -5.092363e+001 -2.819961e+000  5.300000e+000
      vertex -5.078925e+001 -2.443201e+000  4.900000e+000
    endloop
  endfacet
  facet normal  4.530778e-001  5.507441e-001  7.010003e-001
    outer loop
      vertex -5.157125e+001 -1.991716e+000  4.900000e+000
      vertex -5.195901e+001 -2.181842e+000  5.300000e+000
      vertex -5.164399e+001 -2.441006e+000  5.300000e+000
    endloop
  endfacet
  facet normal  4.006645e-001  5.722059e-001  7.155755e-001
    outer loop
      vertex -5.157125e+001 -1.991716e+000  4.900000e+000
      vertex -5.164399e+001 -2.441006e+000  5.300000e+000
      vertex -5.120000e+001 -2.251666e+000  4.900000e+000
    endloop
  endfacet
  facet normal  4.946330e-001  4.946349e-001  7.146150e-001
    outer loop
      vertex -5.189172e+001 -1.671248e+000  4.900000e+000
      vertex -5.195901e+001 -2.181842e+000  5.300000e+000
      vertex -5.157125e+001 -1.991716e+000  4.900000e+000
    endloop
  endfacet
  facet normal  6.340266e-001  2.956533e-001  7.145624e-001
    outer loop
      vertex -5.215166e+001 -1.300000e+000  4.900000e+000
      vertex -5.234320e+001 -8.892524e-001  4.900000e+000
      vertex -5.265536e+001 -1.186592e+000  5.300000e+000
    endloop
  endfacet
  facet normal  6.319634e-001  3.245313e-001  7.037768e-001
    outer loop
      vertex -5.265536e+001 -1.186592e+000  5.300000e+000
      vertex -5.246974e+001 -1.548043e+000  5.300000e+000
      vertex -5.215166e+001 -1.300000e+000  4.900000e+000
    endloop
  endfacet
  facet normal  6.747298e-001  1.807914e-001  7.155795e-001
    outer loop
      vertex -5.234320e+001 -8.892524e-001  4.900000e+000
      vertex -5.246050e+001 -4.514853e-001  4.900000e+000
      vertex -5.279043e+001 -8.033611e-001  5.300000e+000
    endloop
  endfacet
  facet normal  6.725487e-001  2.370485e-001  7.010608e-001
    outer loop
      vertex -5.279043e+001 -8.033611e-001  5.300000e+000
      vertex -5.265536e+001 -1.186592e+000  5.300000e+000
      vertex -5.234320e+001 -8.892524e-001  4.900000e+000
    endloop
  endfacet
  facet normal  6.975890e-001  1.438241e-001  7.019147e-001
    outer loop
      vertex -5.287248e+001 -4.053931e-001  5.300000e+000
      vertex -5.279043e+001 -8.033611e-001  5.300000e+000
      vertex -5.246050e+001 -4.514853e-001  4.900000e+000
    endloop
  endfacet
  facet normal -5.796192e-001  4.058509e-001  7.066305e-001
    outer loop
      vertex -4.790828e+001 -1.671248e+000  4.900000e+000
      vertex -4.759444e+001 -1.919469e+000  5.300000e+000
      vertex -4.764833e+001 -1.300000e+000  4.900000e+000
    endloop
  endfacet
  facet normal -5.681250e-001  4.109551e-001  7.129865e-001
    outer loop
      vertex -4.764833e+001 -1.300000e+000  4.900000e+000
      vertex -4.759444e+001 -1.919469e+000  5.300000e+000
      vertex -4.735535e+001 -1.588944e+000  5.300000e+000
    endloop
  endfacet
  facet normal -6.281484e-001  3.351675e-001  7.022054e-001
    outer loop
      vertex -4.764833e+001 -1.300000e+000  4.900000e+000
      vertex -4.735535e+001 -1.588944e+000  5.300000e+000
      vertex -4.716332e+001 -1.229051e+000  5.300000e+000
    endloop
  endfacet
  facet normal -1.822312e-001  6.800961e-001  7.101133e-001
    outer loop
      vertex -4.944851e+001 -2.560500e+000  4.900000e+000
      vertex -4.931540e+001 -2.942488e+000  5.300000e+000
      vertex -4.901075e+001 -2.443201e+000  4.900000e+000
    endloop
  endfacet
  facet normal -1.840719e-001  6.805162e-001  7.092357e-001
    outer loop
      vertex -4.901075e+001 -2.443201e+000  4.900000e+000
      vertex -4.931540e+001 -2.942488e+000  5.300000e+000
      vertex -4.892162e+001 -2.835974e+000  5.300000e+000
    endloop
  endfacet
  facet normal -2.767385e-001  6.541116e-001  7.039558e-001
    outer loop
      vertex -4.901075e+001 -2.443201e+000  4.900000e+000
      vertex -4.892162e+001 -2.835974e+000  5.300000e+000
      vertex -4.854593e+001 -2.677027e+000  5.300000e+000
    endloop
  endfacet
  facet normal  1.833103e-001  6.841234e-001  7.059550e-001
    outer loop
      vertex -5.078925e+001 -2.443201e+000  4.900000e+000
      vertex -5.092363e+001 -2.819961e+000  5.300000e+000
      vertex -5.035149e+001 -2.560500e+000  4.900000e+000
    endloop
  endfacet
  facet normal  1.936843e-001  6.731601e-001  7.136820e-001
    outer loop
      vertex -5.035149e+001 -2.560500e+000  4.900000e+000
      vertex -5.092363e+001 -2.819961e+000  5.300000e+000
      vertex -5.053160e+001 -2.932757e+000  5.300000e+000
    endloop
  endfacet
  facet normal  1.022618e-001  7.048180e-001  7.019787e-001
    outer loop
      vertex -5.035149e+001 -2.560500e+000  4.900000e+000
      vertex -5.053160e+001 -2.932757e+000  5.300000e+000
      vertex -5.012789e+001 -2.991330e+000  5.300000e+000
    endloop
  endfacet
  facet normal  5.771876e-001  4.041482e-001  7.095904e-001
    outer loop
      vertex -5.215166e+001 -1.300000e+000  4.900000e+000
      vertex -5.246974e+001 -1.548043e+000  5.300000e+000
      vertex -5.189172e+001 -1.671248e+000  4.900000e+000
    endloop
  endfacet
  facet normal  5.772451e-001  4.036518e-001  7.098264e-001
    outer loop
      vertex -5.189172e+001 -1.671248e+000  4.900000e+000
      vertex -5.246974e+001 -1.548043e+000  5.300000e+000
      vertex -5.223598e+001 -1.882340e+000  5.300000e+000
    endloop
  endfacet
  facet normal  5.217084e-001  4.824449e-001  7.036101e-001
    outer loop
      vertex -5.189172e+001 -1.671248e+000  4.900000e+000
      vertex -5.223598e+001 -1.882340e+000  5.300000e+000
      vertex -5.195901e+001 -2.181842e+000  5.300000e+000
    endloop
  endfacet
  facet normal  7.066114e-001 -3.750598e-002  7.066072e-001
    outer loop
      vertex -5.250000e+001  3.184082e-016  4.900000e+000
      vertex -5.288314e+001  3.175879e-001  5.300000e+000
      vertex -5.290000e+001 -1.730580e-007  5.300000e+000
    endloop
  endfacet
  facet normal  6.962203e-001 -6.091347e-002  7.152389e-001
    outer loop
      vertex -5.250000e+001  3.184082e-016  4.900000e+000
      vertex -5.246050e+001  4.514853e-001  4.900000e+000
      vertex -5.288314e+001  3.175879e-001  5.300000e+000
    endloop
  endfacet
  facet normal -7.022889e-001 -6.144440e-002  7.092355e-001
    outer loop
      vertex -4.730000e+001 -6.368163e-016  4.900000e+000
      vertex -4.690042e+001  5.000186e-002  5.300000e+000
      vertex -4.733950e+001  4.514853e-001  4.900000e+000
    endloop
  endfacet
  facet normal -7.070967e-001 -5.880026e-003  7.070925e-001
    outer loop
      vertex -4.730000e+001 -6.368163e-016  4.900000e+000
      vertex -4.690000e+001 -3.330669e-015  5.300000e+000
      vertex -4.690042e+001  5.000186e-002  5.300000e+000
    endloop
  endfacet
  facet normal  6.064005e-001 -3.737239e-001  7.018609e-001
    outer loop
      vertex -5.215166e+001  1.300000e+000  4.900000e+000
      vertex -5.234100e+001  1.743995e+000  5.300000e+000
      vertex -5.255503e+001  1.396717e+000  5.300000e+000
    endloop
  endfacet
  facet normal  6.357142e-001 -2.964403e-001  7.127345e-001
    outer loop
      vertex -5.215166e+001  1.300000e+000  4.900000e+000
      vertex -5.255503e+001  1.396717e+000  5.300000e+000
      vertex -5.234320e+001  8.892524e-001  4.900000e+000
    endloop
  endfacet
  facet normal  6.476011e-001 -2.862900e-001  7.061521e-001
    outer loop
      vertex -5.255503e+001  1.396717e+000  5.300000e+000
      vertex -5.271997e+001  1.023615e+000  5.300000e+000
      vertex -5.234320e+001  8.892524e-001  4.900000e+000
    endloop
  endfacet
  facet normal  5.507452e-001 -4.530740e-001  7.010018e-001
    outer loop
      vertex -5.189172e+001  1.671248e+000  4.900000e+000
      vertex -5.208184e+001  2.059018e+000  5.300000e+000
      vertex -5.234100e+001  1.743995e+000  5.300000e+000
    endloop
  endfacet
  facet normal  5.722075e-001 -4.006611e-001  7.155761e-001
    outer loop
      vertex -5.189172e+001  1.671248e+000  4.900000e+000
      vertex -5.234100e+001  1.743995e+000  5.300000e+000
      vertex -5.215166e+001  1.300000e+000  4.900000e+000
    endloop
  endfacet
  facet normal  4.946310e-001 -4.946328e-001  7.146177e-001
    outer loop
      vertex -5.157125e+001  1.991716e+000  4.900000e+000
      vertex -5.208184e+001  2.059018e+000  5.300000e+000
      vertex -5.189172e+001  1.671248e+000  4.900000e+000
    endloop
  endfacet
  facet normal  2.956692e-001 -6.340645e-001  7.145221e-001
    outer loop
      vertex -5.120000e+001  2.251666e+000  4.900000e+000
      vertex -5.078925e+001  2.443201e+000  4.900000e+000
      vertex -5.108518e+001  2.755965e+000  5.300000e+000
    endloop
  endfacet
  facet normal  3.243940e-001 -6.320619e-001  7.037516e-001
    outer loop
      vertex -5.108518e+001  2.755965e+000  5.300000e+000
      vertex -5.144808e+001  2.569712e+000  5.300000e+000
      vertex -5.120000e+001  2.251666e+000  4.900000e+000
    endloop
  endfacet
  facet normal  1.807868e-001 -6.747057e-001  7.156035e-001
    outer loop
      vertex -5.078925e+001  2.443201e+000  4.900000e+000
      vertex -5.035149e+001  2.560500e+000  4.900000e+000
      vertex -5.070037e+001  2.891263e+000  5.300000e+000
    endloop
  endfacet
  facet normal  2.365405e-001 -6.727573e-001  7.010322e-001
    outer loop
      vertex -5.070037e+001  2.891263e+000  5.300000e+000
      vertex -5.108518e+001  2.755965e+000  5.300000e+000
      vertex -5.078925e+001  2.443201e+000  4.900000e+000
    endloop
  endfacet
  facet normal  1.432267e-001 -6.977380e-001  7.018888e-001
    outer loop
      vertex -5.030386e+001  2.972656e+000  5.300000e+000
      vertex -5.070037e+001  2.891263e+000  5.300000e+000
      vertex -5.035149e+001  2.560500e+000  4.900000e+000
    endloop
  endfacet
  facet normal -1.634212e-001 -6.922469e-001  7.029138e-001
    outer loop
      vertex -4.944851e+001  2.560500e+000  4.900000e+000
      vertex -4.898753e+001  2.857838e+000  5.300000e+000
      vertex -4.943828e+001  2.964249e+000  5.300000e+000
    endloop
  endfacet
  facet normal -6.138923e-002 -7.016885e-001  7.098342e-001
    outer loop
      vertex -4.944851e+001  2.560500e+000  4.900000e+000
      vertex -4.943828e+001  2.964249e+000  5.300000e+000
      vertex -4.990000e+001  2.600000e+000  4.900000e+000
    endloop
  endfacet
  facet normal -2.688297e-001 -6.608926e-001  7.006794e-001
    outer loop
      vertex -4.901075e+001  2.443201e+000  4.900000e+000
      vertex -4.855849e+001  2.683320e+000  5.300000e+000
      vertex -4.898753e+001  2.857838e+000  5.300000e+000
    endloop
  endfacet
  facet normal -1.815278e-001 -6.774712e-001  7.127976e-001
    outer loop
      vertex -4.901075e+001  2.443201e+000  4.900000e+000
      vertex -4.898753e+001  2.857838e+000  5.300000e+000
      vertex -4.944851e+001  2.560500e+000  4.900000e+000
    endloop
  endfacet
  facet normal -3.679779e-001 -6.127279e-001  6.993975e-001
    outer loop
      vertex -4.860000e+001  2.251666e+000  4.900000e+000
      vertex -4.816145e+001  2.444872e+000  5.300000e+000
      vertex -4.855849e+001  2.683320e+000  5.300000e+000
    endloop
  endfacet
  facet normal -2.955852e-001 -6.338844e-001  7.147168e-001
    outer loop
      vertex -4.860000e+001  2.251666e+000  4.900000e+000
      vertex -4.855849e+001  2.683320e+000  5.300000e+000
      vertex -4.901075e+001  2.443201e+000  4.900000e+000
    endloop
  endfacet
  facet normal -4.581200e-001 -5.490259e-001  6.990683e-001
    outer loop
      vertex -4.822875e+001  1.991716e+000  4.900000e+000
      vertex -4.780588e+001  2.148175e+000  5.300000e+000
      vertex -4.816145e+001  2.444872e+000  5.300000e+000
    endloop
  endfacet
  facet normal -4.006399e-001 -5.721707e-001  7.156175e-001
    outer loop
      vertex -4.822875e+001  1.991716e+000  4.900000e+000
      vertex -4.816145e+001  2.444872e+000  5.300000e+000
      vertex -4.860000e+001  2.251666e+000  4.900000e+000
    endloop
  endfacet
  facet normal -5.373223e-001 -4.712462e-001  6.994367e-001
    outer loop
      vertex -4.790828e+001  1.671248e+000  4.900000e+000
      vertex -4.749705e+001  1.796046e+000  5.300000e+000
      vertex -4.780588e+001  2.148175e+000  5.300000e+000
    endloop
  endfacet
  facet normal -4.940045e-001 -4.940062e-001  7.154841e-001
    outer loop
      vertex -4.790828e+001  1.671248e+000  4.900000e+000
      vertex -4.780588e+001  2.148175e+000  5.300000e+000
      vertex -4.822875e+001  1.991716e+000  4.900000e+000
    endloop
  endfacet
  facet normal -6.030369e-001 -3.811621e-001  7.007580e-001
    outer loop
      vertex -4.764833e+001  1.300000e+000  4.900000e+000
      vertex -4.724678e+001  1.400092e+000  5.300000e+000
      vertex -4.749705e+001  1.796046e+000  5.300000e+000
    endloop
  endfacet
  facet normal -5.731488e-001 -4.013202e-001  7.144526e-001
    outer loop
      vertex -4.764833e+001  1.300000e+000  4.900000e+000
      vertex -4.749705e+001  1.796046e+000  5.300000e+000
      vertex -4.790828e+001  1.671248e+000  4.900000e+000
    endloop
  endfacet
  facet normal -6.531110e-001 -2.818458e-001  7.028578e-001
    outer loop
      vertex -4.745680e+001  8.892524e-001  4.900000e+000
      vertex -4.706117e+001  9.699897e-001  5.300000e+000
      vertex -4.724678e+001  1.400092e+000  5.300000e+000
    endloop
  endfacet
  facet normal -6.358829e-001 -2.965189e-001  7.125514e-001
    outer loop
      vertex -4.745680e+001  8.892524e-001  4.900000e+000
      vertex -4.724678e+001  1.400092e+000  5.300000e+000
      vertex -4.764833e+001  1.300000e+000  4.900000e+000
    endloop
  endfacet
  facet normal -6.862492e-001 -1.760676e-001  7.057353e-001
    outer loop
      vertex -4.733950e+001  4.514853e-001  4.900000e+000
      vertex -4.694476e+001  5.162675e-001  5.300000e+000
      vertex -4.706117e+001  9.699897e-001  5.300000e+000
    endloop
  endfacet
  facet normal -6.804212e-001 -1.823164e-001  7.097801e-001
    outer loop
      vertex -4.733950e+001  4.514853e-001  4.900000e+000
      vertex -4.706117e+001  9.699897e-001  5.300000e+000
      vertex -4.745680e+001  8.892524e-001  4.900000e+000
    endloop
  endfacet
  facet normal -7.047248e-001 -6.702536e-002  7.063077e-001
    outer loop
      vertex -4.733950e+001  4.514853e-001  4.900000e+000
      vertex -4.690042e+001  5.000186e-002  5.300000e+000
      vertex -4.694476e+001  5.162675e-001  5.300000e+000
    endloop
  endfacet
  facet normal  6.841209e-001 -1.833077e-001  7.059581e-001
    outer loop
      vertex -5.234320e+001  8.892524e-001  4.900000e+000
      vertex -5.271997e+001  1.023615e+000  5.300000e+000
      vertex -5.246050e+001  4.514853e-001  4.900000e+000
    endloop
  endfacet
  facet normal  6.731555e-001 -1.936838e-001  7.136864e-001
    outer loop
      vertex -5.246050e+001  4.514853e-001  4.900000e+000
      vertex -5.271997e+001  1.023615e+000  5.300000e+000
      vertex -5.283276e+001  6.315987e-001  5.300000e+000
    endloop
  endfacet
  facet normal  7.015955e-001 -1.125658e-001  7.036281e-001
    outer loop
      vertex -5.246050e+001  4.514853e-001  4.900000e+000
      vertex -5.283276e+001  6.315987e-001  5.300000e+000
      vertex -5.288314e+001  3.175879e-001  5.300000e+000
    endloop
  endfacet
  facet normal  4.041531e-001 -5.771880e-001  7.095875e-001
    outer loop
      vertex -5.120000e+001  2.251666e+000  4.900000e+000
      vertex -5.144808e+001  2.569712e+000  5.300000e+000
      vertex -5.157125e+001  1.991716e+000  4.900000e+000
    endloop
  endfacet
  facet normal  4.036541e-001 -5.772457e-001  7.098244e-001
    outer loop
      vertex -5.157125e+001  1.991716e+000  4.900000e+000
      vertex -5.144808e+001  2.569712e+000  5.300000e+000
      vertex -5.178237e+001  2.335954e+000  5.300000e+000
    endloop
  endfacet
  facet normal  4.824411e-001 -5.217083e-001  7.036129e-001
    outer loop
      vertex -5.157125e+001  1.991716e+000  4.900000e+000
      vertex -5.178237e+001  2.335954e+000  5.300000e+000
      vertex -5.208184e+001  2.059018e+000  5.300000e+000
    endloop
  endfacet
  facet normal  4.729112e-002 -6.984746e-001  7.140706e-001
    outer loop
      vertex -5.030386e+001  2.972656e+000  5.300000e+000
      vertex -5.035149e+001  2.560500e+000  4.900000e+000
      vertex -4.990000e+001  3.000000e+000  5.300000e+000
    endloop
  endfacet
  facet normal  6.174575e-002 -7.057576e-001  7.057576e-001
    outer loop
      vertex -4.990000e+001  3.000000e+000  5.300000e+000
      vertex -5.035149e+001  2.560500e+000  4.900000e+000
      vertex -4.990000e+001  2.600000e+000  4.900000e+000
    endloop
  endfacet
  facet normal -5.467000e-002 -7.060493e-001  7.060493e-001
    outer loop
      vertex -4.990000e+001  3.000000e+000  5.300000e+000
      vertex -4.990000e+001  2.600000e+000  4.900000e+000
      vertex -4.943828e+001  2.964249e+000  5.300000e+000
    endloop
  endfacet
  facet normal -3.967934e-002  7.065499e-001  7.065499e-001
    outer loop
      vertex -4.990000e+001  6.000000e+000  4.900000e+000
      vertex -5.057178e+001  5.962273e+000  4.900000e+000
      vertex -4.990000e+001  5.600000e+000  5.300000e+000
    endloop
  endfacet
  facet normal -4.107756e-002  7.052746e-001  7.077432e-001
    outer loop
      vertex -5.057178e+001  5.962273e+000  4.900000e+000
      vertex -5.055012e+001  5.562135e+000  5.300000e+000
      vertex -4.990000e+001  5.600000e+000  5.300000e+000
    endloop
  endfacet
  facet normal -4.107755e-002 -7.052746e-001  7.077432e-001
    outer loop
      vertex -5.055012e+001 -5.562135e+000  5.300000e+000
      vertex -5.057178e+001 -5.962273e+000  4.900000e+000
      vertex -4.990000e+001 -5.600000e+000  5.300000e+000
    endloop
  endfacet
  facet normal -3.967934e-002 -7.065499e-001  7.065499e-001
    outer loop
      vertex -5.057178e+001 -5.962273e+000  4.900000e+000
      vertex -4.990000e+001 -6.000000e+000  4.900000e+000
      vertex -4.990000e+001 -5.600000e+000  5.300000e+000
    endloop
  endfacet
  facet normal -1.187238e-001  6.987619e-001  7.054335e-001
    outer loop
      vertex -5.057178e+001  5.962273e+000  4.900000e+000
      vertex -5.123513e+001  5.849567e+000  4.900000e+000
      vertex -5.055012e+001  5.562135e+000  5.300000e+000
    endloop
  endfacet
  facet normal -1.964987e-001  6.820629e-001  7.043994e-001
    outer loop
      vertex -5.123513e+001  5.849567e+000  4.900000e+000
      vertex -5.188168e+001  5.663300e+000  4.900000e+000
      vertex -5.119145e+001  5.449051e+000  5.300000e+000
    endloop
  endfacet
  facet normal -1.224789e-001  6.946117e-001  7.088819e-001
    outer loop
      vertex -5.055012e+001  5.562135e+000  5.300000e+000
      vertex -5.123513e+001  5.849567e+000  4.900000e+000
      vertex -5.119145e+001  5.449051e+000  5.300000e+000
    endloop
  endfacet
  facet normal -2.719913e-001  6.566446e-001  7.034476e-001
    outer loop
      vertex -5.188168e+001  5.663300e+000  4.900000e+000
      vertex -5.250330e+001  5.405813e+000  4.900000e+000
      vertex -5.181531e+001  5.262279e+000  5.300000e+000
    endloop
  endfacet
  facet normal -2.019894e-001  6.746901e-001  7.099251e-001
    outer loop
      vertex -5.119145e+001  5.449051e+000  5.300000e+000
      vertex -5.188168e+001  5.663300e+000  4.900000e+000
      vertex -5.181531e+001  5.262279e+000  5.300000e+000
    endloop
  endfacet
  facet normal -3.442180e-001  6.228154e-001  7.025773e-001
    outer loop
      vertex -5.250330e+001  5.405813e+000  4.900000e+000
      vertex -5.309219e+001  5.080345e+000  4.900000e+000
      vertex -5.241328e+001  5.004343e+000  5.300000e+000
    endloop
  endfacet
  facet normal -2.785703e-001  6.458012e-001  7.108724e-001
    outer loop
      vertex -5.181531e+001  5.262279e+000  5.300000e+000
      vertex -5.250330e+001  5.405813e+000  4.900000e+000
      vertex -5.241328e+001  5.004343e+000  5.300000e+000
    endloop
  endfacet
  facet normal -4.122352e-001  5.809891e-001  7.017932e-001
    outer loop
      vertex -5.309219e+001  5.080345e+000  4.900000e+000
      vertex -5.364094e+001  4.690989e+000  4.900000e+000
      vertex -5.297725e+001  4.678731e+000  5.300000e+000
    endloop
  endfacet
  facet normal -3.512290e-001  6.083438e-001  7.117275e-001
    outer loop
      vertex -5.241328e+001  5.004343e+000  5.300000e+000
      vertex -5.309219e+001  5.080345e+000  4.900000e+000
      vertex -5.297725e+001  4.678731e+000  5.300000e+000
    endloop
  endfacet
  facet normal -4.751533e-001  5.316958e-001  7.010912e-001
    outer loop
      vertex -5.364094e+001  4.690989e+000  4.900000e+000
      vertex -5.414264e+001  4.242640e+000  4.900000e+000
      vertex -5.349961e+001  4.289849e+000  5.300000e+000
    endloop
  endfacet
  facet normal -4.190160e-001  5.628380e-001  7.124878e-001
    outer loop
      vertex -5.297725e+001  4.678731e+000  5.300000e+000
      vertex -5.364094e+001  4.690989e+000  4.900000e+000
      vertex -5.349961e+001  4.289849e+000  5.300000e+000
    endloop
  endfacet
  facet normal -5.321462e-001  4.755560e-001  7.004762e-001
    outer loop
      vertex -5.414264e+001  4.242640e+000  4.900000e+000
      vertex -5.459099e+001  3.740939e+000  4.900000e+000
      vertex -5.397329e+001  3.842953e+000  5.300000e+000
    endloop
  endfacet
  facet normal -4.810582e-001  5.098924e-001  7.131569e-001
    outer loop
      vertex -5.349961e+001  4.289849e+000  5.300000e+000
      vertex -5.414264e+001  4.242640e+000  4.900000e+000
      vertex -5.397329e+001  3.842953e+000  5.300000e+000
    endloop
  endfacet
  facet normal -5.824668e-001  4.132846e-001  6.999487e-001
    outer loop
      vertex -5.459099e+001  3.740939e+000  4.900000e+000
      vertex -5.498035e+001  3.192193e+000  4.900000e+000
      vertex -5.439189e+001  3.344088e+000  5.300000e+000
    endloop
  endfacet
  facet normal -5.365483e-001  4.502184e-001  7.137362e-001
    outer loop
      vertex -5.397329e+001  3.842953e+000  5.300000e+000
      vertex -5.459099e+001  3.740939e+000  4.900000e+000
      vertex -5.439189e+001  3.344088e+000  5.300000e+000
    endloop
  endfacet
  facet normal -6.254544e-001  3.456745e-001  6.995112e-001
    outer loop
      vertex -5.498035e+001  3.192193e+000  4.900000e+000
      vertex -5.530581e+001  2.603302e+000  4.900000e+000
      vertex -5.474974e+001  2.800000e+000  5.300000e+000
    endloop
  endfacet
  facet normal -5.847705e-001  3.846061e-001  7.142280e-001
    outer loop
      vertex -5.439189e+001  3.344088e+000  5.300000e+000
      vertex -5.498035e+001  3.192193e+000  4.900000e+000
      vertex -5.474974e+001  2.800000e+000  5.300000e+000
    endloop
  endfacet
  facet normal -6.605455e-001  2.736084e-001  6.991553e-001
    outer loop
      vertex -5.530581e+001  2.603302e+000  4.900000e+000
      vertex -5.556330e+001  1.981674e+000  4.900000e+000
      vertex -5.504201e+001  2.218047e+000  5.300000e+000
    endloop
  endfacet
  facet normal -6.251015e-001  3.139407e-001  7.146254e-001
    outer loop
      vertex -5.474974e+001  2.800000e+000  5.300000e+000
      vertex -5.530581e+001  2.603302e+000  4.900000e+000
      vertex -5.504201e+001  2.218047e+000  5.300000e+000
    endloop
  endfacet
  facet normal -6.872732e-001  1.980004e-001  6.988931e-001
    outer loop
      vertex -5.556330e+001  1.981674e+000  4.900000e+000
      vertex -5.574957e+001  1.335126e+000  4.900000e+000
      vertex -5.526474e+001  1.606098e+000  5.300000e+000
    endloop
  endfacet
  facet normal -6.570235e-001  2.391344e-001  7.149370e-001
    outer loop
      vertex -5.504201e+001  2.218047e+000  5.300000e+000
      vertex -5.556330e+001  1.981674e+000  4.900000e+000
      vertex -5.526474e+001  1.606098e+000  5.300000e+000
    endloop
  endfacet
  facet normal -7.052935e-001  1.198336e-001  6.987138e-001
    outer loop
      vertex -5.574957e+001  1.335126e+000  4.900000e+000
      vertex -5.586227e+001  6.717868e-001  4.900000e+000
      vertex -5.541492e+001  9.724297e-001  5.300000e+000
    endloop
  endfacet
  facet normal -6.801215e-001  1.611944e-001  7.151581e-001
    outer loop
      vertex -5.526474e+001  1.606098e+000  5.300000e+000
      vertex -5.574957e+001  1.335126e+000  4.900000e+000
      vertex -5.541492e+001  9.724297e-001  5.300000e+000
    endloop
  endfacet
  facet normal -7.143598e-001  4.011824e-002  6.986277e-001
    outer loop
      vertex -5.586227e+001  6.717868e-001  4.900000e+000
      vertex -5.590000e+001 -1.102182e-015  4.900000e+000
      vertex -5.549052e+001  3.256109e-001  5.300000e+000
    endloop
  endfacet
  facet normal -6.941022e-001  8.112613e-002  7.152906e-001
    outer loop
      vertex -5.541492e+001  9.724297e-001  5.300000e+000
      vertex -5.586227e+001  6.717868e-001  4.900000e+000
      vertex -5.549052e+001  3.256109e-001  5.300000e+000
    endloop
  endfacet
  facet normal -7.143598e-001 -4.011824e-002  6.986277e-001
    outer loop
      vertex -5.590000e+001 -1.102182e-015  4.900000e+000
      vertex -5.586227e+001 -6.717868e-001  4.900000e+000
      vertex -5.549052e+001 -3.256112e-001  5.300000e+000
    endloop
  endfacet
  facet normal -6.987802e-001  0.000000e+000  7.153364e-001
    outer loop
      vertex -5.549052e+001  3.256109e-001  5.300000e+000
      vertex -5.590000e+001 -1.102182e-015  4.900000e+000
      vertex -5.549052e+001 -3.256112e-001  5.300000e+000
    endloop
  endfacet
  facet normal -7.052935e-001 -1.198336e-001  6.987138e-001
    outer loop
      vertex -5.586227e+001 -6.717868e-001  4.900000e+000
      vertex -5.574957e+001 -1.335126e+000  4.900000e+000
      vertex -5.541492e+001 -9.724299e-001  5.300000e+000
    endloop
  endfacet
  facet normal -6.941023e-001 -8.112615e-002  7.152907e-001
    outer loop
      vertex -5.549052e+001 -3.256112e-001  5.300000e+000
      vertex -5.586227e+001 -6.717868e-001  4.900000e+000
      vertex -5.541492e+001 -9.724299e-001  5.300000e+000
    endloop
  endfacet
  facet normal -6.872732e-001 -1.980004e-001  6.988931e-001
    outer loop
      vertex -5.574957e+001 -1.335126e+000  4.900000e+000
      vertex -5.556330e+001 -1.981674e+000  4.900000e+000
      vertex -5.526474e+001 -1.606098e+000  5.300000e+000
    endloop
  endfacet
  facet normal -6.801215e-001 -1.611944e-001  7.151581e-001
    outer loop
      vertex -5.541492e+001 -9.724299e-001  5.300000e+000
      vertex -5.574957e+001 -1.335126e+000  4.900000e+000
      vertex -5.526474e+001 -1.606098e+000  5.300000e+000
    endloop
  endfacet
  facet normal -6.605456e-001 -2.736084e-001  6.991552e-001
    outer loop
      vertex -5.556330e+001 -1.981674e+000  4.900000e+000
      vertex -5.530581e+001 -2.603302e+000  4.900000e+000
      vertex -5.504201e+001 -2.218047e+000  5.300000e+000
    endloop
  endfacet
  facet normal -6.570235e-001 -2.391344e-001  7.149370e-001
    outer loop
      vertex -5.526474e+001 -1.606098e+000  5.300000e+000
      vertex -5.556330e+001 -1.981674e+000  4.900000e+000
      vertex -5.504201e+001 -2.218047e+000  5.300000e+000
    endloop
  endfacet
  facet normal -6.254545e-001 -3.456745e-001  6.995112e-001
    outer loop
      vertex -5.530581e+001 -2.603302e+000  4.900000e+000
      vertex -5.498035e+001 -3.192193e+000  4.900000e+000
      vertex -5.474974e+001 -2.800000e+000  5.300000e+000
    endloop
  endfacet
  facet normal -6.251016e-001 -3.139407e-001  7.146253e-001
    outer loop
      vertex -5.504201e+001 -2.218047e+000  5.300000e+000
      vertex -5.530581e+001 -2.603302e+000  4.900000e+000
      vertex -5.474974e+001 -2.800000e+000  5.300000e+000
    endloop
  endfacet
  facet normal -5.824670e-001 -4.132847e-001  6.999486e-001
    outer loop
      vertex -5.498035e+001 -3.192193e+000  4.900000e+000
      vertex -5.459099e+001 -3.740939e+000  4.900000e+000
      vertex -5.439189e+001 -3.344088e+000  5.300000e+000
    endloop
  endfacet
  facet normal -5.847706e-001 -3.846062e-001  7.142279e-001
    outer loop
      vertex -5.474974e+001 -2.800000e+000  5.300000e+000
      vertex -5.498035e+001 -3.192193e+000  4.900000e+000
      vertex -5.439189e+001 -3.344088e+000  5.300000e+000
    endloop
  endfacet
  facet normal -5.321463e-001 -4.755561e-001  7.004761e-001
    outer loop
      vertex -5.459099e+001 -3.740939e+000  4.900000e+000
      vertex -5.414264e+001 -4.242640e+000  4.900000e+000
      vertex -5.397329e+001 -3.842953e+000  5.300000e+000
    endloop
  endfacet
  facet normal -5.365484e-001 -4.502185e-001  7.137361e-001
    outer loop
      vertex -5.439189e+001 -3.344088e+000  5.300000e+000
      vertex -5.459099e+001 -3.740939e+000  4.900000e+000
      vertex -5.397329e+001 -3.842953e+000  5.300000e+000
    endloop
  endfacet
  facet normal -4.751533e-001 -5.316958e-001  7.010912e-001
    outer loop
      vertex -5.414264e+001 -4.242640e+000  4.900000e+000
      vertex -5.364094e+001 -4.690989e+000  4.900000e+000
      vertex -5.349961e+001 -4.289849e+000  5.300000e+000
    endloop
  endfacet
  facet normal -4.810581e-001 -5.098926e-001  7.131568e-001
    outer loop
      vertex -5.397329e+001 -3.842953e+000  5.300000e+000
      vertex -5.414264e+001 -4.242640e+000  4.900000e+000
      vertex -5.349961e+001 -4.289849e+000  5.300000e+000
    endloop
  endfacet
  facet normal -4.122354e-001 -5.809894e-001  7.017928e-001
    outer loop
      vertex -5.364094e+001 -4.690989e+000  4.900000e+000
      vertex -5.309219e+001 -5.080345e+000  4.900000e+000
      vertex -5.297725e+001 -4.678732e+000  5.300000e+000
    endloop
  endfacet
  facet normal -4.190164e-001 -5.628379e-001  7.124878e-001
    outer loop
      vertex -5.349961e+001 -4.289849e+000  5.300000e+000
      vertex -5.364094e+001 -4.690989e+000  4.900000e+000
      vertex -5.297725e+001 -4.678732e+000  5.300000e+000
    endloop
  endfacet
  facet normal -3.442181e-001 -6.228157e-001  7.025769e-001
    outer loop
      vertex -5.309219e+001 -5.080345e+000  4.900000e+000
      vertex -5.250330e+001 -5.405813e+000  4.900000e+000
      vertex -5.241328e+001 -5.004343e+000  5.300000e+000
    endloop
  endfacet
  facet normal -3.512293e-001 -6.083441e-001  7.117271e-001
    outer loop
      vertex -5.297725e+001 -4.678732e+000  5.300000e+000
      vertex -5.309219e+001 -5.080345e+000  4.900000e+000
      vertex -5.241328e+001 -5.004343e+000  5.300000e+000
    endloop
  endfacet
  facet normal -2.719913e-001 -6.566446e-001  7.034476e-001
    outer loop
      vertex -5.250330e+001 -5.405813e+000  4.900000e+000
      vertex -5.188168e+001 -5.663300e+000  4.900000e+000
      vertex -5.181531e+001 -5.262279e+000  5.300000e+000
    endloop
  endfacet
  facet normal -2.785700e-001 -6.458017e-001  7.108721e-001
    outer loop
      vertex -5.241328e+001 -5.004343e+000  5.300000e+000
      vertex -5.250330e+001 -5.405813e+000  4.900000e+000
      vertex -5.181531e+001 -5.262279e+000  5.300000e+000
    endloop
  endfacet
  facet normal -1.964987e-001 -6.820629e-001  7.043994e-001
    outer loop
      vertex -5.188168e+001 -5.663300e+000  4.900000e+000
      vertex -5.123513e+001 -5.849567e+000  4.900000e+000
      vertex -5.119145e+001 -5.449051e+000  5.300000e+000
    endloop
  endfacet
  facet normal -2.019894e-001 -6.746901e-001  7.099251e-001
    outer loop
      vertex -5.181531e+001 -5.262279e+000  5.300000e+000
      vertex -5.188168e+001 -5.663300e+000  4.900000e+000
      vertex -5.119145e+001 -5.449051e+000  5.300000e+000
    endloop
  endfacet
  facet normal -1.187238e-001 -6.987619e-001  7.054335e-001
    outer loop
      vertex -5.123513e+001 -5.849567e+000  4.900000e+000
      vertex -5.057178e+001 -5.962273e+000  4.900000e+000
      vertex -5.055012e+001 -5.562135e+000  5.300000e+000
    endloop
  endfacet
  facet normal -1.224789e-001 -6.946117e-001  7.088819e-001
    outer loop
      vertex -5.119145e+001 -5.449051e+000  5.300000e+000
      vertex -5.123513e+001 -5.849567e+000  4.900000e+000
      vertex -5.055012e+001 -5.562135e+000  5.300000e+000
    endloop
  endfacet
  facet normal  0.000000e+000  0.000000e+000  1.000000e+000
    outer loop
      vertex  5.504201e+001  2.218047e+000  5.300000e+000
      vertex  5.126197e+001  2.673020e+000  5.300000e+000
      vertex  5.166336e+001  2.427051e+000  5.300000e+000
    endloop
  endfacet
  facet normal  0.000000e+000  -0.000000e+000  1.000000e+000
    outer loop
      vertex  5.166336e+001  2.427051e+000  5.300000e+000
      vertex  5.202132e+001  2.121320e+000  5.300000e+000
      vertex  5.504201e+001  2.218047e+000  5.300000e+000
    endloop
  endfacet
  facet normal  0.000000e+000  -0.000000e+000  9.999999e-001
    outer loop
      vertex  4.150000e+001 -5.600000e+000  5.300000e+000
      vertex  4.990000e+001 -5.600000e+000  5.300000e+000
      vertex  5.006823e+001 -2.995268e+000  5.300000e+000
    endloop
  endfacet
  facet normal  0.000000e+000  0.000000e+000  9.999999e-001
    outer loop
      vertex  4.150000e+001 -5.600000e+000  5.300000e+000
      vertex  5.006823e+001 -2.995268e+000  5.300000e+000
      vertex  4.957966e+001 -2.982843e+000  5.300000e+000
    endloop
  endfacet
  facet normal  0.000000e+000  0.000000e+000  1.000000e+000
    outer loop
      vertex  4.150000e+001 -5.600000e+000  5.300000e+000
      vertex  4.957966e+001 -2.982843e+000  5.300000e+000
      vertex  4.909963e+001 -2.891263e+000  5.300000e+000
    endloop
  endfacet
  facet normal  0.000000e+000  0.000000e+000  1.000000e+000
    outer loop
      vertex  4.150000e+001 -5.600000e+000  5.300000e+000
      vertex  4.909963e+001 -2.891263e+000  5.300000e+000
      vertex  4.871484e+001 -2.755974e+000  5.300000e+000
    endloop
  endfacet
  facet normal  0.000000e+000  0.000000e+000  1.000000e+000
    outer loop
      vertex  4.150000e+001 -5.600000e+000  5.300000e+000
      vertex  4.871484e+001 -2.755974e+000  5.300000e+000
      vertex  4.835196e+001 -2.569740e+000  5.300000e+000
    endloop
  endfacet
  facet normal  0.000000e+000  0.000000e+000  1.000000e+000
    outer loop
      vertex  4.150000e+001 -5.600000e+000  5.300000e+000
      vertex  4.835196e+001 -2.569740e+000  5.300000e+000
      vertex  4.801766e+001 -2.335977e+000  5.300000e+000
    endloop
  endfacet
  facet normal  0.000000e+000  0.000000e+000  1.000000e+000
    outer loop
      vertex  4.150000e+001 -5.600000e+000  5.300000e+000
      vertex  4.801766e+001 -2.335977e+000  5.300000e+000
      vertex  4.771816e+001 -2.059015e+000  5.300000e+000
    endloop
  endfacet
  facet normal  0.000000e+000  0.000000e+000  1.000000e+000
    outer loop
      vertex  4.150000e+001 -5.600000e+000  5.300000e+000
      vertex  4.771816e+001 -2.059015e+000  5.300000e+000
      vertex  4.745900e+001 -1.743984e+000  5.300000e+000
    endloop
  endfacet
  facet normal  0.000000e+000  0.000000e+000  1.000000e+000
    outer loop
      vertex  4.150000e+001 -5.600000e+000  5.300000e+000
      vertex  4.745900e+001 -1.743984e+000  5.300000e+000
      vertex  4.724497e+001 -1.396719e+000  5.300000e+000
    endloop
  endfacet
  facet normal  0.000000e+000  0.000000e+000  1.000000e+000
    outer loop
      vertex  4.150000e+001 -5.600000e+000  5.300000e+000
      vertex  4.724497e+001 -1.396719e+000  5.300000e+000
      vertex  4.705500e+001 -9.518271e-001  5.300000e+000
    endloop
  endfacet
  facet normal  0.000000e+000  0.000000e+000  1.000000e+000
    outer loop
      vertex  4.150000e+001 -5.600000e+000  5.300000e+000
      vertex  4.705500e+001 -9.518271e-001  5.300000e+000
      vertex  4.693900e+001 -4.821778e-001  5.300000e+000
    endloop
  endfacet
  facet normal  0.000000e+000  0.000000e+000  1.000000e+000
    outer loop
      vertex  4.150000e+001 -5.600000e+000  5.300000e+000
      vertex  4.693900e+001 -4.821778e-001  5.300000e+000
      vertex  4.690000e+001 -2.997602e-015  5.300000e+000
    endloop
  endfacet
  facet normal  0.000000e+000  -0.000000e+000  1.000000e+000
    outer loop
      vertex  4.150000e+001 -5.600000e+000  5.300000e+000
      vertex  4.690000e+001 -2.997602e-015  5.300000e+000
      vertex  4.693694e+001  4.693034e-001  5.300000e+000
    endloop
  endfacet
  facet normal  0.000000e+000  -0.000000e+000  9.999999e-001
    outer loop
      vertex  4.150000e+001 -5.600000e+000  5.300000e+000
      vertex  4.693694e+001  4.693034e-001  5.300000e+000
      vertex  4.704683e+001  9.270510e-001  5.300000e+000
    endloop
  endfacet
  facet normal  0.000000e+000  -0.000000e+000  1.000000e+000
    outer loop
      vertex  4.150000e+001 -5.600000e+000  5.300000e+000
      vertex  4.704683e+001  9.270510e-001  5.300000e+000
      vertex  4.722698e+001  1.361971e+000  5.300000e+000
    endloop
  endfacet
  facet normal  0.000000e+000  -0.000000e+000  1.000000e+000
    outer loop
      vertex  4.150000e+001 -5.600000e+000  5.300000e+000
      vertex  4.722698e+001  1.361971e+000  5.300000e+000
      vertex  4.747295e+001  1.763356e+000  5.300000e+000
    endloop
  endfacet
  facet normal  0.000000e+000  0.000000e+000  1.000000e+000
    outer loop
      vertex  4.150000e+001  5.600000e+000  5.300000e+000
      vertex  4.150000e+001 -5.600000e+000  5.300000e+000
      vertex  4.747295e+001  1.763356e+000  5.300000e+000
    endloop
  endfacet
  facet normal  0.000000e+000  -0.000000e+000  1.000000e+000
    outer loop
      vertex  4.150000e+001  5.600000e+000  5.300000e+000
      vertex  4.747295e+001  1.763356e+000  5.300000e+000
      vertex  4.777868e+001  2.121320e+000  5.300000e+000
    endloop
  endfacet
  facet normal  0.000000e+000  -0.000000e+000  1.000000e+000
    outer loop
      vertex  4.150000e+001  5.600000e+000  5.300000e+000
      vertex  4.777868e+001  2.121320e+000  5.300000e+000
      vertex  4.813664e+001  2.427051e+000  5.300000e+000
    endloop
  endfacet
  facet normal  0.000000e+000  -0.000000e+000  1.000000e+000
    outer loop
      vertex  4.150000e+001  5.600000e+000  5.300000e+000
      vertex  4.813664e+001  2.427051e+000  5.300000e+000
      vertex  4.853803e+001  2.673020e+000  5.300000e+000
    endloop
  endfacet
  facet normal  0.000000e+000  -0.000000e+000  1.000000e+000
    outer loop
      vertex  4.150000e+001  5.600000e+000  5.300000e+000
      vertex  4.853803e+001  2.673020e+000  5.300000e+000
      vertex  4.897295e+001  2.853169e+000  5.300000e+000
    endloop
  endfacet
  facet normal  0.000000e+000  -0.000000e+000  1.000000e+000
    outer loop
      vertex  4.150000e+001  5.600000e+000  5.300000e+000
      vertex  4.897295e+001  2.853169e+000  5.300000e+000
      vertex  4.943070e+001  2.963065e+000  5.300000e+000
    endloop
  endfacet
  facet normal  0.000000e+000  -0.000000e+000  1.000000e+000
    outer loop
      vertex  4.150000e+001  5.600000e+000  5.300000e+000
      vertex  4.943070e+001  2.963065e+000  5.300000e+000
      vertex  4.990000e+001  3.000000e+000  5.300000e+000
    endloop
  endfacet
  facet normal  0.000000e+000  -0.000000e+000  9.999999e-001
    outer loop
      vertex  4.150000e+001  5.600000e+000  5.300000e+000
      vertex  4.990000e+001  3.000000e+000  5.300000e+000
      vertex  4.990000e+001  5.600000e+000  5.300000e+000
    endloop
  endfacet
  facet normal  -0.000000e+000  -0.000000e+000  1.000000e+000
    outer loop
      vertex  4.990000e+001  3.000000e+000  5.300000e+000
      vertex  5.036930e+001  2.963065e+000  5.300000e+000
      vertex  5.474974e+001  2.800000e+000  5.300000e+000
    endloop
  endfacet
  facet normal  0.000000e+000  0.000000e+000  1.000000e+000
    outer loop
      vertex  4.990000e+001  3.000000e+000  5.300000e+000
      vertex  5.474974e+001  2.800000e+000  5.300000e+000
      vertex  5.439189e+001  3.344088e+000  5.300000e+000
    endloop
  endfacet
  facet normal  0.000000e+000  0.000000e+000  1.000000e+000
    outer loop
      vertex  4.990000e+001  3.000000e+000  5.300000e+000
      vertex  5.439189e+001  3.344088e+000  5.300000e+000
      vertex  5.397329e+001  3.842953e+000  5.300000e+000
    endloop
  endfacet
  facet normal  0.000000e+000  0.000000e+000  1.000000e+000
    outer loop
      vertex  4.990000e+001  3.000000e+000  5.300000e+000
      vertex  5.397329e+001  3.842953e+000  5.300000e+000
      vertex  5.349961e+001  4.289849e+000  5.300000e+000
    endloop
  endfacet
  facet normal  0.000000e+000  0.000000e+000  1.000000e+000
    outer loop
      vertex  4.990000e+001  3.000000e+000  5.300000e+000
      vertex  5.349961e+001  4.289849e+000  5.300000e+000
      vertex  5.297725e+001  4.678732e+000  5.300000e+000
    endloop
  endfacet
  facet normal  0.000000e+000  0.000000e+000  9.999999e-001
    outer loop
      vertex  4.990000e+001  3.000000e+000  5.300000e+000
      vertex  5.297725e+001  4.678732e+000  5.300000e+000
      vertex  5.241328e+001  5.004343e+000  5.300000e+000
    endloop
  endfacet
  facet normal  0.000000e+000  0.000000e+000  1.000000e+000
    outer loop
      vertex  4.990000e+001  3.000000e+000  5.300000e+000
      vertex  5.241328e+001  5.004343e+000  5.300000e+000
      vertex  5.181531e+001  5.262279e+000  5.300000e+000
    endloop
  endfacet
  facet normal  0.000000e+000  0.000000e+000  1.000000e+000
    outer loop
      vertex  4.990000e+001  3.000000e+000  5.300000e+000
      vertex  5.181531e+001  5.262279e+000  5.300000e+000
      vertex  5.119145e+001  5.449051e+000  5.300000e+000
    endloop
  endfacet
  facet normal  0.000000e+000  0.000000e+000  9.999999e-001
    outer loop
      vertex  4.990000e+001  3.000000e+000  5.300000e+000
      vertex  5.119145e+001  5.449051e+000  5.300000e+000
      vertex  5.055012e+001  5.562135e+000  5.300000e+000
    endloop
  endfacet
  facet normal  0.000000e+000  0.000000e+000  9.999999e-001
    outer loop
      vertex  4.990000e+001  3.000000e+000  5.300000e+000
      vertex  5.055012e+001  5.562135e+000  5.300000e+000
      vertex  4.990000e+001  5.600000e+000  5.300000e+000
    endloop
  endfacet
  facet normal  0.000000e+000  -0.000000e+000  1.000000e+000
    outer loop
      vertex  4.990000e+001 -5.600000e+000  5.300000e+000
      vertex  5.055012e+001 -5.562135e+000  5.300000e+000
      vertex  5.119145e+001 -5.449051e+000  5.300000e+000
    endloop
  endfacet
  facet normal  0.000000e+000  -0.000000e+000  1.000000e+000
    outer loop
      vertex  4.990000e+001 -5.600000e+000  5.300000e+000
      vertex  5.119145e+001 -5.449051e+000  5.300000e+000
      vertex  5.181531e+001 -5.262279e+000  5.300000e+000
    endloop
  endfacet
  facet normal  0.000000e+000  -0.000000e+000  1.000000e+000
    outer loop
      vertex  4.990000e+001 -5.600000e+000  5.300000e+000
      vertex  5.181531e+001 -5.262279e+000  5.300000e+000
      vertex  5.241328e+001 -5.004343e+000  5.300000e+000
    endloop
  endfacet
  facet normal  0.000000e+000  -0.000000e+000  1.000000e+000
    outer loop
      vertex  4.990000e+001 -5.600000e+000  5.300000e+000
      vertex  5.241328e+001 -5.004343e+000  5.300000e+000
      vertex  5.297725e+001 -4.678731e+000  5.300000e+000
    endloop
  endfacet
  facet normal  0.000000e+000  -0.000000e+000  1.000000e+000
    outer loop
      vertex  4.990000e+001 -5.600000e+000  5.300000e+000
      vertex  5.297725e+001 -4.678731e+000  5.300000e+000
      vertex  5.349961e+001 -4.289849e+000  5.300000e+000
    endloop
  endfacet
  facet normal  0.000000e+000  -0.000000e+000  1.000000e+000
    outer loop
      vertex  4.990000e+001 -5.600000e+000  5.300000e+000
      vertex  5.349961e+001 -4.289849e+000  5.300000e+000
      vertex  5.397329e+001 -3.842953e+000  5.300000e+000
    endloop
  endfacet
  facet normal  0.000000e+000  -0.000000e+000  1.000000e+000
    outer loop
      vertex  4.990000e+001 -5.600000e+000  5.300000e+000
      vertex  5.397329e+001 -3.842953e+000  5.300000e+000
      vertex  5.439189e+001 -3.344088e+000  5.300000e+000
    endloop
  endfacet
  facet normal  0.000000e+000  0.000000e+000  1.000000e+000
    outer loop
      vertex  5.126197e+001  2.673020e+000  5.300000e+000
      vertex  5.504201e+001  2.218047e+000  5.300000e+000
      vertex  5.082705e+001  2.853169e+000  5.300000e+000
    endloop
  endfacet
  facet normal  0.000000e+000  0.000000e+000  1.000000e+000
    outer loop
      vertex  5.082705e+001  2.853169e+000  5.300000e+000
      vertex  5.504201e+001  2.218047e+000  5.300000e+000
      vertex  5.474974e+001  2.800000e+000  5.300000e+000
    endloop
  endfacet
  facet normal  0.000000e+000  0.000000e+000  1.000000e+000
    outer loop
      vertex  5.082705e+001  2.853169e+000  5.300000e+000
      vertex  5.474974e+001  2.800000e+000  5.300000e+000
      vertex  5.036930e+001  2.963065e+000  5.300000e+000
    endloop
  endfacet
  facet normal  -0.000000e+000  0.000000e+000  1.000000e+000
    outer loop
      vertex  5.504201e+001  2.218047e+000  5.300000e+000
      vertex  5.202132e+001  2.121320e+000  5.300000e+000
      vertex  5.526474e+001  1.606098e+000  5.300000e+000
    endloop
  endfacet
  facet normal  0.000000e+000  0.000000e+000  1.000000e+000
    outer loop
      vertex  5.526474e+001  1.606098e+000  5.300000e+000
      vertex  5.202132e+001  2.121320e+000  5.300000e+000
      vertex  5.232705e+001  1.763356e+000  5.300000e+000
    endloop
  endfacet
  facet normal  0.000000e+000  0.000000e+000  1.000000e+000
    outer loop
      vertex  5.526474e+001  1.606098e+000  5.300000e+000
      vertex  5.232705e+001  1.763356e+000  5.300000e+000
      vertex  5.541492e+001  9.724299e-001  5.300000e+000
    endloop
  endfacet
  facet normal  0.000000e+000  0.000000e+000  1.000000e+000
    outer loop
      vertex  5.541492e+001  9.724299e-001  5.300000e+000
      vertex  5.232705e+001  1.763356e+000  5.300000e+000
      vertex  5.257302e+001  1.361971e+000  5.300000e+000
    endloop
  endfacet
  facet normal  0.000000e+000  0.000000e+000  1.000000e+000
    outer loop
      vertex  5.541492e+001  9.724299e-001  5.300000e+000
      vertex  5.257302e+001  1.361971e+000  5.300000e+000
      vertex  5.275317e+001  9.270510e-001  5.300000e+000
    endloop
  endfacet
  facet normal  -0.000000e+000  0.000000e+000  1.000000e+000
    outer loop
      vertex  5.541492e+001  9.724299e-001  5.300000e+000
      vertex  5.275317e+001  9.270510e-001  5.300000e+000
      vertex  5.549052e+001  3.256112e-001  5.300000e+000
    endloop
  endfacet
  facet normal  0.000000e+000  0.000000e+000  1.000000e+000
    outer loop
      vertex  5.549052e+001  3.256112e-001  5.300000e+000
      vertex  5.275317e+001  9.270510e-001  5.300000e+000
      vertex  5.286306e+001  4.693034e-001  5.300000e+000
    endloop
  endfacet
  facet normal  0.000000e+000  0.000000e+000  1.000000e+000
    outer loop
      vertex  5.549052e+001  3.256112e-001  5.300000e+000
      vertex  5.286306e+001  4.693034e-001  5.300000e+000
      vertex  5.549052e+001 -3.256109e-001  5.300000e+000
    endloop
  endfacet
  facet normal  0.000000e+000  0.000000e+000  1.000000e+000
    outer loop
      vertex  5.549052e+001 -3.256109e-001  5.300000e+000
      vertex  5.286306e+001  4.693034e-001  5.300000e+000
      vertex  5.290000e+001  1.716536e-008  5.300000e+000
    endloop
  endfacet
  facet normal  0.000000e+000  0.000000e+000  9.999999e-001
    outer loop
      vertex  5.549052e+001 -3.256109e-001  5.300000e+000
      vertex  5.290000e+001  1.716536e-008  5.300000e+000
      vertex  5.287235e+001 -4.061894e-001  5.300000e+000
    endloop
  endfacet
  facet normal  -0.000000e+000  0.000000e+000  1.000000e+000
    outer loop
      vertex  5.549052e+001 -3.256109e-001  5.300000e+000
      vertex  5.287235e+001 -4.061894e-001  5.300000e+000
      vertex  5.541492e+001 -9.724297e-001  5.300000e+000
    endloop
  endfacet
  facet normal  0.000000e+000  0.000000e+000  1.000000e+000
    outer loop
      vertex  5.541492e+001 -9.724297e-001  5.300000e+000
      vertex  5.287235e+001 -4.061894e-001  5.300000e+000
      vertex  5.279001e+001 -8.048723e-001  5.300000e+000
    endloop
  endfacet
  facet normal  0.000000e+000  0.000000e+000  1.000000e+000
    outer loop
      vertex  5.541492e+001 -9.724297e-001  5.300000e+000
      vertex  5.279001e+001 -8.048723e-001  5.300000e+000
      vertex  5.526474e+001 -1.606098e+000  5.300000e+000
    endloop
  endfacet
  facet normal  0.000000e+000  0.000000e+000  1.000000e+000
    outer loop
      vertex  5.526474e+001 -1.606098e+000  5.300000e+000
      vertex  5.279001e+001 -8.048723e-001  5.300000e+000
      vertex  5.265445e+001 -1.188700e+000  5.300000e+000
    endloop
  endfacet
  facet normal  0.000000e+000  0.000000e+000  9.999999e-001
    outer loop
      vertex  5.526474e+001 -1.606098e+000  5.300000e+000
      vertex  5.265445e+001 -1.188700e+000  5.300000e+000
      vertex  5.243597e+001 -1.602749e+000  5.300000e+000
    endloop
  endfacet
  facet normal  0.000000e+000  0.000000e+000  1.000000e+000
    outer loop
      vertex  5.526474e+001 -1.606098e+000  5.300000e+000
      vertex  5.243597e+001 -1.602749e+000  5.300000e+000
      vertex  5.504201e+001 -2.218047e+000  5.300000e+000
    endloop
  endfacet
  facet normal  0.000000e+000  0.000000e+000  1.000000e+000
    outer loop
      vertex  5.504201e+001 -2.218047e+000  5.300000e+000
      vertex  5.243597e+001 -1.602749e+000  5.300000e+000
      vertex  5.215569e+001 -1.977795e+000  5.300000e+000
    endloop
  endfacet
  facet normal  0.000000e+000  0.000000e+000  1.000000e+000
    outer loop
      vertex  5.504201e+001 -2.218047e+000  5.300000e+000
      vertex  5.215569e+001 -1.977795e+000  5.300000e+000
      vertex  5.182047e+001 -2.304695e+000  5.300000e+000
    endloop
  endfacet
  facet normal  -0.000000e+000  0.000000e+000  1.000000e+000
    outer loop
      vertex  5.504201e+001 -2.218047e+000  5.300000e+000
      vertex  5.182047e+001 -2.304695e+000  5.300000e+000
      vertex  5.474974e+001 -2.800000e+000  5.300000e+000
    endloop
  endfacet
  facet normal  0.000000e+000  0.000000e+000  9.999999e-001
    outer loop
      vertex  5.474974e+001 -2.800000e+000  5.300000e+000
      vertex  5.182047e+001 -2.304695e+000  5.300000e+000
      vertex  5.143850e+001 -2.575455e+000  5.300000e+000
    endloop
  endfacet
  facet normal  0.000000e+000  0.000000e+000  9.999999e-001
    outer loop
      vertex  5.474974e+001 -2.800000e+000  5.300000e+000
      vertex  5.143850e+001 -2.575455e+000  5.300000e+000
      vertex  5.101909e+001 -2.783457e+000  5.300000e+000
    endloop
  endfacet
  facet normal  0.000000e+000  0.000000e+000  1.000000e+000
    outer loop
      vertex  5.474974e+001 -2.800000e+000  5.300000e+000
      vertex  5.101909e+001 -2.783457e+000  5.300000e+000
      vertex  5.439189e+001 -3.344088e+000  5.300000e+000
    endloop
  endfacet
  facet normal  0.000000e+000  0.000000e+000  1.000000e+000
    outer loop
      vertex  5.439189e+001 -3.344088e+000  5.300000e+000
      vertex  5.101909e+001 -2.783457e+000  5.300000e+000
      vertex  5.055233e+001 -2.928214e+000  5.300000e+000
    endloop
  endfacet
  facet normal  0.000000e+000  0.000000e+000  1.000000e+000
    outer loop
      vertex  5.439189e+001 -3.344088e+000  5.300000e+000
      vertex  5.055233e+001 -2.928214e+000  5.300000e+000
      vertex  4.990000e+001 -5.600000e+000  5.300000e+000
    endloop
  endfacet
  facet normal  0.000000e+000  0.000000e+000  1.000000e+000
    outer loop
      vertex  4.990000e+001 -5.600000e+000  5.300000e+000
      vertex  5.055233e+001 -2.928214e+000  5.300000e+000
      vertex  5.006823e+001 -2.995268e+000  5.300000e+000
    endloop
  endfacet
  facet normal -7.060128e-001 -5.556854e-002  7.060155e-001
    outer loop
      vertex  5.290000e+001  1.716536e-008  5.300000e+000
      vertex  5.286306e+001  4.693034e-001  5.300000e+000
      vertex  5.250000e+001  3.184082e-016  4.900000e+000
    endloop
  endfacet
  facet normal -7.021425e-001 -6.143161e-002  7.093814e-001
    outer loop
      vertex  5.286306e+001  4.693034e-001  5.300000e+000
      vertex  5.246050e+001  4.514853e-001  4.900000e+000
      vertex  5.250000e+001  3.184082e-016  4.900000e+000
    endloop
  endfacet
  facet normal  7.021425e-001 -6.143165e-002  7.093813e-001
    outer loop
      vertex  4.733950e+001  4.514853e-001  4.900000e+000
      vertex  4.693694e+001  4.693034e-001  5.300000e+000
      vertex  4.730000e+001 -6.368163e-016  4.900000e+000
    endloop
  endfacet
  facet normal  7.060165e-001 -5.556308e-002  7.060123e-001
    outer loop
      vertex  4.693694e+001  4.693034e-001  5.300000e+000
      vertex  4.690000e+001 -2.997602e-015  5.300000e+000
      vertex  4.730000e+001 -6.368163e-016  4.900000e+000
    endloop
  endfacet
  facet normal -6.913604e-001 -1.659784e-001  7.031871e-001
    outer loop
      vertex  5.286306e+001  4.693034e-001  5.300000e+000
      vertex  5.275317e+001  9.270510e-001  5.300000e+000
      vertex  5.246050e+001  4.514853e-001  4.900000e+000
    endloop
  endfacet
  facet normal -6.588358e-001 -2.728974e-001  7.010438e-001
    outer loop
      vertex  5.275317e+001  9.270510e-001  5.300000e+000
      vertex  5.257302e+001  1.361971e+000  5.300000e+000
      vertex  5.234320e+001  8.892524e-001  4.900000e+000
    endloop
  endfacet
  facet normal -6.780938e-001 -1.816928e-001  7.121633e-001
    outer loop
      vertex  5.246050e+001  4.514853e-001  4.900000e+000
      vertex  5.275317e+001  9.270510e-001  5.300000e+000
      vertex  5.234320e+001  8.892524e-001  4.900000e+000
    endloop
  endfacet
  facet normal -6.092353e-001 -3.733445e-001  6.996043e-001
    outer loop
      vertex  5.257302e+001  1.361971e+000  5.300000e+000
      vertex  5.232705e+001  1.763356e+000  5.300000e+000
      vertex  5.215166e+001  1.300000e+000  4.900000e+000
    endloop
  endfacet
  facet normal -6.344253e-001 -2.958392e-001  7.141314e-001
    outer loop
      vertex  5.234320e+001  8.892524e-001  4.900000e+000
      vertex  5.257302e+001  1.361971e+000  5.300000e+000
      vertex  5.215166e+001  1.300000e+000  4.900000e+000
    endloop
  endfacet
  facet normal -5.438742e-001 -4.645099e-001  6.988788e-001
    outer loop
      vertex  5.232705e+001  1.763356e+000  5.300000e+000
      vertex  5.202132e+001  2.121320e+000  5.300000e+000
      vertex  5.189172e+001  1.671248e+000  4.900000e+000
    endloop
  endfacet
  facet normal -5.724384e-001 -4.008228e-001  7.153008e-001
    outer loop
      vertex  5.215166e+001  1.300000e+000  4.900000e+000
      vertex  5.232705e+001  1.763356e+000  5.300000e+000
      vertex  5.189172e+001  1.671248e+000  4.900000e+000
    endloop
  endfacet
  facet normal -4.645111e-001 -5.438707e-001  6.988804e-001
    outer loop
      vertex  5.202132e+001  2.121320e+000  5.300000e+000
      vertex  5.166336e+001  2.427051e+000  5.300000e+000
      vertex  5.157125e+001  1.991716e+000  4.900000e+000
    endloop
  endfacet
  facet normal -4.938542e-001 -4.938560e-001  7.156914e-001
    outer loop
      vertex  5.189172e+001  1.671248e+000  4.900000e+000
      vertex  5.202132e+001  2.121320e+000  5.300000e+000
      vertex  5.157125e+001  1.991716e+000  4.900000e+000
    endloop
  endfacet
  facet normal -3.733406e-001 -6.092396e-001  6.996026e-001
    outer loop
      vertex  5.166336e+001  2.427051e+000  5.300000e+000
      vertex  5.126197e+001  2.673020e+000  5.300000e+000
      vertex  5.120000e+001  2.251666e+000  4.900000e+000
    endloop
  endfacet
  facet normal -4.008248e-001 -5.724348e-001  7.153025e-001
    outer loop
      vertex  5.157125e+001  1.991716e+000  4.900000e+000
      vertex  5.166336e+001  2.427051e+000  5.300000e+000
      vertex  5.120000e+001  2.251666e+000  4.900000e+000
    endloop
  endfacet
  facet normal -2.728985e-001 -6.588370e-001  7.010422e-001
    outer loop
      vertex  5.126197e+001  2.673020e+000  5.300000e+000
      vertex  5.082705e+001  2.853169e+000  5.300000e+000
      vertex  5.078925e+001  2.443201e+000  4.900000e+000
    endloop
  endfacet
  facet normal -2.958388e-001 -6.344282e-001  7.141290e-001
    outer loop
      vertex  5.120000e+001  2.251666e+000  4.900000e+000
      vertex  5.126197e+001  2.673020e+000  5.300000e+000
      vertex  5.078925e+001  2.443201e+000  4.900000e+000
    endloop
  endfacet
  facet normal -1.659819e-001 -6.913601e-001  7.031866e-001
    outer loop
      vertex  5.082705e+001  2.853169e+000  5.300000e+000
      vertex  5.036930e+001  2.963065e+000  5.300000e+000
      vertex  5.035149e+001  2.560500e+000  4.900000e+000
    endloop
  endfacet
  facet normal -1.816949e-001 -6.780946e-001  7.121620e-001
    outer loop
      vertex  5.078925e+001  2.443201e+000  4.900000e+000
      vertex  5.082705e+001  2.853169e+000  5.300000e+000
      vertex  5.035149e+001  2.560500e+000  4.900000e+000
    endloop
  endfacet
  facet normal -5.556474e-002 -7.060144e-001  7.060144e-001
    outer loop
      vertex  5.036930e+001  2.963065e+000  5.300000e+000
      vertex  4.990000e+001  3.000000e+000  5.300000e+000
      vertex  4.990000e+001  2.600000e+000  4.900000e+000
    endloop
  endfacet
  facet normal -6.142950e-002 -7.021429e-001  7.093813e-001
    outer loop
      vertex  5.035149e+001  2.560500e+000  4.900000e+000
      vertex  5.036930e+001  2.963065e+000  5.300000e+000
      vertex  4.990000e+001  2.600000e+000  4.900000e+000
    endloop
  endfacet
  facet normal  1.659808e-001 -6.913609e-001  7.031859e-001
    outer loop
      vertex  4.943070e+001  2.963065e+000  5.300000e+000
      vertex  4.897295e+001  2.853169e+000  5.300000e+000
      vertex  4.944851e+001  2.560500e+000  4.900000e+000
    endloop
  endfacet
  facet normal  6.142901e-002 -7.021432e-001  7.093810e-001
    outer loop
      vertex  4.990000e+001  2.600000e+000  4.900000e+000
      vertex  4.943070e+001  2.963065e+000  5.300000e+000
      vertex  4.944851e+001  2.560500e+000  4.900000e+000
    endloop
  endfacet
  facet normal  2.728985e-001 -6.588370e-001  7.010422e-001
    outer loop
      vertex  4.897295e+001  2.853169e+000  5.300000e+000
      vertex  4.853803e+001  2.673020e+000  5.300000e+000
      vertex  4.901075e+001  2.443201e+000  4.900000e+000
    endloop
  endfacet
  facet normal  1.816949e-001 -6.780946e-001  7.121620e-001
    outer loop
      vertex  4.944851e+001  2.560500e+000  4.900000e+000
      vertex  4.897295e+001  2.853169e+000  5.300000e+000
      vertex  4.901075e+001  2.443201e+000  4.900000e+000
    endloop
  endfacet
  facet normal  3.733406e-001 -6.092396e-001  6.996027e-001
    outer loop
      vertex  4.853803e+001  2.673020e+000  5.300000e+000
      vertex  4.813664e+001  2.427051e+000  5.300000e+000
      vertex  4.860000e+001  2.251666e+000  4.900000e+000
    endloop
  endfacet
  facet normal  2.958388e-001 -6.344282e-001  7.141290e-001
    outer loop
      vertex  4.901075e+001  2.443201e+000  4.900000e+000
      vertex  4.853803e+001  2.673020e+000  5.300000e+000
      vertex  4.860000e+001  2.251666e+000  4.900000e+000
    endloop
  endfacet
  facet normal  4.645112e-001 -5.438708e-001  6.988805e-001
    outer loop
      vertex  4.813664e+001  2.427051e+000  5.300000e+000
      vertex  4.777868e+001  2.121320e+000  5.300000e+000
      vertex  4.822875e+001  1.991716e+000  4.900000e+000
    endloop
  endfacet
  facet normal  4.008248e-001 -5.724348e-001  7.153025e-001
    outer loop
      vertex  4.860000e+001  2.251666e+000  4.900000e+000
      vertex  4.813664e+001  2.427051e+000  5.300000e+000
      vertex  4.822875e+001  1.991716e+000  4.900000e+000
    endloop
  endfacet
  facet normal  5.438742e-001 -4.645099e-001  6.988788e-001
    outer loop
      vertex  4.777868e+001  2.121320e+000  5.300000e+000
      vertex  4.747295e+001  1.763356e+000  5.300000e+000
      vertex  4.790828e+001  1.671248e+000  4.900000e+000
    endloop
  endfacet
  facet normal  4.938542e-001 -4.938560e-001  7.156914e-001
    outer loop
      vertex  4.822875e+001  1.991716e+000  4.900000e+000
      vertex  4.777868e+001  2.121320e+000  5.300000e+000
      vertex  4.790828e+001  1.671248e+000  4.900000e+000
    endloop
  endfacet
  facet normal  6.092395e-001 -3.733413e-001  6.996024e-001
    outer loop
      vertex  4.747295e+001  1.763356e+000  5.300000e+000
      vertex  4.722698e+001  1.361971e+000  5.300000e+000
      vertex  4.764833e+001  1.300000e+000  4.900000e+000
    endloop
  endfacet
  facet normal  5.724384e-001 -4.008228e-001  7.153008e-001
    outer loop
      vertex  4.790828e+001  1.671248e+000  4.900000e+000
      vertex  4.747295e+001  1.763356e+000  5.300000e+000
      vertex  4.764833e+001  1.300000e+000  4.900000e+000
    endloop
  endfacet
  facet normal  6.588345e-001 -2.729026e-001  7.010431e-001
    outer loop
      vertex  4.722698e+001  1.361971e+000  5.300000e+000
      vertex  4.704683e+001  9.270510e-001  5.300000e+000
      vertex  4.745680e+001  8.892524e-001  4.900000e+000
    endloop
  endfacet
  facet normal  6.344281e-001 -2.958405e-001  7.141284e-001
    outer loop
      vertex  4.764833e+001  1.300000e+000  4.900000e+000
      vertex  4.722698e+001  1.361971e+000  5.300000e+000
      vertex  4.745680e+001  8.892524e-001  4.900000e+000
    endloop
  endfacet
  facet normal  6.913604e-001 -1.659784e-001  7.031871e-001
    outer loop
      vertex  4.704683e+001  9.270510e-001  5.300000e+000
      vertex  4.693694e+001  4.693034e-001  5.300000e+000
      vertex  4.733950e+001  4.514853e-001  4.900000e+000
    endloop
  endfacet
  facet normal  6.780938e-001 -1.816928e-001  7.121633e-001
    outer loop
      vertex  4.745680e+001  8.892524e-001  4.900000e+000
      vertex  4.704683e+001  9.270510e-001  5.300000e+000
      vertex  4.733950e+001  4.514853e-001  4.900000e+000
    endloop
  endfacet
  facet normal  5.556474e-002 -7.060144e-001  7.060143e-001
    outer loop
      vertex  4.990000e+001  3.000000e+000  5.300000e+000
      vertex  4.943070e+001  2.963065e+000  5.300000e+000
      vertex  4.990000e+001  2.600000e+000  4.900000e+000
    endloop
  endfacet
  facet normal  7.059551e-001  5.710194e-002  7.059509e-001
    outer loop
      vertex  4.690000e+001 -2.997602e-015  5.300000e+000
      vertex  4.693900e+001 -4.821778e-001  5.300000e+000
      vertex  4.730000e+001 -6.368163e-016  4.900000e+000
    endloop
  endfacet
  facet normal  7.029660e-001  6.150365e-002  7.085593e-001
    outer loop
      vertex  4.693900e+001 -4.821778e-001  5.300000e+000
      vertex  4.733950e+001 -4.514853e-001  4.900000e+000
      vertex  4.730000e+001 -6.368163e-016  4.900000e+000
    endloop
  endfacet
  facet normal -6.988603e-001  6.114443e-002  7.126399e-001
    outer loop
      vertex  5.246050e+001 -4.514853e-001  4.900000e+000
      vertex  5.287235e+001 -4.061894e-001  5.300000e+000
      vertex  5.250000e+001  3.184082e-016  4.900000e+000
    endloop
  endfacet
  facet normal -7.062876e-001  4.808296e-002  7.062902e-001
    outer loop
      vertex  5.287235e+001 -4.061894e-001  5.300000e+000
      vertex  5.290000e+001  1.716536e-008  5.300000e+000
      vertex  5.250000e+001  3.184082e-016  4.900000e+000
    endloop
  endfacet
  facet normal  6.793495e-001  1.820293e-001  7.108796e-001
    outer loop
      vertex  4.705500e+001 -9.518271e-001  5.300000e+000
      vertex  4.745680e+001 -8.892524e-001  4.900000e+000
      vertex  4.733950e+001 -4.514853e-001  4.900000e+000
    endloop
  endfacet
  facet normal  6.897699e-001  1.703642e-001  7.036998e-001
    outer loop
      vertex  4.733950e+001 -4.514853e-001  4.900000e+000
      vertex  4.693900e+001 -4.821778e-001  5.300000e+000
      vertex  4.705500e+001 -9.518271e-001  5.300000e+000
    endloop
  endfacet
  facet normal  6.063972e-001  3.737293e-001  7.018609e-001
    outer loop
      vertex  4.724497e+001 -1.396719e+000  5.300000e+000
      vertex  4.745900e+001 -1.743984e+000  5.300000e+000
      vertex  4.764833e+001 -1.300000e+000  4.900000e+000
    endloop
  endfacet
  facet normal  6.357136e-001  2.964399e-001  7.127353e-001
    outer loop
      vertex  4.745680e+001 -8.892524e-001  4.900000e+000
      vertex  4.724497e+001 -1.396719e+000  5.300000e+000
      vertex  4.764833e+001 -1.300000e+000  4.900000e+000
    endloop
  endfacet
  facet normal  6.551207e-001  2.797412e-001  7.018275e-001
    outer loop
      vertex  4.745680e+001 -8.892524e-001  4.900000e+000
      vertex  4.705500e+001 -9.518271e-001  5.300000e+000
      vertex  4.724497e+001 -1.396719e+000  5.300000e+000
    endloop
  endfacet
  facet normal  5.507473e-001  4.530780e-001  7.009977e-001
    outer loop
      vertex  4.745900e+001 -1.743984e+000  5.300000e+000
      vertex  4.771816e+001 -2.059015e+000  5.300000e+000
      vertex  4.790828e+001 -1.671248e+000  4.900000e+000
    endloop
  endfacet
  facet normal  5.722098e-001  4.006627e-001  7.155734e-001
    outer loop
      vertex  4.764833e+001 -1.300000e+000  4.900000e+000
      vertex  4.745900e+001 -1.743984e+000  5.300000e+000
      vertex  4.790828e+001 -1.671248e+000  4.900000e+000
    endloop
  endfacet
  facet normal  4.946342e-001  4.946360e-001  7.146134e-001
    outer loop
      vertex  4.790828e+001 -1.671248e+000  4.900000e+000
      vertex  4.771816e+001 -2.059015e+000  5.300000e+000
      vertex  4.822875e+001 -1.991716e+000  4.900000e+000
    endloop
  endfacet
  facet normal  2.956694e-001  6.340650e-001  7.145217e-001
    outer loop
      vertex  4.871484e+001 -2.755974e+000  5.300000e+000
      vertex  4.901075e+001 -2.443201e+000  4.900000e+000
      vertex  4.860000e+001 -2.251666e+000  4.900000e+000
    endloop
  endfacet
  facet normal  3.243782e-001  6.320642e-001  7.037567e-001
    outer loop
      vertex  4.860000e+001 -2.251666e+000  4.900000e+000
      vertex  4.835196e+001 -2.569740e+000  5.300000e+000
      vertex  4.871484e+001 -2.755974e+000  5.300000e+000
    endloop
  endfacet
  facet normal  1.807868e-001  6.747057e-001  7.156035e-001
    outer loop
      vertex  4.909963e+001 -2.891263e+000  5.300000e+000
      vertex  4.944851e+001 -2.560500e+000  4.900000e+000
      vertex  4.901075e+001 -2.443201e+000  4.900000e+000
    endloop
  endfacet
  facet normal  2.365377e-001  6.727574e-001  7.010331e-001
    outer loop
      vertex  4.901075e+001 -2.443201e+000  4.900000e+000
      vertex  4.871484e+001 -2.755974e+000  5.300000e+000
      vertex  4.909963e+001 -2.891263e+000  5.300000e+000
    endloop
  endfacet
  facet normal  6.091520e-002  6.962703e-001  7.151901e-001
    outer loop
      vertex  4.957966e+001 -2.982843e+000  5.300000e+000
      vertex  4.990000e+001 -2.600000e+000  4.900000e+000
      vertex  4.944851e+001 -2.560500e+000  4.900000e+000
    endloop
  endfacet
  facet normal  1.341299e-001  7.030661e-001  6.983603e-001
    outer loop
      vertex  4.944851e+001 -2.560500e+000  4.900000e+000
      vertex  4.909963e+001 -2.891263e+000  5.300000e+000
      vertex  4.957966e+001 -2.982843e+000  5.300000e+000
    endloop
  endfacet
  facet normal  1.818319e-002  7.149967e-001  6.988915e-001
    outer loop
      vertex  5.006823e+001 -2.995268e+000  5.300000e+000
      vertex  4.990000e+001 -2.600000e+000  4.900000e+000
      vertex  4.957966e+001 -2.982843e+000  5.300000e+000
    endloop
  endfacet
  facet normal -9.801663e-002  7.076421e-001  6.997396e-001
    outer loop
      vertex  5.006823e+001 -2.995268e+000  5.300000e+000
      vertex  5.055233e+001 -2.928214e+000  5.300000e+000
      vertex  5.035149e+001 -2.560500e+000  4.900000e+000
    endloop
  endfacet
  facet normal -6.098270e-002  6.970365e-001  7.144378e-001
    outer loop
      vertex  4.990000e+001 -2.600000e+000  4.900000e+000
      vertex  5.006823e+001 -2.995268e+000  5.300000e+000
      vertex  5.035149e+001 -2.560500e+000  4.900000e+000
    endloop
  endfacet
  facet normal -2.112760e-001  6.812512e-001  7.008989e-001
    outer loop
      vertex  5.055233e+001 -2.928214e+000  5.300000e+000
      vertex  5.101909e+001 -2.783457e+000  5.300000e+000
      vertex  5.078925e+001 -2.443201e+000  4.900000e+000
    endloop
  endfacet
  facet normal -1.813806e-001  6.769218e-001  7.133567e-001
    outer loop
      vertex  5.035149e+001 -2.560500e+000  4.900000e+000
      vertex  5.055233e+001 -2.928214e+000  5.300000e+000
      vertex  5.078925e+001 -2.443201e+000  4.900000e+000
    endloop
  endfacet
  facet normal -2.967847e-001  6.364568e-001  7.119281e-001
    outer loop
      vertex  5.078925e+001 -2.443201e+000  4.900000e+000
      vertex  5.101909e+001 -2.783457e+000  5.300000e+000
      vertex  5.120000e+001 -2.251666e+000  4.900000e+000
    endloop
  endfacet
  facet normal -4.978655e-001  4.978673e-001  7.101114e-001
    outer loop
      vertex  5.215569e+001 -1.977795e+000  5.300000e+000
      vertex  5.189172e+001 -1.671248e+000  4.900000e+000
      vertex  5.157125e+001 -1.991716e+000  4.900000e+000
    endloop
  endfacet
  facet normal -4.948682e-001  5.074632e-001  7.053981e-001
    outer loop
      vertex  5.157125e+001 -1.991716e+000  4.900000e+000
      vertex  5.182047e+001 -2.304695e+000  5.300000e+000
      vertex  5.215569e+001 -1.977795e+000  5.300000e+000
    endloop
  endfacet
  facet normal -5.745143e-001  4.022764e-001  7.128161e-001
    outer loop
      vertex  5.243597e+001 -1.602749e+000  5.300000e+000
      vertex  5.215166e+001 -1.300000e+000  4.900000e+000
      vertex  5.189172e+001 -1.671248e+000  4.900000e+000
    endloop
  endfacet
  facet normal -5.699943e-001  4.259657e-001  7.026093e-001
    outer loop
      vertex  5.189172e+001 -1.671248e+000  4.900000e+000
      vertex  5.215569e+001 -1.977795e+000  5.300000e+000
      vertex  5.243597e+001 -1.602749e+000  5.300000e+000
    endloop
  endfacet
  facet normal -6.339725e-001  2.956281e-001  7.146208e-001
    outer loop
      vertex  5.265445e+001 -1.188700e+000  5.300000e+000
      vertex  5.234320e+001 -8.892524e-001  4.900000e+000
      vertex  5.215166e+001 -1.300000e+000  4.900000e+000
    endloop
  endfacet
  facet normal -6.310889e-001  3.330036e-001  7.005965e-001
    outer loop
      vertex  5.215166e+001 -1.300000e+000  4.900000e+000
      vertex  5.243597e+001 -1.602749e+000  5.300000e+000
      vertex  5.265445e+001 -1.188700e+000  5.300000e+000
    endloop
  endfacet
  facet normal -6.747449e-001  1.807955e-001  7.155643e-001
    outer loop
      vertex  5.279001e+001 -8.048723e-001  5.300000e+000
      vertex  5.246050e+001 -4.514853e-001  4.900000e+000
      vertex  5.234320e+001 -8.892524e-001  4.900000e+000
    endloop
  endfacet
  facet normal -6.724333e-001  2.374877e-001  7.010229e-001
    outer loop
      vertex  5.234320e+001 -8.892524e-001  4.900000e+000
      vertex  5.265445e+001 -1.188700e+000  5.300000e+000
      vertex  5.279001e+001 -8.048723e-001  5.300000e+000
    endloop
  endfacet
  facet normal -6.975515e-001  1.440658e-001  7.019024e-001
    outer loop
      vertex  5.246050e+001 -4.514853e-001  4.900000e+000
      vertex  5.279001e+001 -8.048723e-001  5.300000e+000
      vertex  5.287235e+001 -4.061894e-001  5.300000e+000
    endloop
  endfacet
  facet normal  4.824450e-001  5.217096e-001  7.036092e-001
    outer loop
      vertex  4.771816e+001 -2.059015e+000  5.300000e+000
      vertex  4.801766e+001 -2.335977e+000  5.300000e+000
      vertex  4.822875e+001 -1.991716e+000  4.900000e+000
    endloop
  endfacet
  facet normal  4.036530e-001  5.772452e-001  7.098256e-001
    outer loop
      vertex  4.822875e+001 -1.991716e+000  4.900000e+000
      vertex  4.801766e+001 -2.335977e+000  5.300000e+000
      vertex  4.835196e+001 -2.569740e+000  5.300000e+000
    endloop
  endfacet
  facet normal  4.041525e-001  5.771874e-001  7.095883e-001
    outer loop
      vertex  4.822875e+001 -1.991716e+000  4.900000e+000
      vertex  4.835196e+001 -2.569740e+000  5.300000e+000
      vertex  4.860000e+001 -2.251666e+000  4.900000e+000
    endloop
  endfacet
  facet normal -3.157297e-001  6.366230e-001  7.035809e-001
    outer loop
      vertex  5.101909e+001 -2.783457e+000  5.300000e+000
      vertex  5.143850e+001 -2.575455e+000  5.300000e+000
      vertex  5.120000e+001 -2.251666e+000  4.900000e+000
    endloop
  endfacet
  facet normal -4.078556e-001  5.753805e-001  7.089366e-001
    outer loop
      vertex  5.120000e+001 -2.251666e+000  4.900000e+000
      vertex  5.143850e+001 -2.575455e+000  5.300000e+000
      vertex  5.182047e+001 -2.304695e+000  5.300000e+000
    endloop
  endfacet
  facet normal -4.059219e-001  5.797142e-001  7.065117e-001
    outer loop
      vertex  5.120000e+001 -2.251666e+000  4.900000e+000
      vertex  5.182047e+001 -2.304695e+000  5.300000e+000
      vertex  5.157125e+001 -1.991716e+000  4.900000e+000
    endloop
  endfacet
  facet normal  3.967934e-002 -7.065499e-001  7.065499e-001
    outer loop
      vertex  4.990000e+001 -6.000000e+000  4.900000e+000
      vertex  5.057178e+001 -5.962273e+000  4.900000e+000
      vertex  4.990000e+001 -5.600000e+000  5.300000e+000
    endloop
  endfacet
  facet normal  4.107756e-002 -7.052746e-001  7.077432e-001
    outer loop
      vertex  5.057178e+001 -5.962273e+000  4.900000e+000
      vertex  5.055012e+001 -5.562135e+000  5.300000e+000
      vertex  4.990000e+001 -5.600000e+000  5.300000e+000
    endloop
  endfacet
  facet normal  4.107755e-002  7.052746e-001  7.077432e-001
    outer loop
      vertex  5.055012e+001  5.562135e+000  5.300000e+000
      vertex  5.057178e+001  5.962273e+000  4.900000e+000
      vertex  4.990000e+001  5.600000e+000  5.300000e+000
    endloop
  endfacet
  facet normal  3.967934e-002  7.065499e-001  7.065499e-001
    outer loop
      vertex  5.057178e+001  5.962273e+000  4.900000e+000
      vertex  4.990000e+001  6.000000e+000  4.900000e+000
      vertex  4.990000e+001  5.600000e+000  5.300000e+000
    endloop
  endfacet
  facet normal  1.187238e-001 -6.987619e-001  7.054335e-001
    outer loop
      vertex  5.057178e+001 -5.962273e+000  4.900000e+000
      vertex  5.123513e+001 -5.849567e+000  4.900000e+000
      vertex  5.055012e+001 -5.562135e+000  5.300000e+000
    endloop
  endfacet
  facet normal  1.964987e-001 -6.820629e-001  7.043994e-001
    outer loop
      vertex  5.123513e+001 -5.849567e+000  4.900000e+000
      vertex  5.188168e+001 -5.663300e+000  4.900000e+000
      vertex  5.119145e+001 -5.449051e+000  5.300000e+000
    endloop
  endfacet
  facet normal  1.224789e-001 -6.946117e-001  7.088819e-001
    outer loop
      vertex  5.055012e+001 -5.562135e+000  5.300000e+000
      vertex  5.123513e+001 -5.849567e+000  4.900000e+000
      vertex  5.119145e+001 -5.449051e+000  5.300000e+000
    endloop
  endfacet
  facet normal  2.719913e-001 -6.566446e-001  7.034476e-001
    outer loop
      vertex  5.188168e+001 -5.663300e+000  4.900000e+000
      vertex  5.250330e+001 -5.405813e+000  4.900000e+000
      vertex  5.181531e+001 -5.262279e+000  5.300000e+000
    endloop
  endfacet
  facet normal  2.019894e-001 -6.746901e-001  7.099251e-001
    outer loop
      vertex  5.119145e+001 -5.449051e+000  5.300000e+000
      vertex  5.188168e+001 -5.663300e+000  4.900000e+000
      vertex  5.181531e+001 -5.262279e+000  5.300000e+000
    endloop
  endfacet
  facet normal  3.442180e-001 -6.228154e-001  7.025773e-001
    outer loop
      vertex  5.250330e+001 -5.405813e+000  4.900000e+000
      vertex  5.309219e+001 -5.080345e+000  4.900000e+000
      vertex  5.241328e+001 -5.004343e+000  5.300000e+000
    endloop
  endfacet
  facet normal  2.785703e-001 -6.458012e-001  7.108724e-001
    outer loop
      vertex  5.181531e+001 -5.262279e+000  5.300000e+000
      vertex  5.250330e+001 -5.405813e+000  4.900000e+000
      vertex  5.241328e+001 -5.004343e+000  5.300000e+000
    endloop
  endfacet
  facet normal  4.122352e-001 -5.809891e-001  7.017932e-001
    outer loop
      vertex  5.309219e+001 -5.080345e+000  4.900000e+000
      vertex  5.364094e+001 -4.690989e+000  4.900000e+000
      vertex  5.297725e+001 -4.678731e+000  5.300000e+000
    endloop
  endfacet
  facet normal  3.512290e-001 -6.083438e-001  7.117275e-001
    outer loop
      vertex  5.241328e+001 -5.004343e+000  5.300000e+000
      vertex  5.309219e+001 -5.080345e+000  4.900000e+000
      vertex  5.297725e+001 -4.678731e+000  5.300000e+000
    endloop
  endfacet
  facet normal  4.751533e-001 -5.316958e-001  7.010912e-001
    outer loop
      vertex  5.364094e+001 -4.690989e+000  4.900000e+000
      vertex  5.414264e+001 -4.242640e+000  4.900000e+000
      vertex  5.349961e+001 -4.289849e+000  5.300000e+000
    endloop
  endfacet
  facet normal  4.190160e-001 -5.628380e-001  7.124878e-001
    outer loop
      vertex  5.297725e+001 -4.678731e+000  5.300000e+000
      vertex  5.364094e+001 -4.690989e+000  4.900000e+000
      vertex  5.349961e+001 -4.289849e+000  5.300000e+000
    endloop
  endfacet
  facet normal  5.321462e-001 -4.755560e-001  7.004762e-001
    outer loop
      vertex  5.414264e+001 -4.242640e+000  4.900000e+000
      vertex  5.459099e+001 -3.740939e+000  4.900000e+000
      vertex  5.397329e+001 -3.842953e+000  5.300000e+000
    endloop
  endfacet
  facet normal  4.810582e-001 -5.098924e-001  7.131569e-001
    outer loop
      vertex  5.349961e+001 -4.289849e+000  5.300000e+000
      vertex  5.414264e+001 -4.242640e+000  4.900000e+000
      vertex  5.397329e+001 -3.842953e+000  5.300000e+000
    endloop
  endfacet
  facet normal  5.824668e-001 -4.132846e-001  6.999487e-001
    outer loop
      vertex  5.459099e+001 -3.740939e+000  4.900000e+000
      vertex  5.498035e+001 -3.192193e+000  4.900000e+000
      vertex  5.439189e+001 -3.344088e+000  5.300000e+000
    endloop
  endfacet
  facet normal  5.365483e-001 -4.502184e-001  7.137362e-001
    outer loop
      vertex  5.397329e+001 -3.842953e+000  5.300000e+000
      vertex  5.459099e+001 -3.740939e+000  4.900000e+000
      vertex  5.439189e+001 -3.344088e+000  5.300000e+000
    endloop
  endfacet
  facet normal  6.254544e-001 -3.456745e-001  6.995112e-001
    outer loop
      vertex  5.498035e+001 -3.192193e+000  4.900000e+000
      vertex  5.530581e+001 -2.603302e+000  4.900000e+000
      vertex  5.474974e+001 -2.800000e+000  5.300000e+000
    endloop
  endfacet
  facet normal  5.847705e-001 -3.846061e-001  7.142280e-001
    outer loop
      vertex  5.439189e+001 -3.344088e+000  5.300000e+000
      vertex  5.498035e+001 -3.192193e+000  4.900000e+000
      vertex  5.474974e+001 -2.800000e+000  5.300000e+000
    endloop
  endfacet
  facet normal  6.605455e-001 -2.736084e-001  6.991553e-001
    outer loop
      vertex  5.530581e+001 -2.603302e+000  4.900000e+000
      vertex  5.556330e+001 -1.981674e+000  4.900000e+000
      vertex  5.504201e+001 -2.218047e+000  5.300000e+000
    endloop
  endfacet
  facet normal  6.251015e-001 -3.139407e-001  7.146254e-001
    outer loop
      vertex  5.474974e+001 -2.800000e+000  5.300000e+000
      vertex  5.530581e+001 -2.603302e+000  4.900000e+000
      vertex  5.504201e+001 -2.218047e+000  5.300000e+000
    endloop
  endfacet
  facet normal  6.872732e-001 -1.980004e-001  6.988931e-001
    outer loop
      vertex  5.556330e+001 -1.981674e+000  4.900000e+000
      vertex  5.574957e+001 -1.335126e+000  4.900000e+000
      vertex  5.526474e+001 -1.606098e+000  5.300000e+000
    endloop
  endfacet
  facet normal  6.570235e-001 -2.391344e-001  7.149370e-001
    outer loop
      vertex  5.504201e+001 -2.218047e+000  5.300000e+000
      vertex  5.556330e+001 -1.981674e+000  4.900000e+000
      vertex  5.526474e+001 -1.606098e+000  5.300000e+000
    endloop
  endfacet
  facet normal  7.052935e-001 -1.198336e-001  6.987138e-001
    outer loop
      vertex  5.574957e+001 -1.335126e+000  4.900000e+000
      vertex  5.586227e+001 -6.717868e-001  4.900000e+000
      vertex  5.541492e+001 -9.724297e-001  5.300000e+000
    endloop
  endfacet
  facet normal  6.801215e-001 -1.611944e-001  7.151581e-001
    outer loop
      vertex  5.526474e+001 -1.606098e+000  5.300000e+000
      vertex  5.574957e+001 -1.335126e+000  4.900000e+000
      vertex  5.541492e+001 -9.724297e-001  5.300000e+000
    endloop
  endfacet
  facet normal  7.143598e-001 -4.011824e-002  6.986277e-001
    outer loop
      vertex  5.586227e+001 -6.717868e-001  4.900000e+000
      vertex  5.590000e+001  3.673940e-016  4.900000e+000
      vertex  5.549052e+001 -3.256109e-001  5.300000e+000
    endloop
  endfacet
  facet normal  6.941022e-001 -8.112613e-002  7.152906e-001
    outer loop
      vertex  5.541492e+001 -9.724297e-001  5.300000e+000
      vertex  5.586227e+001 -6.717868e-001  4.900000e+000
      vertex  5.549052e+001 -3.256109e-001  5.300000e+000
    endloop
  endfacet
  facet normal  7.143598e-001  4.011824e-002  6.986277e-001
    outer loop
      vertex  5.590000e+001  3.673940e-016  4.900000e+000
      vertex  5.586227e+001  6.717868e-001  4.900000e+000
      vertex  5.549052e+001  3.256112e-001  5.300000e+000
    endloop
  endfacet
  facet normal  6.987802e-001  0.000000e+000  7.153364e-001
    outer loop
      vertex  5.549052e+001 -3.256109e-001  5.300000e+000
      vertex  5.590000e+001  3.673940e-016  4.900000e+000
      vertex  5.549052e+001  3.256112e-001  5.300000e+000
    endloop
  endfacet
  facet normal  7.052935e-001  1.198336e-001  6.987138e-001
    outer loop
      vertex  5.586227e+001  6.717868e-001  4.900000e+000
      vertex  5.574957e+001  1.335126e+000  4.900000e+000
      vertex  5.541492e+001  9.724299e-001  5.300000e+000
    endloop
  endfacet
  facet normal  6.941023e-001  8.112615e-002  7.152907e-001
    outer loop
      vertex  5.549052e+001  3.256112e-001  5.300000e+000
      vertex  5.586227e+001  6.717868e-001  4.900000e+000
      vertex  5.541492e+001  9.724299e-001  5.300000e+000
    endloop
  endfacet
  facet normal  6.872732e-001  1.980004e-001  6.988931e-001
    outer loop
      vertex  5.574957e+001  1.335126e+000  4.900000e+000
      vertex  5.556330e+001  1.981674e+000  4.900000e+000
      vertex  5.526474e+001  1.606098e+000  5.300000e+000
    endloop
  endfacet
  facet normal  6.801215e-001  1.611944e-001  7.151581e-001
    outer loop
      vertex  5.541492e+001  9.724299e-001  5.300000e+000
      vertex  5.574957e+001  1.335126e+000  4.900000e+000
      vertex  5.526474e+001  1.606098e+000  5.300000e+000
    endloop
  endfacet
  facet normal  6.605456e-001  2.736084e-001  6.991552e-001
    outer loop
      vertex  5.556330e+001  1.981674e+000  4.900000e+000
      vertex  5.530581e+001  2.603302e+000  4.900000e+000
      vertex  5.504201e+001  2.218047e+000  5.300000e+000
    endloop
  endfacet
  facet normal  6.570235e-001  2.391344e-001  7.149370e-001
    outer loop
      vertex  5.526474e+001  1.606098e+000  5.300000e+000
      vertex  5.556330e+001  1.981674e+000  4.900000e+000
      vertex  5.504201e+001  2.218047e+000  5.300000e+000
    endloop
  endfacet
  facet normal  6.254545e-001  3.456745e-001  6.995112e-001
    outer loop
      vertex  5.530581e+001  2.603302e+000  4.900000e+000
      vertex  5.498035e+001  3.192193e+000  4.900000e+000
      vertex  5.474974e+001  2.800000e+000  5.300000e+000
    endloop
  endfacet
  facet normal  6.251016e-001  3.139407e-001  7.146253e-001
    outer loop
      vertex  5.504201e+001  2.218047e+000  5.300000e+000
      vertex  5.530581e+001  2.603302e+000  4.900000e+000
      vertex  5.474974e+001  2.800000e+000  5.300000e+000
    endloop
  endfacet
  facet normal  5.824670e-001  4.132847e-001  6.999486e-001
    outer loop
      vertex  5.498035e+001  3.192193e+000  4.900000e+000
      vertex  5.459099e+001  3.740939e+000  4.900000e+000
      vertex  5.439189e+001  3.344088e+000  5.300000e+000
    endloop
  endfacet
  facet normal  5.847706e-001  3.846062e-001  7.142279e-001
    outer loop
      vertex  5.474974e+001  2.800000e+000  5.300000e+000
      vertex  5.498035e+001  3.192193e+000  4.900000e+000
      vertex  5.439189e+001  3.344088e+000  5.300000e+000
    endloop
  endfacet
  facet normal  5.321463e-001  4.755561e-001  7.004761e-001
    outer loop
      vertex  5.459099e+001  3.740939e+000  4.900000e+000
      vertex  5.414264e+001  4.242640e+000  4.900000e+000
      vertex  5.397329e+001  3.842953e+000  5.300000e+000
    endloop
  endfacet
  facet normal  5.365484e-001  4.502185e-001  7.137361e-001
    outer loop
      vertex  5.439189e+001  3.344088e+000  5.300000e+000
      vertex  5.459099e+001  3.740939e+000  4.900000e+000
      vertex  5.397329e+001  3.842953e+000  5.300000e+000
    endloop
  endfacet
  facet normal  4.751533e-001  5.316958e-001  7.010912e-001
    outer loop
      vertex  5.414264e+001  4.242640e+000  4.900000e+000
      vertex  5.364094e+001  4.690989e+000  4.900000e+000
      vertex  5.349961e+001  4.289849e+000  5.300000e+000
    endloop
  endfacet
  facet normal  4.810581e-001  5.098926e-001  7.131568e-001
    outer loop
      vertex  5.397329e+001  3.842953e+000  5.300000e+000
      vertex  5.414264e+001  4.242640e+000  4.900000e+000
      vertex  5.349961e+001  4.289849e+000  5.300000e+000
    endloop
  endfacet
  facet normal  4.122354e-001  5.809894e-001  7.017928e-001
    outer loop
      vertex  5.364094e+001  4.690989e+000  4.900000e+000
      vertex  5.309219e+001  5.080345e+000  4.900000e+000
      vertex  5.297725e+001  4.678732e+000  5.300000e+000
    endloop
  endfacet
  facet normal  4.190164e-001  5.628379e-001  7.124878e-001
    outer loop
      vertex  5.349961e+001  4.289849e+000  5.300000e+000
      vertex  5.364094e+001  4.690989e+000  4.900000e+000
      vertex  5.297725e+001  4.678732e+000  5.300000e+000
    endloop
  endfacet
  facet normal  3.442181e-001  6.228157e-001  7.025769e-001
    outer loop
      vertex  5.309219e+001  5.080345e+000  4.900000e+000
      vertex  5.250330e+001  5.405813e+000  4.900000e+000
      vertex  5.241328e+001  5.004343e+000  5.300000e+000
    endloop
  endfacet
  facet normal  3.512293e-001  6.083441e-001  7.117271e-001
    outer loop
      vertex  5.297725e+001  4.678732e+000  5.300000e+000
      vertex  5.309219e+001  5.080345e+000  4.900000e+000
      vertex  5.241328e+001  5.004343e+000  5.300000e+000
    endloop
  endfacet
  facet normal  2.719913e-001  6.566446e-001  7.034476e-001
    outer loop
      vertex  5.250330e+001  5.405813e+000  4.900000e+000
      vertex  5.188168e+001  5.663300e+000  4.900000e+000
      vertex  5.181531e+001  5.262279e+000  5.300000e+000
    endloop
  endfacet
  facet normal  2.785700e-001  6.458017e-001  7.108721e-001
    outer loop
      vertex  5.241328e+001  5.004343e+000  5.300000e+000
      vertex  5.250330e+001  5.405813e+000  4.900000e+000
      vertex  5.181531e+001  5.262279e+000  5.300000e+000
    endloop
  endfacet
  facet normal  1.964987e-001  6.820629e-001  7.043994e-001
    outer loop
      vertex  5.188168e+001  5.663300e+000  4.900000e+000
      vertex  5.123513e+001  5.849567e+000  4.900000e+000
      vertex  5.119145e+001  5.449051e+000  5.300000e+000
    endloop
  endfacet
  facet normal  2.019894e-001  6.746901e-001  7.099251e-001
    outer loop
      vertex  5.181531e+001  5.262279e+000  5.300000e+000
      vertex  5.188168e+001  5.663300e+000  4.900000e+000
      vertex  5.119145e+001  5.449051e+000  5.300000e+000
    endloop
  endfacet
  facet normal  1.187238e-001  6.987619e-001  7.054335e-001
    outer loop
      vertex  5.123513e+001  5.849567e+000  4.900000e+000
      vertex  5.057178e+001  5.962273e+000  4.900000e+000
      vertex  5.055012e+001  5.562135e+000  5.300000e+000
    endloop
  endfacet
  facet normal  1.224789e-001  6.946117e-001  7.088819e-001
    outer loop
      vertex  5.119145e+001  5.449051e+000  5.300000e+000
      vertex  5.123513e+001  5.849567e+000  4.900000e+000
      vertex  5.055012e+001  5.562135e+000  5.300000e+000
    endloop
  endfacet
endsolid CATIA STL
