solid CATIA STL
  facet normal  1.000000e+000  0.000000e+000  0.000000e+000
    outer loop
      vertex  1.300000e+001 -3.600000e+001 -9.700000e+001
      vertex  1.300000e+001 -2.100000e+001 -9.700000e+001
      vertex  1.300000e+001 -3.600000e+001 -3.400000e+001
    endloop
  endfacet
  facet normal  1.000000e+000  -0.000000e+000  0.000000e+000
    outer loop
      vertex  1.300000e+001 -3.600000e+001 -3.400000e+001
      vertex  1.300000e+001 -2.100000e+001 -9.700000e+001
      vertex  1.300000e+001 -2.100000e+001 -3.400000e+001
    endloop
  endfacet
  facet normal  0.000000e+000  0.000000e+000 -1.000000e+000
    outer loop
      vertex  5.300000e+001  1.800000e+001 -3.100000e+001
      vertex  5.300000e+001 -3.600000e+001 -3.100000e+001
      vertex  1.600000e+001 -3.600000e+001 -3.100000e+001
    endloop
  endfacet
  facet normal  0.000000e+000  0.000000e+000 -1.000000e+000
    outer loop
      vertex  5.300000e+001  1.800000e+001 -3.100000e+001
      vertex  1.600000e+001 -3.600000e+001 -3.100000e+001
      vertex  1.600000e+001 -2.100000e+001 -3.100000e+001
    endloop
  endfacet
  facet normal  0.000000e+000  0.000000e+000 -1.000000e+000
    outer loop
      vertex  5.300000e+001  1.800000e+001 -3.100000e+001
      vertex  1.600000e+001 -2.100000e+001 -3.100000e+001
      vertex  1.300000e+001 -2.100000e+001 -3.100000e+001
    endloop
  endfacet
  facet normal  0.000000e+000  0.000000e+000 -1.000000e+000
    outer loop
      vertex  5.300000e+001  1.800000e+001 -3.100000e+001
      vertex  1.300000e+001 -2.100000e+001 -3.100000e+001
      vertex  1.120000e+001 -2.100000e+001 -3.100000e+001
    endloop
  endfacet
  facet normal  0.000000e+000  0.000000e+000 -1.000000e+000
    outer loop
      vertex  5.300000e+001  1.800000e+001 -3.100000e+001
      vertex  1.120000e+001 -2.100000e+001 -3.100000e+001
      vertex  1.800000e+000 -2.100000e+001 -3.100000e+001
    endloop
  endfacet
  facet normal  0.000000e+000  0.000000e+000 -1.000000e+000
    outer loop
      vertex  5.300000e+001  1.800000e+001 -3.100000e+001
      vertex  1.800000e+000 -2.100000e+001 -3.100000e+001
      vertex  0.000000e+000 -2.100000e+001 -3.100000e+001
    endloop
  endfacet
  facet normal  0.000000e+000  0.000000e+000 -1.000000e+000
    outer loop
      vertex  5.300000e+001  1.800000e+001 -3.100000e+001
      vertex  0.000000e+000 -2.100000e+001 -3.100000e+001
      vertex  0.000000e+000  1.800000e+001 -3.100000e+001
    endloop
  endfacet
  facet normal  -0.000000e+000 -1.000000e+000  0.000000e+000
    outer loop
      vertex  0.000000e+000 -3.600000e+001 -4.700000e+001
      vertex  1.300000e+001 -3.600000e+001 -3.400000e+001
      vertex  1.303693e+001 -3.600000e+001 -3.353070e+001
    endloop
  endfacet
  facet normal  -0.000000e+000 -1.000000e+000  0.000000e+000
    outer loop
      vertex  0.000000e+000 -3.600000e+001 -4.700000e+001
      vertex  1.303693e+001 -3.600000e+001 -3.353070e+001
      vertex  1.314683e+001 -3.600000e+001 -3.307295e+001
    endloop
  endfacet
  facet normal  -0.000000e+000 -9.999999e-001  0.000000e+000
    outer loop
      vertex  0.000000e+000 -3.600000e+001 -4.700000e+001
      vertex  1.314683e+001 -3.600000e+001 -3.307295e+001
      vertex  1.332698e+001 -3.600000e+001 -3.263803e+001
    endloop
  endfacet
  facet normal  -0.000000e+000 -1.000000e+000  0.000000e+000
    outer loop
      vertex  0.000000e+000 -3.600000e+001 -4.700000e+001
      vertex  1.332698e+001 -3.600000e+001 -3.263803e+001
      vertex  1.357295e+001 -3.600000e+001 -3.223664e+001
    endloop
  endfacet
  facet normal  -0.000000e+000 -1.000000e+000  0.000000e+000
    outer loop
      vertex  0.000000e+000 -3.600000e+001 -4.700000e+001
      vertex  1.357295e+001 -3.600000e+001 -3.223664e+001
      vertex  1.387868e+001 -3.600000e+001 -3.187868e+001
    endloop
  endfacet
  facet normal  0.000000e+000 -1.000000e+000  0.000000e+000
    outer loop
      vertex  0.000000e+000 -3.600000e+001  2.000000e+001
      vertex  0.000000e+000 -3.600000e+001 -4.700000e+001
      vertex  1.387868e+001 -3.600000e+001 -3.187868e+001
    endloop
  endfacet
  facet normal  0.000000e+000 -1.000000e+000  0.000000e+000
    outer loop
      vertex  0.000000e+000 -3.600000e+001  2.000000e+001
      vertex  1.387868e+001 -3.600000e+001 -3.187868e+001
      vertex  1.423664e+001 -3.600000e+001 -3.157295e+001
    endloop
  endfacet
  facet normal  0.000000e+000 -1.000000e+000  0.000000e+000
    outer loop
      vertex  0.000000e+000 -3.600000e+001  2.000000e+001
      vertex  1.423664e+001 -3.600000e+001 -3.157295e+001
      vertex  1.463803e+001 -3.600000e+001 -3.132698e+001
    endloop
  endfacet
  facet normal  0.000000e+000 -9.999999e-001  0.000000e+000
    outer loop
      vertex  0.000000e+000 -3.600000e+001  2.000000e+001
      vertex  1.463803e+001 -3.600000e+001 -3.132698e+001
      vertex  1.507295e+001 -3.600000e+001 -3.114683e+001
    endloop
  endfacet
  facet normal  0.000000e+000 -1.000000e+000  0.000000e+000
    outer loop
      vertex  0.000000e+000 -3.600000e+001  2.000000e+001
      vertex  1.507295e+001 -3.600000e+001 -3.114683e+001
      vertex  1.553070e+001 -3.600000e+001 -3.103694e+001
    endloop
  endfacet
  facet normal  0.000000e+000 -9.999999e-001  0.000000e+000
    outer loop
      vertex  0.000000e+000 -3.600000e+001  2.000000e+001
      vertex  1.553070e+001 -3.600000e+001 -3.103694e+001
      vertex  1.600000e+001 -3.600000e+001 -3.100000e+001
    endloop
  endfacet
  facet normal  0.000000e+000 -1.000000e+000  0.000000e+000
    outer loop
      vertex  0.000000e+000 -3.600000e+001  2.000000e+001
      vertex  1.600000e+001 -3.600000e+001 -3.100000e+001
      vertex  5.300000e+001 -3.600000e+001 -3.100000e+001
    endloop
  endfacet
  facet normal  0.000000e+000 -1.000000e+000  0.000000e+000
    outer loop
      vertex  0.000000e+000 -3.600000e+001  2.000000e+001
      vertex  5.300000e+001 -3.600000e+001 -3.100000e+001
      vertex  5.300000e+001 -3.600000e+001  2.000000e+001
    endloop
  endfacet
  facet normal  0.000000e+000 -1.000000e+000  -0.000000e+000
    outer loop
      vertex  1.300000e+001 -3.600000e+001 -9.700000e+001
      vertex  1.300000e+001 -3.600000e+001 -3.400000e+001
      vertex  0.000000e+000 -3.600000e+001 -4.700000e+001
    endloop
  endfacet
  facet normal  0.000000e+000 -1.000000e+000  -0.000000e+000
    outer loop
      vertex  1.300000e+001 -3.600000e+001 -9.700000e+001
      vertex  0.000000e+000 -3.600000e+001 -4.700000e+001
      vertex -3.693498e-002 -3.600000e+001 -4.746930e+001
    endloop
  endfacet
  facet normal  0.000000e+000 -1.000000e+000  -0.000000e+000
    outer loop
      vertex  1.300000e+001 -3.600000e+001 -9.700000e+001
      vertex -3.693498e-002 -3.600000e+001 -4.746930e+001
      vertex -1.468305e-001 -3.600000e+001 -4.792705e+001
    endloop
  endfacet
  facet normal  0.000000e+000 -9.999999e-001  -0.000000e+000
    outer loop
      vertex  1.300000e+001 -3.600000e+001 -9.700000e+001
      vertex -1.468305e-001 -3.600000e+001 -4.792705e+001
      vertex -3.269804e-001 -3.600000e+001 -4.836197e+001
    endloop
  endfacet
  facet normal  0.000000e+000 -1.000000e+000  -0.000000e+000
    outer loop
      vertex  1.300000e+001 -3.600000e+001 -9.700000e+001
      vertex -3.269804e-001 -3.600000e+001 -4.836197e+001
      vertex -5.729490e-001 -3.600000e+001 -4.876336e+001
    endloop
  endfacet
  facet normal  0.000000e+000 -1.000000e+000  -0.000000e+000
    outer loop
      vertex  1.300000e+001 -3.600000e+001 -9.700000e+001
      vertex -5.729490e-001 -3.600000e+001 -4.876336e+001
      vertex -8.786796e-001 -3.600000e+001 -4.912132e+001
    endloop
  endfacet
  facet normal  0.000000e+000 -1.000000e+000  -0.000000e+000
    outer loop
      vertex  1.300000e+001 -3.600000e+001 -9.700000e+001
      vertex -8.786796e-001 -3.600000e+001 -4.912132e+001
      vertex -1.236644e+000 -3.600000e+001 -4.942705e+001
    endloop
  endfacet
  facet normal  0.000000e+000 -1.000000e+000  -0.000000e+000
    outer loop
      vertex  1.300000e+001 -3.600000e+001 -9.700000e+001
      vertex -1.236644e+000 -3.600000e+001 -4.942705e+001
      vertex -1.638029e+000 -3.600000e+001 -4.967302e+001
    endloop
  endfacet
  facet normal  0.000000e+000 -9.999999e-001  -0.000000e+000
    outer loop
      vertex  1.300000e+001 -3.600000e+001 -9.700000e+001
      vertex -1.638029e+000 -3.600000e+001 -4.967302e+001
      vertex -2.072949e+000 -3.600000e+001 -4.985317e+001
    endloop
  endfacet
  facet normal  0.000000e+000 -1.000000e+000  -0.000000e+000
    outer loop
      vertex  1.300000e+001 -3.600000e+001 -9.700000e+001
      vertex -2.072949e+000 -3.600000e+001 -4.985317e+001
      vertex -2.530697e+000 -3.600000e+001 -4.996307e+001
    endloop
  endfacet
  facet normal  0.000000e+000 -9.999999e-001  -0.000000e+000
    outer loop
      vertex  1.300000e+001 -3.600000e+001 -9.700000e+001
      vertex -2.530697e+000 -3.600000e+001 -4.996307e+001
      vertex -3.000000e+000 -3.600000e+001 -5.000000e+001
    endloop
  endfacet
  facet normal  -0.000000e+000 -9.999999e-001  -0.000000e+000
    outer loop
      vertex  1.300000e+001 -3.600000e+001 -9.700000e+001
      vertex -3.000000e+000 -3.600000e+001 -5.000000e+001
      vertex -3.500000e+001 -3.600000e+001 -5.000000e+001
    endloop
  endfacet
  facet normal  0.000000e+000 -9.999999e-001  0.000000e+000
    outer loop
      vertex  1.300000e+001 -3.600000e+001 -9.700000e+001
      vertex -3.500000e+001 -3.600000e+001 -5.000000e+001
      vertex -3.500000e+001 -3.600000e+001 -9.700000e+001
    endloop
  endfacet
  facet normal  0.000000e+000 -1.000000e+000  0.000000e+000
    outer loop
      vertex  1.300000e+001 -3.600000e+001 -9.700000e+001
      vertex -3.500000e+001 -3.600000e+001 -9.700000e+001
      vertex -3.496307e+001 -3.600000e+001 -9.746931e+001
    endloop
  endfacet
  facet normal  0.000000e+000 -9.999999e-001  0.000000e+000
    outer loop
      vertex  1.300000e+001 -3.600000e+001 -9.700000e+001
      vertex -3.496307e+001 -3.600000e+001 -9.746931e+001
      vertex  1.296307e+001 -3.600000e+001 -9.746931e+001
    endloop
  endfacet
  facet normal  -0.000000e+000 -1.000000e+000  0.000000e+000
    outer loop
      vertex -3.412132e+001 -3.600000e+001 -9.912132e+001
      vertex  1.242705e+001 -3.600000e+001 -9.876336e+001
      vertex -3.442705e+001 -3.600000e+001 -9.876336e+001
    endloop
  endfacet
  facet normal  0.000000e+000 -1.000000e+000  0.000000e+000
    outer loop
      vertex -3.442705e+001 -3.600000e+001 -9.876336e+001
      vertex  1.242705e+001 -3.600000e+001 -9.876336e+001
      vertex  1.267302e+001 -3.600000e+001 -9.836197e+001
    endloop
  endfacet
  facet normal  -0.000000e+000 -1.000000e+000  0.000000e+000
    outer loop
      vertex -3.442705e+001 -3.600000e+001 -9.876336e+001
      vertex  1.267302e+001 -3.600000e+001 -9.836197e+001
      vertex -3.467302e+001 -3.600000e+001 -9.836197e+001
    endloop
  endfacet
  facet normal  0.000000e+000 -1.000000e+000  0.000000e+000
    outer loop
      vertex -3.467302e+001 -3.600000e+001 -9.836197e+001
      vertex  1.267302e+001 -3.600000e+001 -9.836197e+001
      vertex  1.285317e+001 -3.600000e+001 -9.792705e+001
    endloop
  endfacet
  facet normal  -0.000000e+000 -1.000000e+000  0.000000e+000
    outer loop
      vertex -3.467302e+001 -3.600000e+001 -9.836197e+001
      vertex  1.285317e+001 -3.600000e+001 -9.792705e+001
      vertex -3.485317e+001 -3.600000e+001 -9.792705e+001
    endloop
  endfacet
  facet normal  0.000000e+000 -1.000000e+000  0.000000e+000
    outer loop
      vertex -3.485317e+001 -3.600000e+001 -9.792705e+001
      vertex  1.285317e+001 -3.600000e+001 -9.792705e+001
      vertex  1.296307e+001 -3.600000e+001 -9.746931e+001
    endloop
  endfacet
  facet normal  -0.000000e+000 -1.000000e+000  0.000000e+000
    outer loop
      vertex -3.485317e+001 -3.600000e+001 -9.792705e+001
      vertex  1.296307e+001 -3.600000e+001 -9.746931e+001
      vertex -3.496307e+001 -3.600000e+001 -9.746931e+001
    endloop
  endfacet
  facet normal  0.000000e+000 -1.000000e+000  0.000000e+000
    outer loop
      vertex  1.242705e+001 -3.600000e+001 -9.876336e+001
      vertex -3.412132e+001 -3.600000e+001 -9.912132e+001
      vertex  1.212132e+001 -3.600000e+001 -9.912132e+001
    endloop
  endfacet
  facet normal  -0.000000e+000 -1.000000e+000  0.000000e+000
    outer loop
      vertex  1.212132e+001 -3.600000e+001 -9.912132e+001
      vertex -3.412132e+001 -3.600000e+001 -9.912132e+001
      vertex -3.376336e+001 -3.600000e+001 -9.942705e+001
    endloop
  endfacet
  facet normal  0.000000e+000 -1.000000e+000  0.000000e+000
    outer loop
      vertex  1.212132e+001 -3.600000e+001 -9.912132e+001
      vertex -3.376336e+001 -3.600000e+001 -9.942705e+001
      vertex  1.176336e+001 -3.600000e+001 -9.942705e+001
    endloop
  endfacet
  facet normal  -0.000000e+000 -1.000000e+000  0.000000e+000
    outer loop
      vertex  1.176336e+001 -3.600000e+001 -9.942705e+001
      vertex -3.376336e+001 -3.600000e+001 -9.942705e+001
      vertex -3.336197e+001 -3.600000e+001 -9.967302e+001
    endloop
  endfacet
  facet normal  0.000000e+000 -1.000000e+000  0.000000e+000
    outer loop
      vertex  1.176336e+001 -3.600000e+001 -9.942705e+001
      vertex -3.336197e+001 -3.600000e+001 -9.967302e+001
      vertex  1.136197e+001 -3.600000e+001 -9.967302e+001
    endloop
  endfacet
  facet normal  -0.000000e+000 -1.000000e+000  0.000000e+000
    outer loop
      vertex  1.136197e+001 -3.600000e+001 -9.967302e+001
      vertex -3.336197e+001 -3.600000e+001 -9.967302e+001
      vertex -3.292705e+001 -3.600000e+001 -9.985317e+001
    endloop
  endfacet
  facet normal  0.000000e+000 -1.000000e+000  0.000000e+000
    outer loop
      vertex  1.136197e+001 -3.600000e+001 -9.967302e+001
      vertex -3.292705e+001 -3.600000e+001 -9.985317e+001
      vertex  1.092705e+001 -3.600000e+001 -9.985317e+001
    endloop
  endfacet
  facet normal  -0.000000e+000 -1.000000e+000  0.000000e+000
    outer loop
      vertex  1.092705e+001 -3.600000e+001 -9.985317e+001
      vertex -3.292705e+001 -3.600000e+001 -9.985317e+001
      vertex -3.246930e+001 -3.600000e+001 -9.996307e+001
    endloop
  endfacet
  facet normal  0.000000e+000 -1.000000e+000  0.000000e+000
    outer loop
      vertex  1.092705e+001 -3.600000e+001 -9.985317e+001
      vertex -3.246930e+001 -3.600000e+001 -9.996307e+001
      vertex  1.046930e+001 -3.600000e+001 -9.996307e+001
    endloop
  endfacet
  facet normal  -0.000000e+000 -1.000000e+000  0.000000e+000
    outer loop
      vertex  1.046930e+001 -3.600000e+001 -9.996307e+001
      vertex -3.246930e+001 -3.600000e+001 -9.996307e+001
      vertex -3.200000e+001 -3.600000e+001 -1.000000e+002
    endloop
  endfacet
  facet normal  0.000000e+000 -1.000000e+000  0.000000e+000
    outer loop
      vertex  1.046930e+001 -3.600000e+001 -9.996307e+001
      vertex -3.200000e+001 -3.600000e+001 -1.000000e+002
      vertex  1.000000e+001 -3.600000e+001 -1.000000e+002
    endloop
  endfacet
  facet normal  0.000000e+000  1.000000e+000  0.000000e+000
    outer loop
      vertex  1.300000e+001 -2.100000e+001 -3.100000e+001
      vertex  1.600000e+001 -2.100000e+001 -3.100000e+001
      vertex  1.553070e+001 -2.100000e+001 -3.103694e+001
    endloop
  endfacet
  facet normal  0.000000e+000  9.999999e-001  0.000000e+000
    outer loop
      vertex -3.500000e+001 -2.100000e+001 -5.000000e+001
      vertex -3.320000e+001 -2.100000e+001 -5.000000e+001
      vertex -3.320000e+001 -2.100000e+001 -8.120000e+001
    endloop
  endfacet
  facet normal  0.000000e+000  1.000000e+000  0.000000e+000
    outer loop
      vertex -3.500000e+001 -2.100000e+001 -5.000000e+001
      vertex -3.320000e+001 -2.100000e+001 -8.120000e+001
      vertex -3.320000e+001 -2.100000e+001 -8.820000e+001
    endloop
  endfacet
  facet normal  0.000000e+000  1.000000e+000  0.000000e+000
    outer loop
      vertex -3.500000e+001 -2.100000e+001 -5.000000e+001
      vertex -3.320000e+001 -2.100000e+001 -8.820000e+001
      vertex -3.320000e+001 -2.100000e+001 -9.700000e+001
    endloop
  endfacet
  facet normal  0.000000e+000  1.000000e+000  0.000000e+000
    outer loop
      vertex -3.500000e+001 -2.100000e+001 -5.000000e+001
      vertex -3.320000e+001 -2.100000e+001 -9.700000e+001
      vertex -3.500000e+001 -2.100000e+001 -9.700000e+001
    endloop
  endfacet
  facet normal  -0.000000e+000  1.000000e+000  0.000000e+000
    outer loop
      vertex -3.320000e+001 -2.100000e+001 -8.820000e+001
      vertex -3.320000e+001 -2.100000e+001 -8.120000e+001
      vertex -3.000000e+000 -2.100000e+001 -8.120000e+001
    endloop
  endfacet
  facet normal  0.000000e+000  1.000000e+000  0.000000e+000
    outer loop
      vertex -3.320000e+001 -2.100000e+001 -8.820000e+001
      vertex -3.000000e+000 -2.100000e+001 -8.120000e+001
      vertex  1.800000e+000 -2.100000e+001 -8.520000e+001
    endloop
  endfacet
  facet normal  0.000000e+000  1.000000e+000  0.000000e+000
    outer loop
      vertex -3.320000e+001 -2.100000e+001 -8.820000e+001
      vertex  1.800000e+000 -2.100000e+001 -8.520000e+001
      vertex  1.763065e+000 -2.100000e+001 -8.566930e+001
    endloop
  endfacet
  facet normal  0.000000e+000  1.000000e+000  0.000000e+000
    outer loop
      vertex -3.320000e+001 -2.100000e+001 -8.820000e+001
      vertex  1.763065e+000 -2.100000e+001 -8.566930e+001
      vertex  1.653170e+000 -2.100000e+001 -8.612705e+001
    endloop
  endfacet
  facet normal  0.000000e+000  1.000000e+000  0.000000e+000
    outer loop
      vertex -3.320000e+001 -2.100000e+001 -8.820000e+001
      vertex  1.653170e+000 -2.100000e+001 -8.612705e+001
      vertex  1.473020e+000 -2.100000e+001 -8.656197e+001
    endloop
  endfacet
  facet normal  0.000000e+000  1.000000e+000  0.000000e+000
    outer loop
      vertex -3.320000e+001 -2.100000e+001 -8.820000e+001
      vertex  1.473020e+000 -2.100000e+001 -8.656197e+001
      vertex  1.227051e+000 -2.100000e+001 -8.696336e+001
    endloop
  endfacet
  facet normal  0.000000e+000  1.000000e+000  0.000000e+000
    outer loop
      vertex -3.320000e+001 -2.100000e+001 -8.820000e+001
      vertex  1.227051e+000 -2.100000e+001 -8.696336e+001
      vertex  9.213203e-001 -2.100000e+001 -8.732132e+001
    endloop
  endfacet
  facet normal  0.000000e+000  1.000000e+000  0.000000e+000
    outer loop
      vertex -3.320000e+001 -2.100000e+001 -8.820000e+001
      vertex  9.213203e-001 -2.100000e+001 -8.732132e+001
      vertex  5.633557e-001 -2.100000e+001 -8.762705e+001
    endloop
  endfacet
  facet normal  0.000000e+000  1.000000e+000  0.000000e+000
    outer loop
      vertex -3.320000e+001 -2.100000e+001 -8.820000e+001
      vertex  5.633557e-001 -2.100000e+001 -8.762705e+001
      vertex  1.619715e-001 -2.100000e+001 -8.787302e+001
    endloop
  endfacet
  facet normal  0.000000e+000  9.999999e-001  0.000000e+000
    outer loop
      vertex -3.320000e+001 -2.100000e+001 -8.820000e+001
      vertex  1.619715e-001 -2.100000e+001 -8.787302e+001
      vertex -2.729490e-001 -2.100000e+001 -8.805317e+001
    endloop
  endfacet
  facet normal  0.000000e+000  1.000000e+000  0.000000e+000
    outer loop
      vertex -3.320000e+001 -2.100000e+001 -8.820000e+001
      vertex -2.729490e-001 -2.100000e+001 -8.805317e+001
      vertex -7.306966e-001 -2.100000e+001 -8.816306e+001
    endloop
  endfacet
  facet normal  0.000000e+000  1.000000e+000  0.000000e+000
    outer loop
      vertex -3.320000e+001 -2.100000e+001 -8.820000e+001
      vertex -7.306966e-001 -2.100000e+001 -8.816306e+001
      vertex -1.200000e+000 -2.100000e+001 -8.820000e+001
    endloop
  endfacet
  facet normal  0.000000e+000  1.000000e+000  0.000000e+000
    outer loop
      vertex -3.467302e+001 -2.100000e+001 -9.836197e+001
      vertex -3.485317e+001 -2.100000e+001 -9.792705e+001
      vertex -3.274819e+001 -2.100000e+001 -9.793819e+001
    endloop
  endfacet
  facet normal  0.000000e+000  1.000000e+000  0.000000e+000
    outer loop
      vertex -3.467302e+001 -2.100000e+001 -9.836197e+001
      vertex -3.274819e+001 -2.100000e+001 -9.793819e+001
      vertex -3.252066e+001 -2.100000e+001 -9.808116e+001
    endloop
  endfacet
  facet normal  0.000000e+000  1.000000e+000  0.000000e+000
    outer loop
      vertex -3.467302e+001 -2.100000e+001 -9.836197e+001
      vertex -3.252066e+001 -2.100000e+001 -9.808116e+001
      vertex -3.226702e+001 -2.100000e+001 -9.816991e+001
    endloop
  endfacet
  facet normal  0.000000e+000  1.000000e+000  0.000000e+000
    outer loop
      vertex -3.467302e+001 -2.100000e+001 -9.836197e+001
      vertex -3.226702e+001 -2.100000e+001 -9.816991e+001
      vertex -3.200000e+001 -2.100000e+001 -9.820000e+001
    endloop
  endfacet
  facet normal  -0.000000e+000  1.000000e+000  0.000000e+000
    outer loop
      vertex -3.467302e+001 -2.100000e+001 -9.836197e+001
      vertex -3.200000e+001 -2.100000e+001 -9.820000e+001
      vertex  1.000000e+001 -2.100000e+001 -9.820000e+001
    endloop
  endfacet
  facet normal  0.000000e+000  1.000000e+000  0.000000e+000
    outer loop
      vertex -3.467302e+001 -2.100000e+001 -9.836197e+001
      vertex  1.000000e+001 -2.100000e+001 -9.820000e+001
      vertex  1.267302e+001 -2.100000e+001 -9.836197e+001
    endloop
  endfacet
  facet normal  0.000000e+000  1.000000e+000  0.000000e+000
    outer loop
      vertex -3.467302e+001 -2.100000e+001 -9.836197e+001
      vertex  1.267302e+001 -2.100000e+001 -9.836197e+001
      vertex  1.242705e+001 -2.100000e+001 -9.876336e+001
    endloop
  endfacet
  facet normal  0.000000e+000  1.000000e+000  0.000000e+000
    outer loop
      vertex -3.467302e+001 -2.100000e+001 -9.836197e+001
      vertex  1.242705e+001 -2.100000e+001 -9.876336e+001
      vertex -3.442705e+001 -2.100000e+001 -9.876336e+001
    endloop
  endfacet
  facet normal  0.000000e+000  1.000000e+000  0.000000e+000
    outer loop
      vertex  1.120000e+001 -2.100000e+001 -3.100000e+001
      vertex  1.300000e+001 -2.100000e+001 -3.100000e+001
      vertex  1.553070e+001 -2.100000e+001 -3.103694e+001
    endloop
  endfacet
  facet normal  0.000000e+000  1.000000e+000  0.000000e+000
    outer loop
      vertex  1.120000e+001 -2.100000e+001 -3.100000e+001
      vertex  1.553070e+001 -2.100000e+001 -3.103694e+001
      vertex  1.507295e+001 -2.100000e+001 -3.114683e+001
    endloop
  endfacet
  facet normal  0.000000e+000  1.000000e+000  0.000000e+000
    outer loop
      vertex  1.120000e+001 -2.100000e+001 -3.100000e+001
      vertex  1.507295e+001 -2.100000e+001 -3.114683e+001
      vertex  1.463803e+001 -2.100000e+001 -3.132698e+001
    endloop
  endfacet
  facet normal  0.000000e+000  9.999999e-001  0.000000e+000
    outer loop
      vertex  1.120000e+001 -2.100000e+001 -3.100000e+001
      vertex  1.463803e+001 -2.100000e+001 -3.132698e+001
      vertex  1.423664e+001 -2.100000e+001 -3.157295e+001
    endloop
  endfacet
  facet normal  0.000000e+000  1.000000e+000  0.000000e+000
    outer loop
      vertex  1.120000e+001 -2.100000e+001 -3.100000e+001
      vertex  1.423664e+001 -2.100000e+001 -3.157295e+001
      vertex  1.387868e+001 -2.100000e+001 -3.187868e+001
    endloop
  endfacet
  facet normal  0.000000e+000  1.000000e+000  0.000000e+000
    outer loop
      vertex  1.120000e+001 -2.100000e+001 -3.100000e+001
      vertex  1.387868e+001 -2.100000e+001 -3.187868e+001
      vertex  1.357295e+001 -2.100000e+001 -3.223664e+001
    endloop
  endfacet
  facet normal  0.000000e+000  1.000000e+000  0.000000e+000
    outer loop
      vertex  1.120000e+001 -2.100000e+001 -3.100000e+001
      vertex  1.357295e+001 -2.100000e+001 -3.223664e+001
      vertex  1.332698e+001 -2.100000e+001 -3.263803e+001
    endloop
  endfacet
  facet normal  0.000000e+000  1.000000e+000  0.000000e+000
    outer loop
      vertex  1.120000e+001 -2.100000e+001 -3.100000e+001
      vertex  1.332698e+001 -2.100000e+001 -3.263803e+001
      vertex  1.314683e+001 -2.100000e+001 -3.307295e+001
    endloop
  endfacet
  facet normal  0.000000e+000  1.000000e+000  0.000000e+000
    outer loop
      vertex  1.120000e+001 -2.100000e+001 -3.100000e+001
      vertex  1.314683e+001 -2.100000e+001 -3.307295e+001
      vertex  1.303693e+001 -2.100000e+001 -3.353070e+001
    endloop
  endfacet
  facet normal  0.000000e+000  1.000000e+000  0.000000e+000
    outer loop
      vertex  1.120000e+001 -2.100000e+001 -3.100000e+001
      vertex  1.303693e+001 -2.100000e+001 -3.353070e+001
      vertex  1.300000e+001 -2.100000e+001 -3.400000e+001
    endloop
  endfacet
  facet normal  0.000000e+000  1.000000e+000  0.000000e+000
    outer loop
      vertex  1.120000e+001 -2.100000e+001 -3.100000e+001
      vertex  1.300000e+001 -2.100000e+001 -3.400000e+001
      vertex  1.300000e+001 -2.100000e+001 -9.700000e+001
    endloop
  endfacet
  facet normal  0.000000e+000  1.000000e+000  0.000000e+000
    outer loop
      vertex  1.120000e+001 -2.100000e+001 -3.100000e+001
      vertex  1.300000e+001 -2.100000e+001 -9.700000e+001
      vertex  1.120000e+001 -2.100000e+001 -9.700000e+001
    endloop
  endfacet
  facet normal  -0.000000e+000  1.000000e+000  0.000000e+000
    outer loop
      vertex  1.267302e+001 -2.100000e+001 -9.836197e+001
      vertex  1.000000e+001 -2.100000e+001 -9.820000e+001
      vertex  1.026702e+001 -2.100000e+001 -9.816991e+001
    endloop
  endfacet
  facet normal  -0.000000e+000  1.000000e+000  0.000000e+000
    outer loop
      vertex  1.267302e+001 -2.100000e+001 -9.836197e+001
      vertex  1.026702e+001 -2.100000e+001 -9.816991e+001
      vertex  1.052066e+001 -2.100000e+001 -9.808116e+001
    endloop
  endfacet
  facet normal  -0.000000e+000  1.000000e+000  0.000000e+000
    outer loop
      vertex  1.267302e+001 -2.100000e+001 -9.836197e+001
      vertex  1.052066e+001 -2.100000e+001 -9.808116e+001
      vertex  1.074819e+001 -2.100000e+001 -9.793819e+001
    endloop
  endfacet
  facet normal  -0.000000e+000  9.999999e-001  0.000000e+000
    outer loop
      vertex  1.267302e+001 -2.100000e+001 -9.836197e+001
      vertex  1.074819e+001 -2.100000e+001 -9.793819e+001
      vertex  1.285317e+001 -2.100000e+001 -9.792705e+001
    endloop
  endfacet
  facet normal  -0.000000e+000  1.000000e+000  0.000000e+000
    outer loop
      vertex  1.800000e+000 -2.100000e+001 -8.520000e+001
      vertex -3.000000e+000 -2.100000e+001 -8.120000e+001
      vertex -2.530697e+000 -2.100000e+001 -8.116306e+001
    endloop
  endfacet
  facet normal  -0.000000e+000  1.000000e+000  0.000000e+000
    outer loop
      vertex  1.800000e+000 -2.100000e+001 -8.520000e+001
      vertex -2.530697e+000 -2.100000e+001 -8.116306e+001
      vertex -2.072949e+000 -2.100000e+001 -8.105317e+001
    endloop
  endfacet
  facet normal  -0.000000e+000  1.000000e+000  0.000000e+000
    outer loop
      vertex  1.800000e+000 -2.100000e+001 -8.520000e+001
      vertex -2.072949e+000 -2.100000e+001 -8.105317e+001
      vertex -1.638029e+000 -2.100000e+001 -8.087302e+001
    endloop
  endfacet
  facet normal  -0.000000e+000  9.999999e-001  0.000000e+000
    outer loop
      vertex  1.800000e+000 -2.100000e+001 -8.520000e+001
      vertex -1.638029e+000 -2.100000e+001 -8.087302e+001
      vertex -1.236644e+000 -2.100000e+001 -8.062705e+001
    endloop
  endfacet
  facet normal  -0.000000e+000  9.999999e-001  0.000000e+000
    outer loop
      vertex  1.800000e+000 -2.100000e+001 -8.520000e+001
      vertex -1.236644e+000 -2.100000e+001 -8.062705e+001
      vertex -8.786796e-001 -2.100000e+001 -8.032132e+001
    endloop
  endfacet
  facet normal  -0.000000e+000  1.000000e+000  0.000000e+000
    outer loop
      vertex  1.800000e+000 -2.100000e+001 -8.520000e+001
      vertex -8.786796e-001 -2.100000e+001 -8.032132e+001
      vertex -5.729490e-001 -2.100000e+001 -7.996336e+001
    endloop
  endfacet
  facet normal  -0.000000e+000  1.000000e+000  0.000000e+000
    outer loop
      vertex  1.800000e+000 -2.100000e+001 -8.520000e+001
      vertex -5.729490e-001 -2.100000e+001 -7.996336e+001
      vertex -3.269804e-001 -2.100000e+001 -7.956197e+001
    endloop
  endfacet
  facet normal  -0.000000e+000  1.000000e+000  0.000000e+000
    outer loop
      vertex  1.800000e+000 -2.100000e+001 -8.520000e+001
      vertex -3.269804e-001 -2.100000e+001 -7.956197e+001
      vertex -1.468305e-001 -2.100000e+001 -7.912705e+001
    endloop
  endfacet
  facet normal  -0.000000e+000  1.000000e+000  0.000000e+000
    outer loop
      vertex  1.800000e+000 -2.100000e+001 -8.520000e+001
      vertex -1.468305e-001 -2.100000e+001 -7.912705e+001
      vertex -3.693498e-002 -2.100000e+001 -7.866930e+001
    endloop
  endfacet
  facet normal  -0.000000e+000  1.000000e+000  0.000000e+000
    outer loop
      vertex  1.800000e+000 -2.100000e+001 -8.520000e+001
      vertex -3.693498e-002 -2.100000e+001 -7.866930e+001
      vertex  0.000000e+000 -2.100000e+001 -7.820000e+001
    endloop
  endfacet
  facet normal  -0.000000e+000  9.999999e-001  0.000000e+000
    outer loop
      vertex  1.800000e+000 -2.100000e+001 -8.520000e+001
      vertex  0.000000e+000 -2.100000e+001 -7.820000e+001
      vertex  1.800000e+000 -2.100000e+001 -5.000000e+001
    endloop
  endfacet
  facet normal  0.000000e+000  1.000000e+000  0.000000e+000
    outer loop
      vertex -3.500000e+001 -2.100000e+001 -9.700000e+001
      vertex -3.320000e+001 -2.100000e+001 -9.700000e+001
      vertex -3.496307e+001 -2.100000e+001 -9.746931e+001
    endloop
  endfacet
  facet normal  0.000000e+000  1.000000e+000  0.000000e+000
    outer loop
      vertex -3.496307e+001 -2.100000e+001 -9.746931e+001
      vertex -3.320000e+001 -2.100000e+001 -9.700000e+001
      vertex -3.316991e+001 -2.100000e+001 -9.726703e+001
    endloop
  endfacet
  facet normal  0.000000e+000  1.000000e+000  0.000000e+000
    outer loop
      vertex -3.496307e+001 -2.100000e+001 -9.746931e+001
      vertex -3.316991e+001 -2.100000e+001 -9.726703e+001
      vertex -3.308116e+001 -2.100000e+001 -9.752066e+001
    endloop
  endfacet
  facet normal  0.000000e+000  9.999999e-001  0.000000e+000
    outer loop
      vertex -3.496307e+001 -2.100000e+001 -9.746931e+001
      vertex -3.308116e+001 -2.100000e+001 -9.752066e+001
      vertex -3.485317e+001 -2.100000e+001 -9.792705e+001
    endloop
  endfacet
  facet normal  0.000000e+000  1.000000e+000  0.000000e+000
    outer loop
      vertex -3.485317e+001 -2.100000e+001 -9.792705e+001
      vertex -3.308116e+001 -2.100000e+001 -9.752066e+001
      vertex -3.293820e+001 -2.100000e+001 -9.774818e+001
    endloop
  endfacet
  facet normal  0.000000e+000  1.000000e+000  0.000000e+000
    outer loop
      vertex -3.485317e+001 -2.100000e+001 -9.792705e+001
      vertex -3.293820e+001 -2.100000e+001 -9.774818e+001
      vertex -3.274819e+001 -2.100000e+001 -9.793819e+001
    endloop
  endfacet
  facet normal  0.000000e+000  1.000000e+000  0.000000e+000
    outer loop
      vertex -3.442705e+001 -2.100000e+001 -9.876336e+001
      vertex  1.242705e+001 -2.100000e+001 -9.876336e+001
      vertex -3.412132e+001 -2.100000e+001 -9.912132e+001
    endloop
  endfacet
  facet normal  0.000000e+000  1.000000e+000  0.000000e+000
    outer loop
      vertex -3.412132e+001 -2.100000e+001 -9.912132e+001
      vertex  1.242705e+001 -2.100000e+001 -9.876336e+001
      vertex  1.212132e+001 -2.100000e+001 -9.912132e+001
    endloop
  endfacet
  facet normal  0.000000e+000  1.000000e+000  0.000000e+000
    outer loop
      vertex -3.412132e+001 -2.100000e+001 -9.912132e+001
      vertex  1.212132e+001 -2.100000e+001 -9.912132e+001
      vertex -3.376336e+001 -2.100000e+001 -9.942705e+001
    endloop
  endfacet
  facet normal  0.000000e+000  1.000000e+000  0.000000e+000
    outer loop
      vertex -3.376336e+001 -2.100000e+001 -9.942705e+001
      vertex  1.212132e+001 -2.100000e+001 -9.912132e+001
      vertex  1.176336e+001 -2.100000e+001 -9.942705e+001
    endloop
  endfacet
  facet normal  0.000000e+000  1.000000e+000  0.000000e+000
    outer loop
      vertex -3.376336e+001 -2.100000e+001 -9.942705e+001
      vertex  1.176336e+001 -2.100000e+001 -9.942705e+001
      vertex -3.336197e+001 -2.100000e+001 -9.967302e+001
    endloop
  endfacet
  facet normal  0.000000e+000  1.000000e+000  0.000000e+000
    outer loop
      vertex -3.336197e+001 -2.100000e+001 -9.967302e+001
      vertex  1.176336e+001 -2.100000e+001 -9.942705e+001
      vertex  1.136197e+001 -2.100000e+001 -9.967302e+001
    endloop
  endfacet
  facet normal  0.000000e+000  1.000000e+000  0.000000e+000
    outer loop
      vertex -3.336197e+001 -2.100000e+001 -9.967302e+001
      vertex  1.136197e+001 -2.100000e+001 -9.967302e+001
      vertex -3.292705e+001 -2.100000e+001 -9.985317e+001
    endloop
  endfacet
  facet normal  0.000000e+000  1.000000e+000  0.000000e+000
    outer loop
      vertex -3.292705e+001 -2.100000e+001 -9.985317e+001
      vertex  1.136197e+001 -2.100000e+001 -9.967302e+001
      vertex  1.092705e+001 -2.100000e+001 -9.985317e+001
    endloop
  endfacet
  facet normal  0.000000e+000  1.000000e+000  0.000000e+000
    outer loop
      vertex -3.292705e+001 -2.100000e+001 -9.985317e+001
      vertex  1.092705e+001 -2.100000e+001 -9.985317e+001
      vertex -3.246930e+001 -2.100000e+001 -9.996307e+001
    endloop
  endfacet
  facet normal  0.000000e+000  1.000000e+000  0.000000e+000
    outer loop
      vertex -3.246930e+001 -2.100000e+001 -9.996307e+001
      vertex  1.092705e+001 -2.100000e+001 -9.985317e+001
      vertex  1.046930e+001 -2.100000e+001 -9.996307e+001
    endloop
  endfacet
  facet normal  0.000000e+000  1.000000e+000  0.000000e+000
    outer loop
      vertex -3.246930e+001 -2.100000e+001 -9.996307e+001
      vertex  1.046930e+001 -2.100000e+001 -9.996307e+001
      vertex -3.200000e+001 -2.100000e+001 -1.000000e+002
    endloop
  endfacet
  facet normal  0.000000e+000  1.000000e+000  0.000000e+000
    outer loop
      vertex -3.200000e+001 -2.100000e+001 -1.000000e+002
      vertex  1.046930e+001 -2.100000e+001 -9.996307e+001
      vertex  1.000000e+001 -2.100000e+001 -1.000000e+002
    endloop
  endfacet
  facet normal  0.000000e+000  1.000000e+000  0.000000e+000
    outer loop
      vertex  1.120000e+001 -2.100000e+001 -9.700000e+001
      vertex  1.300000e+001 -2.100000e+001 -9.700000e+001
      vertex  1.116991e+001 -2.100000e+001 -9.726703e+001
    endloop
  endfacet
  facet normal  -0.000000e+000  9.999999e-001  0.000000e+000
    outer loop
      vertex  1.116991e+001 -2.100000e+001 -9.726703e+001
      vertex  1.300000e+001 -2.100000e+001 -9.700000e+001
      vertex  1.296307e+001 -2.100000e+001 -9.746931e+001
    endloop
  endfacet
  facet normal  0.000000e+000  1.000000e+000  0.000000e+000
    outer loop
      vertex  1.116991e+001 -2.100000e+001 -9.726703e+001
      vertex  1.296307e+001 -2.100000e+001 -9.746931e+001
      vertex  1.108116e+001 -2.100000e+001 -9.752066e+001
    endloop
  endfacet
  facet normal  0.000000e+000  1.000000e+000  0.000000e+000
    outer loop
      vertex  1.108116e+001 -2.100000e+001 -9.752066e+001
      vertex  1.296307e+001 -2.100000e+001 -9.746931e+001
      vertex  1.093820e+001 -2.100000e+001 -9.774818e+001
    endloop
  endfacet
  facet normal  -0.000000e+000  1.000000e+000  0.000000e+000
    outer loop
      vertex  1.093820e+001 -2.100000e+001 -9.774818e+001
      vertex  1.296307e+001 -2.100000e+001 -9.746931e+001
      vertex  1.285317e+001 -2.100000e+001 -9.792705e+001
    endloop
  endfacet
  facet normal  0.000000e+000  1.000000e+000  0.000000e+000
    outer loop
      vertex  1.093820e+001 -2.100000e+001 -9.774818e+001
      vertex  1.285317e+001 -2.100000e+001 -9.792705e+001
      vertex  1.074819e+001 -2.100000e+001 -9.793819e+001
    endloop
  endfacet
  facet normal  0.000000e+000  1.000000e+000  0.000000e+000
    outer loop
      vertex  1.800000e+000 -2.100000e+001 -5.000000e+001
      vertex  0.000000e+000 -2.100000e+001 -7.820000e+001
      vertex  1.800000e+000 -2.100000e+001 -3.100000e+001
    endloop
  endfacet
  facet normal  0.000000e+000  9.999999e-001  0.000000e+000
    outer loop
      vertex  1.800000e+000 -2.100000e+001 -3.100000e+001
      vertex  0.000000e+000 -2.100000e+001 -7.820000e+001
      vertex  0.000000e+000 -2.100000e+001 -3.100000e+001
    endloop
  endfacet
  facet normal  0.000000e+000  1.000000e+000  0.000000e+000
    outer loop
      vertex  5.300000e+001  1.800000e+001 -3.100000e+001
      vertex  0.000000e+000  1.800000e+001 -3.100000e+001
      vertex  5.300000e+001  1.800000e+001  2.000000e+001
    endloop
  endfacet
  facet normal  0.000000e+000  1.000000e+000  0.000000e+000
    outer loop
      vertex  5.300000e+001  1.800000e+001  2.000000e+001
      vertex  0.000000e+000  1.800000e+001 -3.100000e+001
      vertex  0.000000e+000  1.800000e+001  2.000000e+001
    endloop
  endfacet
  facet normal  6.494483e-001  0.000000e+000 -7.604057e-001
    outer loop
      vertex  1.387868e+001 -3.600000e+001 -3.187868e+001
      vertex  1.423664e+001 -2.100000e+001 -3.157295e+001
      vertex  1.423664e+001 -3.600000e+001 -3.157295e+001
    endloop
  endfacet
  facet normal  5.224974e-001  0.000000e+000 -8.526409e-001
    outer loop
      vertex  1.423664e+001 -3.600000e+001 -3.157295e+001
      vertex  1.423664e+001 -2.100000e+001 -3.157295e+001
      vertex  1.463803e+001 -2.100000e+001 -3.132698e+001
    endloop
  endfacet
  facet normal  5.224974e-001  0.000000e+000 -8.526409e-001
    outer loop
      vertex  1.423664e+001 -3.600000e+001 -3.157295e+001
      vertex  1.463803e+001 -2.100000e+001 -3.132698e+001
      vertex  1.463803e+001 -3.600000e+001 -3.132698e+001
    endloop
  endfacet
  facet normal  3.826847e-001  0.000000e+000 -9.238790e-001
    outer loop
      vertex  1.463803e+001 -3.600000e+001 -3.132698e+001
      vertex  1.463803e+001 -2.100000e+001 -3.132698e+001
      vertex  1.507295e+001 -2.100000e+001 -3.114683e+001
    endloop
  endfacet
  facet normal  3.826847e-001  0.000000e+000 -9.238790e-001
    outer loop
      vertex  1.463803e+001 -3.600000e+001 -3.132698e+001
      vertex  1.507295e+001 -2.100000e+001 -3.114683e+001
      vertex  1.507295e+001 -3.600000e+001 -3.114683e+001
    endloop
  endfacet
  facet normal  2.334421e-001  0.000000e+000 -9.723707e-001
    outer loop
      vertex  1.507295e+001 -3.600000e+001 -3.114683e+001
      vertex  1.507295e+001 -2.100000e+001 -3.114683e+001
      vertex  1.553070e+001 -2.100000e+001 -3.103694e+001
    endloop
  endfacet
  facet normal  2.334421e-001  0.000000e+000 -9.723707e-001
    outer loop
      vertex  1.507295e+001 -3.600000e+001 -3.114683e+001
      vertex  1.553070e+001 -2.100000e+001 -3.103694e+001
      vertex  1.553070e+001 -3.600000e+001 -3.103694e+001
    endloop
  endfacet
  facet normal  7.846089e-002  0.000000e+000 -9.969172e-001
    outer loop
      vertex  1.553070e+001 -3.600000e+001 -3.103694e+001
      vertex  1.553070e+001 -2.100000e+001 -3.103694e+001
      vertex  1.600000e+001 -2.100000e+001 -3.100000e+001
    endloop
  endfacet
  facet normal  7.846089e-002  0.000000e+000 -9.969172e-001
    outer loop
      vertex  1.553070e+001 -3.600000e+001 -3.103694e+001
      vertex  1.600000e+001 -2.100000e+001 -3.100000e+001
      vertex  1.600000e+001 -3.600000e+001 -3.100000e+001
    endloop
  endfacet
  facet normal  6.494483e-001  0.000000e+000 -7.604057e-001
    outer loop
      vertex  1.423664e+001 -2.100000e+001 -3.157295e+001
      vertex  1.387868e+001 -3.600000e+001 -3.187868e+001
      vertex  1.387868e+001 -2.100000e+001 -3.187868e+001
    endloop
  endfacet
  facet normal  7.604076e-001  0.000000e+000 -6.494461e-001
    outer loop
      vertex  1.387868e+001 -2.100000e+001 -3.187868e+001
      vertex  1.387868e+001 -3.600000e+001 -3.187868e+001
      vertex  1.357295e+001 -3.600000e+001 -3.223664e+001
    endloop
  endfacet
  facet normal  7.604076e-001  0.000000e+000 -6.494461e-001
    outer loop
      vertex  1.387868e+001 -2.100000e+001 -3.187868e+001
      vertex  1.357295e+001 -3.600000e+001 -3.223664e+001
      vertex  1.357295e+001 -2.100000e+001 -3.223664e+001
    endloop
  endfacet
  facet normal  8.526388e-001  0.000000e+000 -5.225006e-001
    outer loop
      vertex  1.357295e+001 -2.100000e+001 -3.223664e+001
      vertex  1.357295e+001 -3.600000e+001 -3.223664e+001
      vertex  1.332698e+001 -3.600000e+001 -3.263803e+001
    endloop
  endfacet
  facet normal  8.526388e-001  0.000000e+000 -5.225006e-001
    outer loop
      vertex  1.357295e+001 -2.100000e+001 -3.223664e+001
      vertex  1.332698e+001 -3.600000e+001 -3.263803e+001
      vertex  1.332698e+001 -2.100000e+001 -3.263803e+001
    endloop
  endfacet
  facet normal  9.238797e-001  0.000000e+000 -3.826829e-001
    outer loop
      vertex  1.332698e+001 -2.100000e+001 -3.263803e+001
      vertex  1.332698e+001 -3.600000e+001 -3.263803e+001
      vertex  1.314683e+001 -3.600000e+001 -3.307295e+001
    endloop
  endfacet
  facet normal  9.238797e-001  0.000000e+000 -3.826829e-001
    outer loop
      vertex  1.332698e+001 -2.100000e+001 -3.263803e+001
      vertex  1.314683e+001 -3.600000e+001 -3.307295e+001
      vertex  1.314683e+001 -2.100000e+001 -3.307295e+001
    endloop
  endfacet
  facet normal  9.723700e-001  0.000000e+000 -2.334455e-001
    outer loop
      vertex  1.314683e+001 -2.100000e+001 -3.307295e+001
      vertex  1.314683e+001 -3.600000e+001 -3.307295e+001
      vertex  1.303693e+001 -3.600000e+001 -3.353070e+001
    endloop
  endfacet
  facet normal  9.723700e-001  0.000000e+000 -2.334455e-001
    outer loop
      vertex  1.314683e+001 -2.100000e+001 -3.307295e+001
      vertex  1.303693e+001 -3.600000e+001 -3.353070e+001
      vertex  1.303693e+001 -2.100000e+001 -3.353070e+001
    endloop
  endfacet
  facet normal  9.969173e-001  0.000000e+000 -7.845888e-002
    outer loop
      vertex  1.303693e+001 -2.100000e+001 -3.353070e+001
      vertex  1.303693e+001 -3.600000e+001 -3.353070e+001
      vertex  1.300000e+001 -3.600000e+001 -3.400000e+001
    endloop
  endfacet
  facet normal  9.969173e-001  0.000000e+000 -7.845888e-002
    outer loop
      vertex  1.303693e+001 -2.100000e+001 -3.353070e+001
      vertex  1.300000e+001 -3.600000e+001 -3.400000e+001
      vertex  1.300000e+001 -2.100000e+001 -3.400000e+001
    endloop
  endfacet
  facet normal  0.000000e+000  0.000000e+000  1.000000e+000
    outer loop
      vertex  5.180000e+001 -2.840000e+001 -2.920000e+001
      vertex  4.940000e+001 -3.020000e+001 -2.920000e+001
      vertex  5.000000e+001 -3.020000e+001 -2.920000e+001
    endloop
  endfacet
  facet normal  -0.000000e+000  0.000000e+000  1.000000e+000
    outer loop
      vertex  5.000000e+001 -2.320000e+001 -2.920000e+001
      vertex  4.940000e+001 -2.320000e+001 -2.920000e+001
      vertex  5.180000e+001 -2.500000e+001 -2.920000e+001
    endloop
  endfacet
  facet normal  -0.000000e+000  0.000000e+000  1.000000e+000
    outer loop
      vertex  5.000000e+001  1.220000e+001 -2.920000e+001
      vertex  4.940000e+001  1.220000e+001 -2.920000e+001
      vertex  5.180000e+001  1.040000e+001 -2.920000e+001
    endloop
  endfacet
  facet normal  -0.000000e+000  0.000000e+000  1.000000e+000
    outer loop
      vertex  5.120000e+001  1.200000e+000 -2.920000e+001
      vertex  4.940000e+001  1.200000e+000 -2.920000e+001
      vertex  1.750000e+001 -1.920000e+001 -2.920000e+001
    endloop
  endfacet
  facet normal  0.000000e+000  0.000000e+000  1.000000e+000
    outer loop
      vertex  5.120000e+001  1.200000e+000 -2.920000e+001
      vertex  1.750000e+001 -1.920000e+001 -2.920000e+001
      vertex  4.940000e+001 -1.920000e+001 -2.920000e+001
    endloop
  endfacet
  facet normal  0.000000e+000  0.000000e+000  1.000000e+000
    outer loop
      vertex  5.120000e+001  1.200000e+000 -2.920000e+001
      vertex  4.940000e+001 -1.920000e+001 -2.920000e+001
      vertex  5.120000e+001 -1.920000e+001 -2.920000e+001
    endloop
  endfacet
  facet normal  -0.000000e+000  0.000000e+000  1.000000e+000
    outer loop
      vertex  5.120000e+001  1.200000e+000 -2.920000e+001
      vertex  5.120000e+001 -1.920000e+001 -2.920000e+001
      vertex  5.300000e+001 -2.100000e+001 -2.920000e+001
    endloop
  endfacet
  facet normal  0.000000e+000  -0.000000e+000  1.000000e+000
    outer loop
      vertex  5.120000e+001  1.200000e+000 -2.920000e+001
      vertex  5.300000e+001 -2.100000e+001 -2.920000e+001
      vertex  5.300000e+001  3.000000e+000 -2.920000e+001
    endloop
  endfacet
  facet normal  0.000000e+000  0.000000e+000  1.000000e+000
    outer loop
      vertex  1.120000e+001 -2.100000e+001 -2.920000e+001
      vertex  1.120000e+001 -3.420000e+001 -2.920000e+001
      vertex  5.180000e+001 -2.840000e+001 -2.920000e+001
    endloop
  endfacet
  facet normal  0.000000e+000  -0.000000e+000  1.000000e+000
    outer loop
      vertex  1.120000e+001 -2.100000e+001 -2.920000e+001
      vertex  5.180000e+001 -2.840000e+001 -2.920000e+001
      vertex  5.180000e+001 -2.500000e+001 -2.920000e+001
    endloop
  endfacet
  facet normal  0.000000e+000  0.000000e+000  9.999999e-001
    outer loop
      vertex  1.120000e+001 -2.100000e+001 -2.920000e+001
      vertex  5.180000e+001 -2.500000e+001 -2.920000e+001
      vertex  4.940000e+001 -2.320000e+001 -2.920000e+001
    endloop
  endfacet
  facet normal  0.000000e+000  0.000000e+000  1.000000e+000
    outer loop
      vertex  1.120000e+001 -2.100000e+001 -2.920000e+001
      vertex  4.940000e+001 -2.320000e+001 -2.920000e+001
      vertex  1.430000e+001 -2.100000e+001 -2.920000e+001
    endloop
  endfacet
  facet normal  0.000000e+000  0.000000e+000  9.999999e-001
    outer loop
      vertex  1.120000e+001 -2.100000e+001 -2.920000e+001
      vertex  1.430000e+001 -2.100000e+001 -2.920000e+001
      vertex  1.250000e+001 -1.920000e+001 -2.920000e+001
    endloop
  endfacet
  facet normal  0.000000e+000  0.000000e+000  1.000000e+000
    outer loop
      vertex  1.120000e+001 -2.100000e+001 -2.920000e+001
      vertex  1.250000e+001 -1.920000e+001 -2.920000e+001
      vertex  1.800000e+000 -2.100000e+001 -2.920000e+001
    endloop
  endfacet
  facet normal  0.000000e+000  0.000000e+000  1.000000e+000
    outer loop
      vertex  1.750000e+001  1.620000e+001 -2.920000e+001
      vertex  1.750000e+001 -1.920000e+001 -2.920000e+001
      vertex  4.940000e+001  1.200000e+000 -2.920000e+001
    endloop
  endfacet
  facet normal  0.000000e+000  -0.000000e+000  1.000000e+000
    outer loop
      vertex  1.750000e+001  1.620000e+001 -2.920000e+001
      vertex  4.940000e+001  1.200000e+000 -2.920000e+001
      vertex  4.940000e+001  5.200000e+000 -2.920000e+001
    endloop
  endfacet
  facet normal  0.000000e+000  -0.000000e+000  1.000000e+000
    outer loop
      vertex  1.750000e+001  1.620000e+001 -2.920000e+001
      vertex  4.940000e+001  5.200000e+000 -2.920000e+001
      vertex  5.000000e+001  5.200000e+000 -2.920000e+001
    endloop
  endfacet
  facet normal  0.000000e+000  -0.000000e+000  1.000000e+000
    outer loop
      vertex  1.750000e+001  1.620000e+001 -2.920000e+001
      vertex  5.000000e+001  5.200000e+000 -2.920000e+001
      vertex  5.180000e+001  7.000000e+000 -2.920000e+001
    endloop
  endfacet
  facet normal  0.000000e+000  -0.000000e+000  1.000000e+000
    outer loop
      vertex  1.750000e+001  1.620000e+001 -2.920000e+001
      vertex  5.180000e+001  7.000000e+000 -2.920000e+001
      vertex  5.180000e+001  1.040000e+001 -2.920000e+001
    endloop
  endfacet
  facet normal  0.000000e+000  0.000000e+000  1.000000e+000
    outer loop
      vertex  1.750000e+001  1.620000e+001 -2.920000e+001
      vertex  5.180000e+001  1.040000e+001 -2.920000e+001
      vertex  4.940000e+001  1.220000e+001 -2.920000e+001
    endloop
  endfacet
  facet normal  0.000000e+000  0.000000e+000  1.000000e+000
    outer loop
      vertex  1.750000e+001  1.620000e+001 -2.920000e+001
      vertex  4.940000e+001  1.220000e+001 -2.920000e+001
      vertex  4.560000e+001  1.440000e+001 -2.920000e+001
    endloop
  endfacet
  facet normal  0.000000e+000  0.000000e+000  9.999999e-001
    outer loop
      vertex  1.750000e+001  1.620000e+001 -2.920000e+001
      vertex  4.560000e+001  1.440000e+001 -2.920000e+001
      vertex  4.380000e+001  1.620000e+001 -2.920000e+001
    endloop
  endfacet
  facet normal  0.000000e+000  -0.000000e+000  1.000000e+000
    outer loop
      vertex  4.560000e+001 -3.240000e+001 -2.920000e+001
      vertex  4.740000e+001 -3.240000e+001 -2.920000e+001
      vertex  4.940000e+001 -3.020000e+001 -2.920000e+001
    endloop
  endfacet
  facet normal  0.000000e+000  0.000000e+000  1.000000e+000
    outer loop
      vertex  4.940000e+001 -3.020000e+001 -2.920000e+001
      vertex  4.740000e+001 -3.240000e+001 -2.920000e+001
      vertex  4.740000e+001 -3.420000e+001 -2.920000e+001
    endloop
  endfacet
  facet normal  0.000000e+000  0.000000e+000  1.000000e+000
    outer loop
      vertex  4.940000e+001 -3.020000e+001 -2.920000e+001
      vertex  4.740000e+001 -3.420000e+001 -2.920000e+001
      vertex  4.940000e+001 -3.420000e+001 -2.920000e+001
    endloop
  endfacet
  facet normal  0.000000e+000  0.000000e+000  9.999999e-001
    outer loop
      vertex  4.380000e+001 -3.420000e+001 -2.920000e+001
      vertex  4.560000e+001 -3.240000e+001 -2.920000e+001
      vertex  1.120000e+001 -3.420000e+001 -2.920000e+001
    endloop
  endfacet
  facet normal  0.000000e+000  0.000000e+000  1.000000e+000
    outer loop
      vertex  1.120000e+001 -3.420000e+001 -2.920000e+001
      vertex  4.560000e+001 -3.240000e+001 -2.920000e+001
      vertex  4.940000e+001 -3.020000e+001 -2.920000e+001
    endloop
  endfacet
  facet normal  0.000000e+000  -0.000000e+000  9.999999e-001
    outer loop
      vertex  1.120000e+001 -3.420000e+001 -2.920000e+001
      vertex  4.940000e+001 -3.020000e+001 -2.920000e+001
      vertex  5.180000e+001 -2.840000e+001 -2.920000e+001
    endloop
  endfacet
  facet normal  0.000000e+000  0.000000e+000  9.999999e-001
    outer loop
      vertex  1.250000e+001 -1.920000e+001 -2.920000e+001
      vertex  1.250000e+001  1.320000e+001 -2.920000e+001
      vertex  1.800000e+000 -2.100000e+001 -2.920000e+001
    endloop
  endfacet
  facet normal  0.000000e+000  0.000000e+000  1.000000e+000
    outer loop
      vertex  1.800000e+000 -2.100000e+001 -2.920000e+001
      vertex  1.250000e+001  1.320000e+001 -2.920000e+001
      vertex  1.800000e+000  1.320000e+001 -2.920000e+001
    endloop
  endfacet
  facet normal  0.000000e+000  0.000000e+000  1.000000e+000
    outer loop
      vertex  1.250000e+001  1.320000e+001 -2.920000e+001
      vertex  9.500000e+000  1.620000e+001 -2.920000e+001
      vertex  1.800000e+000  1.320000e+001 -2.920000e+001
    endloop
  endfacet
  facet normal  0.000000e+000  0.000000e+000  1.000000e+000
    outer loop
      vertex  1.800000e+000  1.320000e+001 -2.920000e+001
      vertex  9.500000e+000  1.620000e+001 -2.920000e+001
      vertex  4.800000e+000  1.620000e+001 -2.920000e+001
    endloop
  endfacet
  facet normal  0.000000e+000  0.000000e+000  1.000000e+000
    outer loop
      vertex  1.430000e+001 -2.100000e+001 -2.920000e+001
      vertex  4.940000e+001 -2.320000e+001 -2.920000e+001
      vertex  1.570000e+001 -2.100000e+001 -2.920000e+001
    endloop
  endfacet
  facet normal  -0.000000e+000  0.000000e+000  1.000000e+000
    outer loop
      vertex  1.570000e+001 -2.100000e+001 -2.920000e+001
      vertex  4.940000e+001 -2.320000e+001 -2.920000e+001
      vertex  4.940000e+001 -1.920000e+001 -2.920000e+001
    endloop
  endfacet
  facet normal  0.000000e+000  0.000000e+000  9.999999e-001
    outer loop
      vertex  1.570000e+001 -2.100000e+001 -2.920000e+001
      vertex  4.940000e+001 -1.920000e+001 -2.920000e+001
      vertex  1.750000e+001 -1.920000e+001 -2.920000e+001
    endloop
  endfacet
  facet normal  0.000000e+000  0.000000e+000  1.000000e+000
    outer loop
      vertex  4.560000e+001  1.440000e+001 -2.920000e+001
      vertex  4.940000e+001  1.220000e+001 -2.920000e+001
      vertex  4.740000e+001  1.440000e+001 -2.920000e+001
    endloop
  endfacet
  facet normal  -0.000000e+000  0.000000e+000  1.000000e+000
    outer loop
      vertex  4.740000e+001  1.440000e+001 -2.920000e+001
      vertex  4.940000e+001  1.220000e+001 -2.920000e+001
      vertex  4.940000e+001  1.620000e+001 -2.920000e+001
    endloop
  endfacet
  facet normal  0.000000e+000  0.000000e+000  1.000000e+000
    outer loop
      vertex  4.740000e+001  1.440000e+001 -2.920000e+001
      vertex  4.940000e+001  1.620000e+001 -2.920000e+001
      vertex  4.740000e+001  1.620000e+001 -2.920000e+001
    endloop
  endfacet
  facet normal -1.000000e+000  0.000000e+000  0.000000e+000
    outer loop
      vertex  5.180000e+001 -2.500000e+001  2.000000e+001
      vertex  5.180000e+001 -2.500000e+001 -2.920000e+001
      vertex  5.180000e+001 -2.840000e+001  2.000000e+001
    endloop
  endfacet
  facet normal -1.000000e+000  0.000000e+000  0.000000e+000
    outer loop
      vertex  5.180000e+001 -2.840000e+001  2.000000e+001
      vertex  5.180000e+001 -2.500000e+001 -2.920000e+001
      vertex  5.180000e+001 -2.840000e+001 -2.920000e+001
    endloop
  endfacet
  facet normal  0.000000e+000  1.000000e+000  0.000000e+000
    outer loop
      vertex  4.940000e+001 -3.020000e+001  2.000000e+001
      vertex  5.000000e+001 -3.020000e+001  2.000000e+001
      vertex  4.940000e+001 -3.020000e+001 -2.920000e+001
    endloop
  endfacet
  facet normal  0.000000e+000  1.000000e+000  0.000000e+000
    outer loop
      vertex  4.940000e+001 -3.020000e+001 -2.920000e+001
      vertex  5.000000e+001 -3.020000e+001  2.000000e+001
      vertex  5.000000e+001 -3.020000e+001 -2.920000e+001
    endloop
  endfacet
  facet normal  0.000000e+000  -0.000000e+000  1.000000e+000
    outer loop
      vertex  0.000000e+000 -9.700000e+000  2.000000e+001
      vertex  1.800000e+000 -3.420000e+001  2.000000e+001
      vertex  1.800000e+000 -9.700000e+000  2.000000e+001
    endloop
  endfacet
  facet normal  0.000000e+000  0.000000e+000  1.000000e+000
    outer loop
      vertex  5.300000e+001 -2.100000e+001  2.000000e+001
      vertex  5.120000e+001 -1.920000e+001  2.000000e+001
      vertex  5.180000e+001 -2.500000e+001  2.000000e+001
    endloop
  endfacet
  facet normal  -0.000000e+000  0.000000e+000  1.000000e+000
    outer loop
      vertex  5.300000e+001 -2.100000e+001  2.000000e+001
      vertex  5.180000e+001 -2.500000e+001  2.000000e+001
      vertex  5.180000e+001 -2.840000e+001  2.000000e+001
    endloop
  endfacet
  facet normal  -0.000000e+000  0.000000e+000  1.000000e+000
    outer loop
      vertex  5.300000e+001 -2.100000e+001  2.000000e+001
      vertex  5.180000e+001 -2.840000e+001  2.000000e+001
      vertex  5.300000e+001 -3.420000e+001  2.000000e+001
    endloop
  endfacet
  facet normal  -0.000000e+000  0.000000e+000  1.000000e+000
    outer loop
      vertex  5.180000e+001  1.040000e+001  2.000000e+001
      vertex  5.180000e+001  7.000000e+000  2.000000e+001
      vertex  5.300000e+001  3.000000e+000  2.000000e+001
    endloop
  endfacet
  facet normal  0.000000e+000  -0.000000e+000  1.000000e+000
    outer loop
      vertex  5.180000e+001  1.040000e+001  2.000000e+001
      vertex  5.300000e+001  3.000000e+000  2.000000e+001
      vertex  5.300000e+001  1.620000e+001  2.000000e+001
    endloop
  endfacet
  facet normal  0.000000e+000  -0.000000e+000  1.000000e+000
    outer loop
      vertex  5.180000e+001  1.040000e+001  2.000000e+001
      vertex  5.300000e+001  1.620000e+001  2.000000e+001
      vertex  5.300000e+001  1.800000e+001  2.000000e+001
    endloop
  endfacet
  facet normal  0.000000e+000  0.000000e+000  9.999999e-001
    outer loop
      vertex  5.180000e+001  1.040000e+001  2.000000e+001
      vertex  5.300000e+001  1.800000e+001  2.000000e+001
      vertex  5.000000e+001  1.220000e+001  2.000000e+001
    endloop
  endfacet
  facet normal  -0.000000e+000  0.000000e+000  9.999999e-001
    outer loop
      vertex  4.380000e+001 -3.420000e+001  2.000000e+001
      vertex  1.750000e+001 -3.420000e+001  2.000000e+001
      vertex  0.000000e+000 -3.600000e+001  2.000000e+001
    endloop
  endfacet
  facet normal  0.000000e+000  0.000000e+000  1.000000e+000
    outer loop
      vertex  4.380000e+001 -3.420000e+001  2.000000e+001
      vertex  0.000000e+000 -3.600000e+001  2.000000e+001
      vertex  4.740000e+001 -3.420000e+001  2.000000e+001
    endloop
  endfacet
  facet normal  0.000000e+000  -0.000000e+000  1.000000e+000
    outer loop
      vertex  4.380000e+001 -3.420000e+001  2.000000e+001
      vertex  4.740000e+001 -3.420000e+001  2.000000e+001
      vertex  4.740000e+001 -3.240000e+001  2.000000e+001
    endloop
  endfacet
  facet normal  0.000000e+000  0.000000e+000  1.000000e+000
    outer loop
      vertex  4.380000e+001 -3.420000e+001  2.000000e+001
      vertex  4.740000e+001 -3.240000e+001  2.000000e+001
      vertex  4.560000e+001 -3.240000e+001  2.000000e+001
    endloop
  endfacet
  facet normal  -0.000000e+000  0.000000e+000  1.000000e+000
    outer loop
      vertex  1.750000e+001  1.620000e+001  2.000000e+001
      vertex  9.500000e+000  1.620000e+001  2.000000e+001
      vertex  1.250000e+001  1.320000e+001  2.000000e+001
    endloop
  endfacet
  facet normal  -0.000000e+000  0.000000e+000  9.999999e-001
    outer loop
      vertex  1.750000e+001  1.620000e+001  2.000000e+001
      vertex  1.250000e+001  1.320000e+001  2.000000e+001
      vertex  1.250000e+001 -3.420000e+001  2.000000e+001
    endloop
  endfacet
  facet normal  0.000000e+000  0.000000e+000  1.000000e+000
    outer loop
      vertex  1.750000e+001  1.620000e+001  2.000000e+001
      vertex  1.250000e+001 -3.420000e+001  2.000000e+001
      vertex  1.750000e+001 -3.420000e+001  2.000000e+001
    endloop
  endfacet
  facet normal  0.000000e+000  0.000000e+000  1.000000e+000
    outer loop
      vertex  0.000000e+000  1.800000e+001  2.000000e+001
      vertex  0.000000e+000  9.700000e+000  2.000000e+001
      vertex  1.800000e+000  9.700000e+000  2.000000e+001
    endloop
  endfacet
  facet normal  0.000000e+000  -0.000000e+000  1.000000e+000
    outer loop
      vertex  0.000000e+000  1.800000e+001  2.000000e+001
      vertex  1.800000e+000  9.700000e+000  2.000000e+001
      vertex  1.800000e+000  1.320000e+001  2.000000e+001
    endloop
  endfacet
  facet normal  0.000000e+000  -0.000000e+000  1.000000e+000
    outer loop
      vertex  0.000000e+000  1.800000e+001  2.000000e+001
      vertex  1.800000e+000  1.320000e+001  2.000000e+001
      vertex  4.800000e+000  1.620000e+001  2.000000e+001
    endloop
  endfacet
  facet normal  0.000000e+000  -0.000000e+000  1.000000e+000
    outer loop
      vertex  0.000000e+000  1.800000e+001  2.000000e+001
      vertex  4.800000e+000  1.620000e+001  2.000000e+001
      vertex  9.500000e+000  1.620000e+001  2.000000e+001
    endloop
  endfacet
  facet normal  0.000000e+000  -0.000000e+000  1.000000e+000
    outer loop
      vertex  0.000000e+000  1.800000e+001  2.000000e+001
      vertex  9.500000e+000  1.620000e+001  2.000000e+001
      vertex  1.750000e+001  1.620000e+001  2.000000e+001
    endloop
  endfacet
  facet normal  0.000000e+000  -0.000000e+000  9.999999e-001
    outer loop
      vertex  0.000000e+000  1.800000e+001  2.000000e+001
      vertex  1.750000e+001  1.620000e+001  2.000000e+001
      vertex  4.380000e+001  1.620000e+001  2.000000e+001
    endloop
  endfacet
  facet normal  0.000000e+000  -0.000000e+000  1.000000e+000
    outer loop
      vertex  0.000000e+000  1.800000e+001  2.000000e+001
      vertex  4.380000e+001  1.620000e+001  2.000000e+001
      vertex  4.740000e+001  1.620000e+001  2.000000e+001
    endloop
  endfacet
  facet normal  0.000000e+000  -0.000000e+000  1.000000e+000
    outer loop
      vertex  0.000000e+000  1.800000e+001  2.000000e+001
      vertex  4.740000e+001  1.620000e+001  2.000000e+001
      vertex  4.940000e+001  1.620000e+001  2.000000e+001
    endloop
  endfacet
  facet normal  0.000000e+000  -0.000000e+000  1.000000e+000
    outer loop
      vertex  0.000000e+000  1.800000e+001  2.000000e+001
      vertex  4.940000e+001  1.620000e+001  2.000000e+001
      vertex  5.300000e+001  1.800000e+001  2.000000e+001
    endloop
  endfacet
  facet normal  0.000000e+000  0.000000e+000  1.000000e+000
    outer loop
      vertex  0.000000e+000 -3.600000e+001  2.000000e+001
      vertex  1.750000e+001 -3.420000e+001  2.000000e+001
      vertex  1.250000e+001 -3.420000e+001  2.000000e+001
    endloop
  endfacet
  facet normal  0.000000e+000  0.000000e+000  1.000000e+000
    outer loop
      vertex  0.000000e+000 -3.600000e+001  2.000000e+001
      vertex  1.250000e+001 -3.420000e+001  2.000000e+001
      vertex  1.800000e+000 -3.420000e+001  2.000000e+001
    endloop
  endfacet
  facet normal  0.000000e+000  0.000000e+000  1.000000e+000
    outer loop
      vertex  0.000000e+000 -3.600000e+001  2.000000e+001
      vertex  1.800000e+000 -3.420000e+001  2.000000e+001
      vertex  0.000000e+000 -9.700000e+000  2.000000e+001
    endloop
  endfacet
  facet normal  0.000000e+000  0.000000e+000  1.000000e+000
    outer loop
      vertex  4.940000e+001  5.200000e+000  2.000000e+001
      vertex  4.940000e+001  1.200000e+000  2.000000e+001
      vertex  5.000000e+001  5.200000e+000  2.000000e+001
    endloop
  endfacet
  facet normal  0.000000e+000  0.000000e+000  1.000000e+000
    outer loop
      vertex  5.000000e+001  5.200000e+000  2.000000e+001
      vertex  4.940000e+001  1.200000e+000  2.000000e+001
      vertex  5.120000e+001  1.200000e+000  2.000000e+001
    endloop
  endfacet
  facet normal  0.000000e+000  -0.000000e+000  1.000000e+000
    outer loop
      vertex  5.000000e+001  5.200000e+000  2.000000e+001
      vertex  5.120000e+001  1.200000e+000  2.000000e+001
      vertex  5.180000e+001  7.000000e+000  2.000000e+001
    endloop
  endfacet
  facet normal  0.000000e+000  0.000000e+000  1.000000e+000
    outer loop
      vertex  5.180000e+001  7.000000e+000  2.000000e+001
      vertex  5.120000e+001  1.200000e+000  2.000000e+001
      vertex  5.300000e+001  3.000000e+000  2.000000e+001
    endloop
  endfacet
  facet normal  0.000000e+000  0.000000e+000  1.000000e+000
    outer loop
      vertex  4.940000e+001 -1.920000e+001  2.000000e+001
      vertex  4.940000e+001 -2.320000e+001  2.000000e+001
      vertex  5.120000e+001 -1.920000e+001  2.000000e+001
    endloop
  endfacet
  facet normal  0.000000e+000  0.000000e+000  1.000000e+000
    outer loop
      vertex  5.120000e+001 -1.920000e+001  2.000000e+001
      vertex  4.940000e+001 -2.320000e+001  2.000000e+001
      vertex  5.000000e+001 -2.320000e+001  2.000000e+001
    endloop
  endfacet
  facet normal  -0.000000e+000  0.000000e+000  1.000000e+000
    outer loop
      vertex  5.120000e+001 -1.920000e+001  2.000000e+001
      vertex  5.000000e+001 -2.320000e+001  2.000000e+001
      vertex  5.180000e+001 -2.500000e+001  2.000000e+001
    endloop
  endfacet
  facet normal  0.000000e+000  0.000000e+000  1.000000e+000
    outer loop
      vertex  4.740000e+001 -3.420000e+001  2.000000e+001
      vertex  0.000000e+000 -3.600000e+001  2.000000e+001
      vertex  4.940000e+001 -3.420000e+001  2.000000e+001
    endloop
  endfacet
  facet normal  0.000000e+000  0.000000e+000  1.000000e+000
    outer loop
      vertex  4.940000e+001 -3.420000e+001  2.000000e+001
      vertex  0.000000e+000 -3.600000e+001  2.000000e+001
      vertex  5.300000e+001 -3.600000e+001  2.000000e+001
    endloop
  endfacet
  facet normal  0.000000e+000  0.000000e+000  1.000000e+000
    outer loop
      vertex  4.940000e+001 -3.420000e+001  2.000000e+001
      vertex  5.300000e+001 -3.600000e+001  2.000000e+001
      vertex  4.940000e+001 -3.020000e+001  2.000000e+001
    endloop
  endfacet
  facet normal  -0.000000e+000  0.000000e+000  1.000000e+000
    outer loop
      vertex  4.940000e+001 -3.020000e+001  2.000000e+001
      vertex  5.300000e+001 -3.600000e+001  2.000000e+001
      vertex  5.000000e+001 -3.020000e+001  2.000000e+001
    endloop
  endfacet
  facet normal  0.000000e+000  0.000000e+000  1.000000e+000
    outer loop
      vertex  5.300000e+001 -3.600000e+001  2.000000e+001
      vertex  5.300000e+001 -3.420000e+001  2.000000e+001
      vertex  5.000000e+001 -3.020000e+001  2.000000e+001
    endloop
  endfacet
  facet normal  -0.000000e+000  0.000000e+000  1.000000e+000
    outer loop
      vertex  5.000000e+001 -3.020000e+001  2.000000e+001
      vertex  5.300000e+001 -3.420000e+001  2.000000e+001
      vertex  5.180000e+001 -2.840000e+001  2.000000e+001
    endloop
  endfacet
  facet normal  0.000000e+000  0.000000e+000  1.000000e+000
    outer loop
      vertex  4.560000e+001  1.440000e+001  2.000000e+001
      vertex  4.740000e+001  1.440000e+001  2.000000e+001
      vertex  4.380000e+001  1.620000e+001  2.000000e+001
    endloop
  endfacet
  facet normal  -0.000000e+000  0.000000e+000  1.000000e+000
    outer loop
      vertex  4.380000e+001  1.620000e+001  2.000000e+001
      vertex  4.740000e+001  1.440000e+001  2.000000e+001
      vertex  4.740000e+001  1.620000e+001  2.000000e+001
    endloop
  endfacet
  facet normal  0.000000e+000  0.000000e+000  1.000000e+000
    outer loop
      vertex  5.000000e+001  1.220000e+001  2.000000e+001
      vertex  5.300000e+001  1.800000e+001  2.000000e+001
      vertex  4.940000e+001  1.220000e+001  2.000000e+001
    endloop
  endfacet
  facet normal  0.000000e+000  0.000000e+000  1.000000e+000
    outer loop
      vertex  4.940000e+001  1.220000e+001  2.000000e+001
      vertex  5.300000e+001  1.800000e+001  2.000000e+001
      vertex  4.940000e+001  1.620000e+001  2.000000e+001
    endloop
  endfacet
  facet normal -7.071072e-001  7.071064e-001  0.000000e+000
    outer loop
      vertex  5.180000e+001 -2.840000e+001  2.000000e+001
      vertex  5.180000e+001 -2.840000e+001 -2.920000e+001
      vertex  5.000000e+001 -3.020000e+001  2.000000e+001
    endloop
  endfacet
  facet normal -7.071072e-001  7.071064e-001  0.000000e+000
    outer loop
      vertex  5.000000e+001 -3.020000e+001  2.000000e+001
      vertex  5.180000e+001 -2.840000e+001 -2.920000e+001
      vertex  5.000000e+001 -3.020000e+001 -2.920000e+001
    endloop
  endfacet
  facet normal  0.000000e+000 -1.000000e+000  0.000000e+000
    outer loop
      vertex  5.000000e+001 -2.320000e+001  2.000000e+001
      vertex  4.940000e+001 -2.320000e+001  2.000000e+001
      vertex  5.000000e+001 -2.320000e+001 -2.920000e+001
    endloop
  endfacet
  facet normal  0.000000e+000 -1.000000e+000  0.000000e+000
    outer loop
      vertex  5.000000e+001 -2.320000e+001 -2.920000e+001
      vertex  4.940000e+001 -2.320000e+001  2.000000e+001
      vertex  4.940000e+001 -2.320000e+001 -2.920000e+001
    endloop
  endfacet
  facet normal -7.071068e-001 -7.071068e-001  -0.000000e+000
    outer loop
      vertex  5.180000e+001 -2.500000e+001 -2.920000e+001
      vertex  5.180000e+001 -2.500000e+001  2.000000e+001
      vertex  5.000000e+001 -2.320000e+001 -2.920000e+001
    endloop
  endfacet
  facet normal -7.071068e-001 -7.071068e-001  0.000000e+000
    outer loop
      vertex  5.000000e+001 -2.320000e+001 -2.920000e+001
      vertex  5.180000e+001 -2.500000e+001  2.000000e+001
      vertex  5.000000e+001 -2.320000e+001  2.000000e+001
    endloop
  endfacet
  facet normal -1.000000e+000  0.000000e+000  0.000000e+000
    outer loop
      vertex  5.180000e+001  1.040000e+001  2.000000e+001
      vertex  5.180000e+001  1.040000e+001 -2.920000e+001
      vertex  5.180000e+001  7.000000e+000  2.000000e+001
    endloop
  endfacet
  facet normal -1.000000e+000  0.000000e+000  0.000000e+000
    outer loop
      vertex  5.180000e+001  7.000000e+000  2.000000e+001
      vertex  5.180000e+001  1.040000e+001 -2.920000e+001
      vertex  5.180000e+001  7.000000e+000 -2.920000e+001
    endloop
  endfacet
  facet normal  0.000000e+000  1.000000e+000  -0.000000e+000
    outer loop
      vertex  5.000000e+001  5.200000e+000  2.000000e+001
      vertex  5.000000e+001  5.200000e+000 -2.920000e+001
      vertex  4.940000e+001  5.200000e+000  2.000000e+001
    endloop
  endfacet
  facet normal  0.000000e+000  1.000000e+000  0.000000e+000
    outer loop
      vertex  4.940000e+001  5.200000e+000  2.000000e+001
      vertex  5.000000e+001  5.200000e+000 -2.920000e+001
      vertex  4.940000e+001  5.200000e+000 -2.920000e+001
    endloop
  endfacet
  facet normal -7.071069e-001  7.071066e-001  0.000000e+000
    outer loop
      vertex  5.180000e+001  7.000000e+000 -2.920000e+001
      vertex  5.000000e+001  5.200000e+000 -2.920000e+001
      vertex  5.180000e+001  7.000000e+000  2.000000e+001
    endloop
  endfacet
  facet normal -7.071069e-001  7.071066e-001  0.000000e+000
    outer loop
      vertex  5.180000e+001  7.000000e+000  2.000000e+001
      vertex  5.000000e+001  5.200000e+000 -2.920000e+001
      vertex  5.000000e+001  5.200000e+000  2.000000e+001
    endloop
  endfacet
  facet normal  0.000000e+000 -1.000000e+000  0.000000e+000
    outer loop
      vertex  4.940000e+001  1.220000e+001  2.000000e+001
      vertex  4.940000e+001  1.220000e+001 -2.920000e+001
      vertex  5.000000e+001  1.220000e+001  2.000000e+001
    endloop
  endfacet
  facet normal  0.000000e+000 -1.000000e+000  -0.000000e+000
    outer loop
      vertex  5.000000e+001  1.220000e+001  2.000000e+001
      vertex  4.940000e+001  1.220000e+001 -2.920000e+001
      vertex  5.000000e+001  1.220000e+001 -2.920000e+001
    endloop
  endfacet
  facet normal -7.071069e-001 -7.071066e-001  0.000000e+000
    outer loop
      vertex  5.180000e+001  1.040000e+001  2.000000e+001
      vertex  5.000000e+001  1.220000e+001  2.000000e+001
      vertex  5.180000e+001  1.040000e+001 -2.920000e+001
    endloop
  endfacet
  facet normal -7.071069e-001 -7.071066e-001  0.000000e+000
    outer loop
      vertex  5.180000e+001  1.040000e+001 -2.920000e+001
      vertex  5.000000e+001  1.220000e+001  2.000000e+001
      vertex  5.000000e+001  1.220000e+001 -2.920000e+001
    endloop
  endfacet
  facet normal  0.000000e+000  1.000000e+000  -0.000000e+000
    outer loop
      vertex  1.120000e+001 -3.420000e+001 -9.700000e+001
      vertex  1.116991e+001 -3.420000e+001 -9.726703e+001
      vertex -3.316991e+001 -3.420000e+001 -9.726703e+001
    endloop
  endfacet
  facet normal  0.000000e+000  1.000000e+000  -0.000000e+000
    outer loop
      vertex  1.120000e+001 -3.420000e+001 -9.700000e+001
      vertex -3.316991e+001 -3.420000e+001 -9.726703e+001
      vertex -3.320000e+001 -3.420000e+001 -9.700000e+001
    endloop
  endfacet
  facet normal  0.000000e+000  1.000000e+000  0.000000e+000
    outer loop
      vertex  1.120000e+001 -3.420000e+001 -9.700000e+001
      vertex -3.320000e+001 -3.420000e+001 -9.700000e+001
      vertex -3.320000e+001 -3.420000e+001 -8.820000e+001
    endloop
  endfacet
  facet normal  -0.000000e+000  1.000000e+000  0.000000e+000
    outer loop
      vertex  1.120000e+001 -3.420000e+001 -9.700000e+001
      vertex -3.320000e+001 -3.420000e+001 -8.820000e+001
      vertex -3.020000e+001 -3.420000e+001 -8.820000e+001
    endloop
  endfacet
  facet normal  -0.000000e+000  9.999999e-001  0.000000e+000
    outer loop
      vertex  1.120000e+001 -3.420000e+001 -9.700000e+001
      vertex -3.020000e+001 -3.420000e+001 -8.820000e+001
      vertex -1.980000e+001 -3.420000e+001 -8.820000e+001
    endloop
  endfacet
  facet normal  -0.000000e+000  9.999999e-001  0.000000e+000
    outer loop
      vertex  1.120000e+001 -3.420000e+001 -9.700000e+001
      vertex -1.980000e+001 -3.420000e+001 -8.820000e+001
      vertex -1.200000e+000 -3.420000e+001 -8.820000e+001
    endloop
  endfacet
  facet normal  -0.000000e+000  1.000000e+000  0.000000e+000
    outer loop
      vertex  1.120000e+001 -3.420000e+001 -9.700000e+001
      vertex -1.200000e+000 -3.420000e+001 -8.820000e+001
      vertex -7.306966e-001 -3.420000e+001 -8.816306e+001
    endloop
  endfacet
  facet normal  -0.000000e+000  9.999999e-001  0.000000e+000
    outer loop
      vertex  1.120000e+001 -3.420000e+001 -9.700000e+001
      vertex -7.306966e-001 -3.420000e+001 -8.816306e+001
      vertex -2.729490e-001 -3.420000e+001 -8.805317e+001
    endloop
  endfacet
  facet normal  -0.000000e+000  1.000000e+000  0.000000e+000
    outer loop
      vertex  1.120000e+001 -3.420000e+001 -9.700000e+001
      vertex -2.729490e-001 -3.420000e+001 -8.805317e+001
      vertex  1.619715e-001 -3.420000e+001 -8.787302e+001
    endloop
  endfacet
  facet normal  -0.000000e+000  1.000000e+000  0.000000e+000
    outer loop
      vertex  1.120000e+001 -3.420000e+001 -9.700000e+001
      vertex  1.619715e-001 -3.420000e+001 -8.787302e+001
      vertex  5.633557e-001 -3.420000e+001 -8.762705e+001
    endloop
  endfacet
  facet normal  -0.000000e+000  1.000000e+000  0.000000e+000
    outer loop
      vertex  1.120000e+001 -3.420000e+001 -9.700000e+001
      vertex  5.633557e-001 -3.420000e+001 -8.762705e+001
      vertex  9.213203e-001 -3.420000e+001 -8.732132e+001
    endloop
  endfacet
  facet normal  -0.000000e+000  9.999999e-001  0.000000e+000
    outer loop
      vertex  1.120000e+001 -3.420000e+001 -9.700000e+001
      vertex  9.213203e-001 -3.420000e+001 -8.732132e+001
      vertex  1.227051e+000 -3.420000e+001 -8.696336e+001
    endloop
  endfacet
  facet normal  -0.000000e+000  1.000000e+000  0.000000e+000
    outer loop
      vertex  1.120000e+001 -3.420000e+001 -9.700000e+001
      vertex  1.227051e+000 -3.420000e+001 -8.696336e+001
      vertex  1.473020e+000 -3.420000e+001 -8.656197e+001
    endloop
  endfacet
  facet normal  -0.000000e+000  1.000000e+000  0.000000e+000
    outer loop
      vertex  1.120000e+001 -3.420000e+001 -9.700000e+001
      vertex  1.473020e+000 -3.420000e+001 -8.656197e+001
      vertex  1.653170e+000 -3.420000e+001 -8.612705e+001
    endloop
  endfacet
  facet normal  -0.000000e+000  1.000000e+000  0.000000e+000
    outer loop
      vertex  1.120000e+001 -3.420000e+001 -9.700000e+001
      vertex  1.653170e+000 -3.420000e+001 -8.612705e+001
      vertex  1.763065e+000 -3.420000e+001 -8.566930e+001
    endloop
  endfacet
  facet normal  -0.000000e+000  1.000000e+000  0.000000e+000
    outer loop
      vertex  1.120000e+001 -3.420000e+001 -9.700000e+001
      vertex  1.763065e+000 -3.420000e+001 -8.566930e+001
      vertex  1.800000e+000 -3.420000e+001 -8.520000e+001
    endloop
  endfacet
  facet normal  -0.000000e+000  1.000000e+000  0.000000e+000
    outer loop
      vertex  1.120000e+001 -3.420000e+001 -9.700000e+001
      vertex  1.800000e+000 -3.420000e+001 -8.520000e+001
      vertex  1.800000e+000 -3.420000e+001 -5.000000e+001
    endloop
  endfacet
  facet normal  -0.000000e+000  1.000000e+000  0.000000e+000
    outer loop
      vertex  1.120000e+001 -3.420000e+001 -9.700000e+001
      vertex  1.800000e+000 -3.420000e+001 -5.000000e+001
      vertex  1.120000e+001 -3.420000e+001 -2.920000e+001
    endloop
  endfacet
  facet normal  0.000000e+000  1.000000e+000  0.000000e+000
    outer loop
      vertex  1.800000e+000 -3.420000e+001  2.000000e+001
      vertex  1.250000e+001 -3.420000e+001  2.000000e+001
      vertex  1.800000e+000 -3.420000e+001 -5.000000e+001
    endloop
  endfacet
  facet normal  0.000000e+000  9.999999e-001  0.000000e+000
    outer loop
      vertex  1.800000e+000 -3.420000e+001 -5.000000e+001
      vertex  1.250000e+001 -3.420000e+001  2.000000e+001
      vertex  1.250000e+001 -3.420000e+001  1.500000e+001
    endloop
  endfacet
  facet normal  0.000000e+000  9.999999e-001  0.000000e+000
    outer loop
      vertex  1.800000e+000 -3.420000e+001 -5.000000e+001
      vertex  1.250000e+001 -3.420000e+001  1.500000e+001
      vertex  1.120000e+001 -3.420000e+001 -2.920000e+001
    endloop
  endfacet
  facet normal  0.000000e+000  1.000000e+000  0.000000e+000
    outer loop
      vertex  1.120000e+001 -3.420000e+001 -2.920000e+001
      vertex  1.250000e+001 -3.420000e+001  1.500000e+001
      vertex  1.750000e+001 -3.420000e+001  1.500000e+001
    endloop
  endfacet
  facet normal  0.000000e+000  1.000000e+000  0.000000e+000
    outer loop
      vertex  1.120000e+001 -3.420000e+001 -2.920000e+001
      vertex  1.750000e+001 -3.420000e+001  1.500000e+001
      vertex  4.380000e+001 -3.420000e+001 -2.920000e+001
    endloop
  endfacet
  facet normal  0.000000e+000  1.000000e+000  0.000000e+000
    outer loop
      vertex -3.316991e+001 -3.420000e+001 -9.726703e+001
      vertex  1.116991e+001 -3.420000e+001 -9.726703e+001
      vertex -3.308116e+001 -3.420000e+001 -9.752066e+001
    endloop
  endfacet
  facet normal  0.000000e+000  9.999999e-001  0.000000e+000
    outer loop
      vertex -3.308116e+001 -3.420000e+001 -9.752066e+001
      vertex  1.116991e+001 -3.420000e+001 -9.726703e+001
      vertex  1.108116e+001 -3.420000e+001 -9.752066e+001
    endloop
  endfacet
  facet normal  0.000000e+000  9.999999e-001  0.000000e+000
    outer loop
      vertex -3.308116e+001 -3.420000e+001 -9.752066e+001
      vertex  1.108116e+001 -3.420000e+001 -9.752066e+001
      vertex -3.293820e+001 -3.420000e+001 -9.774818e+001
    endloop
  endfacet
  facet normal  0.000000e+000  9.999999e-001  0.000000e+000
    outer loop
      vertex -3.293820e+001 -3.420000e+001 -9.774818e+001
      vertex  1.108116e+001 -3.420000e+001 -9.752066e+001
      vertex  1.093820e+001 -3.420000e+001 -9.774818e+001
    endloop
  endfacet
  facet normal  0.000000e+000  1.000000e+000  0.000000e+000
    outer loop
      vertex -3.293820e+001 -3.420000e+001 -9.774818e+001
      vertex  1.093820e+001 -3.420000e+001 -9.774818e+001
      vertex -3.274819e+001 -3.420000e+001 -9.793819e+001
    endloop
  endfacet
  facet normal  0.000000e+000  1.000000e+000  0.000000e+000
    outer loop
      vertex -3.274819e+001 -3.420000e+001 -9.793819e+001
      vertex  1.093820e+001 -3.420000e+001 -9.774818e+001
      vertex  1.074819e+001 -3.420000e+001 -9.793819e+001
    endloop
  endfacet
  facet normal  0.000000e+000  1.000000e+000  0.000000e+000
    outer loop
      vertex -3.274819e+001 -3.420000e+001 -9.793819e+001
      vertex  1.074819e+001 -3.420000e+001 -9.793819e+001
      vertex -3.252066e+001 -3.420000e+001 -9.808116e+001
    endloop
  endfacet
  facet normal  0.000000e+000  1.000000e+000  0.000000e+000
    outer loop
      vertex -3.252066e+001 -3.420000e+001 -9.808116e+001
      vertex  1.074819e+001 -3.420000e+001 -9.793819e+001
      vertex  1.052066e+001 -3.420000e+001 -9.808116e+001
    endloop
  endfacet
  facet normal  0.000000e+000  1.000000e+000  0.000000e+000
    outer loop
      vertex -3.252066e+001 -3.420000e+001 -9.808116e+001
      vertex  1.052066e+001 -3.420000e+001 -9.808116e+001
      vertex -3.226702e+001 -3.420000e+001 -9.816991e+001
    endloop
  endfacet
  facet normal  0.000000e+000  1.000000e+000  0.000000e+000
    outer loop
      vertex -3.226702e+001 -3.420000e+001 -9.816991e+001
      vertex  1.052066e+001 -3.420000e+001 -9.808116e+001
      vertex  1.026702e+001 -3.420000e+001 -9.816991e+001
    endloop
  endfacet
  facet normal  0.000000e+000  1.000000e+000  0.000000e+000
    outer loop
      vertex -3.226702e+001 -3.420000e+001 -9.816991e+001
      vertex  1.026702e+001 -3.420000e+001 -9.816991e+001
      vertex -3.200000e+001 -3.420000e+001 -9.820000e+001
    endloop
  endfacet
  facet normal  0.000000e+000  1.000000e+000  0.000000e+000
    outer loop
      vertex -3.200000e+001 -3.420000e+001 -9.820000e+001
      vertex  1.026702e+001 -3.420000e+001 -9.816991e+001
      vertex  1.000000e+001 -3.420000e+001 -9.820000e+001
    endloop
  endfacet
  facet normal  -0.000000e+000  1.000000e+000  0.000000e+000
    outer loop
      vertex  4.380000e+001 -3.420000e+001 -2.920000e+001
      vertex  1.750000e+001 -3.420000e+001  1.500000e+001
      vertex  4.380000e+001 -3.420000e+001  2.000000e+001
    endloop
  endfacet
  facet normal  0.000000e+000  1.000000e+000  0.000000e+000
    outer loop
      vertex  4.380000e+001 -3.420000e+001  2.000000e+001
      vertex  1.750000e+001 -3.420000e+001  1.500000e+001
      vertex  1.750000e+001 -3.420000e+001  2.000000e+001
    endloop
  endfacet
  facet normal  0.000000e+000  9.999999e-001  -0.000000e+000
    outer loop
      vertex  4.740000e+001 -3.240000e+001  2.000000e+001
      vertex  4.740000e+001 -3.240000e+001 -2.920000e+001
      vertex  4.560000e+001 -3.240000e+001  2.000000e+001
    endloop
  endfacet
  facet normal  0.000000e+000  9.999999e-001  0.000000e+000
    outer loop
      vertex  4.560000e+001 -3.240000e+001  2.000000e+001
      vertex  4.740000e+001 -3.240000e+001 -2.920000e+001
      vertex  4.560000e+001 -3.240000e+001 -2.920000e+001
    endloop
  endfacet
  facet normal -7.071068e-001  7.071068e-001  0.000000e+000
    outer loop
      vertex  4.380000e+001 -3.420000e+001 -2.920000e+001
      vertex  4.380000e+001 -3.420000e+001  2.000000e+001
      vertex  4.560000e+001 -3.240000e+001 -2.920000e+001
    endloop
  endfacet
  facet normal -7.071068e-001  7.071068e-001  0.000000e+000
    outer loop
      vertex  4.560000e+001 -3.240000e+001 -2.920000e+001
      vertex  4.380000e+001 -3.420000e+001  2.000000e+001
      vertex  4.560000e+001 -3.240000e+001  2.000000e+001
    endloop
  endfacet
  facet normal  0.000000e+000 -1.000000e+000  0.000000e+000
    outer loop
      vertex  1.750000e+001  1.620000e+001  2.000000e+001
      vertex  1.750000e+001  1.620000e+001 -2.920000e+001
      vertex  4.380000e+001  1.620000e+001  2.000000e+001
    endloop
  endfacet
  facet normal  0.000000e+000 -1.000000e+000  -0.000000e+000
    outer loop
      vertex  4.380000e+001  1.620000e+001  2.000000e+001
      vertex  1.750000e+001  1.620000e+001 -2.920000e+001
      vertex  4.380000e+001  1.620000e+001 -2.920000e+001
    endloop
  endfacet
  facet normal  0.000000e+000 -9.999999e-001  0.000000e+000
    outer loop
      vertex  4.740000e+001  1.440000e+001  2.000000e+001
      vertex  4.560000e+001  1.440000e+001  2.000000e+001
      vertex  4.740000e+001  1.440000e+001 -2.920000e+001
    endloop
  endfacet
  facet normal  0.000000e+000 -9.999999e-001  0.000000e+000
    outer loop
      vertex  4.740000e+001  1.440000e+001 -2.920000e+001
      vertex  4.560000e+001  1.440000e+001  2.000000e+001
      vertex  4.560000e+001  1.440000e+001 -2.920000e+001
    endloop
  endfacet
  facet normal -7.071072e-001 -7.071064e-001  0.000000e+000
    outer loop
      vertex  4.560000e+001  1.440000e+001  2.000000e+001
      vertex  4.380000e+001  1.620000e+001  2.000000e+001
      vertex  4.560000e+001  1.440000e+001 -2.920000e+001
    endloop
  endfacet
  facet normal -7.071072e-001 -7.071064e-001  0.000000e+000
    outer loop
      vertex  4.560000e+001  1.440000e+001 -2.920000e+001
      vertex  4.380000e+001  1.620000e+001  2.000000e+001
      vertex  4.380000e+001  1.620000e+001 -2.920000e+001
    endloop
  endfacet
  facet normal  0.000000e+000 -1.000000e+000  -0.000000e+000
    outer loop
      vertex  1.570000e+001 -2.100000e+001 -2.920000e+001
      vertex  1.570000e+001 -2.100000e+001  1.500000e+001
      vertex  1.430000e+001 -2.100000e+001 -2.920000e+001
    endloop
  endfacet
  facet normal  0.000000e+000 -1.000000e+000  0.000000e+000
    outer loop
      vertex  1.430000e+001 -2.100000e+001 -2.920000e+001
      vertex  1.570000e+001 -2.100000e+001  1.500000e+001
      vertex  1.430000e+001 -2.100000e+001  1.500000e+001
    endloop
  endfacet
  facet normal -9.999999e-001  0.000000e+000  0.000000e+000
    outer loop
      vertex  1.250000e+001 -1.920000e+001 -2.920000e+001
      vertex  1.250000e+001 -5.367691e+000  5.485880e+000
      vertex  1.250000e+001 -5.546128e+000  4.942780e+000
    endloop
  endfacet
  facet normal -1.000000e+000  0.000000e+000  0.000000e+000
    outer loop
      vertex  1.250000e+001 -1.920000e+001 -2.920000e+001
      vertex  1.250000e+001 -5.546128e+000  4.942780e+000
      vertex  1.250000e+001 -5.657310e+000  4.382033e+000
    endloop
  endfacet
  facet normal -1.000000e+000  0.000000e+000  0.000000e+000
    outer loop
      vertex  1.250000e+001 -1.920000e+001 -2.920000e+001
      vertex  1.250000e+001 -5.657310e+000  4.382033e+000
      vertex  1.250000e+001 -5.699592e+000  3.811936e+000
    endloop
  endfacet
  facet normal -1.000000e+000  0.000000e+000  -0.000000e+000
    outer loop
      vertex  1.250000e+001 -1.920000e+001 -2.920000e+001
      vertex  1.250000e+001 -5.699592e+000  3.811936e+000
      vertex  1.250000e+001 -5.672348e+000  3.240923e+000
    endloop
  endfacet
  facet normal -1.000000e+000  0.000000e+000  -0.000000e+000
    outer loop
      vertex  1.250000e+001 -1.920000e+001 -2.920000e+001
      vertex  1.250000e+001 -5.672348e+000  3.240923e+000
      vertex  1.250000e+001 -5.575983e+000  2.677442e+000
    endloop
  endfacet
  facet normal -1.000000e+000  0.000000e+000  -0.000000e+000
    outer loop
      vertex  1.250000e+001 -1.920000e+001 -2.920000e+001
      vertex  1.250000e+001 -5.575983e+000  2.677442e+000
      vertex  1.250000e+001 -5.411920e+000  2.129827e+000
    endloop
  endfacet
  facet normal -1.000000e+000  0.000000e+000  -0.000000e+000
    outer loop
      vertex  1.250000e+001 -1.920000e+001 -2.920000e+001
      vertex  1.250000e+001 -5.411920e+000  2.129827e+000
      vertex  1.250000e+001 -5.182588e+000  1.606182e+000
    endloop
  endfacet
  facet normal -1.000000e+000  0.000000e+000  -0.000000e+000
    outer loop
      vertex  1.250000e+001 -1.920000e+001 -2.920000e+001
      vertex  1.250000e+001 -5.182588e+000  1.606182e+000
      vertex  1.250000e+001 -4.891379e+000  1.114251e+000
    endloop
  endfacet
  facet normal -1.000000e+000  0.000000e+000  -0.000000e+000
    outer loop
      vertex  1.250000e+001 -1.920000e+001 -2.920000e+001
      vertex  1.250000e+001 -4.891379e+000  1.114251e+000
      vertex  1.250000e+001 -4.542601e+000  6.613144e-001
    endloop
  endfacet
  facet normal -1.000000e+000  0.000000e+000  -0.000000e+000
    outer loop
      vertex  1.250000e+001 -1.920000e+001 -2.920000e+001
      vertex  1.250000e+001 -4.542601e+000  6.613144e-001
      vertex  1.250000e+001 -4.141414e+000  2.540712e-001
    endloop
  endfacet
  facet normal -1.000000e+000  0.000000e+000  -0.000000e+000
    outer loop
      vertex  1.250000e+001 -1.920000e+001 -2.920000e+001
      vertex  1.250000e+001 -4.141414e+000  2.540712e-001
      vertex  1.250000e+001 -3.693753e+000 -1.014535e-001
    endloop
  endfacet
  facet normal -1.000000e+000  0.000000e+000  -0.000000e+000
    outer loop
      vertex  1.250000e+001 -1.920000e+001 -2.920000e+001
      vertex  1.250000e+001 -3.693753e+000 -1.014535e-001
      vertex  1.250000e+001 -3.206241e+000 -4.000000e-001
    endloop
  endfacet
  facet normal -9.999999e-001  0.000000e+000  -0.000000e+000
    outer loop
      vertex  1.250000e+001 -1.920000e+001 -2.920000e+001
      vertex  1.250000e+001 -3.206241e+000 -4.000000e-001
      vertex  1.250000e+001  1.206241e+000 -4.000000e-001
    endloop
  endfacet
  facet normal -9.999999e-001  0.000000e+000  -0.000000e+000
    outer loop
      vertex  1.250000e+001 -1.920000e+001 -2.920000e+001
      vertex  1.250000e+001  1.206241e+000 -4.000000e-001
      vertex  1.250000e+001  1.320000e+001 -2.920000e+001
    endloop
  endfacet
  facet normal -1.000000e+000  0.000000e+000  0.000000e+000
    outer loop
      vertex  1.250000e+001 -1.920000e+001  1.500000e+001
      vertex  1.250000e+001 -3.420000e+001  1.500000e+001
      vertex  1.250000e+001 -3.420000e+001  2.000000e+001
    endloop
  endfacet
  facet normal -9.999999e-001  0.000000e+000  0.000000e+000
    outer loop
      vertex  1.250000e+001 -1.920000e+001  1.500000e+001
      vertex  1.250000e+001 -3.420000e+001  2.000000e+001
      vertex  1.250000e+001  1.320000e+001  2.000000e+001
    endloop
  endfacet
  facet normal -1.000000e+000  0.000000e+000  0.000000e+000
    outer loop
      vertex  1.250000e+001 -1.920000e+001  1.500000e+001
      vertex  1.250000e+001  1.320000e+001  2.000000e+001
      vertex  1.250000e+001  1.206241e+000  7.900000e+000
    endloop
  endfacet
  facet normal -1.000000e+000  0.000000e+000  0.000000e+000
    outer loop
      vertex  1.250000e+001 -1.920000e+001  1.500000e+001
      vertex  1.250000e+001  1.206241e+000  7.900000e+000
      vertex  1.250000e+001 -3.206241e+000  7.900000e+000
    endloop
  endfacet
  facet normal -1.000000e+000  -0.000000e+000  0.000000e+000
    outer loop
      vertex  1.250000e+001 -1.920000e+001  1.500000e+001
      vertex  1.250000e+001 -3.206241e+000  7.900000e+000
      vertex  1.250000e+001 -3.673414e+000  7.615600e+000
    endloop
  endfacet
  facet normal -1.000000e+000  -0.000000e+000  0.000000e+000
    outer loop
      vertex  1.250000e+001 -1.920000e+001  1.500000e+001
      vertex  1.250000e+001 -3.673414e+000  7.615600e+000
      vertex  1.250000e+001 -4.104384e+000  7.278853e+000
    endloop
  endfacet
  facet normal -1.000000e+000  -0.000000e+000  0.000000e+000
    outer loop
      vertex  1.250000e+001 -1.920000e+001  1.500000e+001
      vertex  1.250000e+001 -4.104384e+000  7.278853e+000
      vertex  1.250000e+001 -4.493316e+000  6.894320e+000
    endloop
  endfacet
  facet normal -1.000000e+000  -0.000000e+000  0.000000e+000
    outer loop
      vertex  1.250000e+001 -1.920000e+001  1.500000e+001
      vertex  1.250000e+001 -4.493316e+000  6.894320e+000
      vertex  1.250000e+001 -4.834942e+000  6.467207e+000
    endloop
  endfacet
  facet normal -1.000000e+000  -0.000000e+000  0.000000e+000
    outer loop
      vertex  1.250000e+001 -1.920000e+001  1.500000e+001
      vertex  1.250000e+001 -4.834942e+000  6.467207e+000
      vertex  1.250000e+001 -5.124638e+000  6.003300e+000
    endloop
  endfacet
  facet normal -1.000000e+000  -0.000000e+000  0.000000e+000
    outer loop
      vertex  1.250000e+001 -1.920000e+001  1.500000e+001
      vertex  1.250000e+001 -5.124638e+000  6.003300e+000
      vertex  1.250000e+001 -5.367691e+000  5.485880e+000
    endloop
  endfacet
  facet normal -1.000000e+000  -0.000000e+000  0.000000e+000
    outer loop
      vertex  1.250000e+001 -1.920000e+001  1.500000e+001
      vertex  1.250000e+001 -5.367691e+000  5.485880e+000
      vertex  1.250000e+001 -1.920000e+001 -2.920000e+001
    endloop
  endfacet
  facet normal -1.000000e+000  0.000000e+000  0.000000e+000
    outer loop
      vertex  1.250000e+001  1.320000e+001 -2.920000e+001
      vertex  1.250000e+001  1.206241e+000 -4.000000e-001
      vertex  1.250000e+001  1.673414e+000 -1.155996e-001
    endloop
  endfacet
  facet normal -1.000000e+000  0.000000e+000  0.000000e+000
    outer loop
      vertex  1.250000e+001  1.320000e+001 -2.920000e+001
      vertex  1.250000e+001  1.673414e+000 -1.155996e-001
      vertex  1.250000e+001  2.104384e+000  2.211473e-001
    endloop
  endfacet
  facet normal -9.999999e-001  0.000000e+000  0.000000e+000
    outer loop
      vertex  1.250000e+001  1.320000e+001 -2.920000e+001
      vertex  1.250000e+001  2.104384e+000  2.211473e-001
      vertex  1.250000e+001  2.493316e+000  6.056803e-001
    endloop
  endfacet
  facet normal -1.000000e+000  0.000000e+000  0.000000e+000
    outer loop
      vertex  1.250000e+001  1.320000e+001 -2.920000e+001
      vertex  1.250000e+001  2.493316e+000  6.056803e-001
      vertex  1.250000e+001  2.834942e+000  1.032792e+000
    endloop
  endfacet
  facet normal -1.000000e+000  0.000000e+000  0.000000e+000
    outer loop
      vertex  1.250000e+001  1.320000e+001 -2.920000e+001
      vertex  1.250000e+001  2.834942e+000  1.032792e+000
      vertex  1.250000e+001  3.124638e+000  1.496700e+000
    endloop
  endfacet
  facet normal -1.000000e+000  0.000000e+000  0.000000e+000
    outer loop
      vertex  1.250000e+001  1.320000e+001 -2.920000e+001
      vertex  1.250000e+001  3.124638e+000  1.496700e+000
      vertex  1.250000e+001  3.367691e+000  2.014120e+000
    endloop
  endfacet
  facet normal -1.000000e+000  0.000000e+000  0.000000e+000
    outer loop
      vertex  1.250000e+001  1.320000e+001 -2.920000e+001
      vertex  1.250000e+001  3.367691e+000  2.014120e+000
      vertex  1.250000e+001  3.546128e+000  2.557220e+000
    endloop
  endfacet
  facet normal -1.000000e+000  0.000000e+000  0.000000e+000
    outer loop
      vertex  1.250000e+001  1.320000e+001 -2.920000e+001
      vertex  1.250000e+001  3.546128e+000  2.557220e+000
      vertex  1.250000e+001  3.657310e+000  3.117967e+000
    endloop
  endfacet
  facet normal -1.000000e+000  0.000000e+000  0.000000e+000
    outer loop
      vertex  1.250000e+001  1.320000e+001 -2.920000e+001
      vertex  1.250000e+001  3.657310e+000  3.117967e+000
      vertex  1.250000e+001  3.699592e+000  3.688064e+000
    endloop
  endfacet
  facet normal -1.000000e+000  0.000000e+000  0.000000e+000
    outer loop
      vertex  1.250000e+001  1.320000e+001 -2.920000e+001
      vertex  1.250000e+001  3.699592e+000  3.688064e+000
      vertex  1.250000e+001  3.672348e+000  4.259077e+000
    endloop
  endfacet
  facet normal -1.000000e+000  0.000000e+000  0.000000e+000
    outer loop
      vertex  1.250000e+001  1.320000e+001 -2.920000e+001
      vertex  1.250000e+001  3.672348e+000  4.259077e+000
      vertex  1.250000e+001  3.575983e+000  4.822558e+000
    endloop
  endfacet
  facet normal -1.000000e+000  0.000000e+000  0.000000e+000
    outer loop
      vertex  1.250000e+001  1.320000e+001  2.000000e+001
      vertex  1.250000e+001  1.320000e+001 -2.920000e+001
      vertex  1.250000e+001  3.575983e+000  4.822558e+000
    endloop
  endfacet
  facet normal -9.999999e-001  0.000000e+000  0.000000e+000
    outer loop
      vertex  1.250000e+001  1.320000e+001  2.000000e+001
      vertex  1.250000e+001  3.575983e+000  4.822558e+000
      vertex  1.250000e+001  3.411920e+000  5.370173e+000
    endloop
  endfacet
  facet normal -1.000000e+000  0.000000e+000  0.000000e+000
    outer loop
      vertex  1.250000e+001  1.320000e+001  2.000000e+001
      vertex  1.250000e+001  3.411920e+000  5.370173e+000
      vertex  1.250000e+001  3.182588e+000  5.893818e+000
    endloop
  endfacet
  facet normal -1.000000e+000  0.000000e+000  0.000000e+000
    outer loop
      vertex  1.250000e+001  1.320000e+001  2.000000e+001
      vertex  1.250000e+001  3.182588e+000  5.893818e+000
      vertex  1.250000e+001  2.891379e+000  6.385748e+000
    endloop
  endfacet
  facet normal -1.000000e+000  0.000000e+000  0.000000e+000
    outer loop
      vertex  1.250000e+001  1.320000e+001  2.000000e+001
      vertex  1.250000e+001  2.891379e+000  6.385748e+000
      vertex  1.250000e+001  2.542601e+000  6.838686e+000
    endloop
  endfacet
  facet normal -1.000000e+000  0.000000e+000  0.000000e+000
    outer loop
      vertex  1.250000e+001  1.320000e+001  2.000000e+001
      vertex  1.250000e+001  2.542601e+000  6.838686e+000
      vertex  1.250000e+001  2.141414e+000  7.245929e+000
    endloop
  endfacet
  facet normal -1.000000e+000  0.000000e+000  0.000000e+000
    outer loop
      vertex  1.250000e+001  1.320000e+001  2.000000e+001
      vertex  1.250000e+001  2.141414e+000  7.245929e+000
      vertex  1.250000e+001  1.693753e+000  7.601453e+000
    endloop
  endfacet
  facet normal -1.000000e+000  0.000000e+000  0.000000e+000
    outer loop
      vertex  1.250000e+001  1.320000e+001  2.000000e+001
      vertex  1.250000e+001  1.693753e+000  7.601453e+000
      vertex  1.250000e+001  1.206241e+000  7.900000e+000
    endloop
  endfacet
  facet normal  0.000000e+000  -0.000000e+000 -1.000000e+000
    outer loop
      vertex  1.570000e+001 -2.100000e+001  1.500000e+001
      vertex  1.750000e+001 -1.920000e+001  1.500000e+001
      vertex  1.750000e+001 -3.420000e+001  1.500000e+001
    endloop
  endfacet
  facet normal  0.000000e+000  0.000000e+000 -1.000000e+000
    outer loop
      vertex  1.250000e+001 -3.420000e+001  1.500000e+001
      vertex  1.250000e+001 -1.920000e+001  1.500000e+001
      vertex  1.750000e+001 -3.420000e+001  1.500000e+001
    endloop
  endfacet
  facet normal  0.000000e+000  0.000000e+000 -1.000000e+000
    outer loop
      vertex  1.750000e+001 -3.420000e+001  1.500000e+001
      vertex  1.250000e+001 -1.920000e+001  1.500000e+001
      vertex  1.430000e+001 -2.100000e+001  1.500000e+001
    endloop
  endfacet
  facet normal  0.000000e+000  0.000000e+000 -9.999999e-001
    outer loop
      vertex  1.750000e+001 -3.420000e+001  1.500000e+001
      vertex  1.430000e+001 -2.100000e+001  1.500000e+001
      vertex  1.570000e+001 -2.100000e+001  1.500000e+001
    endloop
  endfacet
  facet normal -7.071066e-001 -7.071070e-001  0.000000e+000
    outer loop
      vertex  1.250000e+001 -1.920000e+001  1.500000e+001
      vertex  1.250000e+001 -1.920000e+001 -2.920000e+001
      vertex  1.430000e+001 -2.100000e+001  1.500000e+001
    endloop
  endfacet
  facet normal -7.071066e-001 -7.071070e-001  -0.000000e+000
    outer loop
      vertex  1.430000e+001 -2.100000e+001  1.500000e+001
      vertex  1.250000e+001 -1.920000e+001 -2.920000e+001
      vertex  1.430000e+001 -2.100000e+001 -2.920000e+001
    endloop
  endfacet
  facet normal  1.000000e+000  0.000000e+000  0.000000e+000
    outer loop
      vertex  1.750000e+001 -3.420000e+001  2.000000e+001
      vertex  1.750000e+001 -3.420000e+001  1.500000e+001
      vertex  1.750000e+001 -1.920000e+001  1.500000e+001
    endloop
  endfacet
  facet normal  1.000000e+000  -0.000000e+000  -0.000000e+000
    outer loop
      vertex  1.750000e+001 -3.420000e+001  2.000000e+001
      vertex  1.750000e+001 -1.920000e+001  1.500000e+001
      vertex  1.750000e+001 -9.124443e-001  8.999269e+000
    endloop
  endfacet
  facet normal  1.000000e+000  0.000000e+000  -0.000000e+000
    outer loop
      vertex  1.750000e+001 -3.420000e+001  2.000000e+001
      vertex  1.750000e+001 -9.124443e-001  8.999269e+000
      vertex  1.750000e+001  1.620000e+001  2.000000e+001
    endloop
  endfacet
  facet normal  1.000000e+000  0.000000e+000  0.000000e+000
    outer loop
      vertex  1.750000e+001 -1.920000e+001 -2.920000e+001
      vertex  1.750000e+001  1.620000e+001 -2.920000e+001
      vertex  1.750000e+001 -4.541878e-001 -1.471550e+000
    endloop
  endfacet
  facet normal  1.000000e+000  0.000000e+000  0.000000e+000
    outer loop
      vertex  1.750000e+001 -1.920000e+001 -2.920000e+001
      vertex  1.750000e+001 -4.541878e-001 -1.471550e+000
      vertex  1.750000e+001 -1.087556e+000 -1.499270e+000
    endloop
  endfacet
  facet normal  1.000000e+000  0.000000e+000  0.000000e+000
    outer loop
      vertex  1.750000e+001 -1.920000e+001 -2.920000e+001
      vertex  1.750000e+001 -1.087556e+000 -1.499270e+000
      vertex  1.750000e+001 -1.719647e+000 -1.450443e+000
    endloop
  endfacet
  facet normal  1.000000e+000  0.000000e+000  0.000000e+000
    outer loop
      vertex  1.750000e+001 -1.920000e+001 -2.920000e+001
      vertex  1.750000e+001 -1.719647e+000 -1.450443e+000
      vertex  1.750000e+001 -2.341244e+000 -1.325782e+000
    endloop
  endfacet
  facet normal  9.999999e-001  0.000000e+000  0.000000e+000
    outer loop
      vertex  1.750000e+001 -1.920000e+001 -2.920000e+001
      vertex  1.750000e+001 -2.341244e+000 -1.325782e+000
      vertex  1.750000e+001 -2.943283e+000 -1.127105e+000
    endloop
  endfacet
  facet normal  1.000000e+000  0.000000e+000  0.000000e+000
    outer loop
      vertex  1.750000e+001 -1.920000e+001 -2.920000e+001
      vertex  1.750000e+001 -2.943283e+000 -1.127105e+000
      vertex  1.750000e+001 -3.516984e+000 -8.573084e-001
    endloop
  endfacet
  facet normal  1.000000e+000  0.000000e+000  0.000000e+000
    outer loop
      vertex  1.750000e+001 -1.920000e+001 -2.920000e+001
      vertex  1.750000e+001 -3.516984e+000 -8.573084e-001
      vertex  1.750000e+001 -4.053982e+000 -5.203271e-001
    endloop
  endfacet
  facet normal  1.000000e+000  0.000000e+000  0.000000e+000
    outer loop
      vertex  1.750000e+001 -1.920000e+001 -2.920000e+001
      vertex  1.750000e+001 -4.053982e+000 -5.203271e-001
      vertex  1.750000e+001 -4.546446e+000 -1.210747e-001
    endloop
  endfacet
  facet normal  1.000000e+000  0.000000e+000  0.000000e+000
    outer loop
      vertex  1.750000e+001 -1.920000e+001 -2.920000e+001
      vertex  1.750000e+001 -4.546446e+000 -1.210747e-001
      vertex  1.750000e+001 -4.987195e+000  3.346266e-001
    endloop
  endfacet
  facet normal  1.000000e+000  0.000000e+000  0.000000e+000
    outer loop
      vertex  1.750000e+001 -1.920000e+001 -2.920000e+001
      vertex  1.750000e+001 -4.987195e+000  3.346266e-001
      vertex  1.750000e+001 -5.369802e+000  8.401318e-001
    endloop
  endfacet
  facet normal  1.000000e+000  0.000000e+000  0.000000e+000
    outer loop
      vertex  1.750000e+001 -1.920000e+001 -2.920000e+001
      vertex  1.750000e+001 -5.369802e+000  8.401318e-001
      vertex  1.750000e+001 -5.688687e+000  1.388069e+000
    endloop
  endfacet
  facet normal  1.000000e+000  0.000000e+000  0.000000e+000
    outer loop
      vertex  1.750000e+001 -1.920000e+001 -2.920000e+001
      vertex  1.750000e+001 -5.688687e+000  1.388069e+000
      vertex  1.750000e+001 -5.939200e+000  1.970449e+000
    endloop
  endfacet
  facet normal  1.000000e+000  0.000000e+000  0.000000e+000
    outer loop
      vertex  1.750000e+001 -1.920000e+001 -2.920000e+001
      vertex  1.750000e+001 -5.939200e+000  1.970449e+000
      vertex  1.750000e+001 -6.117689e+000  2.578779e+000
    endloop
  endfacet
  facet normal  1.000000e+000  0.000000e+000  0.000000e+000
    outer loop
      vertex  1.750000e+001 -1.920000e+001 -2.920000e+001
      vertex  1.750000e+001 -6.117689e+000  2.578779e+000
      vertex  1.750000e+001 -6.221550e+000  3.204188e+000
    endloop
  endfacet
  facet normal  1.000000e+000  0.000000e+000  0.000000e+000
    outer loop
      vertex  1.750000e+001 -1.920000e+001 -2.920000e+001
      vertex  1.750000e+001 -6.221550e+000  3.204188e+000
      vertex  1.750000e+001 -6.249270e+000  3.837556e+000
    endloop
  endfacet
  facet normal  1.000000e+000  0.000000e+000  -0.000000e+000
    outer loop
      vertex  1.750000e+001 -1.920000e+001 -2.920000e+001
      vertex  1.750000e+001 -6.249270e+000  3.837556e+000
      vertex  1.750000e+001 -6.200443e+000  4.469647e+000
    endloop
  endfacet
  facet normal  1.000000e+000  0.000000e+000  -0.000000e+000
    outer loop
      vertex  1.750000e+001 -1.920000e+001 -2.920000e+001
      vertex  1.750000e+001 -6.200443e+000  4.469647e+000
      vertex  1.750000e+001 -6.075782e+000  5.091244e+000
    endloop
  endfacet
  facet normal  1.000000e+000  0.000000e+000  -0.000000e+000
    outer loop
      vertex  1.750000e+001 -1.920000e+001 -2.920000e+001
      vertex  1.750000e+001 -6.075782e+000  5.091244e+000
      vertex  1.750000e+001 -5.877105e+000  5.693283e+000
    endloop
  endfacet
  facet normal  9.999999e-001  0.000000e+000  0.000000e+000
    outer loop
      vertex  1.750000e+001 -1.920000e+001  1.500000e+001
      vertex  1.750000e+001 -1.920000e+001 -2.920000e+001
      vertex  1.750000e+001 -5.877105e+000  5.693283e+000
    endloop
  endfacet
  facet normal  9.999999e-001  0.000000e+000  -0.000000e+000
    outer loop
      vertex  1.750000e+001 -1.920000e+001  1.500000e+001
      vertex  1.750000e+001 -5.877105e+000  5.693283e+000
      vertex  1.750000e+001 -5.607308e+000  6.266984e+000
    endloop
  endfacet
  facet normal  1.000000e+000  0.000000e+000  -0.000000e+000
    outer loop
      vertex  1.750000e+001 -1.920000e+001  1.500000e+001
      vertex  1.750000e+001 -5.607308e+000  6.266984e+000
      vertex  1.750000e+001 -5.270327e+000  6.803982e+000
    endloop
  endfacet
  facet normal  1.000000e+000  0.000000e+000  -0.000000e+000
    outer loop
      vertex  1.750000e+001 -1.920000e+001  1.500000e+001
      vertex  1.750000e+001 -5.270327e+000  6.803982e+000
      vertex  1.750000e+001 -4.871075e+000  7.296446e+000
    endloop
  endfacet
  facet normal  1.000000e+000  0.000000e+000  -0.000000e+000
    outer loop
      vertex  1.750000e+001 -1.920000e+001  1.500000e+001
      vertex  1.750000e+001 -4.871075e+000  7.296446e+000
      vertex  1.750000e+001 -4.415373e+000  7.737195e+000
    endloop
  endfacet
  facet normal  1.000000e+000  0.000000e+000  -0.000000e+000
    outer loop
      vertex  1.750000e+001 -1.920000e+001  1.500000e+001
      vertex  1.750000e+001 -4.415373e+000  7.737195e+000
      vertex  1.750000e+001 -3.909868e+000  8.119802e+000
    endloop
  endfacet
  facet normal  1.000000e+000  0.000000e+000  -0.000000e+000
    outer loop
      vertex  1.750000e+001 -1.920000e+001  1.500000e+001
      vertex  1.750000e+001 -3.909868e+000  8.119802e+000
      vertex  1.750000e+001 -3.361931e+000  8.438686e+000
    endloop
  endfacet
  facet normal  1.000000e+000  0.000000e+000  -0.000000e+000
    outer loop
      vertex  1.750000e+001 -1.920000e+001  1.500000e+001
      vertex  1.750000e+001 -3.361931e+000  8.438686e+000
      vertex  1.750000e+001 -2.779551e+000  8.689200e+000
    endloop
  endfacet
  facet normal  1.000000e+000  0.000000e+000  -0.000000e+000
    outer loop
      vertex  1.750000e+001 -1.920000e+001  1.500000e+001
      vertex  1.750000e+001 -2.779551e+000  8.689200e+000
      vertex  1.750000e+001 -2.171221e+000  8.867689e+000
    endloop
  endfacet
  facet normal  1.000000e+000  0.000000e+000  -0.000000e+000
    outer loop
      vertex  1.750000e+001 -1.920000e+001  1.500000e+001
      vertex  1.750000e+001 -2.171221e+000  8.867689e+000
      vertex  1.750000e+001 -1.545812e+000  8.971550e+000
    endloop
  endfacet
  facet normal  1.000000e+000  0.000000e+000  -0.000000e+000
    outer loop
      vertex  1.750000e+001 -1.920000e+001  1.500000e+001
      vertex  1.750000e+001 -1.545812e+000  8.971550e+000
      vertex  1.750000e+001 -9.124443e-001  8.999269e+000
    endloop
  endfacet
  facet normal  1.000000e+000  0.000000e+000  0.000000e+000
    outer loop
      vertex  1.750000e+001  1.620000e+001 -2.920000e+001
      vertex  1.750000e+001  3.939200e+000  5.529551e+000
      vertex  1.750000e+001  4.117689e+000  4.921221e+000
    endloop
  endfacet
  facet normal  9.999999e-001  0.000000e+000  0.000000e+000
    outer loop
      vertex  1.750000e+001  1.620000e+001 -2.920000e+001
      vertex  1.750000e+001  4.117689e+000  4.921221e+000
      vertex  1.750000e+001  4.221550e+000  4.295812e+000
    endloop
  endfacet
  facet normal  1.000000e+000  0.000000e+000  0.000000e+000
    outer loop
      vertex  1.750000e+001  1.620000e+001 -2.920000e+001
      vertex  1.750000e+001  4.221550e+000  4.295812e+000
      vertex  1.750000e+001  4.249270e+000  3.662444e+000
    endloop
  endfacet
  facet normal  1.000000e+000  0.000000e+000  0.000000e+000
    outer loop
      vertex  1.750000e+001  1.620000e+001 -2.920000e+001
      vertex  1.750000e+001  4.249270e+000  3.662444e+000
      vertex  1.750000e+001  4.200443e+000  3.030353e+000
    endloop
  endfacet
  facet normal  1.000000e+000  0.000000e+000  0.000000e+000
    outer loop
      vertex  1.750000e+001  1.620000e+001 -2.920000e+001
      vertex  1.750000e+001  4.200443e+000  3.030353e+000
      vertex  1.750000e+001  4.075782e+000  2.408756e+000
    endloop
  endfacet
  facet normal  1.000000e+000  0.000000e+000  0.000000e+000
    outer loop
      vertex  1.750000e+001  1.620000e+001 -2.920000e+001
      vertex  1.750000e+001  4.075782e+000  2.408756e+000
      vertex  1.750000e+001  3.877105e+000  1.806717e+000
    endloop
  endfacet
  facet normal  1.000000e+000  0.000000e+000  0.000000e+000
    outer loop
      vertex  1.750000e+001  1.620000e+001 -2.920000e+001
      vertex  1.750000e+001  3.877105e+000  1.806717e+000
      vertex  1.750000e+001  3.607308e+000  1.233016e+000
    endloop
  endfacet
  facet normal  1.000000e+000  0.000000e+000  0.000000e+000
    outer loop
      vertex  1.750000e+001  1.620000e+001 -2.920000e+001
      vertex  1.750000e+001  3.607308e+000  1.233016e+000
      vertex  1.750000e+001  3.270327e+000  6.960179e-001
    endloop
  endfacet
  facet normal  1.000000e+000  0.000000e+000  0.000000e+000
    outer loop
      vertex  1.750000e+001  1.620000e+001 -2.920000e+001
      vertex  1.750000e+001  3.270327e+000  6.960179e-001
      vertex  1.750000e+001  2.871075e+000  2.035538e-001
    endloop
  endfacet
  facet normal  1.000000e+000  0.000000e+000  0.000000e+000
    outer loop
      vertex  1.750000e+001  1.620000e+001 -2.920000e+001
      vertex  1.750000e+001  2.871075e+000  2.035538e-001
      vertex  1.750000e+001  2.415373e+000 -2.371951e-001
    endloop
  endfacet
  facet normal  1.000000e+000  0.000000e+000  0.000000e+000
    outer loop
      vertex  1.750000e+001  1.620000e+001 -2.920000e+001
      vertex  1.750000e+001  2.415373e+000 -2.371951e-001
      vertex  1.750000e+001  1.909868e+000 -6.198017e-001
    endloop
  endfacet
  facet normal  1.000000e+000  0.000000e+000  0.000000e+000
    outer loop
      vertex  1.750000e+001  1.620000e+001 -2.920000e+001
      vertex  1.750000e+001  1.909868e+000 -6.198017e-001
      vertex  1.750000e+001  1.361931e+000 -9.386868e-001
    endloop
  endfacet
  facet normal  1.000000e+000  0.000000e+000  0.000000e+000
    outer loop
      vertex  1.750000e+001  1.620000e+001 -2.920000e+001
      vertex  1.750000e+001  1.361931e+000 -9.386868e-001
      vertex  1.750000e+001  7.795507e-001 -1.189200e+000
    endloop
  endfacet
  facet normal  1.000000e+000  0.000000e+000  0.000000e+000
    outer loop
      vertex  1.750000e+001  1.620000e+001 -2.920000e+001
      vertex  1.750000e+001  7.795507e-001 -1.189200e+000
      vertex  1.750000e+001  1.712210e-001 -1.367689e+000
    endloop
  endfacet
  facet normal  9.999999e-001  0.000000e+000  0.000000e+000
    outer loop
      vertex  1.750000e+001  1.620000e+001 -2.920000e+001
      vertex  1.750000e+001  1.712210e-001 -1.367689e+000
      vertex  1.750000e+001 -4.541878e-001 -1.471550e+000
    endloop
  endfacet
  facet normal  1.000000e+000  -0.000000e+000  0.000000e+000
    outer loop
      vertex  1.750000e+001  1.620000e+001  2.000000e+001
      vertex  1.750000e+001 -9.124443e-001  8.999269e+000
      vertex  1.750000e+001 -2.803531e-001  8.950443e+000
    endloop
  endfacet
  facet normal  1.000000e+000  -0.000000e+000  0.000000e+000
    outer loop
      vertex  1.750000e+001  1.620000e+001  2.000000e+001
      vertex  1.750000e+001 -2.803531e-001  8.950443e+000
      vertex  1.750000e+001  3.412440e-001  8.825782e+000
    endloop
  endfacet
  facet normal  1.000000e+000  -0.000000e+000  0.000000e+000
    outer loop
      vertex  1.750000e+001  1.620000e+001  2.000000e+001
      vertex  1.750000e+001  3.412440e-001  8.825782e+000
      vertex  1.750000e+001  9.432828e-001  8.627105e+000
    endloop
  endfacet
  facet normal  1.000000e+000  -0.000000e+000  0.000000e+000
    outer loop
      vertex  1.750000e+001  1.620000e+001  2.000000e+001
      vertex  1.750000e+001  9.432828e-001  8.627105e+000
      vertex  1.750000e+001  1.516984e+000  8.357308e+000
    endloop
  endfacet
  facet normal  1.000000e+000  -0.000000e+000  0.000000e+000
    outer loop
      vertex  1.750000e+001  1.620000e+001  2.000000e+001
      vertex  1.750000e+001  1.516984e+000  8.357308e+000
      vertex  1.750000e+001  2.053982e+000  8.020327e+000
    endloop
  endfacet
  facet normal  1.000000e+000  -0.000000e+000  0.000000e+000
    outer loop
      vertex  1.750000e+001  1.620000e+001  2.000000e+001
      vertex  1.750000e+001  2.053982e+000  8.020327e+000
      vertex  1.750000e+001  2.546446e+000  7.621075e+000
    endloop
  endfacet
  facet normal  1.000000e+000  -0.000000e+000  0.000000e+000
    outer loop
      vertex  1.750000e+001  1.620000e+001  2.000000e+001
      vertex  1.750000e+001  2.546446e+000  7.621075e+000
      vertex  1.750000e+001  2.987195e+000  7.165373e+000
    endloop
  endfacet
  facet normal  1.000000e+000  -0.000000e+000  0.000000e+000
    outer loop
      vertex  1.750000e+001  1.620000e+001  2.000000e+001
      vertex  1.750000e+001  2.987195e+000  7.165373e+000
      vertex  1.750000e+001  3.369802e+000  6.659868e+000
    endloop
  endfacet
  facet normal  1.000000e+000  -0.000000e+000  0.000000e+000
    outer loop
      vertex  1.750000e+001  1.620000e+001  2.000000e+001
      vertex  1.750000e+001  3.369802e+000  6.659868e+000
      vertex  1.750000e+001  3.688687e+000  6.111930e+000
    endloop
  endfacet
  facet normal  1.000000e+000  -0.000000e+000  0.000000e+000
    outer loop
      vertex  1.750000e+001  1.620000e+001  2.000000e+001
      vertex  1.750000e+001  3.688687e+000  6.111930e+000
      vertex  1.750000e+001  3.939200e+000  5.529551e+000
    endloop
  endfacet
  facet normal  1.000000e+000  -0.000000e+000  0.000000e+000
    outer loop
      vertex  1.750000e+001  1.620000e+001  2.000000e+001
      vertex  1.750000e+001  3.939200e+000  5.529551e+000
      vertex  1.750000e+001  1.620000e+001 -2.920000e+001
    endloop
  endfacet
  facet normal  7.071066e-001 -7.071070e-001  0.000000e+000
    outer loop
      vertex  1.750000e+001 -1.920000e+001  1.500000e+001
      vertex  1.570000e+001 -2.100000e+001  1.500000e+001
      vertex  1.750000e+001 -1.920000e+001 -2.920000e+001
    endloop
  endfacet
  facet normal  7.071066e-001 -7.071070e-001  0.000000e+000
    outer loop
      vertex  1.750000e+001 -1.920000e+001 -2.920000e+001
      vertex  1.570000e+001 -2.100000e+001  1.500000e+001
      vertex  1.570000e+001 -2.100000e+001 -2.920000e+001
    endloop
  endfacet
  facet normal  0.000000e+000  1.000000e+000  0.000000e+000
    outer loop
      vertex  4.940000e+001 -1.920000e+001  2.000000e+001
      vertex  5.120000e+001 -1.920000e+001  2.000000e+001
      vertex  4.940000e+001 -1.920000e+001 -2.920000e+001
    endloop
  endfacet
  facet normal  0.000000e+000  1.000000e+000  0.000000e+000
    outer loop
      vertex  4.940000e+001 -1.920000e+001 -2.920000e+001
      vertex  5.120000e+001 -1.920000e+001  2.000000e+001
      vertex  5.120000e+001 -1.920000e+001 -2.920000e+001
    endloop
  endfacet
  facet normal  1.000000e+000  0.000000e+000  0.000000e+000
    outer loop
      vertex  5.300000e+001 -3.600000e+001 -3.100000e+001
      vertex  5.300000e+001  1.800000e+001 -3.100000e+001
      vertex  5.300000e+001  3.000000e+000 -2.920000e+001
    endloop
  endfacet
  facet normal  1.000000e+000  0.000000e+000  0.000000e+000
    outer loop
      vertex  5.300000e+001 -3.600000e+001 -3.100000e+001
      vertex  5.300000e+001  3.000000e+000 -2.920000e+001
      vertex  5.300000e+001 -2.100000e+001 -2.920000e+001
    endloop
  endfacet
  facet normal  1.000000e+000  0.000000e+000  -0.000000e+000
    outer loop
      vertex  5.300000e+001 -3.600000e+001 -3.100000e+001
      vertex  5.300000e+001 -2.100000e+001 -2.920000e+001
      vertex  5.300000e+001 -2.100000e+001  2.000000e+001
    endloop
  endfacet
  facet normal  1.000000e+000  0.000000e+000  0.000000e+000
    outer loop
      vertex  5.300000e+001 -3.600000e+001 -3.100000e+001
      vertex  5.300000e+001 -2.100000e+001  2.000000e+001
      vertex  5.300000e+001 -3.420000e+001  2.000000e+001
    endloop
  endfacet
  facet normal  9.999999e-001  0.000000e+000  0.000000e+000
    outer loop
      vertex  5.300000e+001 -3.600000e+001 -3.100000e+001
      vertex  5.300000e+001 -3.420000e+001  2.000000e+001
      vertex  5.300000e+001 -3.600000e+001  2.000000e+001
    endloop
  endfacet
  facet normal  1.000000e+000  0.000000e+000  0.000000e+000
    outer loop
      vertex  5.300000e+001  1.800000e+001 -3.100000e+001
      vertex  5.300000e+001  1.800000e+001  2.000000e+001
      vertex  5.300000e+001  3.000000e+000 -2.920000e+001
    endloop
  endfacet
  facet normal  1.000000e+000  0.000000e+000  0.000000e+000
    outer loop
      vertex  5.300000e+001  3.000000e+000 -2.920000e+001
      vertex  5.300000e+001  1.800000e+001  2.000000e+001
      vertex  5.300000e+001  1.620000e+001  2.000000e+001
    endloop
  endfacet
  facet normal  1.000000e+000  0.000000e+000  0.000000e+000
    outer loop
      vertex  5.300000e+001  3.000000e+000 -2.920000e+001
      vertex  5.300000e+001  1.620000e+001  2.000000e+001
      vertex  5.300000e+001  3.000000e+000  2.000000e+001
    endloop
  endfacet
  facet normal  7.071068e-001  7.071068e-001  -0.000000e+000
    outer loop
      vertex  5.300000e+001 -2.100000e+001  2.000000e+001
      vertex  5.300000e+001 -2.100000e+001 -2.920000e+001
      vertex  5.120000e+001 -1.920000e+001  2.000000e+001
    endloop
  endfacet
  facet normal  7.071068e-001  7.071068e-001  0.000000e+000
    outer loop
      vertex  5.120000e+001 -1.920000e+001  2.000000e+001
      vertex  5.300000e+001 -2.100000e+001 -2.920000e+001
      vertex  5.120000e+001 -1.920000e+001 -2.920000e+001
    endloop
  endfacet
  facet normal  0.000000e+000 -1.000000e+000  0.000000e+000
    outer loop
      vertex  4.940000e+001  1.200000e+000  2.000000e+001
      vertex  4.940000e+001  1.200000e+000 -2.920000e+001
      vertex  5.120000e+001  1.200000e+000  2.000000e+001
    endloop
  endfacet
  facet normal  0.000000e+000 -1.000000e+000  -0.000000e+000
    outer loop
      vertex  5.120000e+001  1.200000e+000  2.000000e+001
      vertex  4.940000e+001  1.200000e+000 -2.920000e+001
      vertex  5.120000e+001  1.200000e+000 -2.920000e+001
    endloop
  endfacet
  facet normal  7.071069e-001 -7.071066e-001  0.000000e+000
    outer loop
      vertex  5.300000e+001  3.000000e+000  2.000000e+001
      vertex  5.120000e+001  1.200000e+000  2.000000e+001
      vertex  5.300000e+001  3.000000e+000 -2.920000e+001
    endloop
  endfacet
  facet normal  7.071069e-001 -7.071066e-001  0.000000e+000
    outer loop
      vertex  5.300000e+001  3.000000e+000 -2.920000e+001
      vertex  5.120000e+001  1.200000e+000  2.000000e+001
      vertex  5.120000e+001  1.200000e+000 -2.920000e+001
    endloop
  endfacet
  facet normal -7.071069e-001 -7.071066e-001  0.000000e+000
    outer loop
      vertex  9.500000e+000  1.620000e+001 -2.920000e+001
      vertex  1.250000e+001  1.320000e+001 -2.920000e+001
      vertex  9.500000e+000  1.620000e+001  2.000000e+001
    endloop
  endfacet
  facet normal -7.071069e-001 -7.071066e-001  0.000000e+000
    outer loop
      vertex  9.500000e+000  1.620000e+001  2.000000e+001
      vertex  1.250000e+001  1.320000e+001 -2.920000e+001
      vertex  1.250000e+001  1.320000e+001  2.000000e+001
    endloop
  endfacet
  facet normal  0.000000e+000 -1.000000e+000  0.000000e+000
    outer loop
      vertex  4.800000e+000  1.620000e+001  2.000000e+001
      vertex  4.800000e+000  1.620000e+001 -2.920000e+001
      vertex  9.500000e+000  1.620000e+001  2.000000e+001
    endloop
  endfacet
  facet normal  0.000000e+000 -1.000000e+000  -0.000000e+000
    outer loop
      vertex  9.500000e+000  1.620000e+001  2.000000e+001
      vertex  4.800000e+000  1.620000e+001 -2.920000e+001
      vertex  9.500000e+000  1.620000e+001 -2.920000e+001
    endloop
  endfacet
  facet normal  1.000000e+000  0.000000e+000  0.000000e+000
    outer loop
      vertex  1.800000e+000 -9.700000e+000 -4.450000e+000
      vertex  1.800000e+000 -9.700000e+000  2.000000e+001
      vertex  1.800000e+000 -3.420000e+001  2.000000e+001
    endloop
  endfacet
  facet normal  1.000000e+000  0.000000e+000  0.000000e+000
    outer loop
      vertex  1.800000e+000 -9.700000e+000 -4.450000e+000
      vertex  1.800000e+000 -3.420000e+001  2.000000e+001
      vertex  1.800000e+000 -2.100000e+001 -2.920000e+001
    endloop
  endfacet
  facet normal  1.000000e+000  0.000000e+000  0.000000e+000
    outer loop
      vertex  1.800000e+000 -9.700000e+000 -4.450000e+000
      vertex  1.800000e+000 -2.100000e+001 -2.920000e+001
      vertex  1.800000e+000  1.320000e+001 -2.920000e+001
    endloop
  endfacet
  facet normal  1.000000e+000  0.000000e+000  0.000000e+000
    outer loop
      vertex  1.800000e+000 -9.700000e+000 -4.450000e+000
      vertex  1.800000e+000  1.320000e+001 -2.920000e+001
      vertex  1.800000e+000  9.700000e+000 -4.450000e+000
    endloop
  endfacet
  facet normal  1.000000e+000  0.000000e+000  0.000000e+000
    outer loop
      vertex  1.800000e+000  9.700000e+000 -4.450000e+000
      vertex  1.800000e+000  1.320000e+001 -2.920000e+001
      vertex  1.800000e+000  9.700000e+000  2.000000e+001
    endloop
  endfacet
  facet normal  1.000000e+000  -0.000000e+000  0.000000e+000
    outer loop
      vertex  1.800000e+000  9.700000e+000  2.000000e+001
      vertex  1.800000e+000  1.320000e+001 -2.920000e+001
      vertex  1.800000e+000  1.320000e+001  2.000000e+001
    endloop
  endfacet
  facet normal  1.000000e+000  0.000000e+000  0.000000e+000
    outer loop
      vertex  1.800000e+000 -2.100000e+001 -2.920000e+001
      vertex  1.800000e+000 -3.420000e+001  2.000000e+001
      vertex  1.800000e+000 -2.100000e+001 -3.100000e+001
    endloop
  endfacet
  facet normal  1.000000e+000  0.000000e+000  0.000000e+000
    outer loop
      vertex  1.800000e+000 -2.100000e+001 -3.100000e+001
      vertex  1.800000e+000 -3.420000e+001  2.000000e+001
      vertex  1.800000e+000 -3.420000e+001 -5.000000e+001
    endloop
  endfacet
  facet normal  1.000000e+000  0.000000e+000  0.000000e+000
    outer loop
      vertex  1.800000e+000 -2.100000e+001 -3.100000e+001
      vertex  1.800000e+000 -3.420000e+001 -5.000000e+001
      vertex  1.800000e+000 -2.100000e+001 -5.000000e+001
    endloop
  endfacet
  facet normal  9.999999e-001  0.000000e+000  0.000000e+000
    outer loop
      vertex  1.800000e+000 -3.420000e+001 -8.520000e+001
      vertex  1.800000e+000 -2.100000e+001 -8.520000e+001
      vertex  1.800000e+000 -3.420000e+001 -5.000000e+001
    endloop
  endfacet
  facet normal  9.999999e-001  -0.000000e+000  0.000000e+000
    outer loop
      vertex  1.800000e+000 -3.420000e+001 -5.000000e+001
      vertex  1.800000e+000 -2.100000e+001 -8.520000e+001
      vertex  1.800000e+000 -2.100000e+001 -5.000000e+001
    endloop
  endfacet
  facet normal  7.071069e-001 -7.071068e-001  0.000000e+000
    outer loop
      vertex  4.800000e+000  1.620000e+001 -2.920000e+001
      vertex  4.800000e+000  1.620000e+001  2.000000e+001
      vertex  1.800000e+000  1.320000e+001 -2.920000e+001
    endloop
  endfacet
  facet normal  7.071069e-001 -7.071068e-001  0.000000e+000
    outer loop
      vertex  1.800000e+000  1.320000e+001 -2.920000e+001
      vertex  4.800000e+000  1.620000e+001  2.000000e+001
      vertex  1.800000e+000  1.320000e+001  2.000000e+001
    endloop
  endfacet
  facet normal  0.000000e+000 -1.000000e+000  -0.000000e+000
    outer loop
      vertex  1.120000e+001 -2.100000e+001 -3.100000e+001
      vertex  1.120000e+001 -2.100000e+001 -2.920000e+001
      vertex  1.800000e+000 -2.100000e+001 -3.100000e+001
    endloop
  endfacet
  facet normal  0.000000e+000 -1.000000e+000  0.000000e+000
    outer loop
      vertex  1.800000e+000 -2.100000e+001 -3.100000e+001
      vertex  1.120000e+001 -2.100000e+001 -2.920000e+001
      vertex  1.800000e+000 -2.100000e+001 -2.920000e+001
    endloop
  endfacet
  facet normal  0.000000e+000  0.000000e+000  1.000000e+000
    outer loop
      vertex -1.000000e+001  9.700000e+000 -4.450000e+000
      vertex -1.000000e+001 -9.700000e+000 -4.450000e+000
      vertex  1.800000e+000  9.700000e+000 -4.450000e+000
    endloop
  endfacet
  facet normal  0.000000e+000  0.000000e+000  1.000000e+000
    outer loop
      vertex  1.800000e+000  9.700000e+000 -4.450000e+000
      vertex -1.000000e+001 -9.700000e+000 -4.450000e+000
      vertex  1.800000e+000 -9.700000e+000 -4.450000e+000
    endloop
  endfacet
  facet normal  0.000000e+000 -9.999999e-001  0.000000e+000
    outer loop
      vertex -1.000000e+001  9.700000e+000 -4.450000e+000
      vertex  1.800000e+000  9.700000e+000 -4.450000e+000
      vertex -1.000000e+001  9.700000e+000  1.075000e+001
    endloop
  endfacet
  facet normal  0.000000e+000 -1.000000e+000  0.000000e+000
    outer loop
      vertex -1.000000e+001  9.700000e+000  1.075000e+001
      vertex  1.800000e+000  9.700000e+000 -4.450000e+000
      vertex  0.000000e+000  9.700000e+000  1.075000e+001
    endloop
  endfacet
  facet normal  0.000000e+000 -1.000000e+000  -0.000000e+000
    outer loop
      vertex  1.800000e+000  9.700000e+000 -4.450000e+000
      vertex  1.800000e+000  9.700000e+000  2.000000e+001
      vertex  0.000000e+000  9.700000e+000  1.075000e+001
    endloop
  endfacet
  facet normal  0.000000e+000 -1.000000e+000  0.000000e+000
    outer loop
      vertex  0.000000e+000  9.700000e+000  1.075000e+001
      vertex  1.800000e+000  9.700000e+000  2.000000e+001
      vertex  0.000000e+000  9.700000e+000  2.000000e+001
    endloop
  endfacet
  facet normal -9.999999e-001  0.000000e+000  0.000000e+000
    outer loop
      vertex  1.120000e+001 -2.100000e+001 -9.700000e+001
      vertex  1.120000e+001 -3.420000e+001 -9.700000e+001
      vertex  1.120000e+001 -2.100000e+001 -3.100000e+001
    endloop
  endfacet
  facet normal -9.999999e-001  -0.000000e+000  0.000000e+000
    outer loop
      vertex  1.120000e+001 -2.100000e+001 -3.100000e+001
      vertex  1.120000e+001 -3.420000e+001 -9.700000e+001
      vertex  1.120000e+001 -3.420000e+001 -2.920000e+001
    endloop
  endfacet
  facet normal -1.000000e+000  0.000000e+000  0.000000e+000
    outer loop
      vertex  1.120000e+001 -2.100000e+001 -3.100000e+001
      vertex  1.120000e+001 -3.420000e+001 -2.920000e+001
      vertex  1.120000e+001 -2.100000e+001 -2.920000e+001
    endloop
  endfacet
  facet normal  0.000000e+000  0.000000e+000  1.000000e+000
    outer loop
      vertex  1.550000e+001 -3.206241e+000 -4.000000e-001
      vertex  1.550000e+001  1.206241e+000 -4.000000e-001
      vertex  1.250000e+001 -3.206241e+000 -4.000000e-001
    endloop
  endfacet
  facet normal  0.000000e+000  0.000000e+000  1.000000e+000
    outer loop
      vertex  1.250000e+001 -3.206241e+000 -4.000000e-001
      vertex  1.550000e+001  1.206241e+000 -4.000000e-001
      vertex  1.250000e+001  1.206241e+000 -4.000000e-001
    endloop
  endfacet
  facet normal  0.000000e+000  0.000000e+000 -1.000000e+000
    outer loop
      vertex  1.550000e+001  1.206241e+000  7.900000e+000
      vertex  1.550000e+001 -3.206241e+000  7.900000e+000
      vertex  1.250000e+001  1.206241e+000  7.900000e+000
    endloop
  endfacet
  facet normal  0.000000e+000  0.000000e+000 -1.000000e+000
    outer loop
      vertex  1.250000e+001  1.206241e+000  7.900000e+000
      vertex  1.550000e+001 -3.206241e+000  7.900000e+000
      vertex  1.250000e+001 -3.206241e+000  7.900000e+000
    endloop
  endfacet
  facet normal  0.000000e+000 -9.856895e-001 -1.685709e-001
    outer loop
      vertex  1.550000e+001  3.575983e+000  4.822558e+000
      vertex  1.250000e+001  3.672348e+000  4.259077e+000
      vertex  1.550000e+001  3.672348e+000  4.259077e+000
    endloop
  endfacet
  facet normal  -0.000000e+000 -9.988638e-001 -4.765639e-002
    outer loop
      vertex  1.550000e+001  3.672348e+000  4.259077e+000
      vertex  1.250000e+001  3.672348e+000  4.259077e+000
      vertex  1.250000e+001  3.699592e+000  3.688064e+000
    endloop
  endfacet
  facet normal  0.000000e+000 -9.988638e-001 -4.765639e-002
    outer loop
      vertex  1.550000e+001  3.672348e+000  4.259077e+000
      vertex  1.250000e+001  3.699592e+000  3.688064e+000
      vertex  1.550000e+001  3.699592e+000  3.688064e+000
    endloop
  endfacet
  facet normal  0.000000e+000 -9.972610e-001  7.396340e-002
    outer loop
      vertex  1.550000e+001  3.699592e+000  3.688064e+000
      vertex  1.250000e+001  3.699592e+000  3.688064e+000
      vertex  1.250000e+001  3.657310e+000  3.117967e+000
    endloop
  endfacet
  facet normal  0.000000e+000 -9.972610e-001  7.396340e-002
    outer loop
      vertex  1.550000e+001  3.699592e+000  3.688064e+000
      vertex  1.250000e+001  3.657310e+000  3.117967e+000
      vertex  1.550000e+001  3.657310e+000  3.117967e+000
    endloop
  endfacet
  facet normal  0.000000e+000 -9.809048e-001  1.944888e-001
    outer loop
      vertex  1.550000e+001  3.657310e+000  3.117967e+000
      vertex  1.250000e+001  3.657310e+000  3.117967e+000
      vertex  1.250000e+001  3.546128e+000  2.557220e+000
    endloop
  endfacet
  facet normal  0.000000e+000 -9.809048e-001  1.944888e-001
    outer loop
      vertex  1.550000e+001  3.657310e+000  3.117967e+000
      vertex  1.250000e+001  3.546128e+000  2.557220e+000
      vertex  1.550000e+001  3.546128e+000  2.557220e+000
    endloop
  endfacet
  facet normal  0.000000e+000 -9.500369e-001  3.121375e-001
    outer loop
      vertex  1.550000e+001  3.546128e+000  2.557220e+000
      vertex  1.250000e+001  3.546128e+000  2.557220e+000
      vertex  1.250000e+001  3.367691e+000  2.014120e+000
    endloop
  endfacet
  facet normal  0.000000e+000 -9.500369e-001  3.121375e-001
    outer loop
      vertex  1.550000e+001  3.546128e+000  2.557220e+000
      vertex  1.250000e+001  3.367691e+000  2.014120e+000
      vertex  1.550000e+001  3.367691e+000  2.014120e+000
    endloop
  endfacet
  facet normal  0.000000e+000 -9.051145e-001  4.251677e-001
    outer loop
      vertex  1.550000e+001  3.367691e+000  2.014120e+000
      vertex  1.250000e+001  3.367691e+000  2.014120e+000
      vertex  1.250000e+001  3.124638e+000  1.496700e+000
    endloop
  endfacet
  facet normal  0.000000e+000 -9.051145e-001  4.251677e-001
    outer loop
      vertex  1.550000e+001  3.367691e+000  2.014120e+000
      vertex  1.250000e+001  3.124638e+000  1.496700e+000
      vertex  1.550000e+001  3.124638e+000  1.496700e+000
    endloop
  endfacet
  facet normal  -0.000000e+000 -9.856895e-001 -1.685709e-001
    outer loop
      vertex  1.250000e+001  3.672348e+000  4.259077e+000
      vertex  1.550000e+001  3.575983e+000  4.822558e+000
      vertex  1.250000e+001  3.575983e+000  4.822558e+000
    endloop
  endfacet
  facet normal  0.000000e+000 -9.579330e-001 -2.869918e-001
    outer loop
      vertex  1.250000e+001  3.575983e+000  4.822558e+000
      vertex  1.550000e+001  3.575983e+000  4.822558e+000
      vertex  1.550000e+001  3.411920e+000  5.370173e+000
    endloop
  endfacet
  facet normal  -0.000000e+000 -9.579330e-001 -2.869918e-001
    outer loop
      vertex  1.250000e+001  3.575983e+000  4.822558e+000
      vertex  1.550000e+001  3.411920e+000  5.370173e+000
      vertex  1.250000e+001  3.411920e+000  5.370173e+000
    endloop
  endfacet
  facet normal  0.000000e+000 -9.160048e-001 -4.011673e-001
    outer loop
      vertex  1.250000e+001  3.411920e+000  5.370173e+000
      vertex  1.550000e+001  3.411920e+000  5.370173e+000
      vertex  1.550000e+001  3.182588e+000  5.893818e+000
    endloop
  endfacet
  facet normal  -0.000000e+000 -9.160048e-001 -4.011673e-001
    outer loop
      vertex  1.250000e+001  3.411920e+000  5.370173e+000
      vertex  1.550000e+001  3.182588e+000  5.893818e+000
      vertex  1.250000e+001  3.182588e+000  5.893818e+000
    endloop
  endfacet
  facet normal  0.000000e+000 -8.605254e-001 -5.094077e-001
    outer loop
      vertex  1.250000e+001  3.182588e+000  5.893818e+000
      vertex  1.550000e+001  3.182588e+000  5.893818e+000
      vertex  1.550000e+001  2.891379e+000  6.385748e+000
    endloop
  endfacet
  facet normal  -0.000000e+000 -8.605254e-001 -5.094077e-001
    outer loop
      vertex  1.250000e+001  3.182588e+000  5.893818e+000
      vertex  1.550000e+001  2.891379e+000  6.385748e+000
      vertex  1.250000e+001  2.891379e+000  6.385748e+000
    endloop
  endfacet
  facet normal  0.000000e+000 -7.923155e-001 -6.101117e-001
    outer loop
      vertex  1.250000e+001  2.891379e+000  6.385748e+000
      vertex  1.550000e+001  2.891379e+000  6.385748e+000
      vertex  1.550000e+001  2.542601e+000  6.838686e+000
    endloop
  endfacet
  facet normal  -0.000000e+000 -7.923155e-001 -6.101117e-001
    outer loop
      vertex  1.250000e+001  2.891379e+000  6.385748e+000
      vertex  1.550000e+001  2.542601e+000  6.838686e+000
      vertex  1.250000e+001  2.542601e+000  6.838686e+000
    endloop
  endfacet
  facet normal  0.000000e+000 -7.123840e-001 -7.017898e-001
    outer loop
      vertex  1.250000e+001  2.542601e+000  6.838686e+000
      vertex  1.550000e+001  2.542601e+000  6.838686e+000
      vertex  1.550000e+001  2.141414e+000  7.245929e+000
    endloop
  endfacet
  facet normal  -0.000000e+000 -7.123840e-001 -7.017898e-001
    outer loop
      vertex  1.250000e+001  2.542601e+000  6.838686e+000
      vertex  1.550000e+001  2.141414e+000  7.245929e+000
      vertex  1.250000e+001  2.141414e+000  7.245929e+000
    endloop
  endfacet
  facet normal  0.000000e+000 -6.219134e-001 -7.830859e-001
    outer loop
      vertex  1.250000e+001  2.141414e+000  7.245929e+000
      vertex  1.550000e+001  2.141414e+000  7.245929e+000
      vertex  1.550000e+001  1.693753e+000  7.601453e+000
    endloop
  endfacet
  facet normal  -0.000000e+000 -6.219134e-001 -7.830859e-001
    outer loop
      vertex  1.250000e+001  2.141414e+000  7.245929e+000
      vertex  1.550000e+001  1.693753e+000  7.601453e+000
      vertex  1.250000e+001  1.693753e+000  7.601453e+000
    endloop
  endfacet
  facet normal  0.000000e+000 -5.222430e-001 -8.527967e-001
    outer loop
      vertex  1.250000e+001  1.693753e+000  7.601453e+000
      vertex  1.550000e+001  1.693753e+000  7.601453e+000
      vertex  1.550000e+001  1.206241e+000  7.900000e+000
    endloop
  endfacet
  facet normal  -0.000000e+000 -5.222430e-001 -8.527967e-001
    outer loop
      vertex  1.250000e+001  1.693753e+000  7.601453e+000
      vertex  1.550000e+001  1.206241e+000  7.900000e+000
      vertex  1.250000e+001  1.206241e+000  7.900000e+000
    endloop
  endfacet
  facet normal  0.000000e+000  6.157020e-001 -7.879791e-001
    outer loop
      vertex  1.550000e+001 -4.104384e+000  7.278853e+000
      vertex  1.250000e+001 -3.673414e+000  7.615600e+000
      vertex  1.550000e+001 -3.673414e+000  7.615600e+000
    endloop
  endfacet
  facet normal  0.000000e+000  5.199932e-001 -8.541704e-001
    outer loop
      vertex  1.550000e+001 -3.673414e+000  7.615600e+000
      vertex  1.250000e+001 -3.673414e+000  7.615600e+000
      vertex  1.250000e+001 -3.206241e+000  7.900000e+000
    endloop
  endfacet
  facet normal  0.000000e+000  5.199932e-001 -8.541704e-001
    outer loop
      vertex  1.550000e+001 -3.673414e+000  7.615600e+000
      vertex  1.250000e+001 -3.206241e+000  7.900000e+000
      vertex  1.550000e+001 -3.206241e+000  7.900000e+000
    endloop
  endfacet
  facet normal  0.000000e+000  6.157020e-001 -7.879791e-001
    outer loop
      vertex  1.250000e+001 -3.673414e+000  7.615600e+000
      vertex  1.550000e+001 -4.104384e+000  7.278853e+000
      vertex  1.250000e+001 -4.104384e+000  7.278853e+000
    endloop
  endfacet
  facet normal  0.000000e+000  7.030744e-001 -7.111163e-001
    outer loop
      vertex  1.250000e+001 -4.104384e+000  7.278853e+000
      vertex  1.550000e+001 -4.104384e+000  7.278853e+000
      vertex  1.550000e+001 -4.493316e+000  6.894320e+000
    endloop
  endfacet
  facet normal  0.000000e+000  7.030744e-001 -7.111163e-001
    outer loop
      vertex  1.250000e+001 -4.104384e+000  7.278853e+000
      vertex  1.550000e+001 -4.493316e+000  6.894320e+000
      vertex  1.250000e+001 -4.493316e+000  6.894320e+000
    endloop
  endfacet
  facet normal  0.000000e+000  7.809250e-001 -6.246248e-001
    outer loop
      vertex  1.250000e+001 -4.493316e+000  6.894320e+000
      vertex  1.550000e+001 -4.493316e+000  6.894320e+000
      vertex  1.550000e+001 -4.834942e+000  6.467207e+000
    endloop
  endfacet
  facet normal  0.000000e+000  7.809250e-001 -6.246248e-001
    outer loop
      vertex  1.250000e+001 -4.493316e+000  6.894320e+000
      vertex  1.550000e+001 -4.834942e+000  6.467207e+000
      vertex  1.250000e+001 -4.834942e+000  6.467207e+000
    endloop
  endfacet
  facet normal  0.000000e+000  8.482006e-001 -5.296751e-001
    outer loop
      vertex  1.250000e+001 -4.834942e+000  6.467207e+000
      vertex  1.550000e+001 -4.834942e+000  6.467207e+000
      vertex  1.550000e+001 -5.124638e+000  6.003300e+000
    endloop
  endfacet
  facet normal  0.000000e+000  8.482006e-001 -5.296751e-001
    outer loop
      vertex  1.250000e+001 -4.834942e+000  6.467207e+000
      vertex  1.550000e+001 -5.124638e+000  6.003300e+000
      vertex  1.250000e+001 -5.124638e+000  6.003300e+000
    endloop
  endfacet
  facet normal  -0.000000e+000  9.856894e-001  1.685713e-001
    outer loop
      vertex  1.550000e+001 -5.575983e+000  2.677442e+000
      vertex  1.250000e+001 -5.672348e+000  3.240923e+000
      vertex  1.550000e+001 -5.672348e+000  3.240923e+000
    endloop
  endfacet
  facet normal  0.000000e+000  9.988638e-001  4.765681e-002
    outer loop
      vertex  1.550000e+001 -5.672348e+000  3.240923e+000
      vertex  1.250000e+001 -5.672348e+000  3.240923e+000
      vertex  1.250000e+001 -5.699592e+000  3.811936e+000
    endloop
  endfacet
  facet normal  -0.000000e+000  9.988638e-001  4.765681e-002
    outer loop
      vertex  1.550000e+001 -5.672348e+000  3.240923e+000
      vertex  1.250000e+001 -5.699592e+000  3.811936e+000
      vertex  1.550000e+001 -5.699592e+000  3.811936e+000
    endloop
  endfacet
  facet normal  0.000000e+000  9.972609e-001 -7.396426e-002
    outer loop
      vertex  1.550000e+001 -5.699592e+000  3.811936e+000
      vertex  1.250000e+001 -5.699592e+000  3.811936e+000
      vertex  1.250000e+001 -5.657310e+000  4.382033e+000
    endloop
  endfacet
  facet normal  0.000000e+000  9.972609e-001 -7.396426e-002
    outer loop
      vertex  1.550000e+001 -5.699592e+000  3.811936e+000
      vertex  1.250000e+001 -5.657310e+000  4.382033e+000
      vertex  1.550000e+001 -5.657310e+000  4.382033e+000
    endloop
  endfacet
  facet normal  0.000000e+000  9.809049e-001 -1.944884e-001
    outer loop
      vertex  1.550000e+001 -5.657310e+000  4.382033e+000
      vertex  1.250000e+001 -5.657310e+000  4.382033e+000
      vertex  1.250000e+001 -5.546128e+000  4.942780e+000
    endloop
  endfacet
  facet normal  0.000000e+000  9.809049e-001 -1.944884e-001
    outer loop
      vertex  1.550000e+001 -5.657310e+000  4.382033e+000
      vertex  1.250000e+001 -5.546128e+000  4.942780e+000
      vertex  1.550000e+001 -5.546128e+000  4.942780e+000
    endloop
  endfacet
  facet normal  0.000000e+000  9.500369e-001 -3.121375e-001
    outer loop
      vertex  1.550000e+001 -5.546128e+000  4.942780e+000
      vertex  1.250000e+001 -5.546128e+000  4.942780e+000
      vertex  1.250000e+001 -5.367691e+000  5.485880e+000
    endloop
  endfacet
  facet normal  0.000000e+000  9.500369e-001 -3.121375e-001
    outer loop
      vertex  1.550000e+001 -5.546128e+000  4.942780e+000
      vertex  1.250000e+001 -5.367691e+000  5.485880e+000
      vertex  1.550000e+001 -5.367691e+000  5.485880e+000
    endloop
  endfacet
  facet normal  0.000000e+000  9.051147e-001 -4.251676e-001
    outer loop
      vertex  1.550000e+001 -5.367691e+000  5.485880e+000
      vertex  1.250000e+001 -5.367691e+000  5.485880e+000
      vertex  1.250000e+001 -5.124638e+000  6.003300e+000
    endloop
  endfacet
  facet normal  0.000000e+000  9.051147e-001 -4.251676e-001
    outer loop
      vertex  1.550000e+001 -5.367691e+000  5.485880e+000
      vertex  1.250000e+001 -5.124638e+000  6.003300e+000
      vertex  1.550000e+001 -5.124638e+000  6.003300e+000
    endloop
  endfacet
  facet normal  0.000000e+000  9.856894e-001  1.685713e-001
    outer loop
      vertex  1.250000e+001 -5.672348e+000  3.240923e+000
      vertex  1.550000e+001 -5.575983e+000  2.677442e+000
      vertex  1.250000e+001 -5.575983e+000  2.677442e+000
    endloop
  endfacet
  facet normal  -0.000000e+000  9.579330e-001  2.869919e-001
    outer loop
      vertex  1.250000e+001 -5.575983e+000  2.677442e+000
      vertex  1.550000e+001 -5.575983e+000  2.677442e+000
      vertex  1.550000e+001 -5.411920e+000  2.129827e+000
    endloop
  endfacet
  facet normal  0.000000e+000  9.579330e-001  2.869919e-001
    outer loop
      vertex  1.250000e+001 -5.575983e+000  2.677442e+000
      vertex  1.550000e+001 -5.411920e+000  2.129827e+000
      vertex  1.250000e+001 -5.411920e+000  2.129827e+000
    endloop
  endfacet
  facet normal  -0.000000e+000  9.160050e-001  4.011668e-001
    outer loop
      vertex  1.250000e+001 -5.411920e+000  2.129827e+000
      vertex  1.550000e+001 -5.411920e+000  2.129827e+000
      vertex  1.550000e+001 -5.182588e+000  1.606182e+000
    endloop
  endfacet
  facet normal  0.000000e+000  9.160050e-001  4.011668e-001
    outer loop
      vertex  1.250000e+001 -5.411920e+000  2.129827e+000
      vertex  1.550000e+001 -5.182588e+000  1.606182e+000
      vertex  1.250000e+001 -5.182588e+000  1.606182e+000
    endloop
  endfacet
  facet normal  -0.000000e+000  8.605254e-001  5.094076e-001
    outer loop
      vertex  1.250000e+001 -5.182588e+000  1.606182e+000
      vertex  1.550000e+001 -5.182588e+000  1.606182e+000
      vertex  1.550000e+001 -4.891379e+000  1.114251e+000
    endloop
  endfacet
  facet normal  0.000000e+000  8.605254e-001  5.094076e-001
    outer loop
      vertex  1.250000e+001 -5.182588e+000  1.606182e+000
      vertex  1.550000e+001 -4.891379e+000  1.114251e+000
      vertex  1.250000e+001 -4.891379e+000  1.114251e+000
    endloop
  endfacet
  facet normal  -0.000000e+000  7.923156e-001  6.101114e-001
    outer loop
      vertex  1.250000e+001 -4.891379e+000  1.114251e+000
      vertex  1.550000e+001 -4.891379e+000  1.114251e+000
      vertex  1.550000e+001 -4.542601e+000  6.613144e-001
    endloop
  endfacet
  facet normal  0.000000e+000  7.923156e-001  6.101114e-001
    outer loop
      vertex  1.250000e+001 -4.891379e+000  1.114251e+000
      vertex  1.550000e+001 -4.542601e+000  6.613144e-001
      vertex  1.250000e+001 -4.542601e+000  6.613144e-001
    endloop
  endfacet
  facet normal  -0.000000e+000  7.123839e-001  7.017898e-001
    outer loop
      vertex  1.250000e+001 -4.542601e+000  6.613144e-001
      vertex  1.550000e+001 -4.542601e+000  6.613144e-001
      vertex  1.550000e+001 -4.141414e+000  2.540712e-001
    endloop
  endfacet
  facet normal  0.000000e+000  7.123839e-001  7.017898e-001
    outer loop
      vertex  1.250000e+001 -4.542601e+000  6.613144e-001
      vertex  1.550000e+001 -4.141414e+000  2.540712e-001
      vertex  1.250000e+001 -4.141414e+000  2.540712e-001
    endloop
  endfacet
  facet normal  -0.000000e+000  6.219136e-001  7.830860e-001
    outer loop
      vertex  1.250000e+001 -4.141414e+000  2.540712e-001
      vertex  1.550000e+001 -4.141414e+000  2.540712e-001
      vertex  1.550000e+001 -3.693753e+000 -1.014535e-001
    endloop
  endfacet
  facet normal  0.000000e+000  6.219136e-001  7.830860e-001
    outer loop
      vertex  1.250000e+001 -4.141414e+000  2.540712e-001
      vertex  1.550000e+001 -3.693753e+000 -1.014535e-001
      vertex  1.250000e+001 -3.693753e+000 -1.014535e-001
    endloop
  endfacet
  facet normal  -0.000000e+000  5.222426e-001  8.527970e-001
    outer loop
      vertex  1.250000e+001 -3.693753e+000 -1.014535e-001
      vertex  1.550000e+001 -3.693753e+000 -1.014535e-001
      vertex  1.550000e+001 -3.206241e+000 -4.000000e-001
    endloop
  endfacet
  facet normal  0.000000e+000  5.222426e-001  8.527970e-001
    outer loop
      vertex  1.250000e+001 -3.693753e+000 -1.014535e-001
      vertex  1.550000e+001 -3.206241e+000 -4.000000e-001
      vertex  1.250000e+001 -3.206241e+000 -4.000000e-001
    endloop
  endfacet
  facet normal  0.000000e+000 -6.157023e-001  7.879788e-001
    outer loop
      vertex  1.550000e+001  2.104384e+000  2.211473e-001
      vertex  1.250000e+001  1.673414e+000 -1.155996e-001
      vertex  1.550000e+001  1.673414e+000 -1.155996e-001
    endloop
  endfacet
  facet normal  0.000000e+000 -5.199932e-001  8.541704e-001
    outer loop
      vertex  1.550000e+001  1.673414e+000 -1.155996e-001
      vertex  1.250000e+001  1.673414e+000 -1.155996e-001
      vertex  1.250000e+001  1.206241e+000 -4.000000e-001
    endloop
  endfacet
  facet normal  0.000000e+000 -5.199932e-001  8.541704e-001
    outer loop
      vertex  1.550000e+001  1.673414e+000 -1.155996e-001
      vertex  1.250000e+001  1.206241e+000 -4.000000e-001
      vertex  1.550000e+001  1.206241e+000 -4.000000e-001
    endloop
  endfacet
  facet normal  0.000000e+000 -6.157023e-001  7.879788e-001
    outer loop
      vertex  1.250000e+001  1.673414e+000 -1.155996e-001
      vertex  1.550000e+001  2.104384e+000  2.211473e-001
      vertex  1.250000e+001  2.104384e+000  2.211473e-001
    endloop
  endfacet
  facet normal  0.000000e+000 -7.030739e-001  7.111168e-001
    outer loop
      vertex  1.250000e+001  2.104384e+000  2.211473e-001
      vertex  1.550000e+001  2.104384e+000  2.211473e-001
      vertex  1.550000e+001  2.493316e+000  6.056803e-001
    endloop
  endfacet
  facet normal  0.000000e+000 -7.030739e-001  7.111168e-001
    outer loop
      vertex  1.250000e+001  2.104384e+000  2.211473e-001
      vertex  1.550000e+001  2.493316e+000  6.056803e-001
      vertex  1.250000e+001  2.493316e+000  6.056803e-001
    endloop
  endfacet
  facet normal  0.000000e+000 -7.809250e-001  6.246248e-001
    outer loop
      vertex  1.250000e+001  2.493316e+000  6.056803e-001
      vertex  1.550000e+001  2.493316e+000  6.056803e-001
      vertex  1.550000e+001  2.834942e+000  1.032792e+000
    endloop
  endfacet
  facet normal  0.000000e+000 -7.809250e-001  6.246248e-001
    outer loop
      vertex  1.250000e+001  2.493316e+000  6.056803e-001
      vertex  1.550000e+001  2.834942e+000  1.032792e+000
      vertex  1.250000e+001  2.834942e+000  1.032792e+000
    endloop
  endfacet
  facet normal  0.000000e+000 -8.482007e-001  5.296749e-001
    outer loop
      vertex  1.250000e+001  2.834942e+000  1.032792e+000
      vertex  1.550000e+001  2.834942e+000  1.032792e+000
      vertex  1.550000e+001  3.124638e+000  1.496700e+000
    endloop
  endfacet
  facet normal  0.000000e+000 -8.482007e-001  5.296749e-001
    outer loop
      vertex  1.250000e+001  2.834942e+000  1.032792e+000
      vertex  1.550000e+001  3.124638e+000  1.496700e+000
      vertex  1.250000e+001  3.124638e+000  1.496700e+000
    endloop
  endfacet
  facet normal  0.000000e+000  1.000000e+000  0.000000e+000
    outer loop
      vertex  1.800000e+000 -9.700000e+000 -4.450000e+000
      vertex -1.000000e+001 -9.700000e+000 -4.450000e+000
      vertex -1.000000e+001 -9.700000e+000  6.250000e+000
    endloop
  endfacet
  facet normal  -0.000000e+000  1.000000e+000  0.000000e+000
    outer loop
      vertex  1.800000e+000 -9.700000e+000 -4.450000e+000
      vertex -1.000000e+001 -9.700000e+000  6.250000e+000
      vertex -1.000000e+001 -9.700000e+000  1.075000e+001
    endloop
  endfacet
  facet normal  -0.000000e+000  1.000000e+000  0.000000e+000
    outer loop
      vertex  1.800000e+000 -9.700000e+000 -4.450000e+000
      vertex -1.000000e+001 -9.700000e+000  1.075000e+001
      vertex  0.000000e+000 -9.700000e+000  1.075000e+001
    endloop
  endfacet
  facet normal  -0.000000e+000  1.000000e+000  0.000000e+000
    outer loop
      vertex  1.800000e+000 -9.700000e+000 -4.450000e+000
      vertex  0.000000e+000 -9.700000e+000  1.075000e+001
      vertex  0.000000e+000 -9.700000e+000  2.000000e+001
    endloop
  endfacet
  facet normal  -0.000000e+000  1.000000e+000  0.000000e+000
    outer loop
      vertex  1.800000e+000 -9.700000e+000 -4.450000e+000
      vertex  0.000000e+000 -9.700000e+000  2.000000e+001
      vertex  1.800000e+000 -9.700000e+000  2.000000e+001
    endloop
  endfacet
  facet normal -1.000000e+000  0.000000e+000  0.000000e+000
    outer loop
      vertex  4.940000e+001 -3.020000e+001  2.000000e+001
      vertex  4.940000e+001 -3.020000e+001 -2.920000e+001
      vertex  4.940000e+001 -3.420000e+001  2.000000e+001
    endloop
  endfacet
  facet normal -1.000000e+000  0.000000e+000  0.000000e+000
    outer loop
      vertex  4.940000e+001 -3.420000e+001  2.000000e+001
      vertex  4.940000e+001 -3.020000e+001 -2.920000e+001
      vertex  4.940000e+001 -3.420000e+001 -2.920000e+001
    endloop
  endfacet
  facet normal  0.000000e+000  1.000000e+000  0.000000e+000
    outer loop
      vertex  4.940000e+001 -3.420000e+001 -2.920000e+001
      vertex  4.740000e+001 -3.420000e+001 -2.920000e+001
      vertex  4.940000e+001 -3.420000e+001  2.000000e+001
    endloop
  endfacet
  facet normal  0.000000e+000  1.000000e+000  0.000000e+000
    outer loop
      vertex  4.940000e+001 -3.420000e+001  2.000000e+001
      vertex  4.740000e+001 -3.420000e+001 -2.920000e+001
      vertex  4.740000e+001 -3.420000e+001  2.000000e+001
    endloop
  endfacet
  facet normal -1.000000e+000  0.000000e+000  0.000000e+000
    outer loop
      vertex  4.940000e+001 -1.920000e+001  2.000000e+001
      vertex  4.940000e+001 -1.920000e+001 -2.920000e+001
      vertex  4.940000e+001 -2.320000e+001  2.000000e+001
    endloop
  endfacet
  facet normal -1.000000e+000  0.000000e+000  0.000000e+000
    outer loop
      vertex  4.940000e+001 -2.320000e+001  2.000000e+001
      vertex  4.940000e+001 -1.920000e+001 -2.920000e+001
      vertex  4.940000e+001 -2.320000e+001 -2.920000e+001
    endloop
  endfacet
  facet normal  1.000000e+000  0.000000e+000  0.000000e+000
    outer loop
      vertex  4.740000e+001 -3.420000e+001  2.000000e+001
      vertex  4.740000e+001 -3.420000e+001 -2.920000e+001
      vertex  4.740000e+001 -3.240000e+001  2.000000e+001
    endloop
  endfacet
  facet normal  1.000000e+000  0.000000e+000  0.000000e+000
    outer loop
      vertex  4.740000e+001 -3.240000e+001  2.000000e+001
      vertex  4.740000e+001 -3.420000e+001 -2.920000e+001
      vertex  4.740000e+001 -3.240000e+001 -2.920000e+001
    endloop
  endfacet
  facet normal -1.000000e+000  0.000000e+000  0.000000e+000
    outer loop
      vertex  4.940000e+001  1.620000e+001  2.000000e+001
      vertex  4.940000e+001  1.620000e+001 -2.920000e+001
      vertex  4.940000e+001  1.220000e+001  2.000000e+001
    endloop
  endfacet
  facet normal -1.000000e+000  0.000000e+000  0.000000e+000
    outer loop
      vertex  4.940000e+001  1.220000e+001  2.000000e+001
      vertex  4.940000e+001  1.620000e+001 -2.920000e+001
      vertex  4.940000e+001  1.220000e+001 -2.920000e+001
    endloop
  endfacet
  facet normal  0.000000e+000 -1.000000e+000  0.000000e+000
    outer loop
      vertex  4.740000e+001  1.620000e+001  2.000000e+001
      vertex  4.740000e+001  1.620000e+001 -2.920000e+001
      vertex  4.940000e+001  1.620000e+001  2.000000e+001
    endloop
  endfacet
  facet normal  0.000000e+000 -1.000000e+000  -0.000000e+000
    outer loop
      vertex  4.940000e+001  1.620000e+001  2.000000e+001
      vertex  4.740000e+001  1.620000e+001 -2.920000e+001
      vertex  4.940000e+001  1.620000e+001 -2.920000e+001
    endloop
  endfacet
  facet normal -1.000000e+000  0.000000e+000  0.000000e+000
    outer loop
      vertex  4.940000e+001  5.200000e+000  2.000000e+001
      vertex  4.940000e+001  5.200000e+000 -2.920000e+001
      vertex  4.940000e+001  1.200000e+000  2.000000e+001
    endloop
  endfacet
  facet normal -1.000000e+000  0.000000e+000  0.000000e+000
    outer loop
      vertex  4.940000e+001  1.200000e+000  2.000000e+001
      vertex  4.940000e+001  5.200000e+000 -2.920000e+001
      vertex  4.940000e+001  1.200000e+000 -2.920000e+001
    endloop
  endfacet
  facet normal  1.000000e+000  0.000000e+000  0.000000e+000
    outer loop
      vertex  4.740000e+001  1.440000e+001  2.000000e+001
      vertex  4.740000e+001  1.440000e+001 -2.920000e+001
      vertex  4.740000e+001  1.620000e+001  2.000000e+001
    endloop
  endfacet
  facet normal  1.000000e+000  0.000000e+000  0.000000e+000
    outer loop
      vertex  4.740000e+001  1.620000e+001  2.000000e+001
      vertex  4.740000e+001  1.440000e+001 -2.920000e+001
      vertex  4.740000e+001  1.620000e+001 -2.920000e+001
    endloop
  endfacet
  facet normal  9.999999e-001  0.000000e+000  0.000000e+000
    outer loop
      vertex  1.550000e+001 -3.206241e+000  7.900000e+000
      vertex  1.550000e+001  1.206241e+000  7.900000e+000
      vertex  1.550000e+001  9.432828e-001  8.627105e+000
    endloop
  endfacet
  facet normal  1.000000e+000  0.000000e+000  0.000000e+000
    outer loop
      vertex  1.550000e+001 -3.206241e+000  7.900000e+000
      vertex  1.550000e+001  9.432828e-001  8.627105e+000
      vertex  1.550000e+001  3.412440e-001  8.825782e+000
    endloop
  endfacet
  facet normal  1.000000e+000  0.000000e+000  0.000000e+000
    outer loop
      vertex  1.550000e+001 -3.206241e+000  7.900000e+000
      vertex  1.550000e+001  3.412440e-001  8.825782e+000
      vertex  1.550000e+001 -2.803531e-001  8.950443e+000
    endloop
  endfacet
  facet normal  1.000000e+000  0.000000e+000  0.000000e+000
    outer loop
      vertex  1.550000e+001 -3.206241e+000  7.900000e+000
      vertex  1.550000e+001 -2.803531e-001  8.950443e+000
      vertex  1.550000e+001 -9.124443e-001  8.999269e+000
    endloop
  endfacet
  facet normal  1.000000e+000  0.000000e+000  0.000000e+000
    outer loop
      vertex  1.550000e+001 -3.206241e+000  7.900000e+000
      vertex  1.550000e+001 -9.124443e-001  8.999269e+000
      vertex  1.550000e+001 -1.545812e+000  8.971550e+000
    endloop
  endfacet
  facet normal  1.000000e+000  0.000000e+000  0.000000e+000
    outer loop
      vertex  1.550000e+001 -3.206241e+000  7.900000e+000
      vertex  1.550000e+001 -1.545812e+000  8.971550e+000
      vertex  1.550000e+001 -2.171221e+000  8.867689e+000
    endloop
  endfacet
  facet normal  1.000000e+000  0.000000e+000  0.000000e+000
    outer loop
      vertex  1.550000e+001 -3.206241e+000  7.900000e+000
      vertex  1.550000e+001 -2.171221e+000  8.867689e+000
      vertex  1.550000e+001 -2.779551e+000  8.689200e+000
    endloop
  endfacet
  facet normal  1.000000e+000  0.000000e+000  0.000000e+000
    outer loop
      vertex  1.550000e+001 -3.206241e+000  7.900000e+000
      vertex  1.550000e+001 -2.779551e+000  8.689200e+000
      vertex  1.550000e+001 -3.361931e+000  8.438686e+000
    endloop
  endfacet
  facet normal  1.000000e+000  0.000000e+000  0.000000e+000
    outer loop
      vertex  1.550000e+001 -3.206241e+000  7.900000e+000
      vertex  1.550000e+001 -3.361931e+000  8.438686e+000
      vertex  1.550000e+001 -3.909868e+000  8.119802e+000
    endloop
  endfacet
  facet normal  1.000000e+000  0.000000e+000  0.000000e+000
    outer loop
      vertex  1.550000e+001 -3.206241e+000  7.900000e+000
      vertex  1.550000e+001 -3.909868e+000  8.119802e+000
      vertex  1.550000e+001 -4.415373e+000  7.737195e+000
    endloop
  endfacet
  facet normal  1.000000e+000  -0.000000e+000  0.000000e+000
    outer loop
      vertex  1.550000e+001 -3.206241e+000  7.900000e+000
      vertex  1.550000e+001 -4.415373e+000  7.737195e+000
      vertex  1.550000e+001 -3.673414e+000  7.615600e+000
    endloop
  endfacet
  facet normal  1.000000e+000  0.000000e+000  0.000000e+000
    outer loop
      vertex  1.550000e+001 -3.206241e+000 -4.000000e-001
      vertex  1.550000e+001 -3.693753e+000 -1.014535e-001
      vertex  1.550000e+001 -4.546446e+000 -1.210747e-001
    endloop
  endfacet
  facet normal  1.000000e+000  0.000000e+000  0.000000e+000
    outer loop
      vertex  1.550000e+001 -3.206241e+000 -4.000000e-001
      vertex  1.550000e+001 -4.546446e+000 -1.210747e-001
      vertex  1.550000e+001 -4.053982e+000 -5.203271e-001
    endloop
  endfacet
  facet normal  1.000000e+000  -0.000000e+000  0.000000e+000
    outer loop
      vertex  1.550000e+001 -3.206241e+000 -4.000000e-001
      vertex  1.550000e+001 -4.053982e+000 -5.203271e-001
      vertex  1.550000e+001 -3.516984e+000 -8.573084e-001
    endloop
  endfacet
  facet normal  9.999999e-001  -0.000000e+000  0.000000e+000
    outer loop
      vertex  1.550000e+001 -3.206241e+000 -4.000000e-001
      vertex  1.550000e+001 -3.516984e+000 -8.573084e-001
      vertex  1.550000e+001 -2.943283e+000 -1.127105e+000
    endloop
  endfacet
  facet normal  1.000000e+000  -0.000000e+000  -0.000000e+000
    outer loop
      vertex  1.550000e+001 -3.206241e+000 -4.000000e-001
      vertex  1.550000e+001 -2.943283e+000 -1.127105e+000
      vertex  1.550000e+001 -2.341244e+000 -1.325782e+000
    endloop
  endfacet
  facet normal  1.000000e+000  -0.000000e+000  -0.000000e+000
    outer loop
      vertex  1.550000e+001 -3.206241e+000 -4.000000e-001
      vertex  1.550000e+001 -2.341244e+000 -1.325782e+000
      vertex  1.550000e+001 -1.719647e+000 -1.450443e+000
    endloop
  endfacet
  facet normal  1.000000e+000  -0.000000e+000  -0.000000e+000
    outer loop
      vertex  1.550000e+001 -3.206241e+000 -4.000000e-001
      vertex  1.550000e+001 -1.719647e+000 -1.450443e+000
      vertex  1.550000e+001 -1.087556e+000 -1.499270e+000
    endloop
  endfacet
  facet normal  9.999999e-001  0.000000e+000  -0.000000e+000
    outer loop
      vertex  1.550000e+001 -3.206241e+000 -4.000000e-001
      vertex  1.550000e+001 -1.087556e+000 -1.499270e+000
      vertex  1.550000e+001 -4.541878e-001 -1.471550e+000
    endloop
  endfacet
  facet normal  1.000000e+000  0.000000e+000  -0.000000e+000
    outer loop
      vertex  1.550000e+001 -3.206241e+000 -4.000000e-001
      vertex  1.550000e+001 -4.541878e-001 -1.471550e+000
      vertex  1.550000e+001  1.712210e-001 -1.367689e+000
    endloop
  endfacet
  facet normal  1.000000e+000  0.000000e+000  -0.000000e+000
    outer loop
      vertex  1.550000e+001 -3.206241e+000 -4.000000e-001
      vertex  1.550000e+001  1.712210e-001 -1.367689e+000
      vertex  1.550000e+001  7.795507e-001 -1.189200e+000
    endloop
  endfacet
  facet normal  1.000000e+000  0.000000e+000  -0.000000e+000
    outer loop
      vertex  1.550000e+001 -3.206241e+000 -4.000000e-001
      vertex  1.550000e+001  7.795507e-001 -1.189200e+000
      vertex  1.550000e+001  1.206241e+000 -4.000000e-001
    endloop
  endfacet
  facet normal  1.000000e+000  0.000000e+000  0.000000e+000
    outer loop
      vertex  1.550000e+001  2.891379e+000  6.385748e+000
      vertex  1.550000e+001  3.369802e+000  6.659868e+000
      vertex  1.550000e+001  2.542601e+000  6.838686e+000
    endloop
  endfacet
  facet normal  1.000000e+000  -0.000000e+000  0.000000e+000
    outer loop
      vertex  1.550000e+001  2.542601e+000  6.838686e+000
      vertex  1.550000e+001  3.369802e+000  6.659868e+000
      vertex  1.550000e+001  2.987195e+000  7.165373e+000
    endloop
  endfacet
  facet normal  1.000000e+000  0.000000e+000  0.000000e+000
    outer loop
      vertex  1.550000e+001  2.542601e+000  6.838686e+000
      vertex  1.550000e+001  2.987195e+000  7.165373e+000
      vertex  1.550000e+001  2.141414e+000  7.245929e+000
    endloop
  endfacet
  facet normal  1.000000e+000  -0.000000e+000  0.000000e+000
    outer loop
      vertex  1.550000e+001  2.141414e+000  7.245929e+000
      vertex  1.550000e+001  2.987195e+000  7.165373e+000
      vertex  1.550000e+001  2.546446e+000  7.621075e+000
    endloop
  endfacet
  facet normal  1.000000e+000  0.000000e+000  0.000000e+000
    outer loop
      vertex  1.550000e+001  2.141414e+000  7.245929e+000
      vertex  1.550000e+001  2.546446e+000  7.621075e+000
      vertex  1.550000e+001  1.693753e+000  7.601453e+000
    endloop
  endfacet
  facet normal  1.000000e+000  0.000000e+000  0.000000e+000
    outer loop
      vertex  1.550000e+001  1.693753e+000  7.601453e+000
      vertex  1.550000e+001  2.546446e+000  7.621075e+000
      vertex  1.550000e+001  2.053982e+000  8.020327e+000
    endloop
  endfacet
  facet normal  1.000000e+000  0.000000e+000  0.000000e+000
    outer loop
      vertex  1.550000e+001  1.693753e+000  7.601453e+000
      vertex  1.550000e+001  2.053982e+000  8.020327e+000
      vertex  1.550000e+001  1.206241e+000  7.900000e+000
    endloop
  endfacet
  facet normal  1.000000e+000  0.000000e+000  0.000000e+000
    outer loop
      vertex  1.550000e+001  1.206241e+000  7.900000e+000
      vertex  1.550000e+001  2.053982e+000  8.020327e+000
      vertex  1.550000e+001  1.516984e+000  8.357308e+000
    endloop
  endfacet
  facet normal  9.999999e-001  0.000000e+000  0.000000e+000
    outer loop
      vertex  1.550000e+001  1.206241e+000  7.900000e+000
      vertex  1.550000e+001  1.516984e+000  8.357308e+000
      vertex  1.550000e+001  9.432828e-001  8.627105e+000
    endloop
  endfacet
  facet normal  1.000000e+000  0.000000e+000  0.000000e+000
    outer loop
      vertex  1.550000e+001  3.367691e+000  2.014120e+000
      vertex  1.550000e+001  3.124638e+000  1.496700e+000
      vertex  1.550000e+001  3.877105e+000  1.806717e+000
    endloop
  endfacet
  facet normal  1.000000e+000  0.000000e+000  0.000000e+000
    outer loop
      vertex  1.550000e+001  3.877105e+000  1.806717e+000
      vertex  1.550000e+001  3.124638e+000  1.496700e+000
      vertex  1.550000e+001  2.834942e+000  1.032792e+000
    endloop
  endfacet
  facet normal  1.000000e+000  0.000000e+000  0.000000e+000
    outer loop
      vertex  1.550000e+001  3.877105e+000  1.806717e+000
      vertex  1.550000e+001  2.834942e+000  1.032792e+000
      vertex  1.550000e+001  3.607308e+000  1.233016e+000
    endloop
  endfacet
  facet normal  1.000000e+000  0.000000e+000  0.000000e+000
    outer loop
      vertex  1.550000e+001  3.607308e+000  1.233016e+000
      vertex  1.550000e+001  2.834942e+000  1.032792e+000
      vertex  1.550000e+001  2.493316e+000  6.056803e-001
    endloop
  endfacet
  facet normal  1.000000e+000  0.000000e+000  0.000000e+000
    outer loop
      vertex  1.550000e+001  3.607308e+000  1.233016e+000
      vertex  1.550000e+001  2.493316e+000  6.056803e-001
      vertex  1.550000e+001  3.270327e+000  6.960179e-001
    endloop
  endfacet
  facet normal  1.000000e+000  0.000000e+000  0.000000e+000
    outer loop
      vertex  1.550000e+001  3.270327e+000  6.960179e-001
      vertex  1.550000e+001  2.493316e+000  6.056803e-001
      vertex  1.550000e+001  2.104384e+000  2.211473e-001
    endloop
  endfacet
  facet normal  1.000000e+000  -0.000000e+000  0.000000e+000
    outer loop
      vertex  1.550000e+001  3.270327e+000  6.960179e-001
      vertex  1.550000e+001  2.104384e+000  2.211473e-001
      vertex  1.550000e+001  2.871075e+000  2.035538e-001
    endloop
  endfacet
  facet normal  1.000000e+000  0.000000e+000  0.000000e+000
    outer loop
      vertex  1.550000e+001  2.871075e+000  2.035538e-001
      vertex  1.550000e+001  2.104384e+000  2.211473e-001
      vertex  1.550000e+001  1.673414e+000 -1.155996e-001
    endloop
  endfacet
  facet normal  1.000000e+000  -0.000000e+000  0.000000e+000
    outer loop
      vertex  1.550000e+001  2.871075e+000  2.035538e-001
      vertex  1.550000e+001  1.673414e+000 -1.155996e-001
      vertex  1.550000e+001  2.415373e+000 -2.371951e-001
    endloop
  endfacet
  facet normal  1.000000e+000  0.000000e+000  0.000000e+000
    outer loop
      vertex  1.550000e+001  2.415373e+000 -2.371951e-001
      vertex  1.550000e+001  1.673414e+000 -1.155996e-001
      vertex  1.550000e+001  1.206241e+000 -4.000000e-001
    endloop
  endfacet
  facet normal  1.000000e+000  -0.000000e+000  0.000000e+000
    outer loop
      vertex  1.550000e+001  2.415373e+000 -2.371951e-001
      vertex  1.550000e+001  1.206241e+000 -4.000000e-001
      vertex  1.550000e+001  1.909868e+000 -6.198017e-001
    endloop
  endfacet
  facet normal  1.000000e+000  0.000000e+000  0.000000e+000
    outer loop
      vertex  1.550000e+001  1.909868e+000 -6.198017e-001
      vertex  1.550000e+001  1.206241e+000 -4.000000e-001
      vertex  1.550000e+001  7.795507e-001 -1.189200e+000
    endloop
  endfacet
  facet normal  1.000000e+000  0.000000e+000  0.000000e+000
    outer loop
      vertex  1.550000e+001  1.909868e+000 -6.198017e-001
      vertex  1.550000e+001  7.795507e-001 -1.189200e+000
      vertex  1.550000e+001  1.361931e+000 -9.386868e-001
    endloop
  endfacet
  facet normal  9.999999e-001  -0.000000e+000  0.000000e+000
    outer loop
      vertex  1.550000e+001 -5.182588e+000  1.606182e+000
      vertex  1.550000e+001 -5.688687e+000  1.388069e+000
      vertex  1.550000e+001 -4.891379e+000  1.114251e+000
    endloop
  endfacet
  facet normal  9.999999e-001  0.000000e+000  0.000000e+000
    outer loop
      vertex  1.550000e+001 -4.891379e+000  1.114251e+000
      vertex  1.550000e+001 -5.688687e+000  1.388069e+000
      vertex  1.550000e+001 -5.369802e+000  8.401318e-001
    endloop
  endfacet
  facet normal  1.000000e+000  -0.000000e+000  0.000000e+000
    outer loop
      vertex  1.550000e+001 -4.891379e+000  1.114251e+000
      vertex  1.550000e+001 -5.369802e+000  8.401318e-001
      vertex  1.550000e+001 -4.542601e+000  6.613144e-001
    endloop
  endfacet
  facet normal  9.999999e-001  0.000000e+000  0.000000e+000
    outer loop
      vertex  1.550000e+001 -4.542601e+000  6.613144e-001
      vertex  1.550000e+001 -5.369802e+000  8.401318e-001
      vertex  1.550000e+001 -4.987195e+000  3.346266e-001
    endloop
  endfacet
  facet normal  1.000000e+000  -0.000000e+000  0.000000e+000
    outer loop
      vertex  1.550000e+001 -4.542601e+000  6.613144e-001
      vertex  1.550000e+001 -4.987195e+000  3.346266e-001
      vertex  1.550000e+001 -4.141414e+000  2.540712e-001
    endloop
  endfacet
  facet normal  1.000000e+000  0.000000e+000  0.000000e+000
    outer loop
      vertex  1.550000e+001 -4.141414e+000  2.540712e-001
      vertex  1.550000e+001 -4.987195e+000  3.346266e-001
      vertex  1.550000e+001 -4.546446e+000 -1.210747e-001
    endloop
  endfacet
  facet normal  1.000000e+000  0.000000e+000  0.000000e+000
    outer loop
      vertex  1.550000e+001 -4.141414e+000  2.540712e-001
      vertex  1.550000e+001 -4.546446e+000 -1.210747e-001
      vertex  1.550000e+001 -3.693753e+000 -1.014535e-001
    endloop
  endfacet
  facet normal  1.000000e+000  -0.000000e+000  0.000000e+000
    outer loop
      vertex  1.550000e+001 -4.834942e+000  6.467207e+000
      vertex  1.550000e+001 -5.607308e+000  6.266984e+000
      vertex  1.550000e+001 -5.124638e+000  6.003300e+000
    endloop
  endfacet
  facet normal  1.000000e+000  0.000000e+000  0.000000e+000
    outer loop
      vertex  1.550000e+001 -5.124638e+000  6.003300e+000
      vertex  1.550000e+001 -5.607308e+000  6.266984e+000
      vertex  1.550000e+001 -5.877105e+000  5.693283e+000
    endloop
  endfacet
  facet normal  9.999999e-001  -0.000000e+000  0.000000e+000
    outer loop
      vertex  1.550000e+001 -5.124638e+000  6.003300e+000
      vertex  1.550000e+001 -5.877105e+000  5.693283e+000
      vertex  1.550000e+001 -5.367691e+000  5.485880e+000
    endloop
  endfacet
  facet normal  1.000000e+000  0.000000e+000  0.000000e+000
    outer loop
      vertex  1.550000e+001 -5.367691e+000  5.485880e+000
      vertex  1.550000e+001 -5.877105e+000  5.693283e+000
      vertex  1.550000e+001 -6.075782e+000  5.091244e+000
    endloop
  endfacet
  facet normal  1.000000e+000  -0.000000e+000  0.000000e+000
    outer loop
      vertex  1.550000e+001 -5.367691e+000  5.485880e+000
      vertex  1.550000e+001 -6.075782e+000  5.091244e+000
      vertex  1.550000e+001 -5.546128e+000  4.942780e+000
    endloop
  endfacet
  facet normal  1.000000e+000  0.000000e+000  0.000000e+000
    outer loop
      vertex  1.550000e+001 -5.546128e+000  4.942780e+000
      vertex  1.550000e+001 -6.075782e+000  5.091244e+000
      vertex  1.550000e+001 -6.200443e+000  4.469647e+000
    endloop
  endfacet
  facet normal  1.000000e+000  -0.000000e+000  0.000000e+000
    outer loop
      vertex  1.550000e+001 -5.546128e+000  4.942780e+000
      vertex  1.550000e+001 -6.200443e+000  4.469647e+000
      vertex  1.550000e+001 -5.657310e+000  4.382033e+000
    endloop
  endfacet
  facet normal  1.000000e+000  0.000000e+000  0.000000e+000
    outer loop
      vertex  1.550000e+001 -5.657310e+000  4.382033e+000
      vertex  1.550000e+001 -6.200443e+000  4.469647e+000
      vertex  1.550000e+001 -6.249270e+000  3.837556e+000
    endloop
  endfacet
  facet normal  1.000000e+000  -0.000000e+000  0.000000e+000
    outer loop
      vertex  1.550000e+001 -5.657310e+000  4.382033e+000
      vertex  1.550000e+001 -6.249270e+000  3.837556e+000
      vertex  1.550000e+001 -5.699592e+000  3.811936e+000
    endloop
  endfacet
  facet normal  1.000000e+000  0.000000e+000  0.000000e+000
    outer loop
      vertex  1.550000e+001 -5.699592e+000  3.811936e+000
      vertex  1.550000e+001 -6.249270e+000  3.837556e+000
      vertex  1.550000e+001 -6.221550e+000  3.204188e+000
    endloop
  endfacet
  facet normal  1.000000e+000  0.000000e+000  0.000000e+000
    outer loop
      vertex  1.550000e+001 -5.699592e+000  3.811936e+000
      vertex  1.550000e+001 -6.221550e+000  3.204188e+000
      vertex  1.550000e+001 -5.672348e+000  3.240923e+000
    endloop
  endfacet
  facet normal  1.000000e+000  0.000000e+000  0.000000e+000
    outer loop
      vertex  1.550000e+001 -5.672348e+000  3.240923e+000
      vertex  1.550000e+001 -6.221550e+000  3.204188e+000
      vertex  1.550000e+001 -6.117689e+000  2.578779e+000
    endloop
  endfacet
  facet normal  1.000000e+000  0.000000e+000  0.000000e+000
    outer loop
      vertex  1.550000e+001 -5.672348e+000  3.240923e+000
      vertex  1.550000e+001 -6.117689e+000  2.578779e+000
      vertex  1.550000e+001 -5.575983e+000  2.677442e+000
    endloop
  endfacet
  facet normal  1.000000e+000  0.000000e+000  0.000000e+000
    outer loop
      vertex  1.550000e+001 -5.575983e+000  2.677442e+000
      vertex  1.550000e+001 -6.117689e+000  2.578779e+000
      vertex  1.550000e+001 -5.939200e+000  1.970449e+000
    endloop
  endfacet
  facet normal  1.000000e+000  0.000000e+000  0.000000e+000
    outer loop
      vertex  1.550000e+001 -5.575983e+000  2.677442e+000
      vertex  1.550000e+001 -5.939200e+000  1.970449e+000
      vertex  1.550000e+001 -5.411920e+000  2.129827e+000
    endloop
  endfacet
  facet normal  9.999999e-001  0.000000e+000  0.000000e+000
    outer loop
      vertex  1.550000e+001 -5.411920e+000  2.129827e+000
      vertex  1.550000e+001 -5.939200e+000  1.970449e+000
      vertex  1.550000e+001 -5.688687e+000  1.388069e+000
    endloop
  endfacet
  facet normal  1.000000e+000  0.000000e+000  0.000000e+000
    outer loop
      vertex  1.550000e+001 -5.411920e+000  2.129827e+000
      vertex  1.550000e+001 -5.688687e+000  1.388069e+000
      vertex  1.550000e+001 -5.182588e+000  1.606182e+000
    endloop
  endfacet
  facet normal  1.000000e+000  0.000000e+000  0.000000e+000
    outer loop
      vertex  1.550000e+001 -4.493316e+000  6.894320e+000
      vertex  1.550000e+001 -5.607308e+000  6.266984e+000
      vertex  1.550000e+001 -4.834942e+000  6.467207e+000
    endloop
  endfacet
  facet normal  1.000000e+000  0.000000e+000  0.000000e+000
    outer loop
      vertex  1.550000e+001 -5.607308e+000  6.266984e+000
      vertex  1.550000e+001 -4.493316e+000  6.894320e+000
      vertex  1.550000e+001 -5.270327e+000  6.803982e+000
    endloop
  endfacet
  facet normal  1.000000e+000  0.000000e+000  0.000000e+000
    outer loop
      vertex  1.550000e+001 -5.270327e+000  6.803982e+000
      vertex  1.550000e+001 -4.493316e+000  6.894320e+000
      vertex  1.550000e+001 -4.104384e+000  7.278853e+000
    endloop
  endfacet
  facet normal  1.000000e+000  0.000000e+000  0.000000e+000
    outer loop
      vertex  1.550000e+001 -5.270327e+000  6.803982e+000
      vertex  1.550000e+001 -4.104384e+000  7.278853e+000
      vertex  1.550000e+001 -4.871075e+000  7.296446e+000
    endloop
  endfacet
  facet normal  1.000000e+000  -0.000000e+000  0.000000e+000
    outer loop
      vertex  1.550000e+001 -4.871075e+000  7.296446e+000
      vertex  1.550000e+001 -4.104384e+000  7.278853e+000
      vertex  1.550000e+001 -3.673414e+000  7.615600e+000
    endloop
  endfacet
  facet normal  9.999999e-001  0.000000e+000  0.000000e+000
    outer loop
      vertex  1.550000e+001 -4.871075e+000  7.296446e+000
      vertex  1.550000e+001 -3.673414e+000  7.615600e+000
      vertex  1.550000e+001 -4.415373e+000  7.737195e+000
    endloop
  endfacet
  facet normal  1.000000e+000  -0.000000e+000  0.000000e+000
    outer loop
      vertex  1.550000e+001  4.221550e+000  4.295812e+000
      vertex  1.550000e+001  3.699592e+000  3.688064e+000
      vertex  1.550000e+001  4.249270e+000  3.662444e+000
    endloop
  endfacet
  facet normal  1.000000e+000  0.000000e+000  0.000000e+000
    outer loop
      vertex  1.550000e+001  4.249270e+000  3.662444e+000
      vertex  1.550000e+001  3.699592e+000  3.688064e+000
      vertex  1.550000e+001  3.657310e+000  3.117967e+000
    endloop
  endfacet
  facet normal  1.000000e+000  -0.000000e+000  0.000000e+000
    outer loop
      vertex  1.550000e+001  4.249270e+000  3.662444e+000
      vertex  1.550000e+001  3.657310e+000  3.117967e+000
      vertex  1.550000e+001  4.200443e+000  3.030353e+000
    endloop
  endfacet
  facet normal  1.000000e+000  0.000000e+000  0.000000e+000
    outer loop
      vertex  1.550000e+001  4.200443e+000  3.030353e+000
      vertex  1.550000e+001  3.657310e+000  3.117967e+000
      vertex  1.550000e+001  3.546128e+000  2.557220e+000
    endloop
  endfacet
  facet normal  1.000000e+000  -0.000000e+000  0.000000e+000
    outer loop
      vertex  1.550000e+001  4.200443e+000  3.030353e+000
      vertex  1.550000e+001  3.546128e+000  2.557220e+000
      vertex  1.550000e+001  4.075782e+000  2.408756e+000
    endloop
  endfacet
  facet normal  1.000000e+000  0.000000e+000  0.000000e+000
    outer loop
      vertex  1.550000e+001  4.075782e+000  2.408756e+000
      vertex  1.550000e+001  3.546128e+000  2.557220e+000
      vertex  1.550000e+001  3.367691e+000  2.014120e+000
    endloop
  endfacet
  facet normal  1.000000e+000  -0.000000e+000  0.000000e+000
    outer loop
      vertex  1.550000e+001  4.075782e+000  2.408756e+000
      vertex  1.550000e+001  3.367691e+000  2.014120e+000
      vertex  1.550000e+001  3.877105e+000  1.806717e+000
    endloop
  endfacet
  facet normal  1.000000e+000  0.000000e+000  0.000000e+000
    outer loop
      vertex  1.550000e+001  3.699592e+000  3.688064e+000
      vertex  1.550000e+001  4.221550e+000  4.295812e+000
      vertex  1.550000e+001  3.672348e+000  4.259077e+000
    endloop
  endfacet
  facet normal  9.999999e-001  0.000000e+000  0.000000e+000
    outer loop
      vertex  1.550000e+001  3.672348e+000  4.259077e+000
      vertex  1.550000e+001  4.221550e+000  4.295812e+000
      vertex  1.550000e+001  4.117689e+000  4.921221e+000
    endloop
  endfacet
  facet normal  1.000000e+000  0.000000e+000  0.000000e+000
    outer loop
      vertex  1.550000e+001  3.672348e+000  4.259077e+000
      vertex  1.550000e+001  4.117689e+000  4.921221e+000
      vertex  1.550000e+001  3.575983e+000  4.822558e+000
    endloop
  endfacet
  facet normal  9.999999e-001  0.000000e+000  0.000000e+000
    outer loop
      vertex  1.550000e+001  3.575983e+000  4.822558e+000
      vertex  1.550000e+001  4.117689e+000  4.921221e+000
      vertex  1.550000e+001  3.939200e+000  5.529551e+000
    endloop
  endfacet
  facet normal  1.000000e+000  0.000000e+000  0.000000e+000
    outer loop
      vertex  1.550000e+001  3.575983e+000  4.822558e+000
      vertex  1.550000e+001  3.939200e+000  5.529551e+000
      vertex  1.550000e+001  3.411920e+000  5.370173e+000
    endloop
  endfacet
  facet normal  1.000000e+000  0.000000e+000  0.000000e+000
    outer loop
      vertex  1.550000e+001  3.411920e+000  5.370173e+000
      vertex  1.550000e+001  3.939200e+000  5.529551e+000
      vertex  1.550000e+001  3.688687e+000  6.111930e+000
    endloop
  endfacet
  facet normal  1.000000e+000  0.000000e+000  0.000000e+000
    outer loop
      vertex  1.550000e+001  3.411920e+000  5.370173e+000
      vertex  1.550000e+001  3.688687e+000  6.111930e+000
      vertex  1.550000e+001  3.182588e+000  5.893818e+000
    endloop
  endfacet
  facet normal  1.000000e+000  0.000000e+000  0.000000e+000
    outer loop
      vertex  1.550000e+001  3.182588e+000  5.893818e+000
      vertex  1.550000e+001  3.688687e+000  6.111930e+000
      vertex  1.550000e+001  3.369802e+000  6.659868e+000
    endloop
  endfacet
  facet normal  1.000000e+000  0.000000e+000  0.000000e+000
    outer loop
      vertex  1.550000e+001  3.182588e+000  5.893818e+000
      vertex  1.550000e+001  3.369802e+000  6.659868e+000
      vertex  1.550000e+001  2.891379e+000  6.385748e+000
    endloop
  endfacet
  facet normal  0.000000e+000 -5.315385e-001 -8.470341e-001
    outer loop
      vertex  1.750000e+001  1.516984e+000  8.357308e+000
      vertex  1.550000e+001  2.053982e+000  8.020327e+000
      vertex  1.750000e+001  2.053982e+000  8.020327e+000
    endloop
  endfacet
  facet normal  -0.000000e+000 -6.297607e-001 -7.767891e-001
    outer loop
      vertex  1.750000e+001  2.053982e+000  8.020327e+000
      vertex  1.550000e+001  2.053982e+000  8.020327e+000
      vertex  1.550000e+001  2.546446e+000  7.621075e+000
    endloop
  endfacet
  facet normal  0.000000e+000 -6.297607e-001 -7.767891e-001
    outer loop
      vertex  1.750000e+001  2.053982e+000  8.020327e+000
      vertex  1.550000e+001  2.546446e+000  7.621075e+000
      vertex  1.750000e+001  2.546446e+000  7.621075e+000
    endloop
  endfacet
  facet normal  -0.000000e+000 -7.188010e-001 -6.952158e-001
    outer loop
      vertex  1.750000e+001  2.546446e+000  7.621075e+000
      vertex  1.550000e+001  2.546446e+000  7.621075e+000
      vertex  1.550000e+001  2.987195e+000  7.165373e+000
    endloop
  endfacet
  facet normal  0.000000e+000 -7.188010e-001 -6.952158e-001
    outer loop
      vertex  1.750000e+001  2.546446e+000  7.621075e+000
      vertex  1.550000e+001  2.987195e+000  7.165373e+000
      vertex  1.750000e+001  2.987195e+000  7.165373e+000
    endloop
  endfacet
  facet normal  -0.000000e+000 -7.973590e-001 -6.035052e-001
    outer loop
      vertex  1.750000e+001  2.987195e+000  7.165373e+000
      vertex  1.550000e+001  2.987195e+000  7.165373e+000
      vertex  1.550000e+001  3.369802e+000  6.659868e+000
    endloop
  endfacet
  facet normal  0.000000e+000 -7.973590e-001 -6.035052e-001
    outer loop
      vertex  1.750000e+001  2.987195e+000  7.165373e+000
      vertex  1.550000e+001  3.369802e+000  6.659868e+000
      vertex  1.750000e+001  3.369802e+000  6.659868e+000
    endloop
  endfacet
  facet normal  -0.000000e+000 -8.642901e-001 -5.029936e-001
    outer loop
      vertex  1.750000e+001  3.369802e+000  6.659868e+000
      vertex  1.550000e+001  3.369802e+000  6.659868e+000
      vertex  1.550000e+001  3.688687e+000  6.111930e+000
    endloop
  endfacet
  facet normal  0.000000e+000 -8.642901e-001 -5.029936e-001
    outer loop
      vertex  1.750000e+001  3.369802e+000  6.659868e+000
      vertex  1.550000e+001  3.688687e+000  6.111930e+000
      vertex  1.750000e+001  3.688687e+000  6.111930e+000
    endloop
  endfacet
  facet normal  -0.000000e+000 -9.186177e-001 -3.951475e-001
    outer loop
      vertex  1.750000e+001  3.688687e+000  6.111930e+000
      vertex  1.550000e+001  3.688687e+000  6.111930e+000
      vertex  1.550000e+001  3.939200e+000  5.529551e+000
    endloop
  endfacet
  facet normal  0.000000e+000 -9.186177e-001 -3.951475e-001
    outer loop
      vertex  1.750000e+001  3.688687e+000  6.111930e+000
      vertex  1.550000e+001  3.939200e+000  5.529551e+000
      vertex  1.750000e+001  3.939200e+000  5.529551e+000
    endloop
  endfacet
  facet normal  -0.000000e+000 -9.595495e-001 -2.815397e-001
    outer loop
      vertex  1.750000e+001  3.939200e+000  5.529551e+000
      vertex  1.550000e+001  3.939200e+000  5.529551e+000
      vertex  1.550000e+001  4.117689e+000  4.921221e+000
    endloop
  endfacet
  facet normal  0.000000e+000 -9.595495e-001 -2.815397e-001
    outer loop
      vertex  1.750000e+001  3.939200e+000  5.529551e+000
      vertex  1.550000e+001  4.117689e+000  4.921221e+000
      vertex  1.750000e+001  4.117689e+000  4.921221e+000
    endloop
  endfacet
  facet normal  -0.000000e+000 -9.864892e-001 -1.638258e-001
    outer loop
      vertex  1.750000e+001  4.117689e+000  4.921221e+000
      vertex  1.550000e+001  4.117689e+000  4.921221e+000
      vertex  1.550000e+001  4.221550e+000  4.295812e+000
    endloop
  endfacet
  facet normal  0.000000e+000 -9.864892e-001 -1.638258e-001
    outer loop
      vertex  1.750000e+001  4.117689e+000  4.921221e+000
      vertex  1.550000e+001  4.221550e+000  4.295812e+000
      vertex  1.750000e+001  4.221550e+000  4.295812e+000
    endloop
  endfacet
  facet normal  -0.000000e+000 -9.990437e-001 -4.372340e-002
    outer loop
      vertex  1.750000e+001  4.221550e+000  4.295812e+000
      vertex  1.550000e+001  4.221550e+000  4.295812e+000
      vertex  1.550000e+001  4.249270e+000  3.662444e+000
    endloop
  endfacet
  facet normal  0.000000e+000 -9.990437e-001 -4.372340e-002
    outer loop
      vertex  1.750000e+001  4.221550e+000  4.295812e+000
      vertex  1.550000e+001  4.249270e+000  3.662444e+000
      vertex  1.750000e+001  4.249270e+000  3.662444e+000
    endloop
  endfacet
  facet normal  0.000000e+000 -9.970298e-001  7.701683e-002
    outer loop
      vertex  1.750000e+001  4.249270e+000  3.662444e+000
      vertex  1.550000e+001  4.249270e+000  3.662444e+000
      vertex  1.550000e+001  4.200443e+000  3.030353e+000
    endloop
  endfacet
  facet normal  0.000000e+000 -9.970298e-001  7.701683e-002
    outer loop
      vertex  1.750000e+001  4.249270e+000  3.662444e+000
      vertex  1.550000e+001  4.200443e+000  3.030353e+000
      vertex  1.750000e+001  4.200443e+000  3.030353e+000
    endloop
  endfacet
  facet normal  0.000000e+000 -9.804769e-001  1.966341e-001
    outer loop
      vertex  1.750000e+001  4.200443e+000  3.030353e+000
      vertex  1.550000e+001  4.200443e+000  3.030353e+000
      vertex  1.550000e+001  4.075782e+000  2.408756e+000
    endloop
  endfacet
  facet normal  0.000000e+000 -9.804769e-001  1.966341e-001
    outer loop
      vertex  1.750000e+001  4.200443e+000  3.030353e+000
      vertex  1.550000e+001  4.075782e+000  2.408756e+000
      vertex  1.750000e+001  4.075782e+000  2.408756e+000
    endloop
  endfacet
  facet normal  0.000000e+000 -9.496264e-001  3.133838e-001
    outer loop
      vertex  1.750000e+001  4.075782e+000  2.408756e+000
      vertex  1.550000e+001  4.075782e+000  2.408756e+000
      vertex  1.550000e+001  3.877105e+000  1.806717e+000
    endloop
  endfacet
  facet normal  0.000000e+000 -9.496264e-001  3.133838e-001
    outer loop
      vertex  1.750000e+001  4.075782e+000  2.408756e+000
      vertex  1.550000e+001  3.877105e+000  1.806717e+000
      vertex  1.750000e+001  3.877105e+000  1.806717e+000
    endloop
  endfacet
  facet normal  0.000000e+000 -9.049284e-001  4.255639e-001
    outer loop
      vertex  1.750000e+001  3.877105e+000  1.806717e+000
      vertex  1.550000e+001  3.877105e+000  1.806717e+000
      vertex  1.550000e+001  3.607308e+000  1.233016e+000
    endloop
  endfacet
  facet normal  0.000000e+000 -9.049284e-001  4.255639e-001
    outer loop
      vertex  1.750000e+001  3.877105e+000  1.806717e+000
      vertex  1.550000e+001  3.607308e+000  1.233016e+000
      vertex  1.750000e+001  3.607308e+000  1.233016e+000
    endloop
  endfacet
  facet normal  -0.000000e+000 -5.315385e-001 -8.470341e-001
    outer loop
      vertex  1.550000e+001  2.053982e+000  8.020327e+000
      vertex  1.750000e+001  1.516984e+000  8.357308e+000
      vertex  1.550000e+001  1.516984e+000  8.357308e+000
    endloop
  endfacet
  facet normal  0.000000e+000 -4.255636e-001 -9.049285e-001
    outer loop
      vertex  1.550000e+001  1.516984e+000  8.357308e+000
      vertex  1.750000e+001  1.516984e+000  8.357308e+000
      vertex  1.750000e+001  9.432828e-001  8.627105e+000
    endloop
  endfacet
  facet normal  -0.000000e+000 -4.255636e-001 -9.049285e-001
    outer loop
      vertex  1.550000e+001  1.516984e+000  8.357308e+000
      vertex  1.750000e+001  9.432828e-001  8.627105e+000
      vertex  1.550000e+001  9.432828e-001  8.627105e+000
    endloop
  endfacet
  facet normal  0.000000e+000 -3.133835e-001 -9.496267e-001
    outer loop
      vertex  1.550000e+001  9.432828e-001  8.627105e+000
      vertex  1.750000e+001  9.432828e-001  8.627105e+000
      vertex  1.750000e+001  3.412440e-001  8.825782e+000
    endloop
  endfacet
  facet normal  -0.000000e+000 -3.133835e-001 -9.496267e-001
    outer loop
      vertex  1.550000e+001  9.432828e-001  8.627105e+000
      vertex  1.750000e+001  3.412440e-001  8.825782e+000
      vertex  1.550000e+001  3.412440e-001  8.825782e+000
    endloop
  endfacet
  facet normal  0.000000e+000 -1.966349e-001 -9.804768e-001
    outer loop
      vertex  1.550000e+001  3.412440e-001  8.825782e+000
      vertex  1.750000e+001  3.412440e-001  8.825782e+000
      vertex  1.750000e+001 -2.803531e-001  8.950443e+000
    endloop
  endfacet
  facet normal  -0.000000e+000 -1.966349e-001 -9.804768e-001
    outer loop
      vertex  1.550000e+001  3.412440e-001  8.825782e+000
      vertex  1.750000e+001 -2.803531e-001  8.950443e+000
      vertex  1.550000e+001 -2.803531e-001  8.950443e+000
    endloop
  endfacet
  facet normal  0.000000e+000 -7.701611e-002 -9.970299e-001
    outer loop
      vertex  1.550000e+001 -2.803531e-001  8.950443e+000
      vertex  1.750000e+001 -2.803531e-001  8.950443e+000
      vertex  1.750000e+001 -9.124443e-001  8.999269e+000
    endloop
  endfacet
  facet normal  -0.000000e+000 -7.701611e-002 -9.970299e-001
    outer loop
      vertex  1.550000e+001 -2.803531e-001  8.950443e+000
      vertex  1.750000e+001 -9.124443e-001  8.999269e+000
      vertex  1.550000e+001 -9.124443e-001  8.999269e+000
    endloop
  endfacet
  facet normal  0.000000e+000  4.372338e-002 -9.990436e-001
    outer loop
      vertex  1.550000e+001 -9.124443e-001  8.999269e+000
      vertex  1.750000e+001 -9.124443e-001  8.999269e+000
      vertex  1.750000e+001 -1.545812e+000  8.971550e+000
    endloop
  endfacet
  facet normal  0.000000e+000  4.372338e-002 -9.990436e-001
    outer loop
      vertex  1.550000e+001 -9.124443e-001  8.999269e+000
      vertex  1.750000e+001 -1.545812e+000  8.971550e+000
      vertex  1.550000e+001 -1.545812e+000  8.971550e+000
    endloop
  endfacet
  facet normal  0.000000e+000  1.638251e-001 -9.864894e-001
    outer loop
      vertex  1.550000e+001 -1.545812e+000  8.971550e+000
      vertex  1.750000e+001 -1.545812e+000  8.971550e+000
      vertex  1.750000e+001 -2.171221e+000  8.867689e+000
    endloop
  endfacet
  facet normal  0.000000e+000  1.638251e-001 -9.864894e-001
    outer loop
      vertex  1.550000e+001 -1.545812e+000  8.971550e+000
      vertex  1.750000e+001 -2.171221e+000  8.867689e+000
      vertex  1.550000e+001 -2.171221e+000  8.867689e+000
    endloop
  endfacet
  facet normal  0.000000e+000  2.815394e-001 -9.595496e-001
    outer loop
      vertex  1.550000e+001 -2.171221e+000  8.867689e+000
      vertex  1.750000e+001 -2.171221e+000  8.867689e+000
      vertex  1.750000e+001 -2.779551e+000  8.689200e+000
    endloop
  endfacet
  facet normal  0.000000e+000  2.815394e-001 -9.595496e-001
    outer loop
      vertex  1.550000e+001 -2.171221e+000  8.867689e+000
      vertex  1.750000e+001 -2.779551e+000  8.689200e+000
      vertex  1.550000e+001 -2.779551e+000  8.689200e+000
    endloop
  endfacet
  facet normal  0.000000e+000  3.951485e-001 -9.186173e-001
    outer loop
      vertex  1.550000e+001 -2.779551e+000  8.689200e+000
      vertex  1.750000e+001 -2.779551e+000  8.689200e+000
      vertex  1.750000e+001 -3.361931e+000  8.438686e+000
    endloop
  endfacet
  facet normal  0.000000e+000  3.951485e-001 -9.186173e-001
    outer loop
      vertex  1.550000e+001 -2.779551e+000  8.689200e+000
      vertex  1.750000e+001 -3.361931e+000  8.438686e+000
      vertex  1.550000e+001 -3.361931e+000  8.438686e+000
    endloop
  endfacet
  facet normal  0.000000e+000  5.029935e-001 -8.642902e-001
    outer loop
      vertex  1.550000e+001 -3.361931e+000  8.438686e+000
      vertex  1.750000e+001 -3.361931e+000  8.438686e+000
      vertex  1.750000e+001 -3.909868e+000  8.119802e+000
    endloop
  endfacet
  facet normal  0.000000e+000  5.029935e-001 -8.642902e-001
    outer loop
      vertex  1.550000e+001 -3.361931e+000  8.438686e+000
      vertex  1.750000e+001 -3.909868e+000  8.119802e+000
      vertex  1.550000e+001 -3.909868e+000  8.119802e+000
    endloop
  endfacet
  facet normal  0.000000e+000  6.035050e-001 -7.973592e-001
    outer loop
      vertex  1.550000e+001 -3.909868e+000  8.119802e+000
      vertex  1.750000e+001 -3.909868e+000  8.119802e+000
      vertex  1.750000e+001 -4.415373e+000  7.737195e+000
    endloop
  endfacet
  facet normal  0.000000e+000  6.035050e-001 -7.973592e-001
    outer loop
      vertex  1.550000e+001 -3.909868e+000  8.119802e+000
      vertex  1.750000e+001 -4.415373e+000  7.737195e+000
      vertex  1.550000e+001 -4.415373e+000  7.737195e+000
    endloop
  endfacet
  facet normal  0.000000e+000  6.952156e-001 -7.188013e-001
    outer loop
      vertex  1.550000e+001 -4.415373e+000  7.737195e+000
      vertex  1.750000e+001 -4.415373e+000  7.737195e+000
      vertex  1.750000e+001 -4.871075e+000  7.296446e+000
    endloop
  endfacet
  facet normal  0.000000e+000  6.952156e-001 -7.188013e-001
    outer loop
      vertex  1.550000e+001 -4.415373e+000  7.737195e+000
      vertex  1.750000e+001 -4.871075e+000  7.296446e+000
      vertex  1.550000e+001 -4.871075e+000  7.296446e+000
    endloop
  endfacet
  facet normal  0.000000e+000  7.767887e-001 -6.297612e-001
    outer loop
      vertex  1.550000e+001 -4.871075e+000  7.296446e+000
      vertex  1.750000e+001 -4.871075e+000  7.296446e+000
      vertex  1.750000e+001 -5.270327e+000  6.803982e+000
    endloop
  endfacet
  facet normal  0.000000e+000  7.767887e-001 -6.297612e-001
    outer loop
      vertex  1.550000e+001 -4.871075e+000  7.296446e+000
      vertex  1.750000e+001 -5.270327e+000  6.803982e+000
      vertex  1.550000e+001 -5.270327e+000  6.803982e+000
    endloop
  endfacet
  facet normal  0.000000e+000  8.470347e-001 -5.315377e-001
    outer loop
      vertex  1.550000e+001 -5.270327e+000  6.803982e+000
      vertex  1.750000e+001 -5.270327e+000  6.803982e+000
      vertex  1.750000e+001 -5.607308e+000  6.266984e+000
    endloop
  endfacet
  facet normal  0.000000e+000  8.470347e-001 -5.315377e-001
    outer loop
      vertex  1.550000e+001 -5.270327e+000  6.803982e+000
      vertex  1.750000e+001 -5.607308e+000  6.266984e+000
      vertex  1.550000e+001 -5.607308e+000  6.266984e+000
    endloop
  endfacet
  facet normal  -0.000000e+000  5.315378e-001  8.470346e-001
    outer loop
      vertex  1.750000e+001 -3.516984e+000 -8.573084e-001
      vertex  1.550000e+001 -4.053982e+000 -5.203271e-001
      vertex  1.750000e+001 -4.053982e+000 -5.203271e-001
    endloop
  endfacet
  facet normal  0.000000e+000  6.297612e-001  7.767888e-001
    outer loop
      vertex  1.750000e+001 -4.053982e+000 -5.203271e-001
      vertex  1.550000e+001 -4.053982e+000 -5.203271e-001
      vertex  1.550000e+001 -4.546446e+000 -1.210747e-001
    endloop
  endfacet
  facet normal  -0.000000e+000  6.297612e-001  7.767888e-001
    outer loop
      vertex  1.750000e+001 -4.053982e+000 -5.203271e-001
      vertex  1.550000e+001 -4.546446e+000 -1.210747e-001
      vertex  1.750000e+001 -4.546446e+000 -1.210747e-001
    endloop
  endfacet
  facet normal  0.000000e+000  7.188013e-001  6.952156e-001
    outer loop
      vertex  1.750000e+001 -4.546446e+000 -1.210747e-001
      vertex  1.550000e+001 -4.546446e+000 -1.210747e-001
      vertex  1.550000e+001 -4.987195e+000  3.346266e-001
    endloop
  endfacet
  facet normal  -0.000000e+000  7.188013e-001  6.952156e-001
    outer loop
      vertex  1.750000e+001 -4.546446e+000 -1.210747e-001
      vertex  1.550000e+001 -4.987195e+000  3.346266e-001
      vertex  1.750000e+001 -4.987195e+000  3.346266e-001
    endloop
  endfacet
  facet normal  0.000000e+000  7.973593e-001  6.035050e-001
    outer loop
      vertex  1.750000e+001 -4.987195e+000  3.346266e-001
      vertex  1.550000e+001 -4.987195e+000  3.346266e-001
      vertex  1.550000e+001 -5.369802e+000  8.401318e-001
    endloop
  endfacet
  facet normal  -0.000000e+000  7.973593e-001  6.035050e-001
    outer loop
      vertex  1.750000e+001 -4.987195e+000  3.346266e-001
      vertex  1.550000e+001 -5.369802e+000  8.401318e-001
      vertex  1.750000e+001 -5.369802e+000  8.401318e-001
    endloop
  endfacet
  facet normal  0.000000e+000  8.642899e-001  5.029941e-001
    outer loop
      vertex  1.750000e+001 -5.369802e+000  8.401318e-001
      vertex  1.550000e+001 -5.369802e+000  8.401318e-001
      vertex  1.550000e+001 -5.688687e+000  1.388069e+000
    endloop
  endfacet
  facet normal  -0.000000e+000  8.642899e-001  5.029941e-001
    outer loop
      vertex  1.750000e+001 -5.369802e+000  8.401318e-001
      vertex  1.550000e+001 -5.688687e+000  1.388069e+000
      vertex  1.750000e+001 -5.688687e+000  1.388069e+000
    endloop
  endfacet
  facet normal  0.000000e+000  9.186175e-001  3.951478e-001
    outer loop
      vertex  1.750000e+001 -5.688687e+000  1.388069e+000
      vertex  1.550000e+001 -5.688687e+000  1.388069e+000
      vertex  1.550000e+001 -5.939200e+000  1.970449e+000
    endloop
  endfacet
  facet normal  -0.000000e+000  9.186175e-001  3.951478e-001
    outer loop
      vertex  1.750000e+001 -5.688687e+000  1.388069e+000
      vertex  1.550000e+001 -5.939200e+000  1.970449e+000
      vertex  1.750000e+001 -5.939200e+000  1.970449e+000
    endloop
  endfacet
  facet normal  0.000000e+000  9.595497e-001  2.815395e-001
    outer loop
      vertex  1.750000e+001 -5.939200e+000  1.970449e+000
      vertex  1.550000e+001 -5.939200e+000  1.970449e+000
      vertex  1.550000e+001 -6.117689e+000  2.578779e+000
    endloop
  endfacet
  facet normal  -0.000000e+000  9.595497e-001  2.815395e-001
    outer loop
      vertex  1.750000e+001 -5.939200e+000  1.970449e+000
      vertex  1.550000e+001 -6.117689e+000  2.578779e+000
      vertex  1.750000e+001 -6.117689e+000  2.578779e+000
    endloop
  endfacet
  facet normal  0.000000e+000  9.864892e-001  1.638258e-001
    outer loop
      vertex  1.750000e+001 -6.117689e+000  2.578779e+000
      vertex  1.550000e+001 -6.117689e+000  2.578779e+000
      vertex  1.550000e+001 -6.221550e+000  3.204188e+000
    endloop
  endfacet
  facet normal  -0.000000e+000  9.864892e-001  1.638258e-001
    outer loop
      vertex  1.750000e+001 -6.117689e+000  2.578779e+000
      vertex  1.550000e+001 -6.221550e+000  3.204188e+000
      vertex  1.750000e+001 -6.221550e+000  3.204188e+000
    endloop
  endfacet
  facet normal  0.000000e+000  9.990437e-001  4.372340e-002
    outer loop
      vertex  1.750000e+001 -6.221550e+000  3.204188e+000
      vertex  1.550000e+001 -6.221550e+000  3.204188e+000
      vertex  1.550000e+001 -6.249270e+000  3.837556e+000
    endloop
  endfacet
  facet normal  -0.000000e+000  9.990437e-001  4.372340e-002
    outer loop
      vertex  1.750000e+001 -6.221550e+000  3.204188e+000
      vertex  1.550000e+001 -6.249270e+000  3.837556e+000
      vertex  1.750000e+001 -6.249270e+000  3.837556e+000
    endloop
  endfacet
  facet normal  0.000000e+000  9.970298e-001 -7.701683e-002
    outer loop
      vertex  1.750000e+001 -6.249270e+000  3.837556e+000
      vertex  1.550000e+001 -6.249270e+000  3.837556e+000
      vertex  1.550000e+001 -6.200443e+000  4.469647e+000
    endloop
  endfacet
  facet normal  0.000000e+000  9.970298e-001 -7.701683e-002
    outer loop
      vertex  1.750000e+001 -6.249270e+000  3.837556e+000
      vertex  1.550000e+001 -6.200443e+000  4.469647e+000
      vertex  1.750000e+001 -6.200443e+000  4.469647e+000
    endloop
  endfacet
  facet normal  0.000000e+000  9.804769e-001 -1.966341e-001
    outer loop
      vertex  1.750000e+001 -6.200443e+000  4.469647e+000
      vertex  1.550000e+001 -6.200443e+000  4.469647e+000
      vertex  1.550000e+001 -6.075782e+000  5.091244e+000
    endloop
  endfacet
  facet normal  0.000000e+000  9.804769e-001 -1.966341e-001
    outer loop
      vertex  1.750000e+001 -6.200443e+000  4.469647e+000
      vertex  1.550000e+001 -6.075782e+000  5.091244e+000
      vertex  1.750000e+001 -6.075782e+000  5.091244e+000
    endloop
  endfacet
  facet normal  0.000000e+000  9.496263e-001 -3.133844e-001
    outer loop
      vertex  1.750000e+001 -6.075782e+000  5.091244e+000
      vertex  1.550000e+001 -6.075782e+000  5.091244e+000
      vertex  1.550000e+001 -5.877105e+000  5.693283e+000
    endloop
  endfacet
  facet normal  0.000000e+000  9.496263e-001 -3.133844e-001
    outer loop
      vertex  1.750000e+001 -6.075782e+000  5.091244e+000
      vertex  1.550000e+001 -5.877105e+000  5.693283e+000
      vertex  1.750000e+001 -5.877105e+000  5.693283e+000
    endloop
  endfacet
  facet normal  0.000000e+000  9.049285e-001 -4.255636e-001
    outer loop
      vertex  1.750000e+001 -5.877105e+000  5.693283e+000
      vertex  1.550000e+001 -5.877105e+000  5.693283e+000
      vertex  1.550000e+001 -5.607308e+000  6.266984e+000
    endloop
  endfacet
  facet normal  0.000000e+000  9.049285e-001 -4.255636e-001
    outer loop
      vertex  1.750000e+001 -5.877105e+000  5.693283e+000
      vertex  1.550000e+001 -5.607308e+000  6.266984e+000
      vertex  1.750000e+001 -5.607308e+000  6.266984e+000
    endloop
  endfacet
  facet normal  0.000000e+000  5.315378e-001  8.470346e-001
    outer loop
      vertex  1.550000e+001 -4.053982e+000 -5.203271e-001
      vertex  1.750000e+001 -3.516984e+000 -8.573084e-001
      vertex  1.550000e+001 -3.516984e+000 -8.573084e-001
    endloop
  endfacet
  facet normal  -0.000000e+000  4.255638e-001  9.049284e-001
    outer loop
      vertex  1.550000e+001 -3.516984e+000 -8.573084e-001
      vertex  1.750000e+001 -3.516984e+000 -8.573084e-001
      vertex  1.750000e+001 -2.943283e+000 -1.127105e+000
    endloop
  endfacet
  facet normal  0.000000e+000  4.255638e-001  9.049284e-001
    outer loop
      vertex  1.550000e+001 -3.516984e+000 -8.573084e-001
      vertex  1.750000e+001 -2.943283e+000 -1.127105e+000
      vertex  1.550000e+001 -2.943283e+000 -1.127105e+000
    endloop
  endfacet
  facet normal  -0.000000e+000  3.133838e-001  9.496266e-001
    outer loop
      vertex  1.550000e+001 -2.943283e+000 -1.127105e+000
      vertex  1.750000e+001 -2.943283e+000 -1.127105e+000
      vertex  1.750000e+001 -2.341244e+000 -1.325782e+000
    endloop
  endfacet
  facet normal  0.000000e+000  3.133838e-001  9.496266e-001
    outer loop
      vertex  1.550000e+001 -2.943283e+000 -1.127105e+000
      vertex  1.750000e+001 -2.341244e+000 -1.325782e+000
      vertex  1.550000e+001 -2.341244e+000 -1.325782e+000
    endloop
  endfacet
  facet normal  -0.000000e+000  1.966341e-001  9.804769e-001
    outer loop
      vertex  1.550000e+001 -2.341244e+000 -1.325782e+000
      vertex  1.750000e+001 -2.341244e+000 -1.325782e+000
      vertex  1.750000e+001 -1.719647e+000 -1.450443e+000
    endloop
  endfacet
  facet normal  0.000000e+000  1.966341e-001  9.804769e-001
    outer loop
      vertex  1.550000e+001 -2.341244e+000 -1.325782e+000
      vertex  1.750000e+001 -1.719647e+000 -1.450443e+000
      vertex  1.550000e+001 -1.719647e+000 -1.450443e+000
    endloop
  endfacet
  facet normal  -0.000000e+000  7.701685e-002  9.970298e-001
    outer loop
      vertex  1.550000e+001 -1.719647e+000 -1.450443e+000
      vertex  1.750000e+001 -1.719647e+000 -1.450443e+000
      vertex  1.750000e+001 -1.087556e+000 -1.499270e+000
    endloop
  endfacet
  facet normal  0.000000e+000  7.701685e-002  9.970298e-001
    outer loop
      vertex  1.550000e+001 -1.719647e+000 -1.450443e+000
      vertex  1.750000e+001 -1.087556e+000 -1.499270e+000
      vertex  1.550000e+001 -1.087556e+000 -1.499270e+000
    endloop
  endfacet
  facet normal  0.000000e+000 -4.372319e-002  9.990436e-001
    outer loop
      vertex  1.550000e+001 -1.087556e+000 -1.499270e+000
      vertex  1.750000e+001 -1.087556e+000 -1.499270e+000
      vertex  1.750000e+001 -4.541878e-001 -1.471550e+000
    endloop
  endfacet
  facet normal  0.000000e+000 -4.372319e-002  9.990436e-001
    outer loop
      vertex  1.550000e+001 -1.087556e+000 -1.499270e+000
      vertex  1.750000e+001 -4.541878e-001 -1.471550e+000
      vertex  1.550000e+001 -4.541878e-001 -1.471550e+000
    endloop
  endfacet
  facet normal  0.000000e+000 -1.638260e-001  9.864892e-001
    outer loop
      vertex  1.550000e+001 -4.541878e-001 -1.471550e+000
      vertex  1.750000e+001 -4.541878e-001 -1.471550e+000
      vertex  1.750000e+001  1.712210e-001 -1.367689e+000
    endloop
  endfacet
  facet normal  0.000000e+000 -1.638260e-001  9.864892e-001
    outer loop
      vertex  1.550000e+001 -4.541878e-001 -1.471550e+000
      vertex  1.750000e+001  1.712210e-001 -1.367689e+000
      vertex  1.550000e+001  1.712210e-001 -1.367689e+000
    endloop
  endfacet
  facet normal  0.000000e+000 -2.815394e-001  9.595496e-001
    outer loop
      vertex  1.550000e+001  1.712210e-001 -1.367689e+000
      vertex  1.750000e+001  1.712210e-001 -1.367689e+000
      vertex  1.750000e+001  7.795507e-001 -1.189200e+000
    endloop
  endfacet
  facet normal  0.000000e+000 -2.815394e-001  9.595496e-001
    outer loop
      vertex  1.550000e+001  1.712210e-001 -1.367689e+000
      vertex  1.750000e+001  7.795507e-001 -1.189200e+000
      vertex  1.550000e+001  7.795507e-001 -1.189200e+000
    endloop
  endfacet
  facet normal  0.000000e+000 -3.951477e-001  9.186175e-001
    outer loop
      vertex  1.550000e+001  7.795507e-001 -1.189200e+000
      vertex  1.750000e+001  7.795507e-001 -1.189200e+000
      vertex  1.750000e+001  1.361931e+000 -9.386868e-001
    endloop
  endfacet
  facet normal  0.000000e+000 -3.951477e-001  9.186175e-001
    outer loop
      vertex  1.550000e+001  7.795507e-001 -1.189200e+000
      vertex  1.750000e+001  1.361931e+000 -9.386868e-001
      vertex  1.550000e+001  1.361931e+000 -9.386868e-001
    endloop
  endfacet
  facet normal  0.000000e+000 -5.029938e-001  8.642900e-001
    outer loop
      vertex  1.550000e+001  1.361931e+000 -9.386868e-001
      vertex  1.750000e+001  1.361931e+000 -9.386868e-001
      vertex  1.750000e+001  1.909868e+000 -6.198017e-001
    endloop
  endfacet
  facet normal  0.000000e+000 -5.029938e-001  8.642900e-001
    outer loop
      vertex  1.550000e+001  1.361931e+000 -9.386868e-001
      vertex  1.750000e+001  1.909868e+000 -6.198017e-001
      vertex  1.550000e+001  1.909868e+000 -6.198017e-001
    endloop
  endfacet
  facet normal  0.000000e+000 -6.035051e-001  7.973592e-001
    outer loop
      vertex  1.550000e+001  1.909868e+000 -6.198017e-001
      vertex  1.750000e+001  1.909868e+000 -6.198017e-001
      vertex  1.750000e+001  2.415373e+000 -2.371951e-001
    endloop
  endfacet
  facet normal  0.000000e+000 -6.035051e-001  7.973592e-001
    outer loop
      vertex  1.550000e+001  1.909868e+000 -6.198017e-001
      vertex  1.750000e+001  2.415373e+000 -2.371951e-001
      vertex  1.550000e+001  2.415373e+000 -2.371951e-001
    endloop
  endfacet
  facet normal  0.000000e+000 -6.952158e-001  7.188010e-001
    outer loop
      vertex  1.550000e+001  2.415373e+000 -2.371951e-001
      vertex  1.750000e+001  2.415373e+000 -2.371951e-001
      vertex  1.750000e+001  2.871075e+000  2.035538e-001
    endloop
  endfacet
  facet normal  0.000000e+000 -6.952158e-001  7.188010e-001
    outer loop
      vertex  1.550000e+001  2.415373e+000 -2.371951e-001
      vertex  1.750000e+001  2.871075e+000  2.035538e-001
      vertex  1.550000e+001  2.871075e+000  2.035538e-001
    endloop
  endfacet
  facet normal  0.000000e+000 -7.767888e-001  6.297612e-001
    outer loop
      vertex  1.550000e+001  2.871075e+000  2.035538e-001
      vertex  1.750000e+001  2.871075e+000  2.035538e-001
      vertex  1.750000e+001  3.270327e+000  6.960179e-001
    endloop
  endfacet
  facet normal  0.000000e+000 -7.767888e-001  6.297612e-001
    outer loop
      vertex  1.550000e+001  2.871075e+000  2.035538e-001
      vertex  1.750000e+001  3.270327e+000  6.960179e-001
      vertex  1.550000e+001  3.270327e+000  6.960179e-001
    endloop
  endfacet
  facet normal  0.000000e+000 -8.470345e-001  5.315380e-001
    outer loop
      vertex  1.550000e+001  3.270327e+000  6.960179e-001
      vertex  1.750000e+001  3.270327e+000  6.960179e-001
      vertex  1.750000e+001  3.607308e+000  1.233016e+000
    endloop
  endfacet
  facet normal  0.000000e+000 -8.470345e-001  5.315380e-001
    outer loop
      vertex  1.550000e+001  3.270327e+000  6.960179e-001
      vertex  1.750000e+001  3.607308e+000  1.233016e+000
      vertex  1.550000e+001  3.607308e+000  1.233016e+000
    endloop
  endfacet
  facet normal -1.000000e+000  0.000000e+000  0.000000e+000
    outer loop
      vertex -1.000000e+001  1.150000e+001 -6.250000e+000
      vertex -1.000000e+001  9.700000e+000 -4.450000e+000
      vertex -1.000000e+001  1.150000e+001  6.250000e+000
    endloop
  endfacet
  facet normal -1.000000e+000  -0.000000e+000  0.000000e+000
    outer loop
      vertex -1.000000e+001  1.150000e+001  6.250000e+000
      vertex -1.000000e+001  9.700000e+000 -4.450000e+000
      vertex -1.000000e+001  9.700000e+000  1.075000e+001
    endloop
  endfacet
  facet normal -1.000000e+000  0.000000e+000  0.000000e+000
    outer loop
      vertex -1.000000e+001  1.150000e+001  6.250000e+000
      vertex -1.000000e+001  9.700000e+000  1.075000e+001
      vertex -1.000000e+001  1.150000e+001  1.075000e+001
    endloop
  endfacet
  facet normal -1.000000e+000  0.000000e+000  0.000000e+000
    outer loop
      vertex -1.000000e+001 -9.700000e+000  6.250000e+000
      vertex -1.000000e+001 -1.150000e+001  1.075000e+001
      vertex -1.000000e+001 -9.700000e+000  1.075000e+001
    endloop
  endfacet
  facet normal -1.000000e+000  0.000000e+000  0.000000e+000
    outer loop
      vertex -1.000000e+001 -1.150000e+001  1.075000e+001
      vertex -1.000000e+001 -9.700000e+000  6.250000e+000
      vertex -1.000000e+001 -1.150000e+001  6.250000e+000
    endloop
  endfacet
  facet normal -1.000000e+000  0.000000e+000  0.000000e+000
    outer loop
      vertex -1.000000e+001 -1.150000e+001  6.250000e+000
      vertex -1.000000e+001 -9.700000e+000  6.250000e+000
      vertex -1.000000e+001 -9.700000e+000 -4.450000e+000
    endloop
  endfacet
  facet normal -1.000000e+000  -0.000000e+000  0.000000e+000
    outer loop
      vertex -1.000000e+001 -1.150000e+001  6.250000e+000
      vertex -1.000000e+001 -9.700000e+000 -4.450000e+000
      vertex -1.000000e+001 -1.150000e+001 -6.250000e+000
    endloop
  endfacet
  facet normal -1.000000e+000  0.000000e+000  0.000000e+000
    outer loop
      vertex -1.000000e+001 -1.150000e+001 -6.250000e+000
      vertex -1.000000e+001 -9.700000e+000 -4.450000e+000
      vertex -1.000000e+001  9.700000e+000 -4.450000e+000
    endloop
  endfacet
  facet normal -1.000000e+000  0.000000e+000  -0.000000e+000
    outer loop
      vertex -1.000000e+001 -1.150000e+001 -6.250000e+000
      vertex -1.000000e+001  9.700000e+000 -4.450000e+000
      vertex -1.000000e+001  1.150000e+001 -6.250000e+000
    endloop
  endfacet
  facet normal -1.000000e+000  0.000000e+000  0.000000e+000
    outer loop
      vertex  0.000000e+000 -9.700000e+000  1.075000e+001
      vertex  0.000000e+000 -1.150000e+001  1.075000e+001
      vertex  0.000000e+000 -9.700000e+000  2.000000e+001
    endloop
  endfacet
  facet normal -9.999999e-001  0.000000e+000  0.000000e+000
    outer loop
      vertex  0.000000e+000 -3.600000e+001 -4.700000e+001
      vertex  0.000000e+000 -3.600000e+001  2.000000e+001
      vertex  0.000000e+000 -9.700000e+000  2.000000e+001
    endloop
  endfacet
  facet normal -1.000000e+000  0.000000e+000  0.000000e+000
    outer loop
      vertex  0.000000e+000 -3.600000e+001 -4.700000e+001
      vertex  0.000000e+000 -9.700000e+000  2.000000e+001
      vertex  0.000000e+000 -1.150000e+001  1.075000e+001
    endloop
  endfacet
  facet normal -1.000000e+000  0.000000e+000  -0.000000e+000
    outer loop
      vertex  0.000000e+000 -3.600000e+001 -4.700000e+001
      vertex  0.000000e+000 -1.150000e+001  1.075000e+001
      vertex  0.000000e+000 -1.150000e+001  6.250000e+000
    endloop
  endfacet
  facet normal -1.000000e+000  0.000000e+000  -0.000000e+000
    outer loop
      vertex  0.000000e+000 -3.600000e+001 -4.700000e+001
      vertex  0.000000e+000 -1.150000e+001  6.250000e+000
      vertex  0.000000e+000 -1.150000e+001 -6.250000e+000
    endloop
  endfacet
  facet normal -1.000000e+000  0.000000e+000  0.000000e+000
    outer loop
      vertex  0.000000e+000 -3.600000e+001 -4.700000e+001
      vertex  0.000000e+000 -1.150000e+001 -6.250000e+000
      vertex  0.000000e+000 -2.100000e+001 -3.100000e+001
    endloop
  endfacet
  facet normal -1.000000e+000  0.000000e+000  0.000000e+000
    outer loop
      vertex  0.000000e+000 -3.600000e+001 -4.700000e+001
      vertex  0.000000e+000 -2.100000e+001 -3.100000e+001
      vertex  0.000000e+000 -3.420000e+001 -4.700000e+001
    endloop
  endfacet
  facet normal -1.000000e+000  0.000000e+000  0.000000e+000
    outer loop
      vertex  0.000000e+000  1.800000e+001  2.000000e+001
      vertex  0.000000e+000  9.700000e+000  1.075000e+001
      vertex  0.000000e+000  9.700000e+000  2.000000e+001
    endloop
  endfacet
  facet normal -1.000000e+000  9.868649e-016 -8.855112e-016
    outer loop
      vertex  0.000000e+000  9.700000e+000  1.075000e+001
      vertex  0.000000e+000  1.800000e+001  2.000000e+001
      vertex  1.776357e-015  1.150000e+001  1.075000e+001
    endloop
  endfacet
  facet normal -1.000000e+000 -2.732857e-016  0.000000e+000
    outer loop
      vertex  1.776357e-015  1.150000e+001  1.075000e+001
      vertex  0.000000e+000  1.800000e+001  2.000000e+001
      vertex  0.000000e+000  1.800000e+001 -3.100000e+001
    endloop
  endfacet
  facet normal -1.000000e+000  6.229306e-017  5.224579e-017
    outer loop
      vertex  1.776357e-015  1.150000e+001  1.075000e+001
      vertex  0.000000e+000  1.800000e+001 -3.100000e+001
      vertex  8.881784e-016  1.150000e+001 -6.250000e+000
    endloop
  endfacet
  facet normal -1.000000e+000  0.000000e+000  3.588600e-017
    outer loop
      vertex  8.881784e-016  1.150000e+001 -6.250000e+000
      vertex  0.000000e+000  1.800000e+001 -3.100000e+001
      vertex  0.000000e+000 -2.100000e+001 -3.100000e+001
    endloop
  endfacet
  facet normal -1.000000e+000  3.861645e-017 -1.482248e-017
    outer loop
      vertex  8.881784e-016  1.150000e+001 -6.250000e+000
      vertex  0.000000e+000 -2.100000e+001 -3.100000e+001
      vertex  0.000000e+000 -1.150000e+001 -6.250000e+000
    endloop
  endfacet
  facet normal -1.000000e+000  0.000000e+000  0.000000e+000
    outer loop
      vertex  0.000000e+000 -3.420000e+001 -4.700000e+001
      vertex  0.000000e+000 -2.100000e+001 -3.100000e+001
      vertex  0.000000e+000 -3.420000e+001 -7.820000e+001
    endloop
  endfacet
  facet normal -1.000000e+000  0.000000e+000  0.000000e+000
    outer loop
      vertex  0.000000e+000 -3.420000e+001 -7.820000e+001
      vertex  0.000000e+000 -2.100000e+001 -3.100000e+001
      vertex  0.000000e+000 -2.100000e+001 -7.820000e+001
    endloop
  endfacet
  facet normal  0.000000e+000  0.000000e+000  1.000000e+000
    outer loop
      vertex -1.000000e+001  9.700000e+000  1.075000e+001
      vertex  0.000000e+000  9.700000e+000  1.075000e+001
      vertex -1.000000e+001  1.150000e+001  1.075000e+001
    endloop
  endfacet
  facet normal  -0.000000e+000  0.000000e+000  1.000000e+000
    outer loop
      vertex -1.000000e+001  1.150000e+001  1.075000e+001
      vertex  0.000000e+000  9.700000e+000  1.075000e+001
      vertex  1.776357e-015  1.150000e+001  1.075000e+001
    endloop
  endfacet
  facet normal  0.000000e+000  0.000000e+000  1.000000e+000
    outer loop
      vertex -1.000000e+001 -1.150000e+001  1.075000e+001
      vertex  0.000000e+000 -1.150000e+001  1.075000e+001
      vertex -1.000000e+001 -9.700000e+000  1.075000e+001
    endloop
  endfacet
  facet normal  -0.000000e+000  0.000000e+000  1.000000e+000
    outer loop
      vertex -1.000000e+001 -9.700000e+000  1.075000e+001
      vertex  0.000000e+000 -1.150000e+001  1.075000e+001
      vertex  0.000000e+000 -9.700000e+000  1.075000e+001
    endloop
  endfacet
  facet normal -5.320378e-001  0.000000e+000  8.467206e-001
    outer loop
      vertex  1.074819e+001 -3.420000e+001 -9.793819e+001
      vertex  1.052066e+001 -2.100000e+001 -9.808116e+001
      vertex  1.052066e+001 -3.420000e+001 -9.808116e+001
    endloop
  endfacet
  facet normal -3.302853e-001  0.000000e+000  9.438811e-001
    outer loop
      vertex  1.052066e+001 -3.420000e+001 -9.808116e+001
      vertex  1.052066e+001 -2.100000e+001 -9.808116e+001
      vertex  1.026702e+001 -2.100000e+001 -9.816991e+001
    endloop
  endfacet
  facet normal -3.302853e-001  0.000000e+000  9.438811e-001
    outer loop
      vertex  1.052066e+001 -3.420000e+001 -9.808116e+001
      vertex  1.026702e+001 -2.100000e+001 -9.816991e+001
      vertex  1.026702e+001 -3.420000e+001 -9.816991e+001
    endloop
  endfacet
  facet normal -1.119505e-001  0.000000e+000  9.937137e-001
    outer loop
      vertex  1.026702e+001 -3.420000e+001 -9.816991e+001
      vertex  1.026702e+001 -2.100000e+001 -9.816991e+001
      vertex  1.000000e+001 -2.100000e+001 -9.820000e+001
    endloop
  endfacet
  facet normal -1.119505e-001  0.000000e+000  9.937137e-001
    outer loop
      vertex  1.026702e+001 -3.420000e+001 -9.816991e+001
      vertex  1.000000e+001 -2.100000e+001 -9.820000e+001
      vertex  1.000000e+001 -3.420000e+001 -9.820000e+001
    endloop
  endfacet
  facet normal -5.320378e-001  0.000000e+000  8.467206e-001
    outer loop
      vertex  1.052066e+001 -2.100000e+001 -9.808116e+001
      vertex  1.074819e+001 -3.420000e+001 -9.793819e+001
      vertex  1.074819e+001 -2.100000e+001 -9.793819e+001
    endloop
  endfacet
  facet normal -7.071068e-001  0.000000e+000  7.071068e-001
    outer loop
      vertex  1.074819e+001 -2.100000e+001 -9.793819e+001
      vertex  1.074819e+001 -3.420000e+001 -9.793819e+001
      vertex  1.093820e+001 -3.420000e+001 -9.774818e+001
    endloop
  endfacet
  facet normal -7.071068e-001  0.000000e+000  7.071068e-001
    outer loop
      vertex  1.074819e+001 -2.100000e+001 -9.793819e+001
      vertex  1.093820e+001 -3.420000e+001 -9.774818e+001
      vertex  1.093820e+001 -2.100000e+001 -9.774818e+001
    endloop
  endfacet
  facet normal -8.467214e-001  0.000000e+000  5.320365e-001
    outer loop
      vertex  1.093820e+001 -2.100000e+001 -9.774818e+001
      vertex  1.093820e+001 -3.420000e+001 -9.774818e+001
      vertex  1.108116e+001 -3.420000e+001 -9.752066e+001
    endloop
  endfacet
  facet normal -8.467214e-001  0.000000e+000  5.320365e-001
    outer loop
      vertex  1.093820e+001 -2.100000e+001 -9.774818e+001
      vertex  1.108116e+001 -3.420000e+001 -9.752066e+001
      vertex  1.108116e+001 -2.100000e+001 -9.752066e+001
    endloop
  endfacet
  facet normal -9.438818e-001  0.000000e+000  3.302834e-001
    outer loop
      vertex  1.108116e+001 -2.100000e+001 -9.752066e+001
      vertex  1.108116e+001 -3.420000e+001 -9.752066e+001
      vertex  1.116991e+001 -3.420000e+001 -9.726703e+001
    endloop
  endfacet
  facet normal -9.438818e-001  0.000000e+000  3.302834e-001
    outer loop
      vertex  1.108116e+001 -2.100000e+001 -9.752066e+001
      vertex  1.116991e+001 -3.420000e+001 -9.726703e+001
      vertex  1.116991e+001 -2.100000e+001 -9.726703e+001
    endloop
  endfacet
  facet normal -9.937124e-001  0.000000e+000  1.119630e-001
    outer loop
      vertex  1.116991e+001 -2.100000e+001 -9.726703e+001
      vertex  1.116991e+001 -3.420000e+001 -9.726703e+001
      vertex  1.120000e+001 -3.420000e+001 -9.700000e+001
    endloop
  endfacet
  facet normal -9.937124e-001  0.000000e+000  1.119630e-001
    outer loop
      vertex  1.116991e+001 -2.100000e+001 -9.726703e+001
      vertex  1.120000e+001 -3.420000e+001 -9.700000e+001
      vertex  1.120000e+001 -2.100000e+001 -9.700000e+001
    endloop
  endfacet
  facet normal -7.604051e-001  0.000000e+000  6.494491e-001
    outer loop
      vertex -8.786796e-001 -3.420000e+001 -4.912132e+001
      vertex -5.729490e-001 -3.600000e+001 -4.876336e+001
      vertex -5.729490e-001 -3.420000e+001 -4.876336e+001
    endloop
  endfacet
  facet normal -8.526392e-001  0.000000e+000  5.225003e-001
    outer loop
      vertex -5.729490e-001 -3.420000e+001 -4.876336e+001
      vertex -5.729490e-001 -3.600000e+001 -4.876336e+001
      vertex -3.269804e-001 -3.600000e+001 -4.836197e+001
    endloop
  endfacet
  facet normal -8.526392e-001  0.000000e+000  5.225003e-001
    outer loop
      vertex -5.729490e-001 -3.420000e+001 -4.876336e+001
      vertex -3.269804e-001 -3.600000e+001 -4.836197e+001
      vertex -3.269804e-001 -3.420000e+001 -4.836197e+001
    endloop
  endfacet
  facet normal -9.238797e-001  0.000000e+000  3.826829e-001
    outer loop
      vertex -3.269804e-001 -3.420000e+001 -4.836197e+001
      vertex -3.269804e-001 -3.600000e+001 -4.836197e+001
      vertex -1.468305e-001 -3.600000e+001 -4.792705e+001
    endloop
  endfacet
  facet normal -9.238797e-001  0.000000e+000  3.826829e-001
    outer loop
      vertex -3.269804e-001 -3.420000e+001 -4.836197e+001
      vertex -1.468305e-001 -3.600000e+001 -4.792705e+001
      vertex -1.468305e-001 -3.420000e+001 -4.792705e+001
    endloop
  endfacet
  facet normal -9.723700e-001  0.000000e+000  2.334450e-001
    outer loop
      vertex -1.468305e-001 -3.420000e+001 -4.792705e+001
      vertex -1.468305e-001 -3.600000e+001 -4.792705e+001
      vertex -3.693498e-002 -3.600000e+001 -4.746930e+001
    endloop
  endfacet
  facet normal -9.723700e-001  0.000000e+000  2.334450e-001
    outer loop
      vertex -1.468305e-001 -3.420000e+001 -4.792705e+001
      vertex -3.693498e-002 -3.600000e+001 -4.746930e+001
      vertex -3.693498e-002 -3.420000e+001 -4.746930e+001
    endloop
  endfacet
  facet normal -9.969173e-001  0.000000e+000  7.845914e-002
    outer loop
      vertex -3.693498e-002 -3.420000e+001 -4.746930e+001
      vertex -3.693498e-002 -3.600000e+001 -4.746930e+001
      vertex  0.000000e+000 -3.600000e+001 -4.700000e+001
    endloop
  endfacet
  facet normal -9.969173e-001  0.000000e+000  7.845914e-002
    outer loop
      vertex -3.693498e-002 -3.420000e+001 -4.746930e+001
      vertex  0.000000e+000 -3.600000e+001 -4.700000e+001
      vertex  0.000000e+000 -3.420000e+001 -4.700000e+001
    endloop
  endfacet
  facet normal -7.604051e-001  0.000000e+000  6.494491e-001
    outer loop
      vertex -5.729490e-001 -3.600000e+001 -4.876336e+001
      vertex -8.786796e-001 -3.420000e+001 -4.912132e+001
      vertex -8.786796e-001 -3.600000e+001 -4.912132e+001
    endloop
  endfacet
  facet normal -6.494506e-001  0.000000e+000  7.604038e-001
    outer loop
      vertex -8.786796e-001 -3.600000e+001 -4.912132e+001
      vertex -8.786796e-001 -3.420000e+001 -4.912132e+001
      vertex -1.236644e+000 -3.420000e+001 -4.942705e+001
    endloop
  endfacet
  facet normal -6.494506e-001  0.000000e+000  7.604038e-001
    outer loop
      vertex -8.786796e-001 -3.600000e+001 -4.912132e+001
      vertex -1.236644e+000 -3.420000e+001 -4.942705e+001
      vertex -1.236644e+000 -3.600000e+001 -4.942705e+001
    endloop
  endfacet
  facet normal -5.224975e-001  0.000000e+000  8.526409e-001
    outer loop
      vertex -1.236644e+000 -3.600000e+001 -4.942705e+001
      vertex -1.236644e+000 -3.420000e+001 -4.942705e+001
      vertex -1.638029e+000 -3.420000e+001 -4.967302e+001
    endloop
  endfacet
  facet normal -5.224975e-001  0.000000e+000  8.526409e-001
    outer loop
      vertex -1.236644e+000 -3.600000e+001 -4.942705e+001
      vertex -1.638029e+000 -3.420000e+001 -4.967302e+001
      vertex -1.638029e+000 -3.600000e+001 -4.967302e+001
    endloop
  endfacet
  facet normal -3.826818e-001  0.000000e+000  9.238802e-001
    outer loop
      vertex -1.638029e+000 -3.600000e+001 -4.967302e+001
      vertex -1.638029e+000 -3.420000e+001 -4.967302e+001
      vertex -2.072949e+000 -3.420000e+001 -4.985317e+001
    endloop
  endfacet
  facet normal -3.826818e-001  0.000000e+000  9.238802e-001
    outer loop
      vertex -1.638029e+000 -3.600000e+001 -4.967302e+001
      vertex -2.072949e+000 -3.420000e+001 -4.985317e+001
      vertex -2.072949e+000 -3.600000e+001 -4.985317e+001
    endloop
  endfacet
  facet normal -2.334496e-001  0.000000e+000  9.723689e-001
    outer loop
      vertex -2.072949e+000 -3.600000e+001 -4.985317e+001
      vertex -2.072949e+000 -3.420000e+001 -4.985317e+001
      vertex -2.530697e+000 -3.420000e+001 -4.996307e+001
    endloop
  endfacet
  facet normal -2.334496e-001  0.000000e+000  9.723689e-001
    outer loop
      vertex -2.072949e+000 -3.600000e+001 -4.985317e+001
      vertex -2.530697e+000 -3.420000e+001 -4.996307e+001
      vertex -2.530697e+000 -3.600000e+001 -4.996307e+001
    endloop
  endfacet
  facet normal -7.845682e-002  0.000000e+000  9.969175e-001
    outer loop
      vertex -2.530697e+000 -3.600000e+001 -4.996307e+001
      vertex -2.530697e+000 -3.420000e+001 -4.996307e+001
      vertex -3.000000e+000 -3.420000e+001 -5.000000e+001
    endloop
  endfacet
  facet normal -7.845682e-002  0.000000e+000  9.969175e-001
    outer loop
      vertex -2.530697e+000 -3.600000e+001 -4.996307e+001
      vertex -3.000000e+000 -3.420000e+001 -5.000000e+001
      vertex -3.000000e+000 -3.600000e+001 -5.000000e+001
    endloop
  endfacet
  facet normal  0.000000e+000  1.000000e+000  0.000000e+000
    outer loop
      vertex  8.881784e-016  1.150000e+001 -6.250000e+000
      vertex -1.000000e+001  1.150000e+001 -6.250000e+000
      vertex  1.776357e-015  1.150000e+001  1.075000e+001
    endloop
  endfacet
  facet normal  0.000000e+000  1.000000e+000  0.000000e+000
    outer loop
      vertex  1.776357e-015  1.150000e+001  1.075000e+001
      vertex -1.000000e+001  1.150000e+001 -6.250000e+000
      vertex -1.000000e+001  1.150000e+001  6.250000e+000
    endloop
  endfacet
  facet normal  0.000000e+000  1.000000e+000  0.000000e+000
    outer loop
      vertex  1.776357e-015  1.150000e+001  1.075000e+001
      vertex -1.000000e+001  1.150000e+001  6.250000e+000
      vertex -1.000000e+001  1.150000e+001  1.075000e+001
    endloop
  endfacet
  facet normal  -0.000000e+000  0.000000e+000 -9.999999e-001
    outer loop
      vertex -1.000000e+001  1.150000e+001 -6.250000e+000
      vertex  8.881784e-016  1.150000e+001 -6.250000e+000
      vertex -1.000000e+001 -1.150000e+001 -6.250000e+000
    endloop
  endfacet
  facet normal  0.000000e+000  0.000000e+000 -9.999999e-001
    outer loop
      vertex -1.000000e+001 -1.150000e+001 -6.250000e+000
      vertex  8.881784e-016  1.150000e+001 -6.250000e+000
      vertex  0.000000e+000 -1.150000e+001 -6.250000e+000
    endloop
  endfacet
  facet normal  0.000000e+000 -1.000000e+000  0.000000e+000
    outer loop
      vertex -1.000000e+001 -1.150000e+001 -6.250000e+000
      vertex  0.000000e+000 -1.150000e+001 -6.250000e+000
      vertex -1.000000e+001 -1.150000e+001  6.250000e+000
    endloop
  endfacet
  facet normal  0.000000e+000 -1.000000e+000  0.000000e+000
    outer loop
      vertex -1.000000e+001 -1.150000e+001  6.250000e+000
      vertex  0.000000e+000 -1.150000e+001 -6.250000e+000
      vertex  0.000000e+000 -1.150000e+001  6.250000e+000
    endloop
  endfacet
  facet normal  0.000000e+000 -1.000000e+000  0.000000e+000
    outer loop
      vertex -1.000000e+001 -1.150000e+001  6.250000e+000
      vertex  0.000000e+000 -1.150000e+001  6.250000e+000
      vertex -1.000000e+001 -1.150000e+001  1.075000e+001
    endloop
  endfacet
  facet normal  0.000000e+000 -1.000000e+000  0.000000e+000
    outer loop
      vertex -1.000000e+001 -1.150000e+001  1.075000e+001
      vertex  0.000000e+000 -1.150000e+001  6.250000e+000
      vertex  0.000000e+000 -1.150000e+001  1.075000e+001
    endloop
  endfacet
  facet normal -7.604051e-001  0.000000e+000  6.494492e-001
    outer loop
      vertex -8.786796e-001 -2.100000e+001 -8.032132e+001
      vertex -5.729490e-001 -3.420000e+001 -7.996336e+001
      vertex -5.729490e-001 -2.100000e+001 -7.996336e+001
    endloop
  endfacet
  facet normal -8.526391e-001  0.000000e+000  5.225002e-001
    outer loop
      vertex -5.729490e-001 -2.100000e+001 -7.996336e+001
      vertex -5.729490e-001 -3.420000e+001 -7.996336e+001
      vertex -3.269804e-001 -3.420000e+001 -7.956197e+001
    endloop
  endfacet
  facet normal -8.526391e-001  0.000000e+000  5.225002e-001
    outer loop
      vertex -5.729490e-001 -2.100000e+001 -7.996336e+001
      vertex -3.269804e-001 -3.420000e+001 -7.956197e+001
      vertex -3.269804e-001 -2.100000e+001 -7.956197e+001
    endloop
  endfacet
  facet normal -9.238798e-001  0.000000e+000  3.826829e-001
    outer loop
      vertex -3.269804e-001 -2.100000e+001 -7.956197e+001
      vertex -3.269804e-001 -3.420000e+001 -7.956197e+001
      vertex -1.468305e-001 -3.420000e+001 -7.912705e+001
    endloop
  endfacet
  facet normal -9.238798e-001  0.000000e+000  3.826829e-001
    outer loop
      vertex -3.269804e-001 -2.100000e+001 -7.956197e+001
      vertex -1.468305e-001 -3.420000e+001 -7.912705e+001
      vertex -1.468305e-001 -2.100000e+001 -7.912705e+001
    endloop
  endfacet
  facet normal -9.723699e-001  0.000000e+000  2.334450e-001
    outer loop
      vertex -1.468305e-001 -2.100000e+001 -7.912705e+001
      vertex -1.468305e-001 -3.420000e+001 -7.912705e+001
      vertex -3.693498e-002 -3.420000e+001 -7.866930e+001
    endloop
  endfacet
  facet normal -9.723699e-001  0.000000e+000  2.334450e-001
    outer loop
      vertex -1.468305e-001 -2.100000e+001 -7.912705e+001
      vertex -3.693498e-002 -3.420000e+001 -7.866930e+001
      vertex -3.693498e-002 -2.100000e+001 -7.866930e+001
    endloop
  endfacet
  facet normal -9.969174e-001  0.000000e+000  7.845851e-002
    outer loop
      vertex -3.693498e-002 -2.100000e+001 -7.866930e+001
      vertex -3.693498e-002 -3.420000e+001 -7.866930e+001
      vertex  0.000000e+000 -3.420000e+001 -7.820000e+001
    endloop
  endfacet
  facet normal -9.969174e-001  0.000000e+000  7.845851e-002
    outer loop
      vertex -3.693498e-002 -2.100000e+001 -7.866930e+001
      vertex  0.000000e+000 -3.420000e+001 -7.820000e+001
      vertex  0.000000e+000 -2.100000e+001 -7.820000e+001
    endloop
  endfacet
  facet normal -7.604051e-001  0.000000e+000  6.494492e-001
    outer loop
      vertex -5.729490e-001 -3.420000e+001 -7.996336e+001
      vertex -8.786796e-001 -2.100000e+001 -8.032132e+001
      vertex -8.786796e-001 -3.420000e+001 -8.032132e+001
    endloop
  endfacet
  facet normal -6.494506e-001  0.000000e+000  7.604039e-001
    outer loop
      vertex -8.786796e-001 -3.420000e+001 -8.032132e+001
      vertex -8.786796e-001 -2.100000e+001 -8.032132e+001
      vertex -1.236644e+000 -2.100000e+001 -8.062705e+001
    endloop
  endfacet
  facet normal -6.494506e-001  0.000000e+000  7.604039e-001
    outer loop
      vertex -8.786796e-001 -3.420000e+001 -8.032132e+001
      vertex -1.236644e+000 -2.100000e+001 -8.062705e+001
      vertex -1.236644e+000 -3.420000e+001 -8.062705e+001
    endloop
  endfacet
  facet normal -5.224916e-001  0.000000e+000  8.526444e-001
    outer loop
      vertex -1.236644e+000 -3.420000e+001 -8.062705e+001
      vertex -1.236644e+000 -2.100000e+001 -8.062705e+001
      vertex -1.638029e+000 -2.100000e+001 -8.087302e+001
    endloop
  endfacet
  facet normal -5.224916e-001  0.000000e+000  8.526444e-001
    outer loop
      vertex -1.236644e+000 -3.420000e+001 -8.062705e+001
      vertex -1.638029e+000 -2.100000e+001 -8.087302e+001
      vertex -1.638029e+000 -3.420000e+001 -8.087302e+001
    endloop
  endfacet
  facet normal -3.826888e-001  0.000000e+000  9.238773e-001
    outer loop
      vertex -1.638029e+000 -3.420000e+001 -8.087302e+001
      vertex -1.638029e+000 -2.100000e+001 -8.087302e+001
      vertex -2.072949e+000 -2.100000e+001 -8.105317e+001
    endloop
  endfacet
  facet normal -3.826888e-001  0.000000e+000  9.238773e-001
    outer loop
      vertex -1.638029e+000 -3.420000e+001 -8.087302e+001
      vertex -2.072949e+000 -2.100000e+001 -8.105317e+001
      vertex -2.072949e+000 -3.420000e+001 -8.105317e+001
    endloop
  endfacet
  facet normal -2.334419e-001  0.000000e+000  9.723707e-001
    outer loop
      vertex -2.072949e+000 -3.420000e+001 -8.105317e+001
      vertex -2.072949e+000 -2.100000e+001 -8.105317e+001
      vertex -2.530697e+000 -2.100000e+001 -8.116306e+001
    endloop
  endfacet
  facet normal -2.334419e-001  0.000000e+000  9.723707e-001
    outer loop
      vertex -2.072949e+000 -3.420000e+001 -8.105317e+001
      vertex -2.530697e+000 -2.100000e+001 -8.116306e+001
      vertex -2.530697e+000 -3.420000e+001 -8.116306e+001
    endloop
  endfacet
  facet normal -7.845682e-002  0.000000e+000  9.969175e-001
    outer loop
      vertex -2.530697e+000 -3.420000e+001 -8.116306e+001
      vertex -2.530697e+000 -2.100000e+001 -8.116306e+001
      vertex -3.000000e+000 -2.100000e+001 -8.120000e+001
    endloop
  endfacet
  facet normal -7.845682e-002  0.000000e+000  9.969175e-001
    outer loop
      vertex -2.530697e+000 -3.420000e+001 -8.116306e+001
      vertex -3.000000e+000 -2.100000e+001 -8.120000e+001
      vertex -3.000000e+000 -3.420000e+001 -8.120000e+001
    endloop
  endfacet
  facet normal  0.000000e+000  0.000000e+000  1.000000e+000
    outer loop
      vertex -3.320000e+001 -3.420000e+001 -8.120000e+001
      vertex -3.020000e+001 -3.420000e+001 -8.120000e+001
      vertex -3.053378e+001 -3.416239e+001 -8.120000e+001
    endloop
  endfacet
  facet normal  0.000000e+000  0.000000e+000  1.000000e+000
    outer loop
      vertex -3.320000e+001 -3.420000e+001 -8.120000e+001
      vertex -3.053378e+001 -3.416239e+001 -8.120000e+001
      vertex -3.085083e+001 -3.405145e+001 -8.120000e+001
    endloop
  endfacet
  facet normal  0.000000e+000  0.000000e+000  1.000000e+000
    outer loop
      vertex -3.320000e+001 -3.420000e+001 -8.120000e+001
      vertex -3.085083e+001 -3.405145e+001 -8.120000e+001
      vertex -3.113523e+001 -3.387275e+001 -8.120000e+001
    endloop
  endfacet
  facet normal  0.000000e+000  0.000000e+000  1.000000e+000
    outer loop
      vertex -3.320000e+001 -3.420000e+001 -8.120000e+001
      vertex -3.113523e+001 -3.387275e+001 -8.120000e+001
      vertex -3.137275e+001 -3.363523e+001 -8.120000e+001
    endloop
  endfacet
  facet normal  0.000000e+000  0.000000e+000  9.999999e-001
    outer loop
      vertex -3.320000e+001 -3.420000e+001 -8.120000e+001
      vertex -3.137275e+001 -3.363523e+001 -8.120000e+001
      vertex -3.155145e+001 -3.335083e+001 -8.120000e+001
    endloop
  endfacet
  facet normal  0.000000e+000  0.000000e+000  9.999999e-001
    outer loop
      vertex -3.320000e+001 -3.420000e+001 -8.120000e+001
      vertex -3.155145e+001 -3.335083e+001 -8.120000e+001
      vertex -3.166239e+001 -3.303378e+001 -8.120000e+001
    endloop
  endfacet
  facet normal  0.000000e+000  0.000000e+000  1.000000e+000
    outer loop
      vertex -3.320000e+001 -3.420000e+001 -8.120000e+001
      vertex -3.166239e+001 -3.303378e+001 -8.120000e+001
      vertex -3.170000e+001 -3.270000e+001 -8.120000e+001
    endloop
  endfacet
  facet normal  0.000000e+000  -0.000000e+000  1.000000e+000
    outer loop
      vertex -3.320000e+001 -3.420000e+001 -8.120000e+001
      vertex -3.170000e+001 -3.270000e+001 -8.120000e+001
      vertex -3.170000e+001 -2.430000e+001 -8.120000e+001
    endloop
  endfacet
  facet normal  0.000000e+000  0.000000e+000  9.999999e-001
    outer loop
      vertex -3.320000e+001 -3.420000e+001 -8.120000e+001
      vertex -3.170000e+001 -2.430000e+001 -8.120000e+001
      vertex -3.320000e+001 -2.100000e+001 -8.120000e+001
    endloop
  endfacet
  facet normal  -0.000000e+000  0.000000e+000  1.000000e+000
    outer loop
      vertex -3.000000e+000 -2.100000e+001 -8.120000e+001
      vertex -3.320000e+001 -2.100000e+001 -8.120000e+001
      vertex -3.020000e+001 -2.280000e+001 -8.120000e+001
    endloop
  endfacet
  facet normal  0.000000e+000  0.000000e+000  1.000000e+000
    outer loop
      vertex -3.000000e+000 -2.100000e+001 -8.120000e+001
      vertex -3.020000e+001 -2.280000e+001 -8.120000e+001
      vertex -1.980000e+001 -2.280000e+001 -8.120000e+001
    endloop
  endfacet
  facet normal  -0.000000e+000  0.000000e+000  1.000000e+000
    outer loop
      vertex -3.000000e+000 -2.100000e+001 -8.120000e+001
      vertex -1.980000e+001 -2.280000e+001 -8.120000e+001
      vertex -1.946622e+001 -2.283761e+001 -8.120000e+001
    endloop
  endfacet
  facet normal  -0.000000e+000  0.000000e+000  1.000000e+000
    outer loop
      vertex -3.000000e+000 -2.100000e+001 -8.120000e+001
      vertex -1.946622e+001 -2.283761e+001 -8.120000e+001
      vertex -1.914917e+001 -2.294855e+001 -8.120000e+001
    endloop
  endfacet
  facet normal  -0.000000e+000  0.000000e+000  1.000000e+000
    outer loop
      vertex -3.000000e+000 -2.100000e+001 -8.120000e+001
      vertex -1.914917e+001 -2.294855e+001 -8.120000e+001
      vertex -1.886477e+001 -2.312725e+001 -8.120000e+001
    endloop
  endfacet
  facet normal  -0.000000e+000  0.000000e+000  1.000000e+000
    outer loop
      vertex -3.000000e+000 -2.100000e+001 -8.120000e+001
      vertex -1.886477e+001 -2.312725e+001 -8.120000e+001
      vertex -3.000000e+000 -3.420000e+001 -8.120000e+001
    endloop
  endfacet
  facet normal  0.000000e+000  -0.000000e+000  1.000000e+000
    outer loop
      vertex -3.320000e+001 -2.100000e+001 -8.120000e+001
      vertex -3.170000e+001 -2.430000e+001 -8.120000e+001
      vertex -3.166239e+001 -2.396622e+001 -8.120000e+001
    endloop
  endfacet
  facet normal  0.000000e+000  -0.000000e+000  1.000000e+000
    outer loop
      vertex -3.320000e+001 -2.100000e+001 -8.120000e+001
      vertex -3.166239e+001 -2.396622e+001 -8.120000e+001
      vertex -3.155145e+001 -2.364917e+001 -8.120000e+001
    endloop
  endfacet
  facet normal  0.000000e+000  -0.000000e+000  9.999999e-001
    outer loop
      vertex -3.320000e+001 -2.100000e+001 -8.120000e+001
      vertex -3.155145e+001 -2.364917e+001 -8.120000e+001
      vertex -3.137275e+001 -2.336477e+001 -8.120000e+001
    endloop
  endfacet
  facet normal  0.000000e+000  -0.000000e+000  9.999999e-001
    outer loop
      vertex -3.320000e+001 -2.100000e+001 -8.120000e+001
      vertex -3.137275e+001 -2.336477e+001 -8.120000e+001
      vertex -3.113523e+001 -2.312725e+001 -8.120000e+001
    endloop
  endfacet
  facet normal  0.000000e+000  -0.000000e+000  1.000000e+000
    outer loop
      vertex -3.320000e+001 -2.100000e+001 -8.120000e+001
      vertex -3.113523e+001 -2.312725e+001 -8.120000e+001
      vertex -3.085083e+001 -2.294855e+001 -8.120000e+001
    endloop
  endfacet
  facet normal  0.000000e+000  -0.000000e+000  1.000000e+000
    outer loop
      vertex -3.320000e+001 -2.100000e+001 -8.120000e+001
      vertex -3.085083e+001 -2.294855e+001 -8.120000e+001
      vertex -3.053378e+001 -2.283761e+001 -8.120000e+001
    endloop
  endfacet
  facet normal  0.000000e+000  -0.000000e+000  9.999999e-001
    outer loop
      vertex -3.320000e+001 -2.100000e+001 -8.120000e+001
      vertex -3.053378e+001 -2.283761e+001 -8.120000e+001
      vertex -3.020000e+001 -2.280000e+001 -8.120000e+001
    endloop
  endfacet
  facet normal  0.000000e+000  0.000000e+000  1.000000e+000
    outer loop
      vertex -3.000000e+000 -3.420000e+001 -8.120000e+001
      vertex -1.886477e+001 -2.312725e+001 -8.120000e+001
      vertex -1.862725e+001 -2.336477e+001 -8.120000e+001
    endloop
  endfacet
  facet normal  0.000000e+000  0.000000e+000  1.000000e+000
    outer loop
      vertex -3.000000e+000 -3.420000e+001 -8.120000e+001
      vertex -1.862725e+001 -2.336477e+001 -8.120000e+001
      vertex -1.844855e+001 -2.364917e+001 -8.120000e+001
    endloop
  endfacet
  facet normal  0.000000e+000  0.000000e+000  1.000000e+000
    outer loop
      vertex -3.000000e+000 -3.420000e+001 -8.120000e+001
      vertex -1.844855e+001 -2.364917e+001 -8.120000e+001
      vertex -1.833761e+001 -2.396622e+001 -8.120000e+001
    endloop
  endfacet
  facet normal  0.000000e+000  0.000000e+000  1.000000e+000
    outer loop
      vertex -3.000000e+000 -3.420000e+001 -8.120000e+001
      vertex -1.833761e+001 -2.396622e+001 -8.120000e+001
      vertex -1.830000e+001 -2.430000e+001 -8.120000e+001
    endloop
  endfacet
  facet normal  0.000000e+000  0.000000e+000  1.000000e+000
    outer loop
      vertex -3.000000e+000 -3.420000e+001 -8.120000e+001
      vertex -1.830000e+001 -2.430000e+001 -8.120000e+001
      vertex -1.830000e+001 -3.270000e+001 -8.120000e+001
    endloop
  endfacet
  facet normal  0.000000e+000  0.000000e+000  1.000000e+000
    outer loop
      vertex -3.000000e+000 -3.420000e+001 -8.120000e+001
      vertex -1.830000e+001 -3.270000e+001 -8.120000e+001
      vertex -1.833761e+001 -3.303378e+001 -8.120000e+001
    endloop
  endfacet
  facet normal  0.000000e+000  0.000000e+000  1.000000e+000
    outer loop
      vertex -3.000000e+000 -3.420000e+001 -8.120000e+001
      vertex -1.833761e+001 -3.303378e+001 -8.120000e+001
      vertex -1.844855e+001 -3.335083e+001 -8.120000e+001
    endloop
  endfacet
  facet normal  0.000000e+000  0.000000e+000  1.000000e+000
    outer loop
      vertex -3.000000e+000 -3.420000e+001 -8.120000e+001
      vertex -1.844855e+001 -3.335083e+001 -8.120000e+001
      vertex -1.862725e+001 -3.363523e+001 -8.120000e+001
    endloop
  endfacet
  facet normal  0.000000e+000  0.000000e+000  1.000000e+000
    outer loop
      vertex -3.000000e+000 -3.420000e+001 -8.120000e+001
      vertex -1.862725e+001 -3.363523e+001 -8.120000e+001
      vertex -1.886477e+001 -3.387275e+001 -8.120000e+001
    endloop
  endfacet
  facet normal  0.000000e+000  0.000000e+000  1.000000e+000
    outer loop
      vertex -3.000000e+000 -3.420000e+001 -8.120000e+001
      vertex -1.886477e+001 -3.387275e+001 -8.120000e+001
      vertex -1.914917e+001 -3.405145e+001 -8.120000e+001
    endloop
  endfacet
  facet normal  0.000000e+000  0.000000e+000  1.000000e+000
    outer loop
      vertex -3.000000e+000 -3.420000e+001 -8.120000e+001
      vertex -1.914917e+001 -3.405145e+001 -8.120000e+001
      vertex -1.946622e+001 -3.416239e+001 -8.120000e+001
    endloop
  endfacet
  facet normal  0.000000e+000  0.000000e+000  1.000000e+000
    outer loop
      vertex -3.000000e+000 -3.420000e+001 -8.120000e+001
      vertex -1.946622e+001 -3.416239e+001 -8.120000e+001
      vertex -1.980000e+001 -3.420000e+001 -8.120000e+001
    endloop
  endfacet
  facet normal  0.000000e+000  1.000000e+000  0.000000e+000
    outer loop
      vertex -3.320000e+001 -3.420000e+001 -8.120000e+001
      vertex -3.320000e+001 -3.420000e+001 -5.000000e+001
      vertex  0.000000e+000 -3.420000e+001 -7.820000e+001
    endloop
  endfacet
  facet normal  0.000000e+000  1.000000e+000  0.000000e+000
    outer loop
      vertex -3.320000e+001 -3.420000e+001 -8.120000e+001
      vertex  0.000000e+000 -3.420000e+001 -7.820000e+001
      vertex -3.693498e-002 -3.420000e+001 -7.866930e+001
    endloop
  endfacet
  facet normal  0.000000e+000  1.000000e+000  0.000000e+000
    outer loop
      vertex -3.320000e+001 -3.420000e+001 -8.120000e+001
      vertex -3.693498e-002 -3.420000e+001 -7.866930e+001
      vertex -1.468305e-001 -3.420000e+001 -7.912705e+001
    endloop
  endfacet
  facet normal  0.000000e+000  1.000000e+000  0.000000e+000
    outer loop
      vertex -3.320000e+001 -3.420000e+001 -8.120000e+001
      vertex -1.468305e-001 -3.420000e+001 -7.912705e+001
      vertex -3.269804e-001 -3.420000e+001 -7.956197e+001
    endloop
  endfacet
  facet normal  0.000000e+000  1.000000e+000  0.000000e+000
    outer loop
      vertex -3.320000e+001 -3.420000e+001 -8.120000e+001
      vertex -3.269804e-001 -3.420000e+001 -7.956197e+001
      vertex -5.729490e-001 -3.420000e+001 -7.996336e+001
    endloop
  endfacet
  facet normal  0.000000e+000  1.000000e+000  0.000000e+000
    outer loop
      vertex -3.320000e+001 -3.420000e+001 -8.120000e+001
      vertex -5.729490e-001 -3.420000e+001 -7.996336e+001
      vertex -8.786796e-001 -3.420000e+001 -8.032132e+001
    endloop
  endfacet
  facet normal  0.000000e+000  1.000000e+000  0.000000e+000
    outer loop
      vertex -3.320000e+001 -3.420000e+001 -8.120000e+001
      vertex -8.786796e-001 -3.420000e+001 -8.032132e+001
      vertex -1.236644e+000 -3.420000e+001 -8.062705e+001
    endloop
  endfacet
  facet normal  0.000000e+000  1.000000e+000  0.000000e+000
    outer loop
      vertex -3.320000e+001 -3.420000e+001 -8.120000e+001
      vertex -1.236644e+000 -3.420000e+001 -8.062705e+001
      vertex -1.638029e+000 -3.420000e+001 -8.087302e+001
    endloop
  endfacet
  facet normal  0.000000e+000  1.000000e+000  0.000000e+000
    outer loop
      vertex -3.320000e+001 -3.420000e+001 -8.120000e+001
      vertex -1.638029e+000 -3.420000e+001 -8.087302e+001
      vertex -2.072949e+000 -3.420000e+001 -8.105317e+001
    endloop
  endfacet
  facet normal  0.000000e+000  9.999999e-001  0.000000e+000
    outer loop
      vertex -3.320000e+001 -3.420000e+001 -8.120000e+001
      vertex -2.072949e+000 -3.420000e+001 -8.105317e+001
      vertex -3.020000e+001 -3.420000e+001 -8.120000e+001
    endloop
  endfacet
  facet normal  -0.000000e+000  1.000000e+000  0.000000e+000
    outer loop
      vertex  0.000000e+000 -3.420000e+001 -7.820000e+001
      vertex -3.320000e+001 -3.420000e+001 -5.000000e+001
      vertex -3.000000e+000 -3.420000e+001 -5.000000e+001
    endloop
  endfacet
  facet normal  -0.000000e+000  1.000000e+000  0.000000e+000
    outer loop
      vertex  0.000000e+000 -3.420000e+001 -7.820000e+001
      vertex -3.000000e+000 -3.420000e+001 -5.000000e+001
      vertex -2.530697e+000 -3.420000e+001 -4.996307e+001
    endloop
  endfacet
  facet normal  -0.000000e+000  1.000000e+000  0.000000e+000
    outer loop
      vertex  0.000000e+000 -3.420000e+001 -7.820000e+001
      vertex -2.530697e+000 -3.420000e+001 -4.996307e+001
      vertex -2.072949e+000 -3.420000e+001 -4.985317e+001
    endloop
  endfacet
  facet normal  -0.000000e+000  1.000000e+000  0.000000e+000
    outer loop
      vertex  0.000000e+000 -3.420000e+001 -7.820000e+001
      vertex -2.072949e+000 -3.420000e+001 -4.985317e+001
      vertex -1.638029e+000 -3.420000e+001 -4.967302e+001
    endloop
  endfacet
  facet normal  -0.000000e+000  1.000000e+000  0.000000e+000
    outer loop
      vertex  0.000000e+000 -3.420000e+001 -7.820000e+001
      vertex -1.638029e+000 -3.420000e+001 -4.967302e+001
      vertex -1.236644e+000 -3.420000e+001 -4.942705e+001
    endloop
  endfacet
  facet normal  -0.000000e+000  1.000000e+000  0.000000e+000
    outer loop
      vertex  0.000000e+000 -3.420000e+001 -7.820000e+001
      vertex -1.236644e+000 -3.420000e+001 -4.942705e+001
      vertex -8.786796e-001 -3.420000e+001 -4.912132e+001
    endloop
  endfacet
  facet normal  -0.000000e+000  1.000000e+000  0.000000e+000
    outer loop
      vertex  0.000000e+000 -3.420000e+001 -7.820000e+001
      vertex -8.786796e-001 -3.420000e+001 -4.912132e+001
      vertex -5.729490e-001 -3.420000e+001 -4.876336e+001
    endloop
  endfacet
  facet normal  -0.000000e+000  1.000000e+000  0.000000e+000
    outer loop
      vertex  0.000000e+000 -3.420000e+001 -7.820000e+001
      vertex -5.729490e-001 -3.420000e+001 -4.876336e+001
      vertex -3.269804e-001 -3.420000e+001 -4.836197e+001
    endloop
  endfacet
  facet normal  -0.000000e+000  1.000000e+000  0.000000e+000
    outer loop
      vertex  0.000000e+000 -3.420000e+001 -7.820000e+001
      vertex -3.269804e-001 -3.420000e+001 -4.836197e+001
      vertex -1.468305e-001 -3.420000e+001 -4.792705e+001
    endloop
  endfacet
  facet normal  -0.000000e+000  1.000000e+000  0.000000e+000
    outer loop
      vertex  0.000000e+000 -3.420000e+001 -7.820000e+001
      vertex -1.468305e-001 -3.420000e+001 -4.792705e+001
      vertex -3.693498e-002 -3.420000e+001 -4.746930e+001
    endloop
  endfacet
  facet normal  -0.000000e+000  1.000000e+000  0.000000e+000
    outer loop
      vertex  0.000000e+000 -3.420000e+001 -7.820000e+001
      vertex -3.693498e-002 -3.420000e+001 -4.746930e+001
      vertex  0.000000e+000 -3.420000e+001 -4.700000e+001
    endloop
  endfacet
  facet normal  0.000000e+000  1.000000e+000  0.000000e+000
    outer loop
      vertex -3.020000e+001 -3.420000e+001 -8.120000e+001
      vertex -2.072949e+000 -3.420000e+001 -8.105317e+001
      vertex -1.980000e+001 -3.420000e+001 -8.120000e+001
    endloop
  endfacet
  facet normal  0.000000e+000  1.000000e+000  0.000000e+000
    outer loop
      vertex -1.980000e+001 -3.420000e+001 -8.120000e+001
      vertex -2.072949e+000 -3.420000e+001 -8.105317e+001
      vertex -2.530697e+000 -3.420000e+001 -8.116306e+001
    endloop
  endfacet
  facet normal  0.000000e+000  1.000000e+000  0.000000e+000
    outer loop
      vertex -1.980000e+001 -3.420000e+001 -8.120000e+001
      vertex -2.530697e+000 -3.420000e+001 -8.116306e+001
      vertex -3.000000e+000 -3.420000e+001 -8.120000e+001
    endloop
  endfacet
  facet normal  9.969174e-001  0.000000e+000 -7.845849e-002
    outer loop
      vertex  1.800000e+000 -2.100000e+001 -8.520000e+001
      vertex  1.800000e+000 -3.420000e+001 -8.520000e+001
      vertex  1.763065e+000 -2.100000e+001 -8.566930e+001
    endloop
  endfacet
  facet normal  9.969174e-001  0.000000e+000 -7.845849e-002
    outer loop
      vertex  1.763065e+000 -2.100000e+001 -8.566930e+001
      vertex  1.800000e+000 -3.420000e+001 -8.520000e+001
      vertex  1.763065e+000 -3.420000e+001 -8.566930e+001
    endloop
  endfacet
  facet normal  9.723700e-001  0.000000e+000 -2.334450e-001
    outer loop
      vertex  1.763065e+000 -2.100000e+001 -8.566930e+001
      vertex  1.763065e+000 -3.420000e+001 -8.566930e+001
      vertex  1.653170e+000 -2.100000e+001 -8.612705e+001
    endloop
  endfacet
  facet normal  9.723700e-001  0.000000e+000 -2.334450e-001
    outer loop
      vertex  1.653170e+000 -2.100000e+001 -8.612705e+001
      vertex  1.763065e+000 -3.420000e+001 -8.566930e+001
      vertex  1.653170e+000 -3.420000e+001 -8.612705e+001
    endloop
  endfacet
  facet normal  9.238798e-001  0.000000e+000 -3.826828e-001
    outer loop
      vertex  1.653170e+000 -2.100000e+001 -8.612705e+001
      vertex  1.653170e+000 -3.420000e+001 -8.612705e+001
      vertex  1.473020e+000 -2.100000e+001 -8.656197e+001
    endloop
  endfacet
  facet normal  9.238798e-001  0.000000e+000 -3.826828e-001
    outer loop
      vertex  1.473020e+000 -2.100000e+001 -8.656197e+001
      vertex  1.653170e+000 -3.420000e+001 -8.612705e+001
      vertex  1.473020e+000 -3.420000e+001 -8.656197e+001
    endloop
  endfacet
  facet normal  8.526391e-001  0.000000e+000 -5.225002e-001
    outer loop
      vertex  1.473020e+000 -2.100000e+001 -8.656197e+001
      vertex  1.473020e+000 -3.420000e+001 -8.656197e+001
      vertex  1.227051e+000 -2.100000e+001 -8.696336e+001
    endloop
  endfacet
  facet normal  8.526391e-001  0.000000e+000 -5.225002e-001
    outer loop
      vertex  1.227051e+000 -2.100000e+001 -8.696336e+001
      vertex  1.473020e+000 -3.420000e+001 -8.656197e+001
      vertex  1.227051e+000 -3.420000e+001 -8.696336e+001
    endloop
  endfacet
  facet normal  7.604050e-001  0.000000e+000 -6.494492e-001
    outer loop
      vertex  1.227051e+000 -2.100000e+001 -8.696336e+001
      vertex  1.227051e+000 -3.420000e+001 -8.696336e+001
      vertex  9.213203e-001 -2.100000e+001 -8.732132e+001
    endloop
  endfacet
  facet normal  7.604050e-001  0.000000e+000 -6.494492e-001
    outer loop
      vertex  9.213203e-001 -2.100000e+001 -8.732132e+001
      vertex  1.227051e+000 -3.420000e+001 -8.696336e+001
      vertex  9.213203e-001 -3.420000e+001 -8.732132e+001
    endloop
  endfacet
  facet normal  6.494507e-001  0.000000e+000 -7.604038e-001
    outer loop
      vertex  9.213203e-001 -2.100000e+001 -8.732132e+001
      vertex  9.213203e-001 -3.420000e+001 -8.732132e+001
      vertex  5.633557e-001 -2.100000e+001 -8.762705e+001
    endloop
  endfacet
  facet normal  6.494507e-001  0.000000e+000 -7.604038e-001
    outer loop
      vertex  5.633557e-001 -2.100000e+001 -8.762705e+001
      vertex  9.213203e-001 -3.420000e+001 -8.732132e+001
      vertex  5.633557e-001 -3.420000e+001 -8.762705e+001
    endloop
  endfacet
  facet normal  5.224916e-001  0.000000e+000 -8.526444e-001
    outer loop
      vertex  5.633557e-001 -2.100000e+001 -8.762705e+001
      vertex  5.633557e-001 -3.420000e+001 -8.762705e+001
      vertex  1.619715e-001 -2.100000e+001 -8.787302e+001
    endloop
  endfacet
  facet normal  5.224916e-001  0.000000e+000 -8.526444e-001
    outer loop
      vertex  1.619715e-001 -2.100000e+001 -8.787302e+001
      vertex  5.633557e-001 -3.420000e+001 -8.762705e+001
      vertex  1.619715e-001 -3.420000e+001 -8.787302e+001
    endloop
  endfacet
  facet normal  3.826888e-001  0.000000e+000 -9.238774e-001
    outer loop
      vertex  1.619715e-001 -2.100000e+001 -8.787302e+001
      vertex  1.619715e-001 -3.420000e+001 -8.787302e+001
      vertex -2.729490e-001 -2.100000e+001 -8.805317e+001
    endloop
  endfacet
  facet normal  3.826888e-001  0.000000e+000 -9.238774e-001
    outer loop
      vertex -2.729490e-001 -2.100000e+001 -8.805317e+001
      vertex  1.619715e-001 -3.420000e+001 -8.787302e+001
      vertex -2.729490e-001 -3.420000e+001 -8.805317e+001
    endloop
  endfacet
  facet normal  2.334420e-001  0.000000e+000 -9.723707e-001
    outer loop
      vertex -2.729490e-001 -2.100000e+001 -8.805317e+001
      vertex -2.729490e-001 -3.420000e+001 -8.805317e+001
      vertex -7.306966e-001 -2.100000e+001 -8.816306e+001
    endloop
  endfacet
  facet normal  2.334420e-001  0.000000e+000 -9.723707e-001
    outer loop
      vertex -7.306966e-001 -2.100000e+001 -8.816306e+001
      vertex -2.729490e-001 -3.420000e+001 -8.805317e+001
      vertex -7.306966e-001 -3.420000e+001 -8.816306e+001
    endloop
  endfacet
  facet normal  7.845680e-002  0.000000e+000 -9.969175e-001
    outer loop
      vertex -7.306966e-001 -2.100000e+001 -8.816306e+001
      vertex -7.306966e-001 -3.420000e+001 -8.816306e+001
      vertex -1.200000e+000 -2.100000e+001 -8.820000e+001
    endloop
  endfacet
  facet normal  7.845680e-002  0.000000e+000 -9.969175e-001
    outer loop
      vertex -1.200000e+000 -2.100000e+001 -8.820000e+001
      vertex -7.306966e-001 -3.420000e+001 -8.816306e+001
      vertex -1.200000e+000 -3.420000e+001 -8.820000e+001
    endloop
  endfacet
  facet normal  0.000000e+000  0.000000e+000 -1.000000e+000
    outer loop
      vertex -1.200000e+000 -3.420000e+001 -8.820000e+001
      vertex -1.980000e+001 -3.420000e+001 -8.820000e+001
      vertex -1.946622e+001 -3.416239e+001 -8.820000e+001
    endloop
  endfacet
  facet normal  0.000000e+000  0.000000e+000 -1.000000e+000
    outer loop
      vertex -1.200000e+000 -3.420000e+001 -8.820000e+001
      vertex -1.946622e+001 -3.416239e+001 -8.820000e+001
      vertex -1.914917e+001 -3.405145e+001 -8.820000e+001
    endloop
  endfacet
  facet normal  0.000000e+000  0.000000e+000 -1.000000e+000
    outer loop
      vertex -1.200000e+000 -3.420000e+001 -8.820000e+001
      vertex -1.914917e+001 -3.405145e+001 -8.820000e+001
      vertex -1.886477e+001 -3.387275e+001 -8.820000e+001
    endloop
  endfacet
  facet normal  0.000000e+000  0.000000e+000 -1.000000e+000
    outer loop
      vertex -1.200000e+000 -3.420000e+001 -8.820000e+001
      vertex -1.886477e+001 -3.387275e+001 -8.820000e+001
      vertex -1.862725e+001 -3.363523e+001 -8.820000e+001
    endloop
  endfacet
  facet normal  0.000000e+000  0.000000e+000 -1.000000e+000
    outer loop
      vertex -1.200000e+000 -3.420000e+001 -8.820000e+001
      vertex -1.862725e+001 -3.363523e+001 -8.820000e+001
      vertex -1.844855e+001 -3.335083e+001 -8.820000e+001
    endloop
  endfacet
  facet normal  0.000000e+000  0.000000e+000 -9.999999e-001
    outer loop
      vertex -1.200000e+000 -3.420000e+001 -8.820000e+001
      vertex -1.844855e+001 -3.335083e+001 -8.820000e+001
      vertex -1.833761e+001 -3.303378e+001 -8.820000e+001
    endloop
  endfacet
  facet normal  0.000000e+000  0.000000e+000 -1.000000e+000
    outer loop
      vertex -1.200000e+000 -3.420000e+001 -8.820000e+001
      vertex -1.833761e+001 -3.303378e+001 -8.820000e+001
      vertex -1.830000e+001 -3.270000e+001 -8.820000e+001
    endloop
  endfacet
  facet normal  0.000000e+000  0.000000e+000 -1.000000e+000
    outer loop
      vertex -1.200000e+000 -3.420000e+001 -8.820000e+001
      vertex -1.830000e+001 -3.270000e+001 -8.820000e+001
      vertex -1.830000e+001 -2.430000e+001 -8.820000e+001
    endloop
  endfacet
  facet normal  0.000000e+000  0.000000e+000 -1.000000e+000
    outer loop
      vertex -1.200000e+000 -3.420000e+001 -8.820000e+001
      vertex -1.830000e+001 -2.430000e+001 -8.820000e+001
      vertex -1.200000e+000 -2.100000e+001 -8.820000e+001
    endloop
  endfacet
  facet normal  0.000000e+000  0.000000e+000 -1.000000e+000
    outer loop
      vertex -1.200000e+000 -2.100000e+001 -8.820000e+001
      vertex -1.830000e+001 -2.430000e+001 -8.820000e+001
      vertex -1.833761e+001 -2.396622e+001 -8.820000e+001
    endloop
  endfacet
  facet normal  0.000000e+000  0.000000e+000 -1.000000e+000
    outer loop
      vertex -1.200000e+000 -2.100000e+001 -8.820000e+001
      vertex -1.833761e+001 -2.396622e+001 -8.820000e+001
      vertex -1.844855e+001 -2.364917e+001 -8.820000e+001
    endloop
  endfacet
  facet normal  0.000000e+000  0.000000e+000 -1.000000e+000
    outer loop
      vertex -1.200000e+000 -2.100000e+001 -8.820000e+001
      vertex -1.844855e+001 -2.364917e+001 -8.820000e+001
      vertex -1.862725e+001 -2.336477e+001 -8.820000e+001
    endloop
  endfacet
  facet normal  0.000000e+000  0.000000e+000 -1.000000e+000
    outer loop
      vertex -1.200000e+000 -2.100000e+001 -8.820000e+001
      vertex -1.862725e+001 -2.336477e+001 -8.820000e+001
      vertex -1.886477e+001 -2.312725e+001 -8.820000e+001
    endloop
  endfacet
  facet normal  0.000000e+000  0.000000e+000 -9.999999e-001
    outer loop
      vertex -1.200000e+000 -2.100000e+001 -8.820000e+001
      vertex -1.886477e+001 -2.312725e+001 -8.820000e+001
      vertex -1.914917e+001 -2.294855e+001 -8.820000e+001
    endloop
  endfacet
  facet normal  0.000000e+000  0.000000e+000 -1.000000e+000
    outer loop
      vertex -1.200000e+000 -2.100000e+001 -8.820000e+001
      vertex -1.914917e+001 -2.294855e+001 -8.820000e+001
      vertex -1.946622e+001 -2.283761e+001 -8.820000e+001
    endloop
  endfacet
  facet normal  0.000000e+000  0.000000e+000 -1.000000e+000
    outer loop
      vertex -1.200000e+000 -2.100000e+001 -8.820000e+001
      vertex -1.946622e+001 -2.283761e+001 -8.820000e+001
      vertex -1.980000e+001 -2.280000e+001 -8.820000e+001
    endloop
  endfacet
  facet normal  0.000000e+000  0.000000e+000 -1.000000e+000
    outer loop
      vertex -1.200000e+000 -2.100000e+001 -8.820000e+001
      vertex -1.980000e+001 -2.280000e+001 -8.820000e+001
      vertex -3.020000e+001 -2.280000e+001 -8.820000e+001
    endloop
  endfacet
  facet normal  -0.000000e+000  0.000000e+000 -1.000000e+000
    outer loop
      vertex -3.320000e+001 -2.100000e+001 -8.820000e+001
      vertex -1.200000e+000 -2.100000e+001 -8.820000e+001
      vertex -3.020000e+001 -2.280000e+001 -8.820000e+001
    endloop
  endfacet
  facet normal  -0.000000e+000  0.000000e+000 -9.999999e-001
    outer loop
      vertex -3.320000e+001 -2.100000e+001 -8.820000e+001
      vertex -3.020000e+001 -2.280000e+001 -8.820000e+001
      vertex -3.053378e+001 -2.283761e+001 -8.820000e+001
    endloop
  endfacet
  facet normal  -0.000000e+000  0.000000e+000 -1.000000e+000
    outer loop
      vertex -3.320000e+001 -2.100000e+001 -8.820000e+001
      vertex -3.053378e+001 -2.283761e+001 -8.820000e+001
      vertex -3.085083e+001 -2.294855e+001 -8.820000e+001
    endloop
  endfacet
  facet normal  -0.000000e+000  0.000000e+000 -1.000000e+000
    outer loop
      vertex -3.320000e+001 -2.100000e+001 -8.820000e+001
      vertex -3.085083e+001 -2.294855e+001 -8.820000e+001
      vertex -3.113523e+001 -2.312725e+001 -8.820000e+001
    endloop
  endfacet
  facet normal  -0.000000e+000  0.000000e+000 -1.000000e+000
    outer loop
      vertex -3.320000e+001 -2.100000e+001 -8.820000e+001
      vertex -3.113523e+001 -2.312725e+001 -8.820000e+001
      vertex -3.137275e+001 -2.336477e+001 -8.820000e+001
    endloop
  endfacet
  facet normal  -0.000000e+000  0.000000e+000 -9.999999e-001
    outer loop
      vertex -3.320000e+001 -2.100000e+001 -8.820000e+001
      vertex -3.137275e+001 -2.336477e+001 -8.820000e+001
      vertex -3.155145e+001 -2.364917e+001 -8.820000e+001
    endloop
  endfacet
  facet normal  -0.000000e+000  0.000000e+000 -1.000000e+000
    outer loop
      vertex -3.320000e+001 -2.100000e+001 -8.820000e+001
      vertex -3.155145e+001 -2.364917e+001 -8.820000e+001
      vertex -3.166239e+001 -2.396622e+001 -8.820000e+001
    endloop
  endfacet
  facet normal  -0.000000e+000  0.000000e+000 -1.000000e+000
    outer loop
      vertex -3.320000e+001 -2.100000e+001 -8.820000e+001
      vertex -3.166239e+001 -2.396622e+001 -8.820000e+001
      vertex -3.320000e+001 -3.420000e+001 -8.820000e+001
    endloop
  endfacet
  facet normal  0.000000e+000  0.000000e+000 -1.000000e+000
    outer loop
      vertex -3.320000e+001 -3.420000e+001 -8.820000e+001
      vertex -3.166239e+001 -2.396622e+001 -8.820000e+001
      vertex -3.170000e+001 -2.430000e+001 -8.820000e+001
    endloop
  endfacet
  facet normal  0.000000e+000  -0.000000e+000 -1.000000e+000
    outer loop
      vertex -3.320000e+001 -3.420000e+001 -8.820000e+001
      vertex -3.170000e+001 -2.430000e+001 -8.820000e+001
      vertex -3.170000e+001 -3.270000e+001 -8.820000e+001
    endloop
  endfacet
  facet normal  0.000000e+000  -0.000000e+000 -1.000000e+000
    outer loop
      vertex -3.320000e+001 -3.420000e+001 -8.820000e+001
      vertex -3.170000e+001 -3.270000e+001 -8.820000e+001
      vertex -3.166239e+001 -3.303378e+001 -8.820000e+001
    endloop
  endfacet
  facet normal  0.000000e+000  -0.000000e+000 -9.999999e-001
    outer loop
      vertex -3.320000e+001 -3.420000e+001 -8.820000e+001
      vertex -3.166239e+001 -3.303378e+001 -8.820000e+001
      vertex -3.155145e+001 -3.335083e+001 -8.820000e+001
    endloop
  endfacet
  facet normal  0.000000e+000  -0.000000e+000 -1.000000e+000
    outer loop
      vertex -3.320000e+001 -3.420000e+001 -8.820000e+001
      vertex -3.155145e+001 -3.335083e+001 -8.820000e+001
      vertex -3.137275e+001 -3.363523e+001 -8.820000e+001
    endloop
  endfacet
  facet normal  0.000000e+000  -0.000000e+000 -1.000000e+000
    outer loop
      vertex -3.320000e+001 -3.420000e+001 -8.820000e+001
      vertex -3.137275e+001 -3.363523e+001 -8.820000e+001
      vertex -3.113523e+001 -3.387275e+001 -8.820000e+001
    endloop
  endfacet
  facet normal  0.000000e+000  -0.000000e+000 -1.000000e+000
    outer loop
      vertex -3.320000e+001 -3.420000e+001 -8.820000e+001
      vertex -3.113523e+001 -3.387275e+001 -8.820000e+001
      vertex -3.085083e+001 -3.405145e+001 -8.820000e+001
    endloop
  endfacet
  facet normal  0.000000e+000  -0.000000e+000 -1.000000e+000
    outer loop
      vertex -3.320000e+001 -3.420000e+001 -8.820000e+001
      vertex -3.085083e+001 -3.405145e+001 -8.820000e+001
      vertex -3.053378e+001 -3.416239e+001 -8.820000e+001
    endloop
  endfacet
  facet normal  0.000000e+000  -0.000000e+000 -1.000000e+000
    outer loop
      vertex -3.320000e+001 -3.420000e+001 -8.820000e+001
      vertex -3.053378e+001 -3.416239e+001 -8.820000e+001
      vertex -3.020000e+001 -3.420000e+001 -8.820000e+001
    endloop
  endfacet
  facet normal  0.000000e+000  0.000000e+000  1.000000e+000
    outer loop
      vertex -3.500000e+001 -2.100000e+001 -5.000000e+001
      vertex -3.500000e+001 -3.600000e+001 -5.000000e+001
      vertex -3.320000e+001 -2.100000e+001 -5.000000e+001
    endloop
  endfacet
  facet normal  0.000000e+000  0.000000e+000  1.000000e+000
    outer loop
      vertex -3.320000e+001 -2.100000e+001 -5.000000e+001
      vertex -3.500000e+001 -3.600000e+001 -5.000000e+001
      vertex -3.320000e+001 -3.420000e+001 -5.000000e+001
    endloop
  endfacet
  facet normal  0.000000e+000  0.000000e+000  1.000000e+000
    outer loop
      vertex -3.500000e+001 -3.600000e+001 -5.000000e+001
      vertex -3.000000e+000 -3.600000e+001 -5.000000e+001
      vertex -3.320000e+001 -3.420000e+001 -5.000000e+001
    endloop
  endfacet
  facet normal  -0.000000e+000  0.000000e+000  1.000000e+000
    outer loop
      vertex -3.320000e+001 -3.420000e+001 -5.000000e+001
      vertex -3.000000e+000 -3.600000e+001 -5.000000e+001
      vertex -3.000000e+000 -3.420000e+001 -5.000000e+001
    endloop
  endfacet
  facet normal  7.048731e-001 -7.942243e-002 -7.048731e-001
    outer loop
      vertex -3.170000e+001 -2.430000e+001 -8.820000e+001
      vertex -3.166239e+001 -2.396622e+001 -8.820000e+001
      vertex -3.120000e+001 -2.430000e+001 -8.770000e+001
    endloop
  endfacet
  facet normal  6.996543e-001 -9.211337e-002 -7.085189e-001
    outer loop
      vertex -3.166239e+001 -2.396622e+001 -8.820000e+001
      vertex -3.116593e+001 -2.404118e+001 -8.770000e+001
      vertex -3.120000e+001 -2.430000e+001 -8.770000e+001
    endloop
  endfacet
  facet normal  9.211337e-002 -6.996543e-001 -7.085189e-001
    outer loop
      vertex -3.045882e+001 -2.333407e+001 -8.770000e+001
      vertex -3.053378e+001 -2.283761e+001 -8.820000e+001
      vertex -3.020000e+001 -2.330000e+001 -8.770000e+001
    endloop
  endfacet
  facet normal  7.942200e-002 -7.048733e-001 -7.048730e-001
    outer loop
      vertex -3.053378e+001 -2.283761e+001 -8.820000e+001
      vertex -3.020000e+001 -2.280000e+001 -8.820000e+001
      vertex -3.020000e+001 -2.330000e+001 -8.770000e+001
    endloop
  endfacet
  facet normal  6.718698e-001 -2.350976e-001 -7.023676e-001
    outer loop
      vertex -3.166239e+001 -2.396622e+001 -8.820000e+001
      vertex -3.155145e+001 -2.364917e+001 -8.820000e+001
      vertex -3.116593e+001 -2.404118e+001 -8.770000e+001
    endloop
  endfacet
  facet normal  6.039758e-001 -3.795020e-001 -7.008505e-001
    outer loop
      vertex -3.155145e+001 -2.364917e+001 -8.820000e+001
      vertex -3.137275e+001 -2.336477e+001 -8.820000e+001
      vertex -3.106602e+001 -2.380000e+001 -8.770000e+001
    endloop
  endfacet
  facet normal  6.492466e-001 -2.689273e-001 -7.114471e-001
    outer loop
      vertex -3.116593e+001 -2.404118e+001 -8.770000e+001
      vertex -3.155145e+001 -2.364917e+001 -8.820000e+001
      vertex -3.106602e+001 -2.380000e+001 -8.770000e+001
    endloop
  endfacet
  facet normal  5.047375e-001 -5.047375e-001 -7.003429e-001
    outer loop
      vertex -3.137275e+001 -2.336477e+001 -8.820000e+001
      vertex -3.113523e+001 -2.312725e+001 -8.820000e+001
      vertex -3.090711e+001 -2.359289e+001 -8.770000e+001
    endloop
  endfacet
  facet normal  5.563517e-001 -4.269053e-001 -7.128988e-001
    outer loop
      vertex -3.106602e+001 -2.380000e+001 -8.770000e+001
      vertex -3.137275e+001 -2.336477e+001 -8.820000e+001
      vertex -3.090711e+001 -2.359289e+001 -8.770000e+001
    endloop
  endfacet
  facet normal  3.795020e-001 -6.039758e-001 -7.008505e-001
    outer loop
      vertex -3.113523e+001 -2.312725e+001 -8.820000e+001
      vertex -3.085083e+001 -2.294855e+001 -8.820000e+001
      vertex -3.070000e+001 -2.343398e+001 -8.770000e+001
    endloop
  endfacet
  facet normal  4.269053e-001 -5.563517e-001 -7.128988e-001
    outer loop
      vertex -3.090711e+001 -2.359289e+001 -8.770000e+001
      vertex -3.113523e+001 -2.312725e+001 -8.820000e+001
      vertex -3.070000e+001 -2.343398e+001 -8.770000e+001
    endloop
  endfacet
  facet normal  2.350976e-001 -6.718698e-001 -7.023676e-001
    outer loop
      vertex -3.085083e+001 -2.294855e+001 -8.820000e+001
      vertex -3.053378e+001 -2.283761e+001 -8.820000e+001
      vertex -3.045882e+001 -2.333407e+001 -8.770000e+001
    endloop
  endfacet
  facet normal  2.689273e-001 -6.492466e-001 -7.114471e-001
    outer loop
      vertex -3.070000e+001 -2.343398e+001 -8.770000e+001
      vertex -3.085083e+001 -2.294855e+001 -8.820000e+001
      vertex -3.045882e+001 -2.333407e+001 -8.770000e+001
    endloop
  endfacet
  facet normal  7.071068e-001  0.000000e+000 -7.071068e-001
    outer loop
      vertex -3.170000e+001 -3.270000e+001 -8.820000e+001
      vertex -3.170000e+001 -2.430000e+001 -8.820000e+001
      vertex -3.120000e+001 -3.270000e+001 -8.770000e+001
    endloop
  endfacet
  facet normal  7.071068e-001  0.000000e+000 -7.071068e-001
    outer loop
      vertex -3.120000e+001 -3.270000e+001 -8.770000e+001
      vertex -3.170000e+001 -2.430000e+001 -8.820000e+001
      vertex -3.120000e+001 -2.430000e+001 -8.770000e+001
    endloop
  endfacet
  facet normal  7.942243e-002  7.048731e-001 -7.048731e-001
    outer loop
      vertex -3.020000e+001 -3.420000e+001 -8.820000e+001
      vertex -3.053378e+001 -3.416239e+001 -8.820000e+001
      vertex -3.020000e+001 -3.370000e+001 -8.770000e+001
    endloop
  endfacet
  facet normal  9.211826e-002  6.996523e-001 -7.085202e-001
    outer loop
      vertex -3.053378e+001 -3.416239e+001 -8.820000e+001
      vertex -3.045882e+001 -3.366592e+001 -8.770000e+001
      vertex -3.020000e+001 -3.370000e+001 -8.770000e+001
    endloop
  endfacet
  facet normal  6.996545e-001  9.211271e-002 -7.085188e-001
    outer loop
      vertex -3.116593e+001 -3.295882e+001 -8.770000e+001
      vertex -3.166239e+001 -3.303378e+001 -8.820000e+001
      vertex -3.120000e+001 -3.270000e+001 -8.770000e+001
    endloop
  endfacet
  facet normal  7.048731e-001  7.942198e-002 -7.048731e-001
    outer loop
      vertex -3.166239e+001 -3.303378e+001 -8.820000e+001
      vertex -3.170000e+001 -3.270000e+001 -8.820000e+001
      vertex -3.120000e+001 -3.270000e+001 -8.770000e+001
    endloop
  endfacet
  facet normal  2.350972e-001  6.718685e-001 -7.023689e-001
    outer loop
      vertex -3.053378e+001 -3.416239e+001 -8.820000e+001
      vertex -3.085083e+001 -3.405145e+001 -8.820000e+001
      vertex -3.045882e+001 -3.366592e+001 -8.770000e+001
    endloop
  endfacet
  facet normal  3.795052e-001  6.039744e-001 -7.008501e-001
    outer loop
      vertex -3.085083e+001 -3.405145e+001 -8.820000e+001
      vertex -3.113523e+001 -3.387275e+001 -8.820000e+001
      vertex -3.070000e+001 -3.356602e+001 -8.770000e+001
    endloop
  endfacet
  facet normal  2.689229e-001  6.492482e-001 -7.114473e-001
    outer loop
      vertex -3.045882e+001 -3.366592e+001 -8.770000e+001
      vertex -3.085083e+001 -3.405145e+001 -8.820000e+001
      vertex -3.070000e+001 -3.356602e+001 -8.770000e+001
    endloop
  endfacet
  facet normal  5.047365e-001  5.047405e-001 -7.003414e-001
    outer loop
      vertex -3.113523e+001 -3.387275e+001 -8.820000e+001
      vertex -3.137275e+001 -3.363523e+001 -8.820000e+001
      vertex -3.090711e+001 -3.340711e+001 -8.770000e+001
    endloop
  endfacet
  facet normal  4.269032e-001  5.563555e-001 -7.128971e-001
    outer loop
      vertex -3.070000e+001 -3.356602e+001 -8.770000e+001
      vertex -3.113523e+001 -3.387275e+001 -8.820000e+001
      vertex -3.090711e+001 -3.340711e+001 -8.770000e+001
    endloop
  endfacet
  facet normal  6.039758e-001  3.795020e-001 -7.008505e-001
    outer loop
      vertex -3.137275e+001 -3.363523e+001 -8.820000e+001
      vertex -3.155145e+001 -3.335083e+001 -8.820000e+001
      vertex -3.106602e+001 -3.320000e+001 -8.770000e+001
    endloop
  endfacet
  facet normal  5.563539e-001  4.269032e-001 -7.128983e-001
    outer loop
      vertex -3.090711e+001 -3.340711e+001 -8.770000e+001
      vertex -3.137275e+001 -3.363523e+001 -8.820000e+001
      vertex -3.106602e+001 -3.320000e+001 -8.770000e+001
    endloop
  endfacet
  facet normal  6.718694e-001  2.350989e-001 -7.023674e-001
    outer loop
      vertex -3.155145e+001 -3.335083e+001 -8.820000e+001
      vertex -3.166239e+001 -3.303378e+001 -8.820000e+001
      vertex -3.116593e+001 -3.295882e+001 -8.770000e+001
    endloop
  endfacet
  facet normal  6.492460e-001  2.689292e-001 -7.114470e-001
    outer loop
      vertex -3.106602e+001 -3.320000e+001 -8.770000e+001
      vertex -3.155145e+001 -3.335083e+001 -8.820000e+001
      vertex -3.116593e+001 -3.295882e+001 -8.770000e+001
    endloop
  endfacet
  facet normal  0.000000e+000  7.071068e-001 -7.071068e-001
    outer loop
      vertex -1.980000e+001 -3.420000e+001 -8.820000e+001
      vertex -3.020000e+001 -3.420000e+001 -8.820000e+001
      vertex -1.980000e+001 -3.370000e+001 -8.770000e+001
    endloop
  endfacet
  facet normal  0.000000e+000  7.071068e-001 -7.071068e-001
    outer loop
      vertex -1.980000e+001 -3.370000e+001 -8.770000e+001
      vertex -3.020000e+001 -3.420000e+001 -8.820000e+001
      vertex -3.020000e+001 -3.370000e+001 -8.770000e+001
    endloop
  endfacet
  facet normal -7.048731e-001  7.942198e-002 -7.048731e-001
    outer loop
      vertex -1.830000e+001 -3.270000e+001 -8.820000e+001
      vertex -1.833761e+001 -3.303378e+001 -8.820000e+001
      vertex -1.880000e+001 -3.270000e+001 -8.770000e+001
    endloop
  endfacet
  facet normal -6.996544e-001  9.211271e-002 -7.085188e-001
    outer loop
      vertex -1.833761e+001 -3.303378e+001 -8.820000e+001
      vertex -1.883407e+001 -3.295882e+001 -8.770000e+001
      vertex -1.880000e+001 -3.270000e+001 -8.770000e+001
    endloop
  endfacet
  facet normal -9.211826e-002  6.996523e-001 -7.085202e-001
    outer loop
      vertex -1.954118e+001 -3.366592e+001 -8.770000e+001
      vertex -1.946622e+001 -3.416239e+001 -8.820000e+001
      vertex -1.980000e+001 -3.370000e+001 -8.770000e+001
    endloop
  endfacet
  facet normal -7.942243e-002  7.048731e-001 -7.048731e-001
    outer loop
      vertex -1.946622e+001 -3.416239e+001 -8.820000e+001
      vertex -1.980000e+001 -3.420000e+001 -8.820000e+001
      vertex -1.980000e+001 -3.370000e+001 -8.770000e+001
    endloop
  endfacet
  facet normal -6.718694e-001  2.350989e-001 -7.023674e-001
    outer loop
      vertex -1.833761e+001 -3.303378e+001 -8.820000e+001
      vertex -1.844855e+001 -3.335083e+001 -8.820000e+001
      vertex -1.883407e+001 -3.295882e+001 -8.770000e+001
    endloop
  endfacet
  facet normal -6.039758e-001  3.795020e-001 -7.008505e-001
    outer loop
      vertex -1.844855e+001 -3.335083e+001 -8.820000e+001
      vertex -1.862725e+001 -3.363523e+001 -8.820000e+001
      vertex -1.893398e+001 -3.320000e+001 -8.770000e+001
    endloop
  endfacet
  facet normal -6.492460e-001  2.689292e-001 -7.114470e-001
    outer loop
      vertex -1.883407e+001 -3.295882e+001 -8.770000e+001
      vertex -1.844855e+001 -3.335083e+001 -8.820000e+001
      vertex -1.893398e+001 -3.320000e+001 -8.770000e+001
    endloop
  endfacet
  facet normal -5.047365e-001  5.047405e-001 -7.003414e-001
    outer loop
      vertex -1.862725e+001 -3.363523e+001 -8.820000e+001
      vertex -1.886477e+001 -3.387275e+001 -8.820000e+001
      vertex -1.909289e+001 -3.340711e+001 -8.770000e+001
    endloop
  endfacet
  facet normal -5.563539e-001  4.269032e-001 -7.128983e-001
    outer loop
      vertex -1.893398e+001 -3.320000e+001 -8.770000e+001
      vertex -1.862725e+001 -3.363523e+001 -8.820000e+001
      vertex -1.909289e+001 -3.340711e+001 -8.770000e+001
    endloop
  endfacet
  facet normal -3.795052e-001  6.039744e-001 -7.008501e-001
    outer loop
      vertex -1.886477e+001 -3.387275e+001 -8.820000e+001
      vertex -1.914917e+001 -3.405145e+001 -8.820000e+001
      vertex -1.930000e+001 -3.356602e+001 -8.770000e+001
    endloop
  endfacet
  facet normal -4.269032e-001  5.563555e-001 -7.128971e-001
    outer loop
      vertex -1.909289e+001 -3.340711e+001 -8.770000e+001
      vertex -1.886477e+001 -3.387275e+001 -8.820000e+001
      vertex -1.930000e+001 -3.356602e+001 -8.770000e+001
    endloop
  endfacet
  facet normal -2.350972e-001  6.718685e-001 -7.023689e-001
    outer loop
      vertex -1.914917e+001 -3.405145e+001 -8.820000e+001
      vertex -1.946622e+001 -3.416239e+001 -8.820000e+001
      vertex -1.954118e+001 -3.366592e+001 -8.770000e+001
    endloop
  endfacet
  facet normal -2.689229e-001  6.492482e-001 -7.114473e-001
    outer loop
      vertex -1.930000e+001 -3.356602e+001 -8.770000e+001
      vertex -1.914917e+001 -3.405145e+001 -8.820000e+001
      vertex -1.954118e+001 -3.366592e+001 -8.770000e+001
    endloop
  endfacet
  facet normal -7.071068e-001  0.000000e+000 -7.071068e-001
    outer loop
      vertex -1.830000e+001 -2.430000e+001 -8.820000e+001
      vertex -1.830000e+001 -3.270000e+001 -8.820000e+001
      vertex -1.880000e+001 -2.430000e+001 -8.770000e+001
    endloop
  endfacet
  facet normal -7.071068e-001  -0.000000e+000 -7.071068e-001
    outer loop
      vertex -1.880000e+001 -2.430000e+001 -8.770000e+001
      vertex -1.830000e+001 -3.270000e+001 -8.820000e+001
      vertex -1.880000e+001 -3.270000e+001 -8.770000e+001
    endloop
  endfacet
  facet normal -7.942243e-002 -7.048731e-001 -7.048731e-001
    outer loop
      vertex -1.980000e+001 -2.280000e+001 -8.820000e+001
      vertex -1.946622e+001 -2.283761e+001 -8.820000e+001
      vertex -1.980000e+001 -2.330000e+001 -8.770000e+001
    endloop
  endfacet
  facet normal -9.211337e-002 -6.996543e-001 -7.085189e-001
    outer loop
      vertex -1.946622e+001 -2.283761e+001 -8.820000e+001
      vertex -1.954118e+001 -2.333407e+001 -8.770000e+001
      vertex -1.980000e+001 -2.330000e+001 -8.770000e+001
    endloop
  endfacet
  facet normal -6.996543e-001 -9.211337e-002 -7.085189e-001
    outer loop
      vertex -1.883407e+001 -2.404118e+001 -8.770000e+001
      vertex -1.833761e+001 -2.396622e+001 -8.820000e+001
      vertex -1.880000e+001 -2.430000e+001 -8.770000e+001
    endloop
  endfacet
  facet normal -7.048733e-001 -7.942200e-002 -7.048730e-001
    outer loop
      vertex -1.833761e+001 -2.396622e+001 -8.820000e+001
      vertex -1.830000e+001 -2.430000e+001 -8.820000e+001
      vertex -1.880000e+001 -2.430000e+001 -8.770000e+001
    endloop
  endfacet
  facet normal -2.350976e-001 -6.718698e-001 -7.023676e-001
    outer loop
      vertex -1.946622e+001 -2.283761e+001 -8.820000e+001
      vertex -1.914917e+001 -2.294855e+001 -8.820000e+001
      vertex -1.954118e+001 -2.333407e+001 -8.770000e+001
    endloop
  endfacet
  facet normal -3.795020e-001 -6.039758e-001 -7.008505e-001
    outer loop
      vertex -1.914917e+001 -2.294855e+001 -8.820000e+001
      vertex -1.886477e+001 -2.312725e+001 -8.820000e+001
      vertex -1.930000e+001 -2.343398e+001 -8.770000e+001
    endloop
  endfacet
  facet normal -2.689273e-001 -6.492466e-001 -7.114471e-001
    outer loop
      vertex -1.954118e+001 -2.333407e+001 -8.770000e+001
      vertex -1.914917e+001 -2.294855e+001 -8.820000e+001
      vertex -1.930000e+001 -2.343398e+001 -8.770000e+001
    endloop
  endfacet
  facet normal -5.047375e-001 -5.047375e-001 -7.003429e-001
    outer loop
      vertex -1.886477e+001 -2.312725e+001 -8.820000e+001
      vertex -1.862725e+001 -2.336477e+001 -8.820000e+001
      vertex -1.909289e+001 -2.359289e+001 -8.770000e+001
    endloop
  endfacet
  facet normal -4.269053e-001 -5.563517e-001 -7.128988e-001
    outer loop
      vertex -1.930000e+001 -2.343398e+001 -8.770000e+001
      vertex -1.886477e+001 -2.312725e+001 -8.820000e+001
      vertex -1.909289e+001 -2.359289e+001 -8.770000e+001
    endloop
  endfacet
  facet normal -6.039758e-001 -3.795020e-001 -7.008505e-001
    outer loop
      vertex -1.862725e+001 -2.336477e+001 -8.820000e+001
      vertex -1.844855e+001 -2.364917e+001 -8.820000e+001
      vertex -1.893398e+001 -2.380000e+001 -8.770000e+001
    endloop
  endfacet
  facet normal -5.563517e-001 -4.269053e-001 -7.128988e-001
    outer loop
      vertex -1.909289e+001 -2.359289e+001 -8.770000e+001
      vertex -1.862725e+001 -2.336477e+001 -8.820000e+001
      vertex -1.893398e+001 -2.380000e+001 -8.770000e+001
    endloop
  endfacet
  facet normal -6.718698e-001 -2.350976e-001 -7.023676e-001
    outer loop
      vertex -1.844855e+001 -2.364917e+001 -8.820000e+001
      vertex -1.833761e+001 -2.396622e+001 -8.820000e+001
      vertex -1.883407e+001 -2.404118e+001 -8.770000e+001
    endloop
  endfacet
  facet normal -6.492466e-001 -2.689273e-001 -7.114471e-001
    outer loop
      vertex -1.893398e+001 -2.380000e+001 -8.770000e+001
      vertex -1.844855e+001 -2.364917e+001 -8.820000e+001
      vertex -1.883407e+001 -2.404118e+001 -8.770000e+001
    endloop
  endfacet
  facet normal  -0.000000e+000 -7.071068e-001 -7.071068e-001
    outer loop
      vertex -3.020000e+001 -2.280000e+001 -8.820000e+001
      vertex -1.980000e+001 -2.280000e+001 -8.820000e+001
      vertex -3.020000e+001 -2.330000e+001 -8.770000e+001
    endloop
  endfacet
  facet normal  0.000000e+000 -7.071068e-001 -7.071068e-001
    outer loop
      vertex -3.020000e+001 -2.330000e+001 -8.770000e+001
      vertex -1.980000e+001 -2.280000e+001 -8.820000e+001
      vertex -1.980000e+001 -2.330000e+001 -8.770000e+001
    endloop
  endfacet
  facet normal  7.933522e-001 -6.087630e-001  0.000000e+000
    outer loop
      vertex -3.090711e+001 -2.359289e+001 -8.770000e+001
      vertex -3.106602e+001 -2.380000e+001 -8.170000e+001
      vertex -3.106602e+001 -2.380000e+001 -8.770000e+001
    endloop
  endfacet
  facet normal  9.238793e-001 -3.826841e-001  0.000000e+000
    outer loop
      vertex -3.106602e+001 -2.380000e+001 -8.770000e+001
      vertex -3.106602e+001 -2.380000e+001 -8.170000e+001
      vertex -3.116593e+001 -2.404118e+001 -8.170000e+001
    endloop
  endfacet
  facet normal  9.238793e-001 -3.826841e-001  0.000000e+000
    outer loop
      vertex -3.106602e+001 -2.380000e+001 -8.770000e+001
      vertex -3.116593e+001 -2.404118e+001 -8.170000e+001
      vertex -3.116593e+001 -2.404118e+001 -8.770000e+001
    endloop
  endfacet
  facet normal  9.914445e-001 -1.305292e-001  0.000000e+000
    outer loop
      vertex -3.116593e+001 -2.404118e+001 -8.770000e+001
      vertex -3.116593e+001 -2.404118e+001 -8.170000e+001
      vertex -3.120000e+001 -2.430000e+001 -8.170000e+001
    endloop
  endfacet
  facet normal  9.914445e-001 -1.305292e-001  0.000000e+000
    outer loop
      vertex -3.116593e+001 -2.404118e+001 -8.770000e+001
      vertex -3.120000e+001 -2.430000e+001 -8.170000e+001
      vertex -3.120000e+001 -2.430000e+001 -8.770000e+001
    endloop
  endfacet
  facet normal  7.933522e-001 -6.087630e-001  0.000000e+000
    outer loop
      vertex -3.106602e+001 -2.380000e+001 -8.170000e+001
      vertex -3.090711e+001 -2.359289e+001 -8.770000e+001
      vertex -3.090711e+001 -2.359289e+001 -8.170000e+001
    endloop
  endfacet
  facet normal  6.087630e-001 -7.933522e-001  0.000000e+000
    outer loop
      vertex -3.090711e+001 -2.359289e+001 -8.170000e+001
      vertex -3.090711e+001 -2.359289e+001 -8.770000e+001
      vertex -3.070000e+001 -2.343398e+001 -8.770000e+001
    endloop
  endfacet
  facet normal  6.087630e-001 -7.933522e-001  0.000000e+000
    outer loop
      vertex -3.090711e+001 -2.359289e+001 -8.170000e+001
      vertex -3.070000e+001 -2.343398e+001 -8.770000e+001
      vertex -3.070000e+001 -2.343398e+001 -8.170000e+001
    endloop
  endfacet
  facet normal  3.826841e-001 -9.238793e-001  0.000000e+000
    outer loop
      vertex -3.070000e+001 -2.343398e+001 -8.170000e+001
      vertex -3.070000e+001 -2.343398e+001 -8.770000e+001
      vertex -3.045882e+001 -2.333407e+001 -8.770000e+001
    endloop
  endfacet
  facet normal  3.826841e-001 -9.238793e-001  0.000000e+000
    outer loop
      vertex -3.070000e+001 -2.343398e+001 -8.170000e+001
      vertex -3.045882e+001 -2.333407e+001 -8.770000e+001
      vertex -3.045882e+001 -2.333407e+001 -8.170000e+001
    endloop
  endfacet
  facet normal  1.305292e-001 -9.914445e-001  0.000000e+000
    outer loop
      vertex -3.045882e+001 -2.333407e+001 -8.170000e+001
      vertex -3.045882e+001 -2.333407e+001 -8.770000e+001
      vertex -3.020000e+001 -2.330000e+001 -8.770000e+001
    endloop
  endfacet
  facet normal  1.305292e-001 -9.914445e-001  0.000000e+000
    outer loop
      vertex -3.045882e+001 -2.333407e+001 -8.170000e+001
      vertex -3.020000e+001 -2.330000e+001 -8.770000e+001
      vertex -3.020000e+001 -2.330000e+001 -8.170000e+001
    endloop
  endfacet
  facet normal  1.000000e+000  0.000000e+000  0.000000e+000
    outer loop
      vertex -3.120000e+001 -3.270000e+001 -8.170000e+001
      vertex -3.120000e+001 -3.270000e+001 -8.770000e+001
      vertex -3.120000e+001 -2.430000e+001 -8.170000e+001
    endloop
  endfacet
  facet normal  1.000000e+000  0.000000e+000  0.000000e+000
    outer loop
      vertex -3.120000e+001 -2.430000e+001 -8.170000e+001
      vertex -3.120000e+001 -3.270000e+001 -8.770000e+001
      vertex -3.120000e+001 -2.430000e+001 -8.770000e+001
    endloop
  endfacet
  facet normal  0.000000e+000 -1.000000e+000  0.000000e+000
    outer loop
      vertex -3.020000e+001 -2.330000e+001 -8.170000e+001
      vertex -3.020000e+001 -2.330000e+001 -8.770000e+001
      vertex -1.980000e+001 -2.330000e+001 -8.170000e+001
    endloop
  endfacet
  facet normal  0.000000e+000 -1.000000e+000  -0.000000e+000
    outer loop
      vertex -1.980000e+001 -2.330000e+001 -8.170000e+001
      vertex -3.020000e+001 -2.330000e+001 -8.770000e+001
      vertex -1.980000e+001 -2.330000e+001 -8.770000e+001
    endloop
  endfacet
  facet normal  6.087583e-001  7.933556e-001  0.000000e+000
    outer loop
      vertex -3.090711e+001 -3.340711e+001 -8.770000e+001
      vertex -3.070000e+001 -3.356602e+001 -8.170000e+001
      vertex -3.070000e+001 -3.356602e+001 -8.770000e+001
    endloop
  endfacet
  facet normal  3.826779e-001  9.238818e-001  -0.000000e+000
    outer loop
      vertex -3.070000e+001 -3.356602e+001 -8.770000e+001
      vertex -3.070000e+001 -3.356602e+001 -8.170000e+001
      vertex -3.045882e+001 -3.366592e+001 -8.170000e+001
    endloop
  endfacet
  facet normal  3.826779e-001  9.238818e-001  0.000000e+000
    outer loop
      vertex -3.070000e+001 -3.356602e+001 -8.770000e+001
      vertex -3.045882e+001 -3.366592e+001 -8.170000e+001
      vertex -3.045882e+001 -3.366592e+001 -8.770000e+001
    endloop
  endfacet
  facet normal  1.305363e-001  9.914436e-001  -0.000000e+000
    outer loop
      vertex -3.045882e+001 -3.366592e+001 -8.770000e+001
      vertex -3.045882e+001 -3.366592e+001 -8.170000e+001
      vertex -3.020000e+001 -3.370000e+001 -8.170000e+001
    endloop
  endfacet
  facet normal  1.305363e-001  9.914436e-001  0.000000e+000
    outer loop
      vertex -3.045882e+001 -3.366592e+001 -8.770000e+001
      vertex -3.020000e+001 -3.370000e+001 -8.170000e+001
      vertex -3.020000e+001 -3.370000e+001 -8.770000e+001
    endloop
  endfacet
  facet normal  6.087583e-001  7.933556e-001  -0.000000e+000
    outer loop
      vertex -3.070000e+001 -3.356602e+001 -8.170000e+001
      vertex -3.090711e+001 -3.340711e+001 -8.770000e+001
      vertex -3.090711e+001 -3.340711e+001 -8.170000e+001
    endloop
  endfacet
  facet normal  7.933548e-001  6.087594e-001  0.000000e+000
    outer loop
      vertex -3.090711e+001 -3.340711e+001 -8.170000e+001
      vertex -3.090711e+001 -3.340711e+001 -8.770000e+001
      vertex -3.106602e+001 -3.320000e+001 -8.770000e+001
    endloop
  endfacet
  facet normal  7.933548e-001  6.087594e-001  -0.000000e+000
    outer loop
      vertex -3.090711e+001 -3.340711e+001 -8.170000e+001
      vertex -3.106602e+001 -3.320000e+001 -8.770000e+001
      vertex -3.106602e+001 -3.320000e+001 -8.170000e+001
    endloop
  endfacet
  facet normal  9.238781e-001  3.826867e-001  0.000000e+000
    outer loop
      vertex -3.106602e+001 -3.320000e+001 -8.170000e+001
      vertex -3.106602e+001 -3.320000e+001 -8.770000e+001
      vertex -3.116593e+001 -3.295882e+001 -8.770000e+001
    endloop
  endfacet
  facet normal  9.238781e-001  3.826867e-001  -0.000000e+000
    outer loop
      vertex -3.106602e+001 -3.320000e+001 -8.170000e+001
      vertex -3.116593e+001 -3.295882e+001 -8.770000e+001
      vertex -3.116593e+001 -3.295882e+001 -8.170000e+001
    endloop
  endfacet
  facet normal  9.914446e-001  1.305282e-001  0.000000e+000
    outer loop
      vertex -3.116593e+001 -3.295882e+001 -8.170000e+001
      vertex -3.116593e+001 -3.295882e+001 -8.770000e+001
      vertex -3.120000e+001 -3.270000e+001 -8.770000e+001
    endloop
  endfacet
  facet normal  9.914446e-001  1.305282e-001  -0.000000e+000
    outer loop
      vertex -3.116593e+001 -3.295882e+001 -8.170000e+001
      vertex -3.120000e+001 -3.270000e+001 -8.770000e+001
      vertex -3.120000e+001 -3.270000e+001 -8.170000e+001
    endloop
  endfacet
  facet normal  0.000000e+000  1.000000e+000  -0.000000e+000
    outer loop
      vertex -1.980000e+001 -3.370000e+001 -8.170000e+001
      vertex -1.980000e+001 -3.370000e+001 -8.770000e+001
      vertex -3.020000e+001 -3.370000e+001 -8.170000e+001
    endloop
  endfacet
  facet normal  0.000000e+000  1.000000e+000  0.000000e+000
    outer loop
      vertex -3.020000e+001 -3.370000e+001 -8.170000e+001
      vertex -1.980000e+001 -3.370000e+001 -8.770000e+001
      vertex -3.020000e+001 -3.370000e+001 -8.770000e+001
    endloop
  endfacet
  facet normal -7.933548e-001  6.087594e-001  0.000000e+000
    outer loop
      vertex -1.909289e+001 -3.340711e+001 -8.770000e+001
      vertex -1.893398e+001 -3.320000e+001 -8.170000e+001
      vertex -1.893398e+001 -3.320000e+001 -8.770000e+001
    endloop
  endfacet
  facet normal -9.238781e-001  3.826867e-001  0.000000e+000
    outer loop
      vertex -1.893398e+001 -3.320000e+001 -8.770000e+001
      vertex -1.893398e+001 -3.320000e+001 -8.170000e+001
      vertex -1.883407e+001 -3.295882e+001 -8.170000e+001
    endloop
  endfacet
  facet normal -9.238781e-001  3.826867e-001  0.000000e+000
    outer loop
      vertex -1.893398e+001 -3.320000e+001 -8.770000e+001
      vertex -1.883407e+001 -3.295882e+001 -8.170000e+001
      vertex -1.883407e+001 -3.295882e+001 -8.770000e+001
    endloop
  endfacet
  facet normal -9.914446e-001  1.305282e-001  0.000000e+000
    outer loop
      vertex -1.883407e+001 -3.295882e+001 -8.770000e+001
      vertex -1.883407e+001 -3.295882e+001 -8.170000e+001
      vertex -1.880000e+001 -3.270000e+001 -8.170000e+001
    endloop
  endfacet
  facet normal -9.914446e-001  1.305282e-001  0.000000e+000
    outer loop
      vertex -1.883407e+001 -3.295882e+001 -8.770000e+001
      vertex -1.880000e+001 -3.270000e+001 -8.170000e+001
      vertex -1.880000e+001 -3.270000e+001 -8.770000e+001
    endloop
  endfacet
  facet normal -7.933548e-001  6.087594e-001  0.000000e+000
    outer loop
      vertex -1.893398e+001 -3.320000e+001 -8.170000e+001
      vertex -1.909289e+001 -3.340711e+001 -8.770000e+001
      vertex -1.909289e+001 -3.340711e+001 -8.170000e+001
    endloop
  endfacet
  facet normal -6.087583e-001  7.933556e-001  0.000000e+000
    outer loop
      vertex -1.909289e+001 -3.340711e+001 -8.170000e+001
      vertex -1.909289e+001 -3.340711e+001 -8.770000e+001
      vertex -1.930000e+001 -3.356602e+001 -8.770000e+001
    endloop
  endfacet
  facet normal -6.087583e-001  7.933556e-001  0.000000e+000
    outer loop
      vertex -1.909289e+001 -3.340711e+001 -8.170000e+001
      vertex -1.930000e+001 -3.356602e+001 -8.770000e+001
      vertex -1.930000e+001 -3.356602e+001 -8.170000e+001
    endloop
  endfacet
  facet normal -3.826779e-001  9.238818e-001  0.000000e+000
    outer loop
      vertex -1.930000e+001 -3.356602e+001 -8.170000e+001
      vertex -1.930000e+001 -3.356602e+001 -8.770000e+001
      vertex -1.954118e+001 -3.366592e+001 -8.770000e+001
    endloop
  endfacet
  facet normal -3.826779e-001  9.238818e-001  0.000000e+000
    outer loop
      vertex -1.930000e+001 -3.356602e+001 -8.170000e+001
      vertex -1.954118e+001 -3.366592e+001 -8.770000e+001
      vertex -1.954118e+001 -3.366592e+001 -8.170000e+001
    endloop
  endfacet
  facet normal -1.305363e-001  9.914436e-001  0.000000e+000
    outer loop
      vertex -1.954118e+001 -3.366592e+001 -8.170000e+001
      vertex -1.954118e+001 -3.366592e+001 -8.770000e+001
      vertex -1.980000e+001 -3.370000e+001 -8.770000e+001
    endloop
  endfacet
  facet normal -1.305363e-001  9.914436e-001  0.000000e+000
    outer loop
      vertex -1.954118e+001 -3.366592e+001 -8.170000e+001
      vertex -1.980000e+001 -3.370000e+001 -8.770000e+001
      vertex -1.980000e+001 -3.370000e+001 -8.170000e+001
    endloop
  endfacet
  facet normal -1.000000e+000  0.000000e+000  0.000000e+000
    outer loop
      vertex -1.880000e+001 -2.430000e+001 -8.170000e+001
      vertex -1.880000e+001 -2.430000e+001 -8.770000e+001
      vertex -1.880000e+001 -3.270000e+001 -8.170000e+001
    endloop
  endfacet
  facet normal -1.000000e+000  0.000000e+000  0.000000e+000
    outer loop
      vertex -1.880000e+001 -3.270000e+001 -8.170000e+001
      vertex -1.880000e+001 -2.430000e+001 -8.770000e+001
      vertex -1.880000e+001 -3.270000e+001 -8.770000e+001
    endloop
  endfacet
  facet normal -6.087630e-001 -7.933522e-001  -0.000000e+000
    outer loop
      vertex -1.909289e+001 -2.359289e+001 -8.770000e+001
      vertex -1.930000e+001 -2.343398e+001 -8.170000e+001
      vertex -1.930000e+001 -2.343398e+001 -8.770000e+001
    endloop
  endfacet
  facet normal -3.826841e-001 -9.238793e-001  0.000000e+000
    outer loop
      vertex -1.930000e+001 -2.343398e+001 -8.770000e+001
      vertex -1.930000e+001 -2.343398e+001 -8.170000e+001
      vertex -1.954118e+001 -2.333407e+001 -8.170000e+001
    endloop
  endfacet
  facet normal -3.826841e-001 -9.238793e-001  -0.000000e+000
    outer loop
      vertex -1.930000e+001 -2.343398e+001 -8.770000e+001
      vertex -1.954118e+001 -2.333407e+001 -8.170000e+001
      vertex -1.954118e+001 -2.333407e+001 -8.770000e+001
    endloop
  endfacet
  facet normal -1.305292e-001 -9.914445e-001  0.000000e+000
    outer loop
      vertex -1.954118e+001 -2.333407e+001 -8.770000e+001
      vertex -1.954118e+001 -2.333407e+001 -8.170000e+001
      vertex -1.980000e+001 -2.330000e+001 -8.170000e+001
    endloop
  endfacet
  facet normal -1.305292e-001 -9.914445e-001  -0.000000e+000
    outer loop
      vertex -1.954118e+001 -2.333407e+001 -8.770000e+001
      vertex -1.980000e+001 -2.330000e+001 -8.170000e+001
      vertex -1.980000e+001 -2.330000e+001 -8.770000e+001
    endloop
  endfacet
  facet normal -6.087630e-001 -7.933522e-001  0.000000e+000
    outer loop
      vertex -1.930000e+001 -2.343398e+001 -8.170000e+001
      vertex -1.909289e+001 -2.359289e+001 -8.770000e+001
      vertex -1.909289e+001 -2.359289e+001 -8.170000e+001
    endloop
  endfacet
  facet normal -7.933522e-001 -6.087630e-001  -0.000000e+000
    outer loop
      vertex -1.909289e+001 -2.359289e+001 -8.170000e+001
      vertex -1.909289e+001 -2.359289e+001 -8.770000e+001
      vertex -1.893398e+001 -2.380000e+001 -8.770000e+001
    endloop
  endfacet
  facet normal -7.933522e-001 -6.087630e-001  0.000000e+000
    outer loop
      vertex -1.909289e+001 -2.359289e+001 -8.170000e+001
      vertex -1.893398e+001 -2.380000e+001 -8.770000e+001
      vertex -1.893398e+001 -2.380000e+001 -8.170000e+001
    endloop
  endfacet
  facet normal -9.238793e-001 -3.826841e-001  -0.000000e+000
    outer loop
      vertex -1.893398e+001 -2.380000e+001 -8.170000e+001
      vertex -1.893398e+001 -2.380000e+001 -8.770000e+001
      vertex -1.883407e+001 -2.404118e+001 -8.770000e+001
    endloop
  endfacet
  facet normal -9.238793e-001 -3.826841e-001  0.000000e+000
    outer loop
      vertex -1.893398e+001 -2.380000e+001 -8.170000e+001
      vertex -1.883407e+001 -2.404118e+001 -8.770000e+001
      vertex -1.883407e+001 -2.404118e+001 -8.170000e+001
    endloop
  endfacet
  facet normal -9.914445e-001 -1.305292e-001  -0.000000e+000
    outer loop
      vertex -1.883407e+001 -2.404118e+001 -8.170000e+001
      vertex -1.883407e+001 -2.404118e+001 -8.770000e+001
      vertex -1.880000e+001 -2.430000e+001 -8.770000e+001
    endloop
  endfacet
  facet normal -9.914445e-001 -1.305292e-001  0.000000e+000
    outer loop
      vertex -1.883407e+001 -2.404118e+001 -8.170000e+001
      vertex -1.880000e+001 -2.430000e+001 -8.770000e+001
      vertex -1.880000e+001 -2.430000e+001 -8.170000e+001
    endloop
  endfacet
  facet normal  7.048731e-001  7.942198e-002  7.048731e-001
    outer loop
      vertex -3.170000e+001 -3.270000e+001 -8.120000e+001
      vertex -3.166239e+001 -3.303378e+001 -8.120000e+001
      vertex -3.120000e+001 -3.270000e+001 -8.170000e+001
    endloop
  endfacet
  facet normal  6.996544e-001  9.211271e-002  7.085188e-001
    outer loop
      vertex -3.166239e+001 -3.303378e+001 -8.120000e+001
      vertex -3.116593e+001 -3.295882e+001 -8.170000e+001
      vertex -3.120000e+001 -3.270000e+001 -8.170000e+001
    endloop
  endfacet
  facet normal  9.211826e-002  6.996523e-001  7.085202e-001
    outer loop
      vertex -3.045882e+001 -3.366592e+001 -8.170000e+001
      vertex -3.053378e+001 -3.416239e+001 -8.120000e+001
      vertex -3.020000e+001 -3.370000e+001 -8.170000e+001
    endloop
  endfacet
  facet normal  7.942243e-002  7.048731e-001  7.048731e-001
    outer loop
      vertex -3.053378e+001 -3.416239e+001 -8.120000e+001
      vertex -3.020000e+001 -3.420000e+001 -8.120000e+001
      vertex -3.020000e+001 -3.370000e+001 -8.170000e+001
    endloop
  endfacet
  facet normal  6.718694e-001  2.350989e-001  7.023674e-001
    outer loop
      vertex -3.166239e+001 -3.303378e+001 -8.120000e+001
      vertex -3.155145e+001 -3.335083e+001 -8.120000e+001
      vertex -3.116593e+001 -3.295882e+001 -8.170000e+001
    endloop
  endfacet
  facet normal  6.039758e-001  3.795020e-001  7.008505e-001
    outer loop
      vertex -3.155145e+001 -3.335083e+001 -8.120000e+001
      vertex -3.137275e+001 -3.363523e+001 -8.120000e+001
      vertex -3.106602e+001 -3.320000e+001 -8.170000e+001
    endloop
  endfacet
  facet normal  6.492460e-001  2.689292e-001  7.114470e-001
    outer loop
      vertex -3.116593e+001 -3.295882e+001 -8.170000e+001
      vertex -3.155145e+001 -3.335083e+001 -8.120000e+001
      vertex -3.106602e+001 -3.320000e+001 -8.170000e+001
    endloop
  endfacet
  facet normal  5.047365e-001  5.047405e-001  7.003414e-001
    outer loop
      vertex -3.137275e+001 -3.363523e+001 -8.120000e+001
      vertex -3.113523e+001 -3.387275e+001 -8.120000e+001
      vertex -3.090711e+001 -3.340711e+001 -8.170000e+001
    endloop
  endfacet
  facet normal  5.563539e-001  4.269032e-001  7.128983e-001
    outer loop
      vertex -3.106602e+001 -3.320000e+001 -8.170000e+001
      vertex -3.137275e+001 -3.363523e+001 -8.120000e+001
      vertex -3.090711e+001 -3.340711e+001 -8.170000e+001
    endloop
  endfacet
  facet normal  3.795052e-001  6.039744e-001  7.008501e-001
    outer loop
      vertex -3.113523e+001 -3.387275e+001 -8.120000e+001
      vertex -3.085083e+001 -3.405145e+001 -8.120000e+001
      vertex -3.070000e+001 -3.356602e+001 -8.170000e+001
    endloop
  endfacet
  facet normal  4.269032e-001  5.563555e-001  7.128971e-001
    outer loop
      vertex -3.090711e+001 -3.340711e+001 -8.170000e+001
      vertex -3.113523e+001 -3.387275e+001 -8.120000e+001
      vertex -3.070000e+001 -3.356602e+001 -8.170000e+001
    endloop
  endfacet
  facet normal  2.350972e-001  6.718685e-001  7.023689e-001
    outer loop
      vertex -3.085083e+001 -3.405145e+001 -8.120000e+001
      vertex -3.053378e+001 -3.416239e+001 -8.120000e+001
      vertex -3.045882e+001 -3.366592e+001 -8.170000e+001
    endloop
  endfacet
  facet normal  2.689229e-001  6.492482e-001  7.114473e-001
    outer loop
      vertex -3.070000e+001 -3.356602e+001 -8.170000e+001
      vertex -3.085083e+001 -3.405145e+001 -8.120000e+001
      vertex -3.045882e+001 -3.366592e+001 -8.170000e+001
    endloop
  endfacet
  facet normal  -0.000000e+000  7.071068e-001  7.071068e-001
    outer loop
      vertex -1.980000e+001 -3.370000e+001 -8.170000e+001
      vertex -3.020000e+001 -3.370000e+001 -8.170000e+001
      vertex -1.980000e+001 -3.420000e+001 -8.120000e+001
    endloop
  endfacet
  facet normal  0.000000e+000  7.071068e-001  7.071068e-001
    outer loop
      vertex -1.980000e+001 -3.420000e+001 -8.120000e+001
      vertex -3.020000e+001 -3.370000e+001 -8.170000e+001
      vertex -3.020000e+001 -3.420000e+001 -8.120000e+001
    endloop
  endfacet
  facet normal -7.942243e-002  7.048731e-001  7.048731e-001
    outer loop
      vertex -1.980000e+001 -3.420000e+001 -8.120000e+001
      vertex -1.946622e+001 -3.416239e+001 -8.120000e+001
      vertex -1.980000e+001 -3.370000e+001 -8.170000e+001
    endloop
  endfacet
  facet normal -9.211826e-002  6.996523e-001  7.085202e-001
    outer loop
      vertex -1.946622e+001 -3.416239e+001 -8.120000e+001
      vertex -1.954118e+001 -3.366592e+001 -8.170000e+001
      vertex -1.980000e+001 -3.370000e+001 -8.170000e+001
    endloop
  endfacet
  facet normal -6.996545e-001  9.211271e-002  7.085188e-001
    outer loop
      vertex -1.883407e+001 -3.295882e+001 -8.170000e+001
      vertex -1.833761e+001 -3.303378e+001 -8.120000e+001
      vertex -1.880000e+001 -3.270000e+001 -8.170000e+001
    endloop
  endfacet
  facet normal -7.048731e-001  7.942198e-002  7.048731e-001
    outer loop
      vertex -1.833761e+001 -3.303378e+001 -8.120000e+001
      vertex -1.830000e+001 -3.270000e+001 -8.120000e+001
      vertex -1.880000e+001 -3.270000e+001 -8.170000e+001
    endloop
  endfacet
  facet normal -2.350972e-001  6.718685e-001  7.023689e-001
    outer loop
      vertex -1.946622e+001 -3.416239e+001 -8.120000e+001
      vertex -1.914917e+001 -3.405145e+001 -8.120000e+001
      vertex -1.954118e+001 -3.366592e+001 -8.170000e+001
    endloop
  endfacet
  facet normal -3.795052e-001  6.039744e-001  7.008501e-001
    outer loop
      vertex -1.914917e+001 -3.405145e+001 -8.120000e+001
      vertex -1.886477e+001 -3.387275e+001 -8.120000e+001
      vertex -1.930000e+001 -3.356602e+001 -8.170000e+001
    endloop
  endfacet
  facet normal -2.689229e-001  6.492482e-001  7.114473e-001
    outer loop
      vertex -1.954118e+001 -3.366592e+001 -8.170000e+001
      vertex -1.914917e+001 -3.405145e+001 -8.120000e+001
      vertex -1.930000e+001 -3.356602e+001 -8.170000e+001
    endloop
  endfacet
  facet normal -5.047365e-001  5.047405e-001  7.003414e-001
    outer loop
      vertex -1.886477e+001 -3.387275e+001 -8.120000e+001
      vertex -1.862725e+001 -3.363523e+001 -8.120000e+001
      vertex -1.909289e+001 -3.340711e+001 -8.170000e+001
    endloop
  endfacet
  facet normal -4.269032e-001  5.563555e-001  7.128971e-001
    outer loop
      vertex -1.930000e+001 -3.356602e+001 -8.170000e+001
      vertex -1.886477e+001 -3.387275e+001 -8.120000e+001
      vertex -1.909289e+001 -3.340711e+001 -8.170000e+001
    endloop
  endfacet
  facet normal -6.039758e-001  3.795020e-001  7.008505e-001
    outer loop
      vertex -1.862725e+001 -3.363523e+001 -8.120000e+001
      vertex -1.844855e+001 -3.335083e+001 -8.120000e+001
      vertex -1.893398e+001 -3.320000e+001 -8.170000e+001
    endloop
  endfacet
  facet normal -5.563539e-001  4.269032e-001  7.128983e-001
    outer loop
      vertex -1.909289e+001 -3.340711e+001 -8.170000e+001
      vertex -1.862725e+001 -3.363523e+001 -8.120000e+001
      vertex -1.893398e+001 -3.320000e+001 -8.170000e+001
    endloop
  endfacet
  facet normal -6.718694e-001  2.350989e-001  7.023674e-001
    outer loop
      vertex -1.844855e+001 -3.335083e+001 -8.120000e+001
      vertex -1.833761e+001 -3.303378e+001 -8.120000e+001
      vertex -1.883407e+001 -3.295882e+001 -8.170000e+001
    endloop
  endfacet
  facet normal -6.492460e-001  2.689292e-001  7.114470e-001
    outer loop
      vertex -1.893398e+001 -3.320000e+001 -8.170000e+001
      vertex -1.844855e+001 -3.335083e+001 -8.120000e+001
      vertex -1.883407e+001 -3.295882e+001 -8.170000e+001
    endloop
  endfacet
  facet normal -7.071068e-001  0.000000e+000  7.071068e-001
    outer loop
      vertex -1.880000e+001 -2.430000e+001 -8.170000e+001
      vertex -1.880000e+001 -3.270000e+001 -8.170000e+001
      vertex -1.830000e+001 -2.430000e+001 -8.120000e+001
    endloop
  endfacet
  facet normal -7.071068e-001  0.000000e+000  7.071068e-001
    outer loop
      vertex -1.830000e+001 -2.430000e+001 -8.120000e+001
      vertex -1.880000e+001 -3.270000e+001 -8.170000e+001
      vertex -1.830000e+001 -3.270000e+001 -8.120000e+001
    endloop
  endfacet
  facet normal -7.048733e-001 -7.942200e-002  7.048730e-001
    outer loop
      vertex -1.830000e+001 -2.430000e+001 -8.120000e+001
      vertex -1.833761e+001 -2.396622e+001 -8.120000e+001
      vertex -1.880000e+001 -2.430000e+001 -8.170000e+001
    endloop
  endfacet
  facet normal -6.996543e-001 -9.211337e-002  7.085189e-001
    outer loop
      vertex -1.833761e+001 -2.396622e+001 -8.120000e+001
      vertex -1.883407e+001 -2.404118e+001 -8.170000e+001
      vertex -1.880000e+001 -2.430000e+001 -8.170000e+001
    endloop
  endfacet
  facet normal -9.211337e-002 -6.996543e-001  7.085189e-001
    outer loop
      vertex -1.954118e+001 -2.333407e+001 -8.170000e+001
      vertex -1.946622e+001 -2.283761e+001 -8.120000e+001
      vertex -1.980000e+001 -2.330000e+001 -8.170000e+001
    endloop
  endfacet
  facet normal -7.942243e-002 -7.048731e-001  7.048731e-001
    outer loop
      vertex -1.946622e+001 -2.283761e+001 -8.120000e+001
      vertex -1.980000e+001 -2.280000e+001 -8.120000e+001
      vertex -1.980000e+001 -2.330000e+001 -8.170000e+001
    endloop
  endfacet
  facet normal -6.718698e-001 -2.350976e-001  7.023676e-001
    outer loop
      vertex -1.833761e+001 -2.396622e+001 -8.120000e+001
      vertex -1.844855e+001 -2.364917e+001 -8.120000e+001
      vertex -1.883407e+001 -2.404118e+001 -8.170000e+001
    endloop
  endfacet
  facet normal -6.039758e-001 -3.795020e-001  7.008505e-001
    outer loop
      vertex -1.844855e+001 -2.364917e+001 -8.120000e+001
      vertex -1.862725e+001 -2.336477e+001 -8.120000e+001
      vertex -1.893398e+001 -2.380000e+001 -8.170000e+001
    endloop
  endfacet
  facet normal -6.492466e-001 -2.689273e-001  7.114471e-001
    outer loop
      vertex -1.883407e+001 -2.404118e+001 -8.170000e+001
      vertex -1.844855e+001 -2.364917e+001 -8.120000e+001
      vertex -1.893398e+001 -2.380000e+001 -8.170000e+001
    endloop
  endfacet
  facet normal -5.047375e-001 -5.047375e-001  7.003429e-001
    outer loop
      vertex -1.862725e+001 -2.336477e+001 -8.120000e+001
      vertex -1.886477e+001 -2.312725e+001 -8.120000e+001
      vertex -1.909289e+001 -2.359289e+001 -8.170000e+001
    endloop
  endfacet
  facet normal -5.563517e-001 -4.269053e-001  7.128988e-001
    outer loop
      vertex -1.893398e+001 -2.380000e+001 -8.170000e+001
      vertex -1.862725e+001 -2.336477e+001 -8.120000e+001
      vertex -1.909289e+001 -2.359289e+001 -8.170000e+001
    endloop
  endfacet
  facet normal -3.795020e-001 -6.039758e-001  7.008505e-001
    outer loop
      vertex -1.886477e+001 -2.312725e+001 -8.120000e+001
      vertex -1.914917e+001 -2.294855e+001 -8.120000e+001
      vertex -1.930000e+001 -2.343398e+001 -8.170000e+001
    endloop
  endfacet
  facet normal -4.269053e-001 -5.563517e-001  7.128988e-001
    outer loop
      vertex -1.909289e+001 -2.359289e+001 -8.170000e+001
      vertex -1.886477e+001 -2.312725e+001 -8.120000e+001
      vertex -1.930000e+001 -2.343398e+001 -8.170000e+001
    endloop
  endfacet
  facet normal -2.350976e-001 -6.718698e-001  7.023676e-001
    outer loop
      vertex -1.914917e+001 -2.294855e+001 -8.120000e+001
      vertex -1.946622e+001 -2.283761e+001 -8.120000e+001
      vertex -1.954118e+001 -2.333407e+001 -8.170000e+001
    endloop
  endfacet
  facet normal -2.689273e-001 -6.492466e-001  7.114471e-001
    outer loop
      vertex -1.930000e+001 -2.343398e+001 -8.170000e+001
      vertex -1.914917e+001 -2.294855e+001 -8.120000e+001
      vertex -1.954118e+001 -2.333407e+001 -8.170000e+001
    endloop
  endfacet
  facet normal  0.000000e+000 -7.071068e-001  7.071068e-001
    outer loop
      vertex -3.020000e+001 -2.330000e+001 -8.170000e+001
      vertex -1.980000e+001 -2.330000e+001 -8.170000e+001
      vertex -3.020000e+001 -2.280000e+001 -8.120000e+001
    endloop
  endfacet
  facet normal  0.000000e+000 -7.071068e-001  7.071068e-001
    outer loop
      vertex -3.020000e+001 -2.280000e+001 -8.120000e+001
      vertex -1.980000e+001 -2.330000e+001 -8.170000e+001
      vertex -1.980000e+001 -2.280000e+001 -8.120000e+001
    endloop
  endfacet
  facet normal  7.942200e-002 -7.048733e-001  7.048730e-001
    outer loop
      vertex -3.020000e+001 -2.280000e+001 -8.120000e+001
      vertex -3.053378e+001 -2.283761e+001 -8.120000e+001
      vertex -3.020000e+001 -2.330000e+001 -8.170000e+001
    endloop
  endfacet
  facet normal  9.211337e-002 -6.996543e-001  7.085189e-001
    outer loop
      vertex -3.053378e+001 -2.283761e+001 -8.120000e+001
      vertex -3.045882e+001 -2.333407e+001 -8.170000e+001
      vertex -3.020000e+001 -2.330000e+001 -8.170000e+001
    endloop
  endfacet
  facet normal  6.996543e-001 -9.211337e-002  7.085189e-001
    outer loop
      vertex -3.116593e+001 -2.404118e+001 -8.170000e+001
      vertex -3.166239e+001 -2.396622e+001 -8.120000e+001
      vertex -3.120000e+001 -2.430000e+001 -8.170000e+001
    endloop
  endfacet
  facet normal  7.048731e-001 -7.942243e-002  7.048731e-001
    outer loop
      vertex -3.166239e+001 -2.396622e+001 -8.120000e+001
      vertex -3.170000e+001 -2.430000e+001 -8.120000e+001
      vertex -3.120000e+001 -2.430000e+001 -8.170000e+001
    endloop
  endfacet
  facet normal  2.350976e-001 -6.718698e-001  7.023676e-001
    outer loop
      vertex -3.053378e+001 -2.283761e+001 -8.120000e+001
      vertex -3.085083e+001 -2.294855e+001 -8.120000e+001
      vertex -3.045882e+001 -2.333407e+001 -8.170000e+001
    endloop
  endfacet
  facet normal  3.795020e-001 -6.039758e-001  7.008505e-001
    outer loop
      vertex -3.085083e+001 -2.294855e+001 -8.120000e+001
      vertex -3.113523e+001 -2.312725e+001 -8.120000e+001
      vertex -3.070000e+001 -2.343398e+001 -8.170000e+001
    endloop
  endfacet
  facet normal  2.689273e-001 -6.492466e-001  7.114471e-001
    outer loop
      vertex -3.045882e+001 -2.333407e+001 -8.170000e+001
      vertex -3.085083e+001 -2.294855e+001 -8.120000e+001
      vertex -3.070000e+001 -2.343398e+001 -8.170000e+001
    endloop
  endfacet
  facet normal  5.047375e-001 -5.047375e-001  7.003429e-001
    outer loop
      vertex -3.113523e+001 -2.312725e+001 -8.120000e+001
      vertex -3.137275e+001 -2.336477e+001 -8.120000e+001
      vertex -3.090711e+001 -2.359289e+001 -8.170000e+001
    endloop
  endfacet
  facet normal  4.269053e-001 -5.563517e-001  7.128988e-001
    outer loop
      vertex -3.070000e+001 -2.343398e+001 -8.170000e+001
      vertex -3.113523e+001 -2.312725e+001 -8.120000e+001
      vertex -3.090711e+001 -2.359289e+001 -8.170000e+001
    endloop
  endfacet
  facet normal  6.039758e-001 -3.795020e-001  7.008505e-001
    outer loop
      vertex -3.137275e+001 -2.336477e+001 -8.120000e+001
      vertex -3.155145e+001 -2.364917e+001 -8.120000e+001
      vertex -3.106602e+001 -2.380000e+001 -8.170000e+001
    endloop
  endfacet
  facet normal  5.563517e-001 -4.269053e-001  7.128988e-001
    outer loop
      vertex -3.090711e+001 -2.359289e+001 -8.170000e+001
      vertex -3.137275e+001 -2.336477e+001 -8.120000e+001
      vertex -3.106602e+001 -2.380000e+001 -8.170000e+001
    endloop
  endfacet
  facet normal  6.718698e-001 -2.350976e-001  7.023676e-001
    outer loop
      vertex -3.155145e+001 -2.364917e+001 -8.120000e+001
      vertex -3.166239e+001 -2.396622e+001 -8.120000e+001
      vertex -3.116593e+001 -2.404118e+001 -8.170000e+001
    endloop
  endfacet
  facet normal  6.492466e-001 -2.689273e-001  7.114471e-001
    outer loop
      vertex -3.106602e+001 -2.380000e+001 -8.170000e+001
      vertex -3.155145e+001 -2.364917e+001 -8.120000e+001
      vertex -3.116593e+001 -2.404118e+001 -8.170000e+001
    endloop
  endfacet
  facet normal  7.071068e-001  0.000000e+000  7.071068e-001
    outer loop
      vertex -3.120000e+001 -3.270000e+001 -8.170000e+001
      vertex -3.120000e+001 -2.430000e+001 -8.170000e+001
      vertex -3.170000e+001 -3.270000e+001 -8.120000e+001
    endloop
  endfacet
  facet normal  7.071068e-001  -0.000000e+000  7.071068e-001
    outer loop
      vertex -3.170000e+001 -3.270000e+001 -8.120000e+001
      vertex -3.120000e+001 -2.430000e+001 -8.170000e+001
      vertex -3.170000e+001 -2.430000e+001 -8.120000e+001
    endloop
  endfacet
  facet normal  1.000000e+000  0.000000e+000  0.000000e+000
    outer loop
      vertex -3.320000e+001 -3.420000e+001 -9.700000e+001
      vertex -3.320000e+001 -2.100000e+001 -9.700000e+001
      vertex -3.320000e+001 -3.420000e+001 -8.820000e+001
    endloop
  endfacet
  facet normal  1.000000e+000  -0.000000e+000  0.000000e+000
    outer loop
      vertex -3.320000e+001 -3.420000e+001 -8.820000e+001
      vertex -3.320000e+001 -2.100000e+001 -9.700000e+001
      vertex -3.320000e+001 -2.100000e+001 -8.820000e+001
    endloop
  endfacet
  facet normal  5.320378e-001  -0.000000e+000  8.467206e-001
    outer loop
      vertex -3.274819e+001 -2.100000e+001 -9.793819e+001
      vertex -3.252066e+001 -3.420000e+001 -9.808116e+001
      vertex -3.252066e+001 -2.100000e+001 -9.808116e+001
    endloop
  endfacet
  facet normal  3.302853e-001  0.000000e+000  9.438811e-001
    outer loop
      vertex -3.252066e+001 -2.100000e+001 -9.808116e+001
      vertex -3.252066e+001 -3.420000e+001 -9.808116e+001
      vertex -3.226702e+001 -3.420000e+001 -9.816991e+001
    endloop
  endfacet
  facet normal  3.302853e-001  -0.000000e+000  9.438811e-001
    outer loop
      vertex -3.252066e+001 -2.100000e+001 -9.808116e+001
      vertex -3.226702e+001 -3.420000e+001 -9.816991e+001
      vertex -3.226702e+001 -2.100000e+001 -9.816991e+001
    endloop
  endfacet
  facet normal  1.119505e-001  0.000000e+000  9.937137e-001
    outer loop
      vertex -3.226702e+001 -2.100000e+001 -9.816991e+001
      vertex -3.226702e+001 -3.420000e+001 -9.816991e+001
      vertex -3.200000e+001 -3.420000e+001 -9.820000e+001
    endloop
  endfacet
  facet normal  1.119505e-001  -0.000000e+000  9.937137e-001
    outer loop
      vertex -3.226702e+001 -2.100000e+001 -9.816991e+001
      vertex -3.200000e+001 -3.420000e+001 -9.820000e+001
      vertex -3.200000e+001 -2.100000e+001 -9.820000e+001
    endloop
  endfacet
  facet normal  5.320378e-001  0.000000e+000  8.467206e-001
    outer loop
      vertex -3.252066e+001 -3.420000e+001 -9.808116e+001
      vertex -3.274819e+001 -2.100000e+001 -9.793819e+001
      vertex -3.274819e+001 -3.420000e+001 -9.793819e+001
    endloop
  endfacet
  facet normal  7.071068e-001  -0.000000e+000  7.071068e-001
    outer loop
      vertex -3.274819e+001 -3.420000e+001 -9.793819e+001
      vertex -3.274819e+001 -2.100000e+001 -9.793819e+001
      vertex -3.293820e+001 -2.100000e+001 -9.774818e+001
    endloop
  endfacet
  facet normal  7.071068e-001  0.000000e+000  7.071068e-001
    outer loop
      vertex -3.274819e+001 -3.420000e+001 -9.793819e+001
      vertex -3.293820e+001 -2.100000e+001 -9.774818e+001
      vertex -3.293820e+001 -3.420000e+001 -9.774818e+001
    endloop
  endfacet
  facet normal  8.467230e-001  -0.000000e+000  5.320340e-001
    outer loop
      vertex -3.293820e+001 -3.420000e+001 -9.774818e+001
      vertex -3.293820e+001 -2.100000e+001 -9.774818e+001
      vertex -3.308116e+001 -2.100000e+001 -9.752066e+001
    endloop
  endfacet
  facet normal  8.467230e-001  0.000000e+000  5.320340e-001
    outer loop
      vertex -3.293820e+001 -3.420000e+001 -9.774818e+001
      vertex -3.308116e+001 -2.100000e+001 -9.752066e+001
      vertex -3.308116e+001 -3.420000e+001 -9.752066e+001
    endloop
  endfacet
  facet normal  9.438796e-001  -0.000000e+000  3.302897e-001
    outer loop
      vertex -3.308116e+001 -3.420000e+001 -9.752066e+001
      vertex -3.308116e+001 -2.100000e+001 -9.752066e+001
      vertex -3.316991e+001 -2.100000e+001 -9.726703e+001
    endloop
  endfacet
  facet normal  9.438796e-001  0.000000e+000  3.302897e-001
    outer loop
      vertex -3.308116e+001 -3.420000e+001 -9.752066e+001
      vertex -3.316991e+001 -2.100000e+001 -9.726703e+001
      vertex -3.316991e+001 -3.420000e+001 -9.726703e+001
    endloop
  endfacet
  facet normal  9.937124e-001  -0.000000e+000  1.119630e-001
    outer loop
      vertex -3.316991e+001 -3.420000e+001 -9.726703e+001
      vertex -3.316991e+001 -2.100000e+001 -9.726703e+001
      vertex -3.320000e+001 -2.100000e+001 -9.700000e+001
    endloop
  endfacet
  facet normal  9.937124e-001  0.000000e+000  1.119630e-001
    outer loop
      vertex -3.316991e+001 -3.420000e+001 -9.726703e+001
      vertex -3.320000e+001 -2.100000e+001 -9.700000e+001
      vertex -3.320000e+001 -3.420000e+001 -9.700000e+001
    endloop
  endfacet
  facet normal  0.000000e+000  0.000000e+000  1.000000e+000
    outer loop
      vertex -3.200000e+001 -2.100000e+001 -9.820000e+001
      vertex -3.200000e+001 -3.420000e+001 -9.820000e+001
      vertex  1.000000e+001 -2.100000e+001 -9.820000e+001
    endloop
  endfacet
  facet normal  0.000000e+000  0.000000e+000  1.000000e+000
    outer loop
      vertex  1.000000e+001 -2.100000e+001 -9.820000e+001
      vertex -3.200000e+001 -3.420000e+001 -9.820000e+001
      vertex  1.000000e+001 -3.420000e+001 -9.820000e+001
    endloop
  endfacet
  facet normal  7.845686e-002  0.000000e+000 -9.969174e-001
    outer loop
      vertex  1.000000e+001 -3.600000e+001 -1.000000e+002
      vertex  1.000000e+001 -2.100000e+001 -1.000000e+002
      vertex  1.046930e+001 -3.600000e+001 -9.996307e+001
    endloop
  endfacet
  facet normal  7.845686e-002  0.000000e+000 -9.969174e-001
    outer loop
      vertex  1.046930e+001 -3.600000e+001 -9.996307e+001
      vertex  1.000000e+001 -2.100000e+001 -1.000000e+002
      vertex  1.046930e+001 -2.100000e+001 -9.996307e+001
    endloop
  endfacet
  facet normal  2.334421e-001  0.000000e+000 -9.723707e-001
    outer loop
      vertex  1.046930e+001 -3.600000e+001 -9.996307e+001
      vertex  1.046930e+001 -2.100000e+001 -9.996307e+001
      vertex  1.092705e+001 -3.600000e+001 -9.985317e+001
    endloop
  endfacet
  facet normal  2.334421e-001  0.000000e+000 -9.723707e-001
    outer loop
      vertex  1.092705e+001 -3.600000e+001 -9.985317e+001
      vertex  1.046930e+001 -2.100000e+001 -9.996307e+001
      vertex  1.092705e+001 -2.100000e+001 -9.985317e+001
    endloop
  endfacet
  facet normal  3.826881e-001  0.000000e+000 -9.238775e-001
    outer loop
      vertex  1.092705e+001 -3.600000e+001 -9.985317e+001
      vertex  1.092705e+001 -2.100000e+001 -9.985317e+001
      vertex  1.136197e+001 -3.600000e+001 -9.967302e+001
    endloop
  endfacet
  facet normal  3.826881e-001  0.000000e+000 -9.238775e-001
    outer loop
      vertex  1.136197e+001 -3.600000e+001 -9.967302e+001
      vertex  1.092705e+001 -2.100000e+001 -9.985317e+001
      vertex  1.136197e+001 -2.100000e+001 -9.967302e+001
    endloop
  endfacet
  facet normal  5.225032e-001  0.000000e+000 -8.526372e-001
    outer loop
      vertex  1.136197e+001 -3.600000e+001 -9.967302e+001
      vertex  1.136197e+001 -2.100000e+001 -9.967302e+001
      vertex  1.176336e+001 -3.600000e+001 -9.942705e+001
    endloop
  endfacet
  facet normal  5.225032e-001  0.000000e+000 -8.526372e-001
    outer loop
      vertex  1.176336e+001 -3.600000e+001 -9.942705e+001
      vertex  1.136197e+001 -2.100000e+001 -9.967302e+001
      vertex  1.176336e+001 -2.100000e+001 -9.942705e+001
    endloop
  endfacet
  facet normal  6.494413e-001  0.000000e+000 -7.604117e-001
    outer loop
      vertex  1.176336e+001 -3.600000e+001 -9.942705e+001
      vertex  1.176336e+001 -2.100000e+001 -9.942705e+001
      vertex  1.212132e+001 -3.600000e+001 -9.912132e+001
    endloop
  endfacet
  facet normal  6.494413e-001  0.000000e+000 -7.604117e-001
    outer loop
      vertex  1.212132e+001 -3.600000e+001 -9.912132e+001
      vertex  1.176336e+001 -2.100000e+001 -9.942705e+001
      vertex  1.212132e+001 -2.100000e+001 -9.912132e+001
    endloop
  endfacet
  facet normal  7.604059e-001  0.000000e+000 -6.494482e-001
    outer loop
      vertex  1.212132e+001 -3.600000e+001 -9.912132e+001
      vertex  1.212132e+001 -2.100000e+001 -9.912132e+001
      vertex  1.242705e+001 -3.600000e+001 -9.876336e+001
    endloop
  endfacet
  facet normal  7.604059e-001  0.000000e+000 -6.494482e-001
    outer loop
      vertex  1.242705e+001 -3.600000e+001 -9.876336e+001
      vertex  1.212132e+001 -2.100000e+001 -9.912132e+001
      vertex  1.242705e+001 -2.100000e+001 -9.876336e+001
    endloop
  endfacet
  facet normal  8.526433e-001  0.000000e+000 -5.224934e-001
    outer loop
      vertex  1.242705e+001 -3.600000e+001 -9.876336e+001
      vertex  1.242705e+001 -2.100000e+001 -9.876336e+001
      vertex  1.267302e+001 -3.600000e+001 -9.836197e+001
    endloop
  endfacet
  facet normal  8.526433e-001  0.000000e+000 -5.224934e-001
    outer loop
      vertex  1.267302e+001 -3.600000e+001 -9.836197e+001
      vertex  1.242705e+001 -2.100000e+001 -9.876336e+001
      vertex  1.267302e+001 -2.100000e+001 -9.836197e+001
    endloop
  endfacet
  facet normal  9.238797e-001  0.000000e+000 -3.826829e-001
    outer loop
      vertex  1.267302e+001 -3.600000e+001 -9.836197e+001
      vertex  1.267302e+001 -2.100000e+001 -9.836197e+001
      vertex  1.285317e+001 -3.600000e+001 -9.792705e+001
    endloop
  endfacet
  facet normal  9.238797e-001  0.000000e+000 -3.826829e-001
    outer loop
      vertex  1.285317e+001 -3.600000e+001 -9.792705e+001
      vertex  1.267302e+001 -2.100000e+001 -9.836197e+001
      vertex  1.285317e+001 -2.100000e+001 -9.792705e+001
    endloop
  endfacet
  facet normal  9.723690e-001  0.000000e+000 -2.334491e-001
    outer loop
      vertex  1.285317e+001 -3.600000e+001 -9.792705e+001
      vertex  1.285317e+001 -2.100000e+001 -9.792705e+001
      vertex  1.296307e+001 -3.600000e+001 -9.746931e+001
    endloop
  endfacet
  facet normal  9.723690e-001  0.000000e+000 -2.334491e-001
    outer loop
      vertex  1.296307e+001 -3.600000e+001 -9.746931e+001
      vertex  1.285317e+001 -2.100000e+001 -9.792705e+001
      vertex  1.296307e+001 -2.100000e+001 -9.746931e+001
    endloop
  endfacet
  facet normal  9.969174e-001  0.000000e+000 -7.845823e-002
    outer loop
      vertex  1.296307e+001 -3.600000e+001 -9.746931e+001
      vertex  1.296307e+001 -2.100000e+001 -9.746931e+001
      vertex  1.300000e+001 -3.600000e+001 -9.700000e+001
    endloop
  endfacet
  facet normal  9.969174e-001  0.000000e+000 -7.845823e-002
    outer loop
      vertex  1.300000e+001 -3.600000e+001 -9.700000e+001
      vertex  1.296307e+001 -2.100000e+001 -9.746931e+001
      vertex  1.300000e+001 -2.100000e+001 -9.700000e+001
    endloop
  endfacet
  facet normal -7.845686e-002  0.000000e+000 -9.969174e-001
    outer loop
      vertex -3.200000e+001 -2.100000e+001 -1.000000e+002
      vertex -3.200000e+001 -3.600000e+001 -1.000000e+002
      vertex -3.246930e+001 -2.100000e+001 -9.996307e+001
    endloop
  endfacet
  facet normal -7.845686e-002  -0.000000e+000 -9.969174e-001
    outer loop
      vertex -3.246930e+001 -2.100000e+001 -9.996307e+001
      vertex -3.200000e+001 -3.600000e+001 -1.000000e+002
      vertex -3.246930e+001 -3.600000e+001 -9.996307e+001
    endloop
  endfacet
  facet normal -2.334416e-001  0.000000e+000 -9.723708e-001
    outer loop
      vertex -3.246930e+001 -2.100000e+001 -9.996307e+001
      vertex -3.246930e+001 -3.600000e+001 -9.996307e+001
      vertex -3.292705e+001 -2.100000e+001 -9.985317e+001
    endloop
  endfacet
  facet normal -2.334416e-001  -0.000000e+000 -9.723708e-001
    outer loop
      vertex -3.292705e+001 -2.100000e+001 -9.985317e+001
      vertex -3.246930e+001 -3.600000e+001 -9.996307e+001
      vertex -3.292705e+001 -3.600000e+001 -9.985317e+001
    endloop
  endfacet
  facet normal -3.826881e-001  0.000000e+000 -9.238775e-001
    outer loop
      vertex -3.292705e+001 -2.100000e+001 -9.985317e+001
      vertex -3.292705e+001 -3.600000e+001 -9.985317e+001
      vertex -3.336197e+001 -2.100000e+001 -9.967302e+001
    endloop
  endfacet
  facet normal -3.826881e-001  -0.000000e+000 -9.238775e-001
    outer loop
      vertex -3.336197e+001 -2.100000e+001 -9.967302e+001
      vertex -3.292705e+001 -3.600000e+001 -9.985317e+001
      vertex -3.336197e+001 -3.600000e+001 -9.967302e+001
    endloop
  endfacet
  facet normal -5.225050e-001  0.000000e+000 -8.526362e-001
    outer loop
      vertex -3.336197e+001 -2.100000e+001 -9.967302e+001
      vertex -3.336197e+001 -3.600000e+001 -9.967302e+001
      vertex -3.376336e+001 -2.100000e+001 -9.942705e+001
    endloop
  endfacet
  facet normal -5.225050e-001  -0.000000e+000 -8.526362e-001
    outer loop
      vertex -3.376336e+001 -2.100000e+001 -9.942705e+001
      vertex -3.336197e+001 -3.600000e+001 -9.967302e+001
      vertex -3.376336e+001 -3.600000e+001 -9.942705e+001
    endloop
  endfacet
  facet normal -6.494423e-001  0.000000e+000 -7.604108e-001
    outer loop
      vertex -3.376336e+001 -2.100000e+001 -9.942705e+001
      vertex -3.376336e+001 -3.600000e+001 -9.942705e+001
      vertex -3.412132e+001 -2.100000e+001 -9.912132e+001
    endloop
  endfacet
  facet normal -6.494423e-001  -0.000000e+000 -7.604108e-001
    outer loop
      vertex -3.412132e+001 -2.100000e+001 -9.912132e+001
      vertex -3.376336e+001 -3.600000e+001 -9.942705e+001
      vertex -3.412132e+001 -3.600000e+001 -9.912132e+001
    endloop
  endfacet
  facet normal -7.604029e-001  0.000000e+000 -6.494517e-001
    outer loop
      vertex -3.412132e+001 -2.100000e+001 -9.912132e+001
      vertex -3.412132e+001 -3.600000e+001 -9.912132e+001
      vertex -3.442705e+001 -2.100000e+001 -9.876336e+001
    endloop
  endfacet
  facet normal -7.604029e-001  -0.000000e+000 -6.494517e-001
    outer loop
      vertex -3.442705e+001 -2.100000e+001 -9.876336e+001
      vertex -3.412132e+001 -3.600000e+001 -9.912132e+001
      vertex -3.442705e+001 -3.600000e+001 -9.876336e+001
    endloop
  endfacet
  facet normal -8.526443e-001  0.000000e+000 -5.224920e-001
    outer loop
      vertex -3.442705e+001 -2.100000e+001 -9.876336e+001
      vertex -3.442705e+001 -3.600000e+001 -9.876336e+001
      vertex -3.467302e+001 -2.100000e+001 -9.836197e+001
    endloop
  endfacet
  facet normal -8.526443e-001  -0.000000e+000 -5.224920e-001
    outer loop
      vertex -3.467302e+001 -2.100000e+001 -9.836197e+001
      vertex -3.442705e+001 -3.600000e+001 -9.876336e+001
      vertex -3.467302e+001 -3.600000e+001 -9.836197e+001
    endloop
  endfacet
  facet normal -9.238803e-001  0.000000e+000 -3.826812e-001
    outer loop
      vertex -3.467302e+001 -2.100000e+001 -9.836197e+001
      vertex -3.467302e+001 -3.600000e+001 -9.836197e+001
      vertex -3.485317e+001 -2.100000e+001 -9.792705e+001
    endloop
  endfacet
  facet normal -9.238803e-001  -0.000000e+000 -3.826812e-001
    outer loop
      vertex -3.485317e+001 -2.100000e+001 -9.792705e+001
      vertex -3.467302e+001 -3.600000e+001 -9.836197e+001
      vertex -3.485317e+001 -3.600000e+001 -9.792705e+001
    endloop
  endfacet
  facet normal -9.723681e-001  0.000000e+000 -2.334529e-001
    outer loop
      vertex -3.485317e+001 -2.100000e+001 -9.792705e+001
      vertex -3.485317e+001 -3.600000e+001 -9.792705e+001
      vertex -3.496307e+001 -2.100000e+001 -9.746931e+001
    endloop
  endfacet
  facet normal -9.723681e-001  -0.000000e+000 -2.334529e-001
    outer loop
      vertex -3.496307e+001 -2.100000e+001 -9.746931e+001
      vertex -3.485317e+001 -3.600000e+001 -9.792705e+001
      vertex -3.496307e+001 -3.600000e+001 -9.746931e+001
    endloop
  endfacet
  facet normal -9.969175e-001  0.000000e+000 -7.845623e-002
    outer loop
      vertex -3.496307e+001 -2.100000e+001 -9.746931e+001
      vertex -3.496307e+001 -3.600000e+001 -9.746931e+001
      vertex -3.500000e+001 -2.100000e+001 -9.700000e+001
    endloop
  endfacet
  facet normal -9.969175e-001  -0.000000e+000 -7.845623e-002
    outer loop
      vertex -3.500000e+001 -2.100000e+001 -9.700000e+001
      vertex -3.496307e+001 -3.600000e+001 -9.746931e+001
      vertex -3.500000e+001 -3.600000e+001 -9.700000e+001
    endloop
  endfacet
  facet normal -9.999999e-001  0.000000e+000  0.000000e+000
    outer loop
      vertex -3.500000e+001 -3.600000e+001 -9.700000e+001
      vertex -3.500000e+001 -3.600000e+001 -5.000000e+001
      vertex -3.500000e+001 -2.100000e+001 -9.700000e+001
    endloop
  endfacet
  facet normal -9.999999e-001  0.000000e+000  0.000000e+000
    outer loop
      vertex -3.500000e+001 -2.100000e+001 -9.700000e+001
      vertex -3.500000e+001 -3.600000e+001 -5.000000e+001
      vertex -3.500000e+001 -2.100000e+001 -5.000000e+001
    endloop
  endfacet
  facet normal  0.000000e+000  0.000000e+000 -1.000000e+000
    outer loop
      vertex  1.000000e+001 -2.100000e+001 -1.000000e+002
      vertex  1.000000e+001 -3.600000e+001 -1.000000e+002
      vertex -3.200000e+001 -2.100000e+001 -1.000000e+002
    endloop
  endfacet
  facet normal  0.000000e+000  0.000000e+000 -1.000000e+000
    outer loop
      vertex -3.200000e+001 -2.100000e+001 -1.000000e+002
      vertex  1.000000e+001 -3.600000e+001 -1.000000e+002
      vertex -3.200000e+001 -3.600000e+001 -1.000000e+002
    endloop
  endfacet
  facet normal  1.000000e+000  0.000000e+000  0.000000e+000
    outer loop
      vertex -3.320000e+001 -3.420000e+001 -8.120000e+001
      vertex -3.320000e+001 -2.100000e+001 -8.120000e+001
      vertex -3.320000e+001 -3.420000e+001 -5.000000e+001
    endloop
  endfacet
  facet normal  1.000000e+000  -0.000000e+000  0.000000e+000
    outer loop
      vertex -3.320000e+001 -3.420000e+001 -5.000000e+001
      vertex -3.320000e+001 -2.100000e+001 -8.120000e+001
      vertex -3.320000e+001 -2.100000e+001 -5.000000e+001
    endloop
  endfacet
endsolid CATIA STL
