solid CATIA STL
  facet normal  0.000000e+000  0.000000e+000 -1.000000e+000
    outer loop
      vertex  9.010000e+001 -3.250000e+001 -4.000000e+000
      vertex  9.010000e+001 -3.750000e+001 -4.000000e+000
      vertex  8.526827e+001 -7.740392e+000 -4.000000e+000
    endloop
  endfacet
  facet normal  0.000000e+000  0.000000e+000 -1.000000e+000
    outer loop
      vertex  9.010000e+001 -3.250000e+001 -4.000000e+000
      vertex  8.526827e+001 -7.740392e+000 -4.000000e+000
      vertex  9.010000e+001 -2.000000e+001 -4.000000e+000
    endloop
  endfacet
  facet normal  0.000000e+000  0.000000e+000 -1.000000e+000
    outer loop
      vertex  9.010000e+001 -3.250000e+001 -4.000000e+000
      vertex  9.010000e+001 -2.000000e+001 -4.000000e+000
      vertex  9.140000e+001 -2.000000e+001 -4.000000e+000
    endloop
  endfacet
  facet normal  0.000000e+000  -0.000000e+000 -1.000000e+000
    outer loop
      vertex  9.010000e+001 -3.250000e+001 -4.000000e+000
      vertex  9.140000e+001 -2.000000e+001 -4.000000e+000
      vertex  9.140000e+001 -3.250000e+001 -4.000000e+000
    endloop
  endfacet
  facet normal  0.000000e+000  0.000000e+000 -1.000000e+000
    outer loop
      vertex -1.000000e-001 -7.010000e+001 -4.000000e+000
      vertex -1.000000e-001 -5.965000e+001 -4.000000e+000
      vertex  1.259501e+000 -6.573323e+001 -4.000000e+000
    endloop
  endfacet
  facet normal  0.000000e+000  -0.000000e+000 -1.000000e+000
    outer loop
      vertex -1.000000e-001 -7.010000e+001 -4.000000e+000
      vertex  1.259501e+000 -6.573323e+001 -4.000000e+000
      vertex  1.259609e+000 -6.626827e+001 -4.000000e+000
    endloop
  endfacet
  facet normal  0.000000e+000  -0.000000e+000 -1.000000e+000
    outer loop
      vertex -1.000000e-001 -7.010000e+001 -4.000000e+000
      vertex  1.259609e+000 -6.626827e+001 -4.000000e+000
      vertex  1.335860e+000 -6.679786e+001 -4.000000e+000
    endloop
  endfacet
  facet normal  0.000000e+000  -0.000000e+000 -1.000000e+000
    outer loop
      vertex -1.000000e-001 -7.010000e+001 -4.000000e+000
      vertex  1.335860e+000 -6.679786e+001 -4.000000e+000
      vertex  1.486702e+000 -6.731120e+001 -4.000000e+000
    endloop
  endfacet
  facet normal  0.000000e+000  -0.000000e+000 -1.000000e+000
    outer loop
      vertex -1.000000e-001 -7.010000e+001 -4.000000e+000
      vertex  1.486702e+000 -6.731120e+001 -4.000000e+000
      vertex  1.709065e+000 -6.779784e+001 -4.000000e+000
    endloop
  endfacet
  facet normal  0.000000e+000  -0.000000e+000 -1.000000e+000
    outer loop
      vertex -1.000000e-001 -7.010000e+001 -4.000000e+000
      vertex  1.709065e+000 -6.779784e+001 -4.000000e+000
      vertex  1.998423e+000 -6.824789e+001 -4.000000e+000
    endloop
  endfacet
  facet normal  0.000000e+000  -0.000000e+000 -1.000000e+000
    outer loop
      vertex -1.000000e-001 -7.010000e+001 -4.000000e+000
      vertex  1.998423e+000 -6.824789e+001 -4.000000e+000
      vertex  2.348883e+000 -6.865218e+001 -4.000000e+000
    endloop
  endfacet
  facet normal  0.000000e+000  -0.000000e+000 -1.000000e+000
    outer loop
      vertex -1.000000e-001 -7.010000e+001 -4.000000e+000
      vertex  2.348883e+000 -6.865218e+001 -4.000000e+000
      vertex  2.753313e+000 -6.900248e+001 -4.000000e+000
    endloop
  endfacet
  facet normal  0.000000e+000  -0.000000e+000 -1.000000e+000
    outer loop
      vertex -1.000000e-001 -7.010000e+001 -4.000000e+000
      vertex  2.753313e+000 -6.900248e+001 -4.000000e+000
      vertex  3.203478e+000 -6.929166e+001 -4.000000e+000
    endloop
  endfacet
  facet normal  0.000000e+000  -0.000000e+000 -1.000000e+000
    outer loop
      vertex -1.000000e-001 -7.010000e+001 -4.000000e+000
      vertex  3.203478e+000 -6.929166e+001 -4.000000e+000
      vertex  3.690216e+000 -6.951382e+001 -4.000000e+000
    endloop
  endfacet
  facet normal  0.000000e+000  -0.000000e+000 -1.000000e+000
    outer loop
      vertex -1.000000e-001 -7.010000e+001 -4.000000e+000
      vertex  3.690216e+000 -6.951382e+001 -4.000000e+000
      vertex  4.203617e+000 -6.966446e+001 -4.000000e+000
    endloop
  endfacet
  facet normal  0.000000e+000  -0.000000e+000 -9.999999e-001
    outer loop
      vertex -1.000000e-001 -7.010000e+001 -4.000000e+000
      vertex  4.203617e+000 -6.966446e+001 -4.000000e+000
      vertex  4.733231e+000 -6.974050e+001 -4.000000e+000
    endloop
  endfacet
  facet normal  0.000000e+000  -0.000000e+000 -1.000000e+000
    outer loop
      vertex -1.000000e-001 -7.010000e+001 -4.000000e+000
      vertex  4.733231e+000 -6.974050e+001 -4.000000e+000
      vertex  5.268274e+000 -6.974039e+001 -4.000000e+000
    endloop
  endfacet
  facet normal  0.000000e+000  -0.000000e+000 -1.000000e+000
    outer loop
      vertex -1.000000e-001 -7.010000e+001 -4.000000e+000
      vertex  5.268274e+000 -6.974039e+001 -4.000000e+000
      vertex  3.750000e+001 -7.010000e+001 -4.000000e+000
    endloop
  endfacet
  facet normal  -0.000000e+000  -0.000000e+000 -9.999999e-001
    outer loop
      vertex -1.400000e+000 -3.560000e+001 -4.000000e+000
      vertex -1.000000e-001 -3.560000e+001 -4.000000e+000
      vertex -1.000000e-001 -4.490000e+001 -4.000000e+000
    endloop
  endfacet
  facet normal  0.000000e+000  0.000000e+000 -1.000000e+000
    outer loop
      vertex -1.400000e+000 -3.560000e+001 -4.000000e+000
      vertex -1.000000e-001 -4.490000e+001 -4.000000e+000
      vertex -5.000000e-001 -4.490000e+001 -4.000000e+000
    endloop
  endfacet
  facet normal  0.000000e+000  0.000000e+000 -1.000000e+000
    outer loop
      vertex -1.400000e+000 -3.560000e+001 -4.000000e+000
      vertex -5.000000e-001 -4.490000e+001 -4.000000e+000
      vertex -1.400000e+000 -4.490000e+001 -4.000000e+000
    endloop
  endfacet
  facet normal  0.000000e+000  0.000000e+000 -1.000000e+000
    outer loop
      vertex  4.731726e+000 -6.225961e+001 -4.000000e+000
      vertex -1.000000e-001 -5.965000e+001 -4.000000e+000
      vertex -1.000000e-001 -5.035000e+001 -4.000000e+000
    endloop
  endfacet
  facet normal  0.000000e+000  0.000000e+000 -1.000000e+000
    outer loop
      vertex  4.731726e+000 -6.225961e+001 -4.000000e+000
      vertex -1.000000e-001 -5.035000e+001 -4.000000e+000
      vertex -1.000000e-001 -4.490000e+001 -4.000000e+000
    endloop
  endfacet
  facet normal  0.000000e+000  0.000000e+000 -1.000000e+000
    outer loop
      vertex  4.731726e+000 -6.225961e+001 -4.000000e+000
      vertex -1.000000e-001 -4.490000e+001 -4.000000e+000
      vertex -1.000000e-001 -3.560000e+001 -4.000000e+000
    endloop
  endfacet
  facet normal  0.000000e+000  0.000000e+000 -1.000000e+000
    outer loop
      vertex  4.731726e+000 -6.225961e+001 -4.000000e+000
      vertex -1.000000e-001 -3.560000e+001 -4.000000e+000
      vertex  4.733231e+000 -7.740499e+000 -4.000000e+000
    endloop
  endfacet
  facet normal  0.000000e+000  -0.000000e+000 -9.999999e-001
    outer loop
      vertex  4.731726e+000 -6.225961e+001 -4.000000e+000
      vertex  4.733231e+000 -7.740499e+000 -4.000000e+000
      vertex  5.268274e+000 -7.740392e+000 -4.000000e+000
    endloop
  endfacet
  facet normal  0.000000e+000  0.000000e+000 -1.000000e+000
    outer loop
      vertex  4.731726e+000 -6.225961e+001 -4.000000e+000
      vertex  5.268274e+000 -7.740392e+000 -4.000000e+000
      vertex  5.266769e+000 -6.225950e+001 -4.000000e+000
    endloop
  endfacet
  facet normal  0.000000e+000  -0.000000e+000 -1.000000e+000
    outer loop
      vertex  8.473323e+001 -6.974050e+001 -4.000000e+000
      vertex  8.526827e+001 -6.974039e+001 -4.000000e+000
      vertex  9.010000e+001 -7.010000e+001 -4.000000e+000
    endloop
  endfacet
  facet normal  0.000000e+000  0.000000e+000 -1.000000e+000
    outer loop
      vertex  8.473323e+001 -6.974050e+001 -4.000000e+000
      vertex  9.010000e+001 -7.010000e+001 -4.000000e+000
      vertex  7.750000e+001 -7.010000e+001 -4.000000e+000
    endloop
  endfacet
  facet normal  0.000000e+000  0.000000e+000 -1.000000e+000
    outer loop
      vertex  8.473323e+001 -6.974050e+001 -4.000000e+000
      vertex  7.750000e+001 -7.010000e+001 -4.000000e+000
      vertex  6.750000e+001 -7.010000e+001 -4.000000e+000
    endloop
  endfacet
  facet normal  0.000000e+000  0.000000e+000 -1.000000e+000
    outer loop
      vertex  8.473323e+001 -6.974050e+001 -4.000000e+000
      vertex  6.750000e+001 -7.010000e+001 -4.000000e+000
      vertex  6.250000e+001 -7.010000e+001 -4.000000e+000
    endloop
  endfacet
  facet normal  0.000000e+000  0.000000e+000 -1.000000e+000
    outer loop
      vertex  8.473323e+001 -6.974050e+001 -4.000000e+000
      vertex  6.250000e+001 -7.010000e+001 -4.000000e+000
      vertex  5.250000e+001 -7.010000e+001 -4.000000e+000
    endloop
  endfacet
  facet normal  0.000000e+000  0.000000e+000 -1.000000e+000
    outer loop
      vertex  8.473323e+001 -6.974050e+001 -4.000000e+000
      vertex  5.250000e+001 -7.010000e+001 -4.000000e+000
      vertex  4.750000e+001 -7.010000e+001 -4.000000e+000
    endloop
  endfacet
  facet normal  0.000000e+000  0.000000e+000 -1.000000e+000
    outer loop
      vertex  8.473323e+001 -6.974050e+001 -4.000000e+000
      vertex  4.750000e+001 -7.010000e+001 -4.000000e+000
      vertex  3.750000e+001 -7.010000e+001 -4.000000e+000
    endloop
  endfacet
  facet normal  0.000000e+000  0.000000e+000 -9.999999e-001
    outer loop
      vertex  8.473323e+001 -6.974050e+001 -4.000000e+000
      vertex  3.750000e+001 -7.010000e+001 -4.000000e+000
      vertex  5.268274e+000 -6.974039e+001 -4.000000e+000
    endloop
  endfacet
  facet normal  0.000000e+000  0.000000e+000 -1.000000e+000
    outer loop
      vertex  8.473323e+001 -6.974050e+001 -4.000000e+000
      vertex  5.268274e+000 -6.974039e+001 -4.000000e+000
      vertex  5.797857e+000 -6.966414e+001 -4.000000e+000
    endloop
  endfacet
  facet normal  0.000000e+000  0.000000e+000 -1.000000e+000
    outer loop
      vertex  8.473323e+001 -6.974050e+001 -4.000000e+000
      vertex  5.797857e+000 -6.966414e+001 -4.000000e+000
      vertex  8.420362e+001 -6.966446e+001 -4.000000e+000
    endloop
  endfacet
  facet normal  -0.000000e+000  0.000000e+000 -9.999999e-001
    outer loop
      vertex -1.000000e-001 -5.965000e+001 -4.000000e+000
      vertex  4.731726e+000 -6.225961e+001 -4.000000e+000
      vertex  4.202143e+000 -6.233586e+001 -4.000000e+000
    endloop
  endfacet
  facet normal  -0.000000e+000  0.000000e+000 -1.000000e+000
    outer loop
      vertex -1.000000e-001 -5.965000e+001 -4.000000e+000
      vertex  4.202143e+000 -6.233586e+001 -4.000000e+000
      vertex  3.688802e+000 -6.248670e+001 -4.000000e+000
    endloop
  endfacet
  facet normal  -0.000000e+000  0.000000e+000 -1.000000e+000
    outer loop
      vertex -1.000000e-001 -5.965000e+001 -4.000000e+000
      vertex  3.688802e+000 -6.248670e+001 -4.000000e+000
      vertex  3.202154e+000 -6.270906e+001 -4.000000e+000
    endloop
  endfacet
  facet normal  -0.000000e+000  0.000000e+000 -1.000000e+000
    outer loop
      vertex -1.000000e-001 -5.965000e+001 -4.000000e+000
      vertex  3.202154e+000 -6.270906e+001 -4.000000e+000
      vertex  2.752105e+000 -6.299842e+001 -4.000000e+000
    endloop
  endfacet
  facet normal  -0.000000e+000  0.000000e+000 -1.000000e+000
    outer loop
      vertex -1.000000e-001 -5.965000e+001 -4.000000e+000
      vertex  2.752105e+000 -6.299842e+001 -4.000000e+000
      vertex  2.347816e+000 -6.334888e+001 -4.000000e+000
    endloop
  endfacet
  facet normal  -0.000000e+000  0.000000e+000 -1.000000e+000
    outer loop
      vertex -1.000000e-001 -5.965000e+001 -4.000000e+000
      vertex  2.347816e+000 -6.334888e+001 -4.000000e+000
      vertex  1.997518e+000 -6.375331e+001 -4.000000e+000
    endloop
  endfacet
  facet normal  -0.000000e+000  0.000000e+000 -1.000000e+000
    outer loop
      vertex -1.000000e-001 -5.965000e+001 -4.000000e+000
      vertex  1.997518e+000 -6.375331e+001 -4.000000e+000
      vertex  1.708342e+000 -6.420348e+001 -4.000000e+000
    endloop
  endfacet
  facet normal  -0.000000e+000  0.000000e+000 -1.000000e+000
    outer loop
      vertex -1.000000e-001 -5.965000e+001 -4.000000e+000
      vertex  1.708342e+000 -6.420348e+001 -4.000000e+000
      vertex  1.486175e+000 -6.469022e+001 -4.000000e+000
    endloop
  endfacet
  facet normal  -0.000000e+000  0.000000e+000 -1.000000e+000
    outer loop
      vertex -1.000000e-001 -5.965000e+001 -4.000000e+000
      vertex  1.486175e+000 -6.469022e+001 -4.000000e+000
      vertex  1.335539e+000 -6.520362e+001 -4.000000e+000
    endloop
  endfacet
  facet normal  -0.000000e+000  0.000000e+000 -1.000000e+000
    outer loop
      vertex -1.000000e-001 -5.965000e+001 -4.000000e+000
      vertex  1.335539e+000 -6.520362e+001 -4.000000e+000
      vertex  1.259501e+000 -6.573323e+001 -4.000000e+000
    endloop
  endfacet
  facet normal  0.000000e+000  -0.000000e+000 -1.000000e+000
    outer loop
      vertex -1.000000e-001 -3.560000e+001 -4.000000e+000
      vertex  1.259501e+000 -3.733231e+000 -4.000000e+000
      vertex  1.259609e+000 -4.268274e+000 -4.000000e+000
    endloop
  endfacet
  facet normal  0.000000e+000  -0.000000e+000 -1.000000e+000
    outer loop
      vertex -1.000000e-001 -3.560000e+001 -4.000000e+000
      vertex  1.259609e+000 -4.268274e+000 -4.000000e+000
      vertex  1.335860e+000 -4.797857e+000 -4.000000e+000
    endloop
  endfacet
  facet normal  0.000000e+000  -0.000000e+000 -1.000000e+000
    outer loop
      vertex -1.000000e-001 -3.560000e+001 -4.000000e+000
      vertex  1.335860e+000 -4.797857e+000 -4.000000e+000
      vertex  1.486702e+000 -5.311197e+000 -4.000000e+000
    endloop
  endfacet
  facet normal  0.000000e+000  -0.000000e+000 -1.000000e+000
    outer loop
      vertex -1.000000e-001 -3.560000e+001 -4.000000e+000
      vertex  1.486702e+000 -5.311197e+000 -4.000000e+000
      vertex  1.709065e+000 -5.797846e+000 -4.000000e+000
    endloop
  endfacet
  facet normal  0.000000e+000  -0.000000e+000 -1.000000e+000
    outer loop
      vertex -1.000000e-001 -3.560000e+001 -4.000000e+000
      vertex  1.709065e+000 -5.797846e+000 -4.000000e+000
      vertex  1.998423e+000 -6.247895e+000 -4.000000e+000
    endloop
  endfacet
  facet normal  0.000000e+000  -0.000000e+000 -1.000000e+000
    outer loop
      vertex -1.000000e-001 -3.560000e+001 -4.000000e+000
      vertex  1.998423e+000 -6.247895e+000 -4.000000e+000
      vertex  2.348883e+000 -6.652184e+000 -4.000000e+000
    endloop
  endfacet
  facet normal  0.000000e+000  -0.000000e+000 -1.000000e+000
    outer loop
      vertex -1.000000e-001 -3.560000e+001 -4.000000e+000
      vertex  2.348883e+000 -6.652184e+000 -4.000000e+000
      vertex  2.753313e+000 -7.002481e+000 -4.000000e+000
    endloop
  endfacet
  facet normal  0.000000e+000  -0.000000e+000 -1.000000e+000
    outer loop
      vertex -1.000000e-001 -3.560000e+001 -4.000000e+000
      vertex  2.753313e+000 -7.002481e+000 -4.000000e+000
      vertex  3.203478e+000 -7.291657e+000 -4.000000e+000
    endloop
  endfacet
  facet normal  0.000000e+000  -0.000000e+000 -1.000000e+000
    outer loop
      vertex -1.000000e-001 -3.560000e+001 -4.000000e+000
      vertex  3.203478e+000 -7.291657e+000 -4.000000e+000
      vertex  3.690216e+000 -7.513825e+000 -4.000000e+000
    endloop
  endfacet
  facet normal  0.000000e+000  -0.000000e+000 -1.000000e+000
    outer loop
      vertex -1.000000e-001 -3.560000e+001 -4.000000e+000
      vertex  3.690216e+000 -7.513825e+000 -4.000000e+000
      vertex  4.203617e+000 -7.664461e+000 -4.000000e+000
    endloop
  endfacet
  facet normal  0.000000e+000  -0.000000e+000 -1.000000e+000
    outer loop
      vertex -1.000000e-001 -3.560000e+001 -4.000000e+000
      vertex  4.203617e+000 -7.664461e+000 -4.000000e+000
      vertex  4.733231e+000 -7.740499e+000 -4.000000e+000
    endloop
  endfacet
  facet normal  -0.000000e+000  0.000000e+000 -1.000000e+000
    outer loop
      vertex -1.000000e-001  1.000000e-001 -4.000000e+000
      vertex  3.750000e+001  1.000000e-001 -4.000000e+000
      vertex  5.266769e+000 -2.595008e-001 -4.000000e+000
    endloop
  endfacet
  facet normal  -0.000000e+000  0.000000e+000 -1.000000e+000
    outer loop
      vertex -1.000000e-001  1.000000e-001 -4.000000e+000
      vertex  5.266769e+000 -2.595008e-001 -4.000000e+000
      vertex  4.731726e+000 -2.596085e-001 -4.000000e+000
    endloop
  endfacet
  facet normal  -0.000000e+000  0.000000e+000 -1.000000e+000
    outer loop
      vertex -1.000000e-001  1.000000e-001 -4.000000e+000
      vertex  4.731726e+000 -2.596085e-001 -4.000000e+000
      vertex  4.202143e+000 -3.358597e-001 -4.000000e+000
    endloop
  endfacet
  facet normal  -0.000000e+000  0.000000e+000 -1.000000e+000
    outer loop
      vertex -1.000000e-001  1.000000e-001 -4.000000e+000
      vertex  4.202143e+000 -3.358597e-001 -4.000000e+000
      vertex  3.688802e+000 -4.867022e-001 -4.000000e+000
    endloop
  endfacet
  facet normal  -0.000000e+000  0.000000e+000 -1.000000e+000
    outer loop
      vertex -1.000000e-001  1.000000e-001 -4.000000e+000
      vertex  3.688802e+000 -4.867022e-001 -4.000000e+000
      vertex  3.202154e+000 -7.090654e-001 -4.000000e+000
    endloop
  endfacet
  facet normal  -0.000000e+000  0.000000e+000 -1.000000e+000
    outer loop
      vertex -1.000000e-001  1.000000e-001 -4.000000e+000
      vertex  3.202154e+000 -7.090654e-001 -4.000000e+000
      vertex  2.752105e+000 -9.984225e-001 -4.000000e+000
    endloop
  endfacet
  facet normal  -0.000000e+000  0.000000e+000 -1.000000e+000
    outer loop
      vertex -1.000000e-001  1.000000e-001 -4.000000e+000
      vertex  2.752105e+000 -9.984225e-001 -4.000000e+000
      vertex  2.347816e+000 -1.348883e+000 -4.000000e+000
    endloop
  endfacet
  facet normal  -0.000000e+000  0.000000e+000 -1.000000e+000
    outer loop
      vertex -1.000000e-001  1.000000e-001 -4.000000e+000
      vertex  2.347816e+000 -1.348883e+000 -4.000000e+000
      vertex  1.997518e+000 -1.753313e+000 -4.000000e+000
    endloop
  endfacet
  facet normal  -0.000000e+000  0.000000e+000 -9.999999e-001
    outer loop
      vertex -1.000000e-001  1.000000e-001 -4.000000e+000
      vertex  1.997518e+000 -1.753313e+000 -4.000000e+000
      vertex  1.708342e+000 -2.203478e+000 -4.000000e+000
    endloop
  endfacet
  facet normal  -0.000000e+000  0.000000e+000 -1.000000e+000
    outer loop
      vertex -1.000000e-001  1.000000e-001 -4.000000e+000
      vertex  1.708342e+000 -2.203478e+000 -4.000000e+000
      vertex  1.486175e+000 -2.690216e+000 -4.000000e+000
    endloop
  endfacet
  facet normal  -0.000000e+000  0.000000e+000 -1.000000e+000
    outer loop
      vertex -1.000000e-001  1.000000e-001 -4.000000e+000
      vertex  1.486175e+000 -2.690216e+000 -4.000000e+000
      vertex  1.335539e+000 -3.203617e+000 -4.000000e+000
    endloop
  endfacet
  facet normal  -0.000000e+000  0.000000e+000 -1.000000e+000
    outer loop
      vertex -1.000000e-001  1.000000e-001 -4.000000e+000
      vertex  1.335539e+000 -3.203617e+000 -4.000000e+000
      vertex  1.259501e+000 -3.733231e+000 -4.000000e+000
    endloop
  endfacet
  facet normal  -0.000000e+000  0.000000e+000 -1.000000e+000
    outer loop
      vertex -1.000000e-001  1.000000e-001 -4.000000e+000
      vertex  1.259501e+000 -3.733231e+000 -4.000000e+000
      vertex -1.000000e-001 -3.560000e+001 -4.000000e+000
    endloop
  endfacet
  facet normal  0.000000e+000  0.000000e+000 -1.000000e+000
    outer loop
      vertex  8.473173e+001 -2.596085e-001 -4.000000e+000
      vertex  8.420214e+001 -3.358597e-001 -4.000000e+000
      vertex  5.796383e+000 -3.355390e-001 -4.000000e+000
    endloop
  endfacet
  facet normal  0.000000e+000  0.000000e+000 -1.000000e+000
    outer loop
      vertex  8.473173e+001 -2.596085e-001 -4.000000e+000
      vertex  5.796383e+000 -3.355390e-001 -4.000000e+000
      vertex  5.266769e+000 -2.595008e-001 -4.000000e+000
    endloop
  endfacet
  facet normal  0.000000e+000  0.000000e+000 -1.000000e+000
    outer loop
      vertex  8.473173e+001 -2.596085e-001 -4.000000e+000
      vertex  5.266769e+000 -2.595008e-001 -4.000000e+000
      vertex  3.750000e+001  1.000000e-001 -4.000000e+000
    endloop
  endfacet
  facet normal  0.000000e+000  0.000000e+000 -1.000000e+000
    outer loop
      vertex  8.473173e+001 -2.596085e-001 -4.000000e+000
      vertex  3.750000e+001  1.000000e-001 -4.000000e+000
      vertex  4.750000e+001  1.000000e-001 -4.000000e+000
    endloop
  endfacet
  facet normal  0.000000e+000  0.000000e+000 -1.000000e+000
    outer loop
      vertex  8.473173e+001 -2.596085e-001 -4.000000e+000
      vertex  4.750000e+001  1.000000e-001 -4.000000e+000
      vertex  5.250000e+001  1.000000e-001 -4.000000e+000
    endloop
  endfacet
  facet normal  0.000000e+000  0.000000e+000 -1.000000e+000
    outer loop
      vertex  8.473173e+001 -2.596085e-001 -4.000000e+000
      vertex  5.250000e+001  1.000000e-001 -4.000000e+000
      vertex  6.250000e+001  1.000000e-001 -4.000000e+000
    endloop
  endfacet
  facet normal  0.000000e+000  0.000000e+000 -1.000000e+000
    outer loop
      vertex  8.473173e+001 -2.596085e-001 -4.000000e+000
      vertex  6.250000e+001  1.000000e-001 -4.000000e+000
      vertex  6.750000e+001  1.000000e-001 -4.000000e+000
    endloop
  endfacet
  facet normal  0.000000e+000  0.000000e+000 -1.000000e+000
    outer loop
      vertex  8.473173e+001 -2.596085e-001 -4.000000e+000
      vertex  6.750000e+001  1.000000e-001 -4.000000e+000
      vertex  7.750000e+001  1.000000e-001 -4.000000e+000
    endloop
  endfacet
  facet normal  0.000000e+000  0.000000e+000 -1.000000e+000
    outer loop
      vertex  8.473173e+001 -2.596085e-001 -4.000000e+000
      vertex  7.750000e+001  1.000000e-001 -4.000000e+000
      vertex  9.010000e+001  1.000000e-001 -4.000000e+000
    endloop
  endfacet
  facet normal  0.000000e+000  0.000000e+000 -1.000000e+000
    outer loop
      vertex  8.473173e+001 -2.596085e-001 -4.000000e+000
      vertex  9.010000e+001  1.000000e-001 -4.000000e+000
      vertex  8.526677e+001 -2.595008e-001 -4.000000e+000
    endloop
  endfacet
  facet normal  0.000000e+000  0.000000e+000 -1.000000e+000
    outer loop
      vertex  9.010000e+001  1.000000e-001 -4.000000e+000
      vertex  9.010000e+001 -2.000000e+001 -4.000000e+000
      vertex  8.874039e+001 -3.731726e+000 -4.000000e+000
    endloop
  endfacet
  facet normal  0.000000e+000  0.000000e+000 -1.000000e+000
    outer loop
      vertex  9.010000e+001  1.000000e-001 -4.000000e+000
      vertex  8.874039e+001 -3.731726e+000 -4.000000e+000
      vertex  8.866414e+001 -3.202143e+000 -4.000000e+000
    endloop
  endfacet
  facet normal  0.000000e+000  0.000000e+000 -1.000000e+000
    outer loop
      vertex  9.010000e+001  1.000000e-001 -4.000000e+000
      vertex  8.866414e+001 -3.202143e+000 -4.000000e+000
      vertex  8.851330e+001 -2.688802e+000 -4.000000e+000
    endloop
  endfacet
  facet normal  0.000000e+000  0.000000e+000 -9.999999e-001
    outer loop
      vertex  9.010000e+001  1.000000e-001 -4.000000e+000
      vertex  8.851330e+001 -2.688802e+000 -4.000000e+000
      vertex  8.829093e+001 -2.202154e+000 -4.000000e+000
    endloop
  endfacet
  facet normal  0.000000e+000  0.000000e+000 -1.000000e+000
    outer loop
      vertex  9.010000e+001  1.000000e-001 -4.000000e+000
      vertex  8.829093e+001 -2.202154e+000 -4.000000e+000
      vertex  8.800158e+001 -1.752105e+000 -4.000000e+000
    endloop
  endfacet
  facet normal  0.000000e+000  0.000000e+000 -1.000000e+000
    outer loop
      vertex  9.010000e+001  1.000000e-001 -4.000000e+000
      vertex  8.800158e+001 -1.752105e+000 -4.000000e+000
      vertex  8.765112e+001 -1.347816e+000 -4.000000e+000
    endloop
  endfacet
  facet normal  0.000000e+000  0.000000e+000 -1.000000e+000
    outer loop
      vertex  9.010000e+001  1.000000e-001 -4.000000e+000
      vertex  8.765112e+001 -1.347816e+000 -4.000000e+000
      vertex  8.724669e+001 -9.975183e-001 -4.000000e+000
    endloop
  endfacet
  facet normal  0.000000e+000  0.000000e+000 -1.000000e+000
    outer loop
      vertex  9.010000e+001  1.000000e-001 -4.000000e+000
      vertex  8.724669e+001 -9.975183e-001 -4.000000e+000
      vertex  8.679652e+001 -7.083423e-001 -4.000000e+000
    endloop
  endfacet
  facet normal  0.000000e+000  0.000000e+000 -1.000000e+000
    outer loop
      vertex  9.010000e+001  1.000000e-001 -4.000000e+000
      vertex  8.679652e+001 -7.083423e-001 -4.000000e+000
      vertex  8.630978e+001 -4.861750e-001 -4.000000e+000
    endloop
  endfacet
  facet normal  0.000000e+000  0.000000e+000 -1.000000e+000
    outer loop
      vertex  9.010000e+001  1.000000e-001 -4.000000e+000
      vertex  8.630978e+001 -4.861750e-001 -4.000000e+000
      vertex  8.579638e+001 -3.355390e-001 -4.000000e+000
    endloop
  endfacet
  facet normal  0.000000e+000  0.000000e+000 -1.000000e+000
    outer loop
      vertex  9.010000e+001  1.000000e-001 -4.000000e+000
      vertex  8.579638e+001 -3.355390e-001 -4.000000e+000
      vertex  8.526677e+001 -2.595008e-001 -4.000000e+000
    endloop
  endfacet
  facet normal  0.000000e+000  0.000000e+000 -1.000000e+000
    outer loop
      vertex  9.010000e+001 -2.000000e+001 -4.000000e+000
      vertex  8.526827e+001 -7.740392e+000 -4.000000e+000
      vertex  8.579786e+001 -7.664140e+000 -4.000000e+000
    endloop
  endfacet
  facet normal  0.000000e+000  0.000000e+000 -9.999999e-001
    outer loop
      vertex  9.010000e+001 -2.000000e+001 -4.000000e+000
      vertex  8.579786e+001 -7.664140e+000 -4.000000e+000
      vertex  8.631120e+001 -7.513298e+000 -4.000000e+000
    endloop
  endfacet
  facet normal  0.000000e+000  0.000000e+000 -1.000000e+000
    outer loop
      vertex  9.010000e+001 -2.000000e+001 -4.000000e+000
      vertex  8.631120e+001 -7.513298e+000 -4.000000e+000
      vertex  8.679784e+001 -7.290935e+000 -4.000000e+000
    endloop
  endfacet
  facet normal  0.000000e+000  0.000000e+000 -1.000000e+000
    outer loop
      vertex  9.010000e+001 -2.000000e+001 -4.000000e+000
      vertex  8.679784e+001 -7.290935e+000 -4.000000e+000
      vertex  8.724789e+001 -7.001577e+000 -4.000000e+000
    endloop
  endfacet
  facet normal  0.000000e+000  0.000000e+000 -1.000000e+000
    outer loop
      vertex  9.010000e+001 -2.000000e+001 -4.000000e+000
      vertex  8.724789e+001 -7.001577e+000 -4.000000e+000
      vertex  8.765218e+001 -6.651117e+000 -4.000000e+000
    endloop
  endfacet
  facet normal  0.000000e+000  0.000000e+000 -1.000000e+000
    outer loop
      vertex  9.010000e+001 -2.000000e+001 -4.000000e+000
      vertex  8.765218e+001 -6.651117e+000 -4.000000e+000
      vertex  8.800248e+001 -6.246687e+000 -4.000000e+000
    endloop
  endfacet
  facet normal  0.000000e+000  0.000000e+000 -1.000000e+000
    outer loop
      vertex  9.010000e+001 -2.000000e+001 -4.000000e+000
      vertex  8.800248e+001 -6.246687e+000 -4.000000e+000
      vertex  8.829166e+001 -5.796522e+000 -4.000000e+000
    endloop
  endfacet
  facet normal  0.000000e+000  0.000000e+000 -1.000000e+000
    outer loop
      vertex  9.010000e+001 -2.000000e+001 -4.000000e+000
      vertex  8.829166e+001 -5.796522e+000 -4.000000e+000
      vertex  8.851382e+001 -5.309784e+000 -4.000000e+000
    endloop
  endfacet
  facet normal  0.000000e+000  0.000000e+000 -9.999999e-001
    outer loop
      vertex  9.010000e+001 -2.000000e+001 -4.000000e+000
      vertex  8.851382e+001 -5.309784e+000 -4.000000e+000
      vertex  8.866446e+001 -4.796383e+000 -4.000000e+000
    endloop
  endfacet
  facet normal  0.000000e+000  0.000000e+000 -9.999999e-001
    outer loop
      vertex  9.010000e+001 -2.000000e+001 -4.000000e+000
      vertex  8.866446e+001 -4.796383e+000 -4.000000e+000
      vertex  8.874050e+001 -4.266769e+000 -4.000000e+000
    endloop
  endfacet
  facet normal  0.000000e+000  0.000000e+000 -1.000000e+000
    outer loop
      vertex  9.010000e+001 -2.000000e+001 -4.000000e+000
      vertex  8.874050e+001 -4.266769e+000 -4.000000e+000
      vertex  8.874039e+001 -3.731726e+000 -4.000000e+000
    endloop
  endfacet
  facet normal  0.000000e+000  0.000000e+000 -1.000000e+000
    outer loop
      vertex  9.010000e+001 -5.000000e+001 -4.000000e+000
      vertex  9.010000e+001 -7.010000e+001 -4.000000e+000
      vertex  8.874050e+001 -6.626677e+001 -4.000000e+000
    endloop
  endfacet
  facet normal  0.000000e+000  0.000000e+000 -1.000000e+000
    outer loop
      vertex  9.010000e+001 -5.000000e+001 -4.000000e+000
      vertex  8.874050e+001 -6.626677e+001 -4.000000e+000
      vertex  8.874039e+001 -6.573173e+001 -4.000000e+000
    endloop
  endfacet
  facet normal  0.000000e+000  0.000000e+000 -1.000000e+000
    outer loop
      vertex  9.010000e+001 -5.000000e+001 -4.000000e+000
      vertex  8.874039e+001 -6.573173e+001 -4.000000e+000
      vertex  8.866414e+001 -6.520214e+001 -4.000000e+000
    endloop
  endfacet
  facet normal  0.000000e+000  0.000000e+000 -1.000000e+000
    outer loop
      vertex  9.010000e+001 -5.000000e+001 -4.000000e+000
      vertex  8.866414e+001 -6.520214e+001 -4.000000e+000
      vertex  8.851330e+001 -6.468880e+001 -4.000000e+000
    endloop
  endfacet
  facet normal  0.000000e+000  0.000000e+000 -1.000000e+000
    outer loop
      vertex  9.010000e+001 -5.000000e+001 -4.000000e+000
      vertex  8.851330e+001 -6.468880e+001 -4.000000e+000
      vertex  8.829093e+001 -6.420216e+001 -4.000000e+000
    endloop
  endfacet
  facet normal  0.000000e+000  0.000000e+000 -1.000000e+000
    outer loop
      vertex  9.010000e+001 -5.000000e+001 -4.000000e+000
      vertex  8.829093e+001 -6.420216e+001 -4.000000e+000
      vertex  8.800158e+001 -6.375211e+001 -4.000000e+000
    endloop
  endfacet
  facet normal  0.000000e+000  0.000000e+000 -1.000000e+000
    outer loop
      vertex  9.010000e+001 -5.000000e+001 -4.000000e+000
      vertex  8.800158e+001 -6.375211e+001 -4.000000e+000
      vertex  8.765112e+001 -6.334782e+001 -4.000000e+000
    endloop
  endfacet
  facet normal  0.000000e+000  0.000000e+000 -1.000000e+000
    outer loop
      vertex  9.010000e+001 -5.000000e+001 -4.000000e+000
      vertex  8.765112e+001 -6.334782e+001 -4.000000e+000
      vertex  8.724669e+001 -6.299752e+001 -4.000000e+000
    endloop
  endfacet
  facet normal  0.000000e+000  0.000000e+000 -1.000000e+000
    outer loop
      vertex  9.010000e+001 -5.000000e+001 -4.000000e+000
      vertex  8.724669e+001 -6.299752e+001 -4.000000e+000
      vertex  8.679652e+001 -6.270834e+001 -4.000000e+000
    endloop
  endfacet
  facet normal  0.000000e+000  0.000000e+000 -1.000000e+000
    outer loop
      vertex  9.010000e+001 -5.000000e+001 -4.000000e+000
      vertex  8.679652e+001 -6.270834e+001 -4.000000e+000
      vertex  8.630978e+001 -6.248618e+001 -4.000000e+000
    endloop
  endfacet
  facet normal  0.000000e+000  0.000000e+000 -1.000000e+000
    outer loop
      vertex  9.010000e+001 -5.000000e+001 -4.000000e+000
      vertex  8.630978e+001 -6.248618e+001 -4.000000e+000
      vertex  8.579638e+001 -6.233554e+001 -4.000000e+000
    endloop
  endfacet
  facet normal  0.000000e+000  0.000000e+000 -1.000000e+000
    outer loop
      vertex  9.010000e+001 -5.000000e+001 -4.000000e+000
      vertex  8.579638e+001 -6.233554e+001 -4.000000e+000
      vertex  8.526677e+001 -6.225950e+001 -4.000000e+000
    endloop
  endfacet
  facet normal  0.000000e+000  0.000000e+000 -1.000000e+000
    outer loop
      vertex  9.010000e+001 -7.010000e+001 -4.000000e+000
      vertex  8.526827e+001 -6.974039e+001 -4.000000e+000
      vertex  8.579786e+001 -6.966414e+001 -4.000000e+000
    endloop
  endfacet
  facet normal  0.000000e+000  0.000000e+000 -1.000000e+000
    outer loop
      vertex  9.010000e+001 -7.010000e+001 -4.000000e+000
      vertex  8.579786e+001 -6.966414e+001 -4.000000e+000
      vertex  8.631120e+001 -6.951330e+001 -4.000000e+000
    endloop
  endfacet
  facet normal  0.000000e+000  0.000000e+000 -1.000000e+000
    outer loop
      vertex  9.010000e+001 -7.010000e+001 -4.000000e+000
      vertex  8.631120e+001 -6.951330e+001 -4.000000e+000
      vertex  8.679784e+001 -6.929093e+001 -4.000000e+000
    endloop
  endfacet
  facet normal  0.000000e+000  0.000000e+000 -1.000000e+000
    outer loop
      vertex  9.010000e+001 -7.010000e+001 -4.000000e+000
      vertex  8.679784e+001 -6.929093e+001 -4.000000e+000
      vertex  8.724789e+001 -6.900158e+001 -4.000000e+000
    endloop
  endfacet
  facet normal  0.000000e+000  0.000000e+000 -1.000000e+000
    outer loop
      vertex  9.010000e+001 -7.010000e+001 -4.000000e+000
      vertex  8.724789e+001 -6.900158e+001 -4.000000e+000
      vertex  8.765218e+001 -6.865112e+001 -4.000000e+000
    endloop
  endfacet
  facet normal  0.000000e+000  0.000000e+000 -1.000000e+000
    outer loop
      vertex  9.010000e+001 -7.010000e+001 -4.000000e+000
      vertex  8.765218e+001 -6.865112e+001 -4.000000e+000
      vertex  8.800248e+001 -6.824669e+001 -4.000000e+000
    endloop
  endfacet
  facet normal  0.000000e+000  0.000000e+000 -1.000000e+000
    outer loop
      vertex  9.010000e+001 -7.010000e+001 -4.000000e+000
      vertex  8.800248e+001 -6.824669e+001 -4.000000e+000
      vertex  8.829166e+001 -6.779652e+001 -4.000000e+000
    endloop
  endfacet
  facet normal  0.000000e+000  0.000000e+000 -1.000000e+000
    outer loop
      vertex  9.010000e+001 -7.010000e+001 -4.000000e+000
      vertex  8.829166e+001 -6.779652e+001 -4.000000e+000
      vertex  8.851382e+001 -6.730978e+001 -4.000000e+000
    endloop
  endfacet
  facet normal  0.000000e+000  0.000000e+000 -1.000000e+000
    outer loop
      vertex  9.010000e+001 -7.010000e+001 -4.000000e+000
      vertex  8.851382e+001 -6.730978e+001 -4.000000e+000
      vertex  8.866446e+001 -6.679638e+001 -4.000000e+000
    endloop
  endfacet
  facet normal  0.000000e+000  0.000000e+000 -1.000000e+000
    outer loop
      vertex  9.010000e+001 -7.010000e+001 -4.000000e+000
      vertex  8.866446e+001 -6.679638e+001 -4.000000e+000
      vertex  8.874050e+001 -6.626677e+001 -4.000000e+000
    endloop
  endfacet
  facet normal  0.000000e+000  0.000000e+000 -9.999999e-001
    outer loop
      vertex -1.000000e-001 -5.035000e+001 -4.000000e+000
      vertex -1.000000e-001 -5.965000e+001 -4.000000e+000
      vertex -1.400000e+000 -5.035000e+001 -4.000000e+000
    endloop
  endfacet
  facet normal  0.000000e+000  0.000000e+000 -9.999999e-001
    outer loop
      vertex -1.400000e+000 -5.035000e+001 -4.000000e+000
      vertex -1.000000e-001 -5.965000e+001 -4.000000e+000
      vertex -1.400000e+000 -5.965000e+001 -4.000000e+000
    endloop
  endfacet
  facet normal  0.000000e+000  -0.000000e+000 -1.000000e+000
    outer loop
      vertex  8.526677e+001 -6.225950e+001 -4.000000e+000
      vertex  9.010000e+001 -3.750000e+001 -4.000000e+000
      vertex  9.010000e+001 -5.000000e+001 -4.000000e+000
    endloop
  endfacet
  facet normal  0.000000e+000  0.000000e+000 -1.000000e+000
    outer loop
      vertex  9.010000e+001 -5.000000e+001 -4.000000e+000
      vertex  9.010000e+001 -3.750000e+001 -4.000000e+000
      vertex  9.140000e+001 -3.750000e+001 -4.000000e+000
    endloop
  endfacet
  facet normal  0.000000e+000  -0.000000e+000 -1.000000e+000
    outer loop
      vertex  9.010000e+001 -5.000000e+001 -4.000000e+000
      vertex  9.140000e+001 -3.750000e+001 -4.000000e+000
      vertex  9.140000e+001 -5.000000e+001 -4.000000e+000
    endloop
  endfacet
  facet normal  0.000000e+000  0.000000e+000 -1.000000e+000
    outer loop
      vertex  9.010000e+001 -3.750000e+001 -4.000000e+000
      vertex  8.526677e+001 -6.225950e+001 -4.000000e+000
      vertex  8.526827e+001 -7.740392e+000 -4.000000e+000
    endloop
  endfacet
  facet normal  0.000000e+000  0.000000e+000 -9.999999e-001
    outer loop
      vertex  8.526827e+001 -7.740392e+000 -4.000000e+000
      vertex  8.526677e+001 -6.225950e+001 -4.000000e+000
      vertex  8.473173e+001 -6.225961e+001 -4.000000e+000
    endloop
  endfacet
  facet normal  0.000000e+000  0.000000e+000 -9.999999e-001
    outer loop
      vertex  8.526827e+001 -7.740392e+000 -4.000000e+000
      vertex  8.473173e+001 -6.225961e+001 -4.000000e+000
      vertex  8.473323e+001 -7.740499e+000 -4.000000e+000
    endloop
  endfacet
  facet normal  0.000000e+000  0.000000e+000 -1.000000e+000
    outer loop
      vertex  8.473323e+001 -7.740499e+000 -4.000000e+000
      vertex  8.473173e+001 -6.225961e+001 -4.000000e+000
      vertex  5.266769e+000 -6.225950e+001 -4.000000e+000
    endloop
  endfacet
  facet normal  0.000000e+000  0.000000e+000 -1.000000e+000
    outer loop
      vertex  8.473323e+001 -7.740499e+000 -4.000000e+000
      vertex  5.266769e+000 -6.225950e+001 -4.000000e+000
      vertex  5.268274e+000 -7.740392e+000 -4.000000e+000
    endloop
  endfacet
  facet normal  0.000000e+000  5.298182e-007 -1.000000e+000
    outer loop
      vertex  4.750000e+001 -7.140000e+001 -4.000000e+000
      vertex  3.750000e+001 -7.140000e+001 -4.000000e+000
      vertex  4.750000e+001 -7.050000e+001 -4.000000e+000
    endloop
  endfacet
  facet normal  4.768371e-008  0.000000e+000 -9.999999e-001
    outer loop
      vertex  4.750000e+001 -7.050000e+001 -4.000000e+000
      vertex  3.750000e+001 -7.140000e+001 -4.000000e+000
      vertex  3.750000e+001 -7.010000e+001 -4.000000e+000
    endloop
  endfacet
  facet normal  0.000000e+000 -1.192088e-006 -1.000000e+000
    outer loop
      vertex  4.750000e+001 -7.050000e+001 -4.000000e+000
      vertex  3.750000e+001 -7.010000e+001 -4.000000e+000
      vertex  4.750000e+001 -7.010000e+001 -4.000000e+000
    endloop
  endfacet
  facet normal  0.000000e+000  0.000000e+000 -9.999999e-001
    outer loop
      vertex  6.750000e+001 -7.140000e+001 -4.000000e+000
      vertex  6.750000e+001 -7.010000e+001 -4.000000e+000
      vertex  7.750000e+001 -7.140000e+001 -4.000000e+000
    endloop
  endfacet
  facet normal  0.000000e+000  0.000000e+000 -9.999999e-001
    outer loop
      vertex  7.750000e+001 -7.140000e+001 -4.000000e+000
      vertex  6.750000e+001 -7.010000e+001 -4.000000e+000
      vertex  7.750000e+001 -7.010000e+001 -4.000000e+000
    endloop
  endfacet
  facet normal  0.000000e+000  0.000000e+000 -1.000000e+000
    outer loop
      vertex  8.125950e+001 -6.573323e+001 -4.000000e+000
      vertex  8.664141e+000 -6.520214e+001 -4.000000e+000
      vertex  8.133554e+001 -6.520362e+001 -4.000000e+000
    endloop
  endfacet
  facet normal  0.000000e+000  0.000000e+000 -1.000000e+000
    outer loop
      vertex  8.133554e+001 -6.520362e+001 -4.000000e+000
      vertex  8.664141e+000 -6.520214e+001 -4.000000e+000
      vertex  8.513298e+000 -6.468880e+001 -4.000000e+000
    endloop
  endfacet
  facet normal  0.000000e+000  0.000000e+000 -1.000000e+000
    outer loop
      vertex  8.133554e+001 -6.520362e+001 -4.000000e+000
      vertex  8.513298e+000 -6.468880e+001 -4.000000e+000
      vertex  8.148618e+001 -6.469022e+001 -4.000000e+000
    endloop
  endfacet
  facet normal  0.000000e+000  0.000000e+000 -1.000000e+000
    outer loop
      vertex  8.148618e+001 -6.469022e+001 -4.000000e+000
      vertex  8.513298e+000 -6.468880e+001 -4.000000e+000
      vertex  8.290935e+000 -6.420216e+001 -4.000000e+000
    endloop
  endfacet
  facet normal  0.000000e+000  0.000000e+000 -1.000000e+000
    outer loop
      vertex  8.148618e+001 -6.469022e+001 -4.000000e+000
      vertex  8.290935e+000 -6.420216e+001 -4.000000e+000
      vertex  8.170834e+001 -6.420348e+001 -4.000000e+000
    endloop
  endfacet
  facet normal  0.000000e+000  0.000000e+000 -1.000000e+000
    outer loop
      vertex  8.170834e+001 -6.420348e+001 -4.000000e+000
      vertex  8.290935e+000 -6.420216e+001 -4.000000e+000
      vertex  8.001577e+000 -6.375211e+001 -4.000000e+000
    endloop
  endfacet
  facet normal  0.000000e+000  0.000000e+000 -1.000000e+000
    outer loop
      vertex  8.170834e+001 -6.420348e+001 -4.000000e+000
      vertex  8.001577e+000 -6.375211e+001 -4.000000e+000
      vertex  8.199752e+001 -6.375331e+001 -4.000000e+000
    endloop
  endfacet
  facet normal  0.000000e+000  0.000000e+000 -1.000000e+000
    outer loop
      vertex  8.199752e+001 -6.375331e+001 -4.000000e+000
      vertex  8.001577e+000 -6.375211e+001 -4.000000e+000
      vertex  7.651117e+000 -6.334782e+001 -4.000000e+000
    endloop
  endfacet
  facet normal  0.000000e+000  0.000000e+000 -1.000000e+000
    outer loop
      vertex  8.199752e+001 -6.375331e+001 -4.000000e+000
      vertex  7.651117e+000 -6.334782e+001 -4.000000e+000
      vertex  8.234782e+001 -6.334888e+001 -4.000000e+000
    endloop
  endfacet
  facet normal  0.000000e+000  0.000000e+000 -1.000000e+000
    outer loop
      vertex  8.234782e+001 -6.334888e+001 -4.000000e+000
      vertex  7.651117e+000 -6.334782e+001 -4.000000e+000
      vertex  7.246687e+000 -6.299752e+001 -4.000000e+000
    endloop
  endfacet
  facet normal  0.000000e+000  0.000000e+000 -1.000000e+000
    outer loop
      vertex  8.234782e+001 -6.334888e+001 -4.000000e+000
      vertex  7.246687e+000 -6.299752e+001 -4.000000e+000
      vertex  8.275211e+001 -6.299842e+001 -4.000000e+000
    endloop
  endfacet
  facet normal  0.000000e+000  0.000000e+000 -1.000000e+000
    outer loop
      vertex  8.275211e+001 -6.299842e+001 -4.000000e+000
      vertex  7.246687e+000 -6.299752e+001 -4.000000e+000
      vertex  6.796522e+000 -6.270834e+001 -4.000000e+000
    endloop
  endfacet
  facet normal  0.000000e+000  0.000000e+000 -1.000000e+000
    outer loop
      vertex  8.275211e+001 -6.299842e+001 -4.000000e+000
      vertex  6.796522e+000 -6.270834e+001 -4.000000e+000
      vertex  8.320216e+001 -6.270906e+001 -4.000000e+000
    endloop
  endfacet
  facet normal  0.000000e+000  0.000000e+000 -1.000000e+000
    outer loop
      vertex  8.320216e+001 -6.270906e+001 -4.000000e+000
      vertex  6.796522e+000 -6.270834e+001 -4.000000e+000
      vertex  6.309784e+000 -6.248618e+001 -4.000000e+000
    endloop
  endfacet
  facet normal  0.000000e+000  0.000000e+000 -1.000000e+000
    outer loop
      vertex  8.320216e+001 -6.270906e+001 -4.000000e+000
      vertex  6.309784e+000 -6.248618e+001 -4.000000e+000
      vertex  8.368880e+001 -6.248670e+001 -4.000000e+000
    endloop
  endfacet
  facet normal  0.000000e+000  0.000000e+000 -1.000000e+000
    outer loop
      vertex  8.368880e+001 -6.248670e+001 -4.000000e+000
      vertex  6.309784e+000 -6.248618e+001 -4.000000e+000
      vertex  5.796383e+000 -6.233554e+001 -4.000000e+000
    endloop
  endfacet
  facet normal  0.000000e+000  0.000000e+000 -1.000000e+000
    outer loop
      vertex  8.368880e+001 -6.248670e+001 -4.000000e+000
      vertex  5.796383e+000 -6.233554e+001 -4.000000e+000
      vertex  8.420214e+001 -6.233586e+001 -4.000000e+000
    endloop
  endfacet
  facet normal  0.000000e+000  0.000000e+000 -1.000000e+000
    outer loop
      vertex  8.420214e+001 -6.233586e+001 -4.000000e+000
      vertex  5.796383e+000 -6.233554e+001 -4.000000e+000
      vertex  5.266769e+000 -6.225950e+001 -4.000000e+000
    endloop
  endfacet
  facet normal  0.000000e+000  0.000000e+000 -1.000000e+000
    outer loop
      vertex  8.420214e+001 -6.233586e+001 -4.000000e+000
      vertex  5.266769e+000 -6.225950e+001 -4.000000e+000
      vertex  8.473173e+001 -6.225961e+001 -4.000000e+000
    endloop
  endfacet
  facet normal  0.000000e+000  0.000000e+000 -1.000000e+000
    outer loop
      vertex  8.664141e+000 -6.520214e+001 -4.000000e+000
      vertex  8.125950e+001 -6.573323e+001 -4.000000e+000
      vertex  8.740392e+000 -6.573173e+001 -4.000000e+000
    endloop
  endfacet
  facet normal  0.000000e+000  0.000000e+000 -9.999999e-001
    outer loop
      vertex  8.740392e+000 -6.573173e+001 -4.000000e+000
      vertex  8.125950e+001 -6.573323e+001 -4.000000e+000
      vertex  8.125961e+001 -6.626827e+001 -4.000000e+000
    endloop
  endfacet
  facet normal  0.000000e+000  0.000000e+000 -9.999999e-001
    outer loop
      vertex  8.740392e+000 -6.573173e+001 -4.000000e+000
      vertex  8.125961e+001 -6.626827e+001 -4.000000e+000
      vertex  8.740499e+000 -6.626677e+001 -4.000000e+000
    endloop
  endfacet
  facet normal  0.000000e+000  0.000000e+000 -1.000000e+000
    outer loop
      vertex  8.740499e+000 -6.626677e+001 -4.000000e+000
      vertex  8.125961e+001 -6.626827e+001 -4.000000e+000
      vertex  8.133586e+001 -6.679786e+001 -4.000000e+000
    endloop
  endfacet
  facet normal  0.000000e+000  0.000000e+000 -1.000000e+000
    outer loop
      vertex  8.740499e+000 -6.626677e+001 -4.000000e+000
      vertex  8.133586e+001 -6.679786e+001 -4.000000e+000
      vertex  8.664461e+000 -6.679638e+001 -4.000000e+000
    endloop
  endfacet
  facet normal  0.000000e+000  0.000000e+000 -1.000000e+000
    outer loop
      vertex  8.664461e+000 -6.679638e+001 -4.000000e+000
      vertex  8.133586e+001 -6.679786e+001 -4.000000e+000
      vertex  8.148670e+001 -6.731120e+001 -4.000000e+000
    endloop
  endfacet
  facet normal  0.000000e+000  0.000000e+000 -1.000000e+000
    outer loop
      vertex  8.664461e+000 -6.679638e+001 -4.000000e+000
      vertex  8.148670e+001 -6.731120e+001 -4.000000e+000
      vertex  8.513825e+000 -6.730978e+001 -4.000000e+000
    endloop
  endfacet
  facet normal  0.000000e+000  0.000000e+000 -1.000000e+000
    outer loop
      vertex  8.513825e+000 -6.730978e+001 -4.000000e+000
      vertex  8.148670e+001 -6.731120e+001 -4.000000e+000
      vertex  8.170907e+001 -6.779784e+001 -4.000000e+000
    endloop
  endfacet
  facet normal  0.000000e+000  0.000000e+000 -1.000000e+000
    outer loop
      vertex  8.513825e+000 -6.730978e+001 -4.000000e+000
      vertex  8.170907e+001 -6.779784e+001 -4.000000e+000
      vertex  8.291657e+000 -6.779652e+001 -4.000000e+000
    endloop
  endfacet
  facet normal  0.000000e+000  0.000000e+000 -1.000000e+000
    outer loop
      vertex  8.291657e+000 -6.779652e+001 -4.000000e+000
      vertex  8.170907e+001 -6.779784e+001 -4.000000e+000
      vertex  8.199842e+001 -6.824789e+001 -4.000000e+000
    endloop
  endfacet
  facet normal  0.000000e+000  0.000000e+000 -1.000000e+000
    outer loop
      vertex  8.291657e+000 -6.779652e+001 -4.000000e+000
      vertex  8.199842e+001 -6.824789e+001 -4.000000e+000
      vertex  8.002481e+000 -6.824669e+001 -4.000000e+000
    endloop
  endfacet
  facet normal  0.000000e+000  0.000000e+000 -1.000000e+000
    outer loop
      vertex  8.002481e+000 -6.824669e+001 -4.000000e+000
      vertex  8.199842e+001 -6.824789e+001 -4.000000e+000
      vertex  8.234888e+001 -6.865218e+001 -4.000000e+000
    endloop
  endfacet
  facet normal  0.000000e+000  0.000000e+000 -1.000000e+000
    outer loop
      vertex  8.002481e+000 -6.824669e+001 -4.000000e+000
      vertex  8.234888e+001 -6.865218e+001 -4.000000e+000
      vertex  7.652184e+000 -6.865112e+001 -4.000000e+000
    endloop
  endfacet
  facet normal  0.000000e+000  0.000000e+000 -1.000000e+000
    outer loop
      vertex  7.652184e+000 -6.865112e+001 -4.000000e+000
      vertex  8.234888e+001 -6.865218e+001 -4.000000e+000
      vertex  8.275331e+001 -6.900248e+001 -4.000000e+000
    endloop
  endfacet
  facet normal  0.000000e+000  0.000000e+000 -9.999999e-001
    outer loop
      vertex  7.652184e+000 -6.865112e+001 -4.000000e+000
      vertex  8.275331e+001 -6.900248e+001 -4.000000e+000
      vertex  7.247895e+000 -6.900158e+001 -4.000000e+000
    endloop
  endfacet
  facet normal  0.000000e+000  0.000000e+000 -1.000000e+000
    outer loop
      vertex  7.247895e+000 -6.900158e+001 -4.000000e+000
      vertex  8.275331e+001 -6.900248e+001 -4.000000e+000
      vertex  8.320348e+001 -6.929166e+001 -4.000000e+000
    endloop
  endfacet
  facet normal  0.000000e+000  0.000000e+000 -1.000000e+000
    outer loop
      vertex  7.247895e+000 -6.900158e+001 -4.000000e+000
      vertex  8.320348e+001 -6.929166e+001 -4.000000e+000
      vertex  6.797846e+000 -6.929093e+001 -4.000000e+000
    endloop
  endfacet
  facet normal  0.000000e+000  0.000000e+000 -1.000000e+000
    outer loop
      vertex  6.797846e+000 -6.929093e+001 -4.000000e+000
      vertex  8.320348e+001 -6.929166e+001 -4.000000e+000
      vertex  8.369022e+001 -6.951382e+001 -4.000000e+000
    endloop
  endfacet
  facet normal  0.000000e+000  0.000000e+000 -1.000000e+000
    outer loop
      vertex  6.797846e+000 -6.929093e+001 -4.000000e+000
      vertex  8.369022e+001 -6.951382e+001 -4.000000e+000
      vertex  6.311197e+000 -6.951330e+001 -4.000000e+000
    endloop
  endfacet
  facet normal  0.000000e+000  0.000000e+000 -1.000000e+000
    outer loop
      vertex  6.311197e+000 -6.951330e+001 -4.000000e+000
      vertex  8.369022e+001 -6.951382e+001 -4.000000e+000
      vertex  8.420362e+001 -6.966446e+001 -4.000000e+000
    endloop
  endfacet
  facet normal  0.000000e+000  0.000000e+000 -1.000000e+000
    outer loop
      vertex  6.311197e+000 -6.951330e+001 -4.000000e+000
      vertex  8.420362e+001 -6.966446e+001 -4.000000e+000
      vertex  5.797857e+000 -6.966414e+001 -4.000000e+000
    endloop
  endfacet
  facet normal  0.000000e+000  0.000000e+000 -1.000000e+000
    outer loop
      vertex  5.250000e+001  1.000000e-001 -4.000000e+000
      vertex  5.250000e+001  1.400000e+000 -4.000000e+000
      vertex  6.250000e+001  1.000000e-001 -4.000000e+000
    endloop
  endfacet
  facet normal  0.000000e+000  0.000000e+000 -1.000000e+000
    outer loop
      vertex  6.250000e+001  1.000000e-001 -4.000000e+000
      vertex  5.250000e+001  1.400000e+000 -4.000000e+000
      vertex  6.250000e+001  1.400000e+000 -4.000000e+000
    endloop
  endfacet
  facet normal  0.000000e+000  0.000000e+000 -1.000000e+000
    outer loop
      vertex  6.750000e+001  1.000000e-001 -4.000000e+000
      vertex  6.750000e+001  1.400000e+000 -4.000000e+000
      vertex  7.750000e+001  1.000000e-001 -4.000000e+000
    endloop
  endfacet
  facet normal  0.000000e+000  0.000000e+000 -1.000000e+000
    outer loop
      vertex  7.750000e+001  1.000000e-001 -4.000000e+000
      vertex  6.750000e+001  1.400000e+000 -4.000000e+000
      vertex  7.750000e+001  1.400000e+000 -4.000000e+000
    endloop
  endfacet
  facet normal  0.000000e+000  1.192093e-006 -1.000000e+000
    outer loop
      vertex  4.750000e+001  1.000000e-001 -4.000000e+000
      vertex  3.750000e+001  1.000000e-001 -4.000000e+000
      vertex  4.750000e+001  5.000000e-001 -4.000000e+000
    endloop
  endfacet
  facet normal  4.768372e-008  0.000000e+000 -1.000000e+000
    outer loop
      vertex  4.750000e+001  5.000000e-001 -4.000000e+000
      vertex  3.750000e+001  1.000000e-001 -4.000000e+000
      vertex  3.750000e+001  1.400000e+000 -4.000000e+000
    endloop
  endfacet
  facet normal  0.000000e+000 -5.298191e-007 -1.000000e+000
    outer loop
      vertex  4.750000e+001  5.000000e-001 -4.000000e+000
      vertex  3.750000e+001  1.400000e+000 -4.000000e+000
      vertex  4.750000e+001  1.400000e+000 -4.000000e+000
    endloop
  endfacet
  facet normal  0.000000e+000  0.000000e+000 -1.000000e+000
    outer loop
      vertex  8.125961e+001 -4.268274e+000 -4.000000e+000
      vertex  8.740392e+000 -3.731726e+000 -4.000000e+000
      vertex  8.125950e+001 -3.733231e+000 -4.000000e+000
    endloop
  endfacet
  facet normal  0.000000e+000  0.000000e+000 -1.000000e+000
    outer loop
      vertex  8.125950e+001 -3.733231e+000 -4.000000e+000
      vertex  8.740392e+000 -3.731726e+000 -4.000000e+000
      vertex  8.664141e+000 -3.202143e+000 -4.000000e+000
    endloop
  endfacet
  facet normal  0.000000e+000  0.000000e+000 -1.000000e+000
    outer loop
      vertex  8.125950e+001 -3.733231e+000 -4.000000e+000
      vertex  8.664141e+000 -3.202143e+000 -4.000000e+000
      vertex  8.133554e+001 -3.203617e+000 -4.000000e+000
    endloop
  endfacet
  facet normal  0.000000e+000  0.000000e+000 -1.000000e+000
    outer loop
      vertex  8.133554e+001 -3.203617e+000 -4.000000e+000
      vertex  8.664141e+000 -3.202143e+000 -4.000000e+000
      vertex  8.513298e+000 -2.688802e+000 -4.000000e+000
    endloop
  endfacet
  facet normal  0.000000e+000  0.000000e+000 -1.000000e+000
    outer loop
      vertex  8.133554e+001 -3.203617e+000 -4.000000e+000
      vertex  8.513298e+000 -2.688802e+000 -4.000000e+000
      vertex  8.148618e+001 -2.690216e+000 -4.000000e+000
    endloop
  endfacet
  facet normal  0.000000e+000  0.000000e+000 -1.000000e+000
    outer loop
      vertex  8.148618e+001 -2.690216e+000 -4.000000e+000
      vertex  8.513298e+000 -2.688802e+000 -4.000000e+000
      vertex  8.290935e+000 -2.202154e+000 -4.000000e+000
    endloop
  endfacet
  facet normal  0.000000e+000  0.000000e+000 -1.000000e+000
    outer loop
      vertex  8.148618e+001 -2.690216e+000 -4.000000e+000
      vertex  8.290935e+000 -2.202154e+000 -4.000000e+000
      vertex  8.170834e+001 -2.203478e+000 -4.000000e+000
    endloop
  endfacet
  facet normal  0.000000e+000  0.000000e+000 -1.000000e+000
    outer loop
      vertex  8.170834e+001 -2.203478e+000 -4.000000e+000
      vertex  8.290935e+000 -2.202154e+000 -4.000000e+000
      vertex  8.001577e+000 -1.752105e+000 -4.000000e+000
    endloop
  endfacet
  facet normal  0.000000e+000  0.000000e+000 -1.000000e+000
    outer loop
      vertex  8.170834e+001 -2.203478e+000 -4.000000e+000
      vertex  8.001577e+000 -1.752105e+000 -4.000000e+000
      vertex  8.199752e+001 -1.753313e+000 -4.000000e+000
    endloop
  endfacet
  facet normal  0.000000e+000  0.000000e+000 -9.999999e-001
    outer loop
      vertex  8.199752e+001 -1.753313e+000 -4.000000e+000
      vertex  8.001577e+000 -1.752105e+000 -4.000000e+000
      vertex  7.651117e+000 -1.347816e+000 -4.000000e+000
    endloop
  endfacet
  facet normal  0.000000e+000  0.000000e+000 -1.000000e+000
    outer loop
      vertex  8.199752e+001 -1.753313e+000 -4.000000e+000
      vertex  7.651117e+000 -1.347816e+000 -4.000000e+000
      vertex  8.234782e+001 -1.348883e+000 -4.000000e+000
    endloop
  endfacet
  facet normal  0.000000e+000  0.000000e+000 -1.000000e+000
    outer loop
      vertex  8.234782e+001 -1.348883e+000 -4.000000e+000
      vertex  7.651117e+000 -1.347816e+000 -4.000000e+000
      vertex  7.246687e+000 -9.975183e-001 -4.000000e+000
    endloop
  endfacet
  facet normal  0.000000e+000  0.000000e+000 -1.000000e+000
    outer loop
      vertex  8.234782e+001 -1.348883e+000 -4.000000e+000
      vertex  7.246687e+000 -9.975183e-001 -4.000000e+000
      vertex  8.275211e+001 -9.984225e-001 -4.000000e+000
    endloop
  endfacet
  facet normal  0.000000e+000  0.000000e+000 -1.000000e+000
    outer loop
      vertex  8.275211e+001 -9.984225e-001 -4.000000e+000
      vertex  7.246687e+000 -9.975183e-001 -4.000000e+000
      vertex  6.796522e+000 -7.083423e-001 -4.000000e+000
    endloop
  endfacet
  facet normal  0.000000e+000  0.000000e+000 -1.000000e+000
    outer loop
      vertex  8.275211e+001 -9.984225e-001 -4.000000e+000
      vertex  6.796522e+000 -7.083423e-001 -4.000000e+000
      vertex  8.320216e+001 -7.090654e-001 -4.000000e+000
    endloop
  endfacet
  facet normal  0.000000e+000  0.000000e+000 -1.000000e+000
    outer loop
      vertex  8.320216e+001 -7.090654e-001 -4.000000e+000
      vertex  6.796522e+000 -7.083423e-001 -4.000000e+000
      vertex  6.309784e+000 -4.861750e-001 -4.000000e+000
    endloop
  endfacet
  facet normal  0.000000e+000  0.000000e+000 -1.000000e+000
    outer loop
      vertex  8.320216e+001 -7.090654e-001 -4.000000e+000
      vertex  6.309784e+000 -4.861750e-001 -4.000000e+000
      vertex  8.368880e+001 -4.867022e-001 -4.000000e+000
    endloop
  endfacet
  facet normal  0.000000e+000  0.000000e+000 -1.000000e+000
    outer loop
      vertex  8.368880e+001 -4.867022e-001 -4.000000e+000
      vertex  6.309784e+000 -4.861750e-001 -4.000000e+000
      vertex  5.796383e+000 -3.355390e-001 -4.000000e+000
    endloop
  endfacet
  facet normal  0.000000e+000  0.000000e+000 -1.000000e+000
    outer loop
      vertex  8.368880e+001 -4.867022e-001 -4.000000e+000
      vertex  5.796383e+000 -3.355390e-001 -4.000000e+000
      vertex  8.420214e+001 -3.358597e-001 -4.000000e+000
    endloop
  endfacet
  facet normal  0.000000e+000  0.000000e+000 -1.000000e+000
    outer loop
      vertex  8.740392e+000 -3.731726e+000 -4.000000e+000
      vertex  8.125961e+001 -4.268274e+000 -4.000000e+000
      vertex  8.740499e+000 -4.266769e+000 -4.000000e+000
    endloop
  endfacet
  facet normal  0.000000e+000  0.000000e+000 -1.000000e+000
    outer loop
      vertex  8.740499e+000 -4.266769e+000 -4.000000e+000
      vertex  8.125961e+001 -4.268274e+000 -4.000000e+000
      vertex  8.133586e+001 -4.797857e+000 -4.000000e+000
    endloop
  endfacet
  facet normal  0.000000e+000  0.000000e+000 -1.000000e+000
    outer loop
      vertex  8.740499e+000 -4.266769e+000 -4.000000e+000
      vertex  8.133586e+001 -4.797857e+000 -4.000000e+000
      vertex  8.664461e+000 -4.796383e+000 -4.000000e+000
    endloop
  endfacet
  facet normal  0.000000e+000  0.000000e+000 -1.000000e+000
    outer loop
      vertex  8.664461e+000 -4.796383e+000 -4.000000e+000
      vertex  8.133586e+001 -4.797857e+000 -4.000000e+000
      vertex  8.148670e+001 -5.311197e+000 -4.000000e+000
    endloop
  endfacet
  facet normal  0.000000e+000  0.000000e+000 -1.000000e+000
    outer loop
      vertex  8.664461e+000 -4.796383e+000 -4.000000e+000
      vertex  8.148670e+001 -5.311197e+000 -4.000000e+000
      vertex  8.513825e+000 -5.309784e+000 -4.000000e+000
    endloop
  endfacet
  facet normal  0.000000e+000  0.000000e+000 -1.000000e+000
    outer loop
      vertex  8.513825e+000 -5.309784e+000 -4.000000e+000
      vertex  8.148670e+001 -5.311197e+000 -4.000000e+000
      vertex  8.170907e+001 -5.797846e+000 -4.000000e+000
    endloop
  endfacet
  facet normal  0.000000e+000  0.000000e+000 -1.000000e+000
    outer loop
      vertex  8.513825e+000 -5.309784e+000 -4.000000e+000
      vertex  8.170907e+001 -5.797846e+000 -4.000000e+000
      vertex  8.291657e+000 -5.796522e+000 -4.000000e+000
    endloop
  endfacet
  facet normal  0.000000e+000  0.000000e+000 -1.000000e+000
    outer loop
      vertex  8.291657e+000 -5.796522e+000 -4.000000e+000
      vertex  8.170907e+001 -5.797846e+000 -4.000000e+000
      vertex  8.199842e+001 -6.247895e+000 -4.000000e+000
    endloop
  endfacet
  facet normal  0.000000e+000  0.000000e+000 -1.000000e+000
    outer loop
      vertex  8.291657e+000 -5.796522e+000 -4.000000e+000
      vertex  8.199842e+001 -6.247895e+000 -4.000000e+000
      vertex  8.002481e+000 -6.246687e+000 -4.000000e+000
    endloop
  endfacet
  facet normal  0.000000e+000  0.000000e+000 -1.000000e+000
    outer loop
      vertex  8.002481e+000 -6.246687e+000 -4.000000e+000
      vertex  8.199842e+001 -6.247895e+000 -4.000000e+000
      vertex  8.234888e+001 -6.652184e+000 -4.000000e+000
    endloop
  endfacet
  facet normal  0.000000e+000  0.000000e+000 -1.000000e+000
    outer loop
      vertex  8.002481e+000 -6.246687e+000 -4.000000e+000
      vertex  8.234888e+001 -6.652184e+000 -4.000000e+000
      vertex  7.652184e+000 -6.651117e+000 -4.000000e+000
    endloop
  endfacet
  facet normal  0.000000e+000  0.000000e+000 -9.999999e-001
    outer loop
      vertex  7.652184e+000 -6.651117e+000 -4.000000e+000
      vertex  8.234888e+001 -6.652184e+000 -4.000000e+000
      vertex  8.275331e+001 -7.002481e+000 -4.000000e+000
    endloop
  endfacet
  facet normal  0.000000e+000  0.000000e+000 -1.000000e+000
    outer loop
      vertex  7.652184e+000 -6.651117e+000 -4.000000e+000
      vertex  8.275331e+001 -7.002481e+000 -4.000000e+000
      vertex  7.247895e+000 -7.001577e+000 -4.000000e+000
    endloop
  endfacet
  facet normal  0.000000e+000  0.000000e+000 -1.000000e+000
    outer loop
      vertex  7.247895e+000 -7.001577e+000 -4.000000e+000
      vertex  8.275331e+001 -7.002481e+000 -4.000000e+000
      vertex  8.320348e+001 -7.291657e+000 -4.000000e+000
    endloop
  endfacet
  facet normal  0.000000e+000  0.000000e+000 -9.999999e-001
    outer loop
      vertex  7.247895e+000 -7.001577e+000 -4.000000e+000
      vertex  8.320348e+001 -7.291657e+000 -4.000000e+000
      vertex  6.797846e+000 -7.290935e+000 -4.000000e+000
    endloop
  endfacet
  facet normal  0.000000e+000  0.000000e+000 -1.000000e+000
    outer loop
      vertex  6.797846e+000 -7.290935e+000 -4.000000e+000
      vertex  8.320348e+001 -7.291657e+000 -4.000000e+000
      vertex  8.369022e+001 -7.513825e+000 -4.000000e+000
    endloop
  endfacet
  facet normal  0.000000e+000  0.000000e+000 -1.000000e+000
    outer loop
      vertex  6.797846e+000 -7.290935e+000 -4.000000e+000
      vertex  8.369022e+001 -7.513825e+000 -4.000000e+000
      vertex  6.311197e+000 -7.513298e+000 -4.000000e+000
    endloop
  endfacet
  facet normal  0.000000e+000  0.000000e+000 -1.000000e+000
    outer loop
      vertex  6.311197e+000 -7.513298e+000 -4.000000e+000
      vertex  8.369022e+001 -7.513825e+000 -4.000000e+000
      vertex  8.420362e+001 -7.664461e+000 -4.000000e+000
    endloop
  endfacet
  facet normal  0.000000e+000  0.000000e+000 -1.000000e+000
    outer loop
      vertex  6.311197e+000 -7.513298e+000 -4.000000e+000
      vertex  8.420362e+001 -7.664461e+000 -4.000000e+000
      vertex  5.797857e+000 -7.664140e+000 -4.000000e+000
    endloop
  endfacet
  facet normal  0.000000e+000  0.000000e+000 -1.000000e+000
    outer loop
      vertex  5.797857e+000 -7.664140e+000 -4.000000e+000
      vertex  8.420362e+001 -7.664461e+000 -4.000000e+000
      vertex  8.473323e+001 -7.740499e+000 -4.000000e+000
    endloop
  endfacet
  facet normal  0.000000e+000  0.000000e+000 -1.000000e+000
    outer loop
      vertex  5.797857e+000 -7.664140e+000 -4.000000e+000
      vertex  8.473323e+001 -7.740499e+000 -4.000000e+000
      vertex  5.268274e+000 -7.740392e+000 -4.000000e+000
    endloop
  endfacet
  facet normal  0.000000e+000  0.000000e+000 -9.999999e-001
    outer loop
      vertex  5.250000e+001 -7.140000e+001 -4.000000e+000
      vertex  5.250000e+001 -7.010000e+001 -4.000000e+000
      vertex  6.250000e+001 -7.140000e+001 -4.000000e+000
    endloop
  endfacet
  facet normal  0.000000e+000  0.000000e+000 -9.999999e-001
    outer loop
      vertex  6.250000e+001 -7.140000e+001 -4.000000e+000
      vertex  5.250000e+001 -7.010000e+001 -4.000000e+000
      vertex  6.250000e+001 -7.010000e+001 -4.000000e+000
    endloop
  endfacet
  facet normal  0.000000e+000  1.000000e+000  0.000000e+000
    outer loop
      vertex  3.750000e+001  1.800000e+000 -3.600000e+000
      vertex  3.750000e+001  1.800000e+000  1.500000e+000
      vertex  4.750000e+001  1.800000e+000 -3.600000e+000
    endloop
  endfacet
  facet normal  0.000000e+000  1.000000e+000  -0.000000e+000
    outer loop
      vertex  4.750000e+001  1.800000e+000 -3.600000e+000
      vertex  3.750000e+001  1.800000e+000  1.500000e+000
      vertex  4.750000e+001  1.800000e+000  1.500000e+000
    endloop
  endfacet
  facet normal -1.000000e+000  0.000000e+000  0.000000e+000
    outer loop
      vertex  3.750000e+001  1.400000e+000 -4.000000e+000
      vertex  3.750000e+001  1.000000e-001 -4.000000e+000
      vertex  3.750000e+001  5.000000e-001 -3.600000e+000
    endloop
  endfacet
  facet normal -1.000000e+000  0.000000e+000  0.000000e+000
    outer loop
      vertex  3.750000e+001  1.800000e+000  1.500000e+000
      vertex  3.750000e+001  5.000000e-001 -4.440892e-016
      vertex  3.750000e+001  5.000000e-001  1.500000e+000
    endloop
  endfacet
  facet normal -1.000000e+000  0.000000e+000  -0.000000e+000
    outer loop
      vertex  3.750000e+001  1.400000e+000 -4.000000e+000
      vertex  3.750000e+001  1.800000e+000  1.500000e+000
      vertex  3.750000e+001  1.800000e+000 -3.600000e+000
    endloop
  endfacet
  facet normal -1.000000e+000  0.000000e+000  0.000000e+000
    outer loop
      vertex  3.750000e+001  5.000000e-001 -4.000000e-001
      vertex  3.750000e+001  1.000000e-001 -4.440892e-016
      vertex  3.750000e+001  5.000000e-001 -4.440892e-016
    endloop
  endfacet
  facet normal -1.000000e+000  0.000000e+000  0.000000e+000
    outer loop
      vertex  3.750000e+001  5.000000e-001 -4.000000e-001
      vertex  3.750000e+001  5.000000e-001 -4.440892e-016
      vertex  3.750000e+001  1.800000e+000  1.500000e+000
    endloop
  endfacet
  facet normal -1.000000e+000  0.000000e+000  0.000000e+000
    outer loop
      vertex  3.750000e+001  5.000000e-001 -4.000000e-001
      vertex  3.750000e+001  1.800000e+000  1.500000e+000
      vertex  3.750000e+001  1.400000e+000 -4.000000e+000
    endloop
  endfacet
  facet normal -1.000000e+000  0.000000e+000  0.000000e+000
    outer loop
      vertex  3.750000e+001  5.000000e-001 -4.000000e-001
      vertex  3.750000e+001  1.400000e+000 -4.000000e+000
      vertex  3.750000e+001  5.000000e-001 -3.600000e+000
    endloop
  endfacet
  facet normal  1.000000e+000  0.000000e+000  0.000000e+000
    outer loop
      vertex  4.750000e+001  5.000000e-001 -3.600000e+000
      vertex  4.750000e+001  1.000000e-001 -4.000000e+000
      vertex  4.750000e+001  5.000000e-001 -4.000000e+000
    endloop
  endfacet
  facet normal  1.000000e+000  0.000000e+000  0.000000e+000
    outer loop
      vertex  4.750000e+001  5.000000e-001 -4.000000e-001
      vertex  4.750000e+001  5.000000e-001  4.440892e-016
      vertex  4.750000e+001  1.000000e-001  4.440892e-016
    endloop
  endfacet
  facet normal  1.000000e+000  0.000000e+000  -0.000000e+000
    outer loop
      vertex  4.750000e+001  1.400000e+000 -4.000000e+000
      vertex  4.750000e+001  1.800000e+000 -3.600000e+000
      vertex  4.750000e+001  1.800000e+000  1.500000e+000
    endloop
  endfacet
  facet normal  1.000000e+000  0.000000e+000  0.000000e+000
    outer loop
      vertex  4.750000e+001  1.400000e+000 -4.000000e+000
      vertex  4.750000e+001  1.800000e+000  1.500000e+000
      vertex  4.750000e+001  5.000000e-001  1.500000e+000
    endloop
  endfacet
  facet normal  1.000000e+000  0.000000e+000  0.000000e+000
    outer loop
      vertex  4.750000e+001  1.400000e+000 -4.000000e+000
      vertex  4.750000e+001  5.000000e-001  1.500000e+000
      vertex  4.750000e+001  5.000000e-001  4.440892e-016
    endloop
  endfacet
  facet normal  1.000000e+000  0.000000e+000  0.000000e+000
    outer loop
      vertex  4.750000e+001  1.400000e+000 -4.000000e+000
      vertex  4.750000e+001  5.000000e-001  4.440892e-016
      vertex  4.750000e+001  5.000000e-001 -4.000000e-001
    endloop
  endfacet
  facet normal  1.000000e+000  0.000000e+000  0.000000e+000
    outer loop
      vertex  4.750000e+001  1.400000e+000 -4.000000e+000
      vertex  4.750000e+001  5.000000e-001 -4.000000e-001
      vertex  4.750000e+001  5.000000e-001 -3.600000e+000
    endloop
  endfacet
  facet normal  1.000000e+000  0.000000e+000  0.000000e+000
    outer loop
      vertex  4.750000e+001  1.400000e+000 -4.000000e+000
      vertex  4.750000e+001  5.000000e-001 -3.600000e+000
      vertex  4.750000e+001  5.000000e-001 -4.000000e+000
    endloop
  endfacet
  facet normal  0.000000e+000  7.071068e-001 -7.071066e-001
    outer loop
      vertex  3.750000e+001  1.800000e+000 -3.600000e+000
      vertex  4.750000e+001  1.800000e+000 -3.600000e+000
      vertex  3.750000e+001  1.400000e+000 -4.000000e+000
    endloop
  endfacet
  facet normal  0.000000e+000  7.071068e-001 -7.071066e-001
    outer loop
      vertex  3.750000e+001  1.400000e+000 -4.000000e+000
      vertex  4.750000e+001  1.800000e+000 -3.600000e+000
      vertex  4.750000e+001  1.400000e+000 -4.000000e+000
    endloop
  endfacet
  facet normal -1.000000e+000  0.000000e+000  0.000000e+000
    outer loop
      vertex  5.250000e+001  1.400000e+000 -4.000000e+000
      vertex  5.250000e+001  1.000000e-001 -4.000000e+000
      vertex  5.250000e+001  5.000000e-001 -3.600000e+000
    endloop
  endfacet
  facet normal -1.000000e+000  0.000000e+000  0.000000e+000
    outer loop
      vertex  5.250000e+001  1.800000e+000  1.500000e+000
      vertex  5.250000e+001  5.000000e-001  2.220446e-016
      vertex  5.250000e+001  5.000000e-001  1.500000e+000
    endloop
  endfacet
  facet normal -1.000000e+000  0.000000e+000  -0.000000e+000
    outer loop
      vertex  5.250000e+001  1.400000e+000 -4.000000e+000
      vertex  5.250000e+001  1.800000e+000  1.500000e+000
      vertex  5.250000e+001  1.800000e+000 -3.600000e+000
    endloop
  endfacet
  facet normal -1.000000e+000  0.000000e+000  0.000000e+000
    outer loop
      vertex  5.250000e+001  5.000000e-001 -4.000000e-001
      vertex  5.250000e+001  1.000000e-001  2.220446e-016
      vertex  5.250000e+001  5.000000e-001  2.220446e-016
    endloop
  endfacet
  facet normal -1.000000e+000  0.000000e+000  0.000000e+000
    outer loop
      vertex  5.250000e+001  5.000000e-001 -4.000000e-001
      vertex  5.250000e+001  5.000000e-001  2.220446e-016
      vertex  5.250000e+001  1.800000e+000  1.500000e+000
    endloop
  endfacet
  facet normal -1.000000e+000  0.000000e+000  0.000000e+000
    outer loop
      vertex  5.250000e+001  5.000000e-001 -4.000000e-001
      vertex  5.250000e+001  1.800000e+000  1.500000e+000
      vertex  5.250000e+001  1.400000e+000 -4.000000e+000
    endloop
  endfacet
  facet normal -1.000000e+000  0.000000e+000  0.000000e+000
    outer loop
      vertex  5.250000e+001  5.000000e-001 -4.000000e-001
      vertex  5.250000e+001  1.400000e+000 -4.000000e+000
      vertex  5.250000e+001  5.000000e-001 -3.600000e+000
    endloop
  endfacet
  facet normal  0.000000e+000  1.000000e+000  0.000000e+000
    outer loop
      vertex  5.250000e+001  1.800000e+000 -3.600000e+000
      vertex  5.250000e+001  1.800000e+000  1.500000e+000
      vertex  6.250000e+001  1.800000e+000 -3.600000e+000
    endloop
  endfacet
  facet normal  0.000000e+000  1.000000e+000  -0.000000e+000
    outer loop
      vertex  6.250000e+001  1.800000e+000 -3.600000e+000
      vertex  5.250000e+001  1.800000e+000  1.500000e+000
      vertex  6.250000e+001  1.800000e+000  1.500000e+000
    endloop
  endfacet
  facet normal  1.000000e+000  0.000000e+000  0.000000e+000
    outer loop
      vertex  6.250000e+001  5.000000e-001 -4.000000e-001
      vertex  6.250000e+001  5.000000e-001  4.440892e-016
      vertex  6.250000e+001  1.000000e-001  4.440892e-016
    endloop
  endfacet
  facet normal  1.000000e+000  0.000000e+000  -0.000000e+000
    outer loop
      vertex  6.250000e+001  1.400000e+000 -4.000000e+000
      vertex  6.250000e+001  1.800000e+000 -3.600000e+000
      vertex  6.250000e+001  1.800000e+000  1.500000e+000
    endloop
  endfacet
  facet normal  1.000000e+000  0.000000e+000  0.000000e+000
    outer loop
      vertex  6.250000e+001  1.400000e+000 -4.000000e+000
      vertex  6.250000e+001  1.800000e+000  1.500000e+000
      vertex  6.250000e+001  5.000000e-001  1.500000e+000
    endloop
  endfacet
  facet normal  1.000000e+000  0.000000e+000  0.000000e+000
    outer loop
      vertex  6.250000e+001  1.400000e+000 -4.000000e+000
      vertex  6.250000e+001  5.000000e-001  1.500000e+000
      vertex  6.250000e+001  5.000000e-001  4.440892e-016
    endloop
  endfacet
  facet normal  1.000000e+000  0.000000e+000  0.000000e+000
    outer loop
      vertex  6.250000e+001  1.400000e+000 -4.000000e+000
      vertex  6.250000e+001  5.000000e-001  4.440892e-016
      vertex  6.250000e+001  5.000000e-001 -4.000000e-001
    endloop
  endfacet
  facet normal  1.000000e+000  0.000000e+000  0.000000e+000
    outer loop
      vertex  6.250000e+001  1.400000e+000 -4.000000e+000
      vertex  6.250000e+001  5.000000e-001 -4.000000e-001
      vertex  6.250000e+001  5.000000e-001 -3.600000e+000
    endloop
  endfacet
  facet normal  1.000000e+000  0.000000e+000  0.000000e+000
    outer loop
      vertex  6.250000e+001  1.400000e+000 -4.000000e+000
      vertex  6.250000e+001  5.000000e-001 -3.600000e+000
      vertex  6.250000e+001  1.000000e-001 -4.000000e+000
    endloop
  endfacet
  facet normal  0.000000e+000  7.071068e-001 -7.071066e-001
    outer loop
      vertex  5.250000e+001  1.800000e+000 -3.600000e+000
      vertex  6.250000e+001  1.800000e+000 -3.600000e+000
      vertex  5.250000e+001  1.400000e+000 -4.000000e+000
    endloop
  endfacet
  facet normal  0.000000e+000  7.071068e-001 -7.071066e-001
    outer loop
      vertex  5.250000e+001  1.400000e+000 -4.000000e+000
      vertex  6.250000e+001  1.800000e+000 -3.600000e+000
      vertex  6.250000e+001  1.400000e+000 -4.000000e+000
    endloop
  endfacet
  facet normal -1.000000e+000  0.000000e+000  0.000000e+000
    outer loop
      vertex  6.750000e+001  1.400000e+000 -4.000000e+000
      vertex  6.750000e+001  1.000000e-001 -4.000000e+000
      vertex  6.750000e+001  5.000000e-001 -3.600000e+000
    endloop
  endfacet
  facet normal -1.000000e+000  0.000000e+000  0.000000e+000
    outer loop
      vertex  6.750000e+001  1.800000e+000  1.500000e+000
      vertex  6.750000e+001  5.000000e-001  0.000000e+000
      vertex  6.750000e+001  5.000000e-001  1.500000e+000
    endloop
  endfacet
  facet normal -1.000000e+000  0.000000e+000  -0.000000e+000
    outer loop
      vertex  6.750000e+001  1.400000e+000 -4.000000e+000
      vertex  6.750000e+001  1.800000e+000  1.500000e+000
      vertex  6.750000e+001  1.800000e+000 -3.600000e+000
    endloop
  endfacet
  facet normal -1.000000e+000  0.000000e+000  0.000000e+000
    outer loop
      vertex  6.750000e+001  5.000000e-001 -4.000000e-001
      vertex  6.750000e+001  1.000000e-001  0.000000e+000
      vertex  6.750000e+001  5.000000e-001  0.000000e+000
    endloop
  endfacet
  facet normal -1.000000e+000  0.000000e+000  0.000000e+000
    outer loop
      vertex  6.750000e+001  5.000000e-001 -4.000000e-001
      vertex  6.750000e+001  5.000000e-001  0.000000e+000
      vertex  6.750000e+001  1.800000e+000  1.500000e+000
    endloop
  endfacet
  facet normal -1.000000e+000  0.000000e+000  0.000000e+000
    outer loop
      vertex  6.750000e+001  5.000000e-001 -4.000000e-001
      vertex  6.750000e+001  1.800000e+000  1.500000e+000
      vertex  6.750000e+001  1.400000e+000 -4.000000e+000
    endloop
  endfacet
  facet normal -1.000000e+000  0.000000e+000  0.000000e+000
    outer loop
      vertex  6.750000e+001  5.000000e-001 -4.000000e-001
      vertex  6.750000e+001  1.400000e+000 -4.000000e+000
      vertex  6.750000e+001  5.000000e-001 -3.600000e+000
    endloop
  endfacet
  facet normal  0.000000e+000  1.000000e+000  0.000000e+000
    outer loop
      vertex  6.750000e+001  1.800000e+000 -3.600000e+000
      vertex  6.750000e+001  1.800000e+000  1.500000e+000
      vertex  7.750000e+001  1.800000e+000 -3.600000e+000
    endloop
  endfacet
  facet normal  0.000000e+000  1.000000e+000  -0.000000e+000
    outer loop
      vertex  7.750000e+001  1.800000e+000 -3.600000e+000
      vertex  6.750000e+001  1.800000e+000  1.500000e+000
      vertex  7.750000e+001  1.800000e+000  1.500000e+000
    endloop
  endfacet
  facet normal  1.000000e+000  0.000000e+000  0.000000e+000
    outer loop
      vertex  7.750000e+001  5.000000e-001 -4.000000e-001
      vertex  7.750000e+001  5.000000e-001  0.000000e+000
      vertex  7.750000e+001  1.000000e-001  0.000000e+000
    endloop
  endfacet
  facet normal  1.000000e+000  0.000000e+000  -0.000000e+000
    outer loop
      vertex  7.750000e+001  1.400000e+000 -4.000000e+000
      vertex  7.750000e+001  1.800000e+000 -3.600000e+000
      vertex  7.750000e+001  1.800000e+000  1.500000e+000
    endloop
  endfacet
  facet normal  1.000000e+000  0.000000e+000  0.000000e+000
    outer loop
      vertex  7.750000e+001  1.400000e+000 -4.000000e+000
      vertex  7.750000e+001  1.800000e+000  1.500000e+000
      vertex  7.750000e+001  5.000000e-001  1.500000e+000
    endloop
  endfacet
  facet normal  1.000000e+000  0.000000e+000  0.000000e+000
    outer loop
      vertex  7.750000e+001  1.400000e+000 -4.000000e+000
      vertex  7.750000e+001  5.000000e-001  1.500000e+000
      vertex  7.750000e+001  5.000000e-001  0.000000e+000
    endloop
  endfacet
  facet normal  1.000000e+000  0.000000e+000  0.000000e+000
    outer loop
      vertex  7.750000e+001  1.400000e+000 -4.000000e+000
      vertex  7.750000e+001  5.000000e-001  0.000000e+000
      vertex  7.750000e+001  5.000000e-001 -4.000000e-001
    endloop
  endfacet
  facet normal  1.000000e+000  0.000000e+000  0.000000e+000
    outer loop
      vertex  7.750000e+001  1.400000e+000 -4.000000e+000
      vertex  7.750000e+001  5.000000e-001 -4.000000e-001
      vertex  7.750000e+001  5.000000e-001 -3.600000e+000
    endloop
  endfacet
  facet normal  1.000000e+000  0.000000e+000  0.000000e+000
    outer loop
      vertex  7.750000e+001  1.400000e+000 -4.000000e+000
      vertex  7.750000e+001  5.000000e-001 -3.600000e+000
      vertex  7.750000e+001  1.000000e-001 -4.000000e+000
    endloop
  endfacet
  facet normal  0.000000e+000  7.071068e-001 -7.071066e-001
    outer loop
      vertex  6.750000e+001  1.800000e+000 -3.600000e+000
      vertex  7.750000e+001  1.800000e+000 -3.600000e+000
      vertex  6.750000e+001  1.400000e+000 -4.000000e+000
    endloop
  endfacet
  facet normal  0.000000e+000  7.071068e-001 -7.071066e-001
    outer loop
      vertex  6.750000e+001  1.400000e+000 -4.000000e+000
      vertex  7.750000e+001  1.800000e+000 -3.600000e+000
      vertex  7.750000e+001  1.400000e+000 -4.000000e+000
    endloop
  endfacet
  facet normal  -0.000000e+000  9.999999e-001  0.000000e+000
    outer loop
      vertex  9.050000e+001 -2.000000e+001  0.000000e+000
      vertex  9.050000e+001 -2.000000e+001  1.500000e+000
      vertex  9.180000e+001 -2.000000e+001  1.500000e+000
    endloop
  endfacet
  facet normal  0.000000e+000  1.000000e+000  0.000000e+000
    outer loop
      vertex  9.050000e+001 -2.000000e+001  0.000000e+000
      vertex  9.180000e+001 -2.000000e+001  1.500000e+000
      vertex  9.180000e+001 -2.000000e+001 -3.600000e+000
    endloop
  endfacet
  facet normal  0.000000e+000  1.000000e+000  0.000000e+000
    outer loop
      vertex  9.050000e+001 -2.000000e+001  0.000000e+000
      vertex  9.180000e+001 -2.000000e+001 -3.600000e+000
      vertex  9.050000e+001 -2.000000e+001 -4.000000e-001
    endloop
  endfacet
  facet normal  0.000000e+000  1.000000e+000  -0.000000e+000
    outer loop
      vertex  9.050000e+001 -2.000000e+001  0.000000e+000
      vertex  9.050000e+001 -2.000000e+001 -4.000000e-001
      vertex  9.010000e+001 -2.000000e+001  0.000000e+000
    endloop
  endfacet
  facet normal  0.000000e+000  1.000000e+000  0.000000e+000
    outer loop
      vertex  9.050000e+001 -2.000000e+001 -4.000000e-001
      vertex  9.180000e+001 -2.000000e+001 -3.600000e+000
      vertex  9.050000e+001 -2.000000e+001 -3.600000e+000
    endloop
  endfacet
  facet normal  -0.000000e+000  1.000000e+000  0.000000e+000
    outer loop
      vertex  9.050000e+001 -2.000000e+001 -3.600000e+000
      vertex  9.180000e+001 -2.000000e+001 -3.600000e+000
      vertex  9.140000e+001 -2.000000e+001 -4.000000e+000
    endloop
  endfacet
  facet normal  0.000000e+000  1.000000e+000  0.000000e+000
    outer loop
      vertex  9.050000e+001 -2.000000e+001 -3.600000e+000
      vertex  9.140000e+001 -2.000000e+001 -4.000000e+000
      vertex  9.010000e+001 -2.000000e+001 -4.000000e+000
    endloop
  endfacet
  facet normal  1.000000e+000  0.000000e+000  0.000000e+000
    outer loop
      vertex  9.180000e+001 -3.250000e+001 -3.600000e+000
      vertex  9.180000e+001 -2.000000e+001 -3.600000e+000
      vertex  9.180000e+001 -3.250000e+001  1.500000e+000
    endloop
  endfacet
  facet normal  1.000000e+000  -0.000000e+000  0.000000e+000
    outer loop
      vertex  9.180000e+001 -3.250000e+001  1.500000e+000
      vertex  9.180000e+001 -2.000000e+001 -3.600000e+000
      vertex  9.180000e+001 -2.000000e+001  1.500000e+000
    endloop
  endfacet
  facet normal  0.000000e+000 -9.999999e-001  0.000000e+000
    outer loop
      vertex  9.050000e+001 -3.250000e+001  1.500000e+000
      vertex  9.050000e+001 -3.250000e+001  0.000000e+000
      vertex  9.180000e+001 -3.250000e+001  1.500000e+000
    endloop
  endfacet
  facet normal  0.000000e+000 -1.000000e+000  0.000000e+000
    outer loop
      vertex  9.050000e+001 -3.250000e+001 -4.000000e-001
      vertex  9.050000e+001 -3.250000e+001 -3.600000e+000
      vertex  9.180000e+001 -3.250000e+001 -3.600000e+000
    endloop
  endfacet
  facet normal  0.000000e+000 -1.000000e+000  0.000000e+000
    outer loop
      vertex  9.050000e+001 -3.250000e+001 -4.000000e-001
      vertex  9.180000e+001 -3.250000e+001 -3.600000e+000
      vertex  9.180000e+001 -3.250000e+001  1.500000e+000
    endloop
  endfacet
  facet normal  0.000000e+000 -1.000000e+000  0.000000e+000
    outer loop
      vertex  9.050000e+001 -3.250000e+001 -4.000000e-001
      vertex  9.180000e+001 -3.250000e+001  1.500000e+000
      vertex  9.050000e+001 -3.250000e+001  0.000000e+000
    endloop
  endfacet
  facet normal  -0.000000e+000 -1.000000e+000  -0.000000e+000
    outer loop
      vertex  9.050000e+001 -3.250000e+001 -4.000000e-001
      vertex  9.050000e+001 -3.250000e+001  0.000000e+000
      vertex  9.010000e+001 -3.250000e+001  0.000000e+000
    endloop
  endfacet
  facet normal  0.000000e+000 -1.000000e+000  0.000000e+000
    outer loop
      vertex  9.140000e+001 -3.250000e+001 -4.000000e+000
      vertex  9.180000e+001 -3.250000e+001 -3.600000e+000
      vertex  9.010000e+001 -3.250000e+001 -4.000000e+000
    endloop
  endfacet
  facet normal  0.000000e+000 -1.000000e+000  0.000000e+000
    outer loop
      vertex  9.010000e+001 -3.250000e+001 -4.000000e+000
      vertex  9.180000e+001 -3.250000e+001 -3.600000e+000
      vertex  9.050000e+001 -3.250000e+001 -3.600000e+000
    endloop
  endfacet
  facet normal  7.071055e-001  0.000000e+000 -7.071081e-001
    outer loop
      vertex  9.180000e+001 -3.250000e+001 -3.600000e+000
      vertex  9.140000e+001 -3.250000e+001 -4.000000e+000
      vertex  9.180000e+001 -2.000000e+001 -3.600000e+000
    endloop
  endfacet
  facet normal  7.071055e-001  0.000000e+000 -7.071081e-001
    outer loop
      vertex  9.180000e+001 -2.000000e+001 -3.600000e+000
      vertex  9.140000e+001 -3.250000e+001 -4.000000e+000
      vertex  9.140000e+001 -2.000000e+001 -4.000000e+000
    endloop
  endfacet
  facet normal  0.000000e+000  9.999999e-001  0.000000e+000
    outer loop
      vertex  9.180000e+001 -3.750000e+001  1.500000e+000
      vertex  9.050000e+001 -3.750000e+001  0.000000e+000
      vertex  9.050000e+001 -3.750000e+001  1.500000e+000
    endloop
  endfacet
  facet normal  -0.000000e+000  1.000000e+000  0.000000e+000
    outer loop
      vertex  9.050000e+001 -3.750000e+001 -4.000000e-001
      vertex  9.010000e+001 -3.750000e+001  0.000000e+000
      vertex  9.050000e+001 -3.750000e+001  0.000000e+000
    endloop
  endfacet
  facet normal  -0.000000e+000  1.000000e+000  0.000000e+000
    outer loop
      vertex  9.050000e+001 -3.750000e+001 -4.000000e-001
      vertex  9.050000e+001 -3.750000e+001  0.000000e+000
      vertex  9.180000e+001 -3.750000e+001  1.500000e+000
    endloop
  endfacet
  facet normal  0.000000e+000  1.000000e+000  0.000000e+000
    outer loop
      vertex  9.050000e+001 -3.750000e+001 -4.000000e-001
      vertex  9.180000e+001 -3.750000e+001  1.500000e+000
      vertex  9.180000e+001 -3.750000e+001 -3.600000e+000
    endloop
  endfacet
  facet normal  0.000000e+000  1.000000e+000  0.000000e+000
    outer loop
      vertex  9.050000e+001 -3.750000e+001 -4.000000e-001
      vertex  9.180000e+001 -3.750000e+001 -3.600000e+000
      vertex  9.050000e+001 -3.750000e+001 -3.600000e+000
    endloop
  endfacet
  facet normal  0.000000e+000  1.000000e+000  0.000000e+000
    outer loop
      vertex  9.140000e+001 -3.750000e+001 -4.000000e+000
      vertex  9.010000e+001 -3.750000e+001 -4.000000e+000
      vertex  9.180000e+001 -3.750000e+001 -3.600000e+000
    endloop
  endfacet
  facet normal  0.000000e+000  1.000000e+000  0.000000e+000
    outer loop
      vertex  9.180000e+001 -3.750000e+001 -3.600000e+000
      vertex  9.010000e+001 -3.750000e+001 -4.000000e+000
      vertex  9.050000e+001 -3.750000e+001 -3.600000e+000
    endloop
  endfacet
  facet normal  1.000000e+000  0.000000e+000  0.000000e+000
    outer loop
      vertex  9.180000e+001 -5.000000e+001 -3.600000e+000
      vertex  9.180000e+001 -3.750000e+001 -3.600000e+000
      vertex  9.180000e+001 -5.000000e+001  1.500000e+000
    endloop
  endfacet
  facet normal  1.000000e+000  -0.000000e+000  0.000000e+000
    outer loop
      vertex  9.180000e+001 -5.000000e+001  1.500000e+000
      vertex  9.180000e+001 -3.750000e+001 -3.600000e+000
      vertex  9.180000e+001 -3.750000e+001  1.500000e+000
    endloop
  endfacet
  facet normal  0.000000e+000 -1.000000e+000  0.000000e+000
    outer loop
      vertex  9.050000e+001 -5.000000e+001  0.000000e+000
      vertex  9.010000e+001 -5.000000e+001  0.000000e+000
      vertex  9.050000e+001 -5.000000e+001 -4.000000e-001
    endloop
  endfacet
  facet normal  0.000000e+000 -1.000000e+000  0.000000e+000
    outer loop
      vertex  9.050000e+001 -5.000000e+001  0.000000e+000
      vertex  9.050000e+001 -5.000000e+001 -4.000000e-001
      vertex  9.180000e+001 -5.000000e+001 -3.600000e+000
    endloop
  endfacet
  facet normal  0.000000e+000 -1.000000e+000  0.000000e+000
    outer loop
      vertex  9.050000e+001 -5.000000e+001  0.000000e+000
      vertex  9.180000e+001 -5.000000e+001 -3.600000e+000
      vertex  9.180000e+001 -5.000000e+001  1.500000e+000
    endloop
  endfacet
  facet normal  -0.000000e+000 -9.999999e-001  0.000000e+000
    outer loop
      vertex  9.050000e+001 -5.000000e+001  0.000000e+000
      vertex  9.180000e+001 -5.000000e+001  1.500000e+000
      vertex  9.050000e+001 -5.000000e+001  1.500000e+000
    endloop
  endfacet
  facet normal  0.000000e+000 -1.000000e+000  0.000000e+000
    outer loop
      vertex  9.010000e+001 -5.000000e+001 -4.000000e+000
      vertex  9.140000e+001 -5.000000e+001 -4.000000e+000
      vertex  9.050000e+001 -5.000000e+001 -3.600000e+000
    endloop
  endfacet
  facet normal  0.000000e+000 -1.000000e+000  0.000000e+000
    outer loop
      vertex  9.050000e+001 -5.000000e+001 -3.600000e+000
      vertex  9.140000e+001 -5.000000e+001 -4.000000e+000
      vertex  9.180000e+001 -5.000000e+001 -3.600000e+000
    endloop
  endfacet
  facet normal  0.000000e+000 -1.000000e+000  0.000000e+000
    outer loop
      vertex  9.050000e+001 -5.000000e+001 -3.600000e+000
      vertex  9.180000e+001 -5.000000e+001 -3.600000e+000
      vertex  9.050000e+001 -5.000000e+001 -4.000000e-001
    endloop
  endfacet
  facet normal  7.071055e-001  0.000000e+000 -7.071081e-001
    outer loop
      vertex  9.180000e+001 -5.000000e+001 -3.600000e+000
      vertex  9.140000e+001 -5.000000e+001 -4.000000e+000
      vertex  9.180000e+001 -3.750000e+001 -3.600000e+000
    endloop
  endfacet
  facet normal  7.071055e-001  0.000000e+000 -7.071081e-001
    outer loop
      vertex  9.180000e+001 -3.750000e+001 -3.600000e+000
      vertex  9.140000e+001 -5.000000e+001 -4.000000e+000
      vertex  9.140000e+001 -3.750000e+001 -4.000000e+000
    endloop
  endfacet
  facet normal  1.000000e+000  0.000000e+000  0.000000e+000
    outer loop
      vertex  7.750000e+001 -7.050000e+001  0.000000e+000
      vertex  7.750000e+001 -7.050000e+001 -4.000000e-001
      vertex  7.750000e+001 -7.010000e+001  0.000000e+000
    endloop
  endfacet
  facet normal  1.000000e+000  0.000000e+000  0.000000e+000
    outer loop
      vertex  7.750000e+001 -7.140000e+001 -4.000000e+000
      vertex  7.750000e+001 -7.010000e+001 -4.000000e+000
      vertex  7.750000e+001 -7.050000e+001 -3.600000e+000
    endloop
  endfacet
  facet normal  1.000000e+000  0.000000e+000  -0.000000e+000
    outer loop
      vertex  7.750000e+001 -7.140000e+001 -4.000000e+000
      vertex  7.750000e+001 -7.050000e+001 -3.600000e+000
      vertex  7.750000e+001 -7.050000e+001 -4.000000e-001
    endloop
  endfacet
  facet normal  1.000000e+000  0.000000e+000  -0.000000e+000
    outer loop
      vertex  7.750000e+001 -7.140000e+001 -4.000000e+000
      vertex  7.750000e+001 -7.050000e+001 -4.000000e-001
      vertex  7.750000e+001 -7.050000e+001  0.000000e+000
    endloop
  endfacet
  facet normal  1.000000e+000  0.000000e+000  -0.000000e+000
    outer loop
      vertex  7.750000e+001 -7.140000e+001 -4.000000e+000
      vertex  7.750000e+001 -7.050000e+001  0.000000e+000
      vertex  7.750000e+001 -7.050000e+001  1.500000e+000
    endloop
  endfacet
  facet normal  1.000000e+000  0.000000e+000  0.000000e+000
    outer loop
      vertex  7.750000e+001 -7.140000e+001 -4.000000e+000
      vertex  7.750000e+001 -7.050000e+001  1.500000e+000
      vertex  7.750000e+001 -7.180000e+001  1.500000e+000
    endloop
  endfacet
  facet normal  1.000000e+000  0.000000e+000  0.000000e+000
    outer loop
      vertex  7.750000e+001 -7.140000e+001 -4.000000e+000
      vertex  7.750000e+001 -7.180000e+001  1.500000e+000
      vertex  7.750000e+001 -7.180000e+001 -3.600000e+000
    endloop
  endfacet
  facet normal  0.000000e+000 -1.000000e+000  0.000000e+000
    outer loop
      vertex  6.750000e+001 -7.180000e+001 -3.600000e+000
      vertex  7.750000e+001 -7.180000e+001 -3.600000e+000
      vertex  6.750000e+001 -7.180000e+001  1.500000e+000
    endloop
  endfacet
  facet normal  0.000000e+000 -1.000000e+000  0.000000e+000
    outer loop
      vertex  6.750000e+001 -7.180000e+001  1.500000e+000
      vertex  7.750000e+001 -7.180000e+001 -3.600000e+000
      vertex  7.750000e+001 -7.180000e+001  1.500000e+000
    endloop
  endfacet
  facet normal -1.000000e+000  0.000000e+000  0.000000e+000
    outer loop
      vertex  6.750000e+001 -7.050000e+001 -4.000000e-001
      vertex  6.750000e+001 -7.050000e+001  0.000000e+000
      vertex  6.750000e+001 -7.010000e+001  0.000000e+000
    endloop
  endfacet
  facet normal -1.000000e+000  0.000000e+000  0.000000e+000
    outer loop
      vertex  6.750000e+001 -7.140000e+001 -4.000000e+000
      vertex  6.750000e+001 -7.180000e+001 -3.600000e+000
      vertex  6.750000e+001 -7.180000e+001  1.500000e+000
    endloop
  endfacet
  facet normal -1.000000e+000  0.000000e+000  0.000000e+000
    outer loop
      vertex  6.750000e+001 -7.140000e+001 -4.000000e+000
      vertex  6.750000e+001 -7.180000e+001  1.500000e+000
      vertex  6.750000e+001 -7.050000e+001  1.500000e+000
    endloop
  endfacet
  facet normal -1.000000e+000  0.000000e+000  -0.000000e+000
    outer loop
      vertex  6.750000e+001 -7.140000e+001 -4.000000e+000
      vertex  6.750000e+001 -7.050000e+001  1.500000e+000
      vertex  6.750000e+001 -7.050000e+001  0.000000e+000
    endloop
  endfacet
  facet normal -1.000000e+000  0.000000e+000  -0.000000e+000
    outer loop
      vertex  6.750000e+001 -7.140000e+001 -4.000000e+000
      vertex  6.750000e+001 -7.050000e+001  0.000000e+000
      vertex  6.750000e+001 -7.050000e+001 -4.000000e-001
    endloop
  endfacet
  facet normal -1.000000e+000  0.000000e+000  -0.000000e+000
    outer loop
      vertex  6.750000e+001 -7.140000e+001 -4.000000e+000
      vertex  6.750000e+001 -7.050000e+001 -4.000000e-001
      vertex  6.750000e+001 -7.050000e+001 -3.600000e+000
    endloop
  endfacet
  facet normal -1.000000e+000  0.000000e+000  -0.000000e+000
    outer loop
      vertex  6.750000e+001 -7.140000e+001 -4.000000e+000
      vertex  6.750000e+001 -7.050000e+001 -3.600000e+000
      vertex  6.750000e+001 -7.010000e+001 -4.000000e+000
    endloop
  endfacet
  facet normal  0.000000e+000 -7.071055e-001 -7.071080e-001
    outer loop
      vertex  6.750000e+001 -7.180000e+001 -3.600000e+000
      vertex  6.750000e+001 -7.140000e+001 -4.000000e+000
      vertex  7.750000e+001 -7.180000e+001 -3.600000e+000
    endloop
  endfacet
  facet normal  0.000000e+000 -7.071055e-001 -7.071080e-001
    outer loop
      vertex  7.750000e+001 -7.180000e+001 -3.600000e+000
      vertex  6.750000e+001 -7.140000e+001 -4.000000e+000
      vertex  7.750000e+001 -7.140000e+001 -4.000000e+000
    endloop
  endfacet
  facet normal  1.000000e+000  0.000000e+000  0.000000e+000
    outer loop
      vertex  6.250000e+001 -7.050000e+001  0.000000e+000
      vertex  6.250000e+001 -7.050000e+001 -4.000000e-001
      vertex  6.250000e+001 -7.010000e+001  0.000000e+000
    endloop
  endfacet
  facet normal  1.000000e+000  0.000000e+000  0.000000e+000
    outer loop
      vertex  6.250000e+001 -7.140000e+001 -4.000000e+000
      vertex  6.250000e+001 -7.010000e+001 -4.000000e+000
      vertex  6.250000e+001 -7.050000e+001 -3.600000e+000
    endloop
  endfacet
  facet normal  1.000000e+000  0.000000e+000  -0.000000e+000
    outer loop
      vertex  6.250000e+001 -7.140000e+001 -4.000000e+000
      vertex  6.250000e+001 -7.050000e+001 -3.600000e+000
      vertex  6.250000e+001 -7.050000e+001 -4.000000e-001
    endloop
  endfacet
  facet normal  1.000000e+000  0.000000e+000  -0.000000e+000
    outer loop
      vertex  6.250000e+001 -7.140000e+001 -4.000000e+000
      vertex  6.250000e+001 -7.050000e+001 -4.000000e-001
      vertex  6.250000e+001 -7.050000e+001  0.000000e+000
    endloop
  endfacet
  facet normal  1.000000e+000  0.000000e+000  -0.000000e+000
    outer loop
      vertex  6.250000e+001 -7.140000e+001 -4.000000e+000
      vertex  6.250000e+001 -7.050000e+001  0.000000e+000
      vertex  6.250000e+001 -7.050000e+001  1.500000e+000
    endloop
  endfacet
  facet normal  1.000000e+000  0.000000e+000  0.000000e+000
    outer loop
      vertex  6.250000e+001 -7.140000e+001 -4.000000e+000
      vertex  6.250000e+001 -7.050000e+001  1.500000e+000
      vertex  6.250000e+001 -7.180000e+001  1.500000e+000
    endloop
  endfacet
  facet normal  1.000000e+000  0.000000e+000  0.000000e+000
    outer loop
      vertex  6.250000e+001 -7.140000e+001 -4.000000e+000
      vertex  6.250000e+001 -7.180000e+001  1.500000e+000
      vertex  6.250000e+001 -7.180000e+001 -3.600000e+000
    endloop
  endfacet
  facet normal  0.000000e+000 -1.000000e+000  0.000000e+000
    outer loop
      vertex  5.250000e+001 -7.180000e+001 -3.600000e+000
      vertex  6.250000e+001 -7.180000e+001 -3.600000e+000
      vertex  5.250000e+001 -7.180000e+001  1.500000e+000
    endloop
  endfacet
  facet normal  0.000000e+000 -1.000000e+000  0.000000e+000
    outer loop
      vertex  5.250000e+001 -7.180000e+001  1.500000e+000
      vertex  6.250000e+001 -7.180000e+001 -3.600000e+000
      vertex  6.250000e+001 -7.180000e+001  1.500000e+000
    endloop
  endfacet
  facet normal -1.000000e+000  0.000000e+000  0.000000e+000
    outer loop
      vertex  5.250000e+001 -7.050000e+001 -4.000000e-001
      vertex  5.250000e+001 -7.050000e+001  0.000000e+000
      vertex  5.250000e+001 -7.010000e+001  0.000000e+000
    endloop
  endfacet
  facet normal -1.000000e+000  0.000000e+000  0.000000e+000
    outer loop
      vertex  5.250000e+001 -7.140000e+001 -4.000000e+000
      vertex  5.250000e+001 -7.180000e+001 -3.600000e+000
      vertex  5.250000e+001 -7.180000e+001  1.500000e+000
    endloop
  endfacet
  facet normal -1.000000e+000  0.000000e+000  0.000000e+000
    outer loop
      vertex  5.250000e+001 -7.140000e+001 -4.000000e+000
      vertex  5.250000e+001 -7.180000e+001  1.500000e+000
      vertex  5.250000e+001 -7.050000e+001  1.500000e+000
    endloop
  endfacet
  facet normal -1.000000e+000  0.000000e+000  -0.000000e+000
    outer loop
      vertex  5.250000e+001 -7.140000e+001 -4.000000e+000
      vertex  5.250000e+001 -7.050000e+001  1.500000e+000
      vertex  5.250000e+001 -7.050000e+001  0.000000e+000
    endloop
  endfacet
  facet normal -1.000000e+000  0.000000e+000  -0.000000e+000
    outer loop
      vertex  5.250000e+001 -7.140000e+001 -4.000000e+000
      vertex  5.250000e+001 -7.050000e+001  0.000000e+000
      vertex  5.250000e+001 -7.050000e+001 -4.000000e-001
    endloop
  endfacet
  facet normal -1.000000e+000  0.000000e+000  -0.000000e+000
    outer loop
      vertex  5.250000e+001 -7.140000e+001 -4.000000e+000
      vertex  5.250000e+001 -7.050000e+001 -4.000000e-001
      vertex  5.250000e+001 -7.050000e+001 -3.600000e+000
    endloop
  endfacet
  facet normal -1.000000e+000  0.000000e+000  -0.000000e+000
    outer loop
      vertex  5.250000e+001 -7.140000e+001 -4.000000e+000
      vertex  5.250000e+001 -7.050000e+001 -3.600000e+000
      vertex  5.250000e+001 -7.010000e+001 -4.000000e+000
    endloop
  endfacet
  facet normal  0.000000e+000 -7.071055e-001 -7.071080e-001
    outer loop
      vertex  5.250000e+001 -7.180000e+001 -3.600000e+000
      vertex  5.250000e+001 -7.140000e+001 -4.000000e+000
      vertex  6.250000e+001 -7.180000e+001 -3.600000e+000
    endloop
  endfacet
  facet normal  0.000000e+000 -7.071055e-001 -7.071080e-001
    outer loop
      vertex  6.250000e+001 -7.180000e+001 -3.600000e+000
      vertex  5.250000e+001 -7.140000e+001 -4.000000e+000
      vertex  6.250000e+001 -7.140000e+001 -4.000000e+000
    endloop
  endfacet
  facet normal  1.000000e+000  0.000000e+000  0.000000e+000
    outer loop
      vertex  4.750000e+001 -7.050000e+001 -4.000000e+000
      vertex  4.750000e+001 -7.050000e+001 -3.600000e+000
      vertex  4.750000e+001 -7.140000e+001 -4.000000e+000
    endloop
  endfacet
  facet normal  9.999999e-001  0.000000e+000  0.000000e+000
    outer loop
      vertex  4.750000e+001 -7.050000e+001 -4.000000e+000
      vertex  4.750000e+001 -7.010000e+001 -4.000000e+000
      vertex  4.750000e+001 -7.050000e+001 -3.600000e+000
    endloop
  endfacet
  facet normal  1.000000e+000  0.000000e+000  0.000000e+000
    outer loop
      vertex  4.750000e+001 -7.050000e+001 -4.000000e-001
      vertex  4.750000e+001 -7.010000e+001  0.000000e+000
      vertex  4.750000e+001 -7.050000e+001  0.000000e+000
    endloop
  endfacet
  facet normal  1.000000e+000  0.000000e+000  0.000000e+000
    outer loop
      vertex  4.750000e+001 -7.050000e+001 -4.000000e-001
      vertex  4.750000e+001 -7.050000e+001  0.000000e+000
      vertex  4.750000e+001 -7.140000e+001 -4.000000e+000
    endloop
  endfacet
  facet normal  1.000000e+000  0.000000e+000  0.000000e+000
    outer loop
      vertex  4.750000e+001 -7.050000e+001 -4.000000e-001
      vertex  4.750000e+001 -7.140000e+001 -4.000000e+000
      vertex  4.750000e+001 -7.050000e+001 -3.600000e+000
    endloop
  endfacet
  facet normal  1.000000e+000  0.000000e+000  0.000000e+000
    outer loop
      vertex  4.750000e+001 -7.180000e+001  1.500000e+000
      vertex  4.750000e+001 -7.180000e+001 -3.600000e+000
      vertex  4.750000e+001 -7.050000e+001  1.500000e+000
    endloop
  endfacet
  facet normal  1.000000e+000  0.000000e+000  0.000000e+000
    outer loop
      vertex  4.750000e+001 -7.050000e+001  1.500000e+000
      vertex  4.750000e+001 -7.180000e+001 -3.600000e+000
      vertex  4.750000e+001 -7.140000e+001 -4.000000e+000
    endloop
  endfacet
  facet normal  1.000000e+000  0.000000e+000  0.000000e+000
    outer loop
      vertex  4.750000e+001 -7.050000e+001  1.500000e+000
      vertex  4.750000e+001 -7.140000e+001 -4.000000e+000
      vertex  4.750000e+001 -7.050000e+001  0.000000e+000
    endloop
  endfacet
  facet normal  0.000000e+000 -1.000000e+000  0.000000e+000
    outer loop
      vertex  3.750000e+001 -7.180000e+001 -3.600000e+000
      vertex  4.750000e+001 -7.180000e+001 -3.600000e+000
      vertex  3.750000e+001 -7.180000e+001  1.500000e+000
    endloop
  endfacet
  facet normal  0.000000e+000 -1.000000e+000  0.000000e+000
    outer loop
      vertex  3.750000e+001 -7.180000e+001  1.500000e+000
      vertex  4.750000e+001 -7.180000e+001 -3.600000e+000
      vertex  4.750000e+001 -7.180000e+001  1.500000e+000
    endloop
  endfacet
  facet normal -1.000000e+000  0.000000e+000  0.000000e+000
    outer loop
      vertex  3.750000e+001 -7.050000e+001 -4.000000e-001
      vertex  3.750000e+001 -7.050000e+001  0.000000e+000
      vertex  3.750000e+001 -7.010000e+001  0.000000e+000
    endloop
  endfacet
  facet normal -1.000000e+000  0.000000e+000  0.000000e+000
    outer loop
      vertex  3.750000e+001 -7.140000e+001 -4.000000e+000
      vertex  3.750000e+001 -7.180000e+001 -3.600000e+000
      vertex  3.750000e+001 -7.180000e+001  1.500000e+000
    endloop
  endfacet
  facet normal -1.000000e+000  0.000000e+000  0.000000e+000
    outer loop
      vertex  3.750000e+001 -7.140000e+001 -4.000000e+000
      vertex  3.750000e+001 -7.180000e+001  1.500000e+000
      vertex  3.750000e+001 -7.050000e+001  1.500000e+000
    endloop
  endfacet
  facet normal -1.000000e+000  0.000000e+000  -0.000000e+000
    outer loop
      vertex  3.750000e+001 -7.140000e+001 -4.000000e+000
      vertex  3.750000e+001 -7.050000e+001  1.500000e+000
      vertex  3.750000e+001 -7.050000e+001  0.000000e+000
    endloop
  endfacet
  facet normal -1.000000e+000  0.000000e+000  -0.000000e+000
    outer loop
      vertex  3.750000e+001 -7.140000e+001 -4.000000e+000
      vertex  3.750000e+001 -7.050000e+001  0.000000e+000
      vertex  3.750000e+001 -7.050000e+001 -4.000000e-001
    endloop
  endfacet
  facet normal -1.000000e+000  0.000000e+000  -0.000000e+000
    outer loop
      vertex  3.750000e+001 -7.140000e+001 -4.000000e+000
      vertex  3.750000e+001 -7.050000e+001 -4.000000e-001
      vertex  3.750000e+001 -7.050000e+001 -3.600000e+000
    endloop
  endfacet
  facet normal -1.000000e+000  0.000000e+000  -0.000000e+000
    outer loop
      vertex  3.750000e+001 -7.140000e+001 -4.000000e+000
      vertex  3.750000e+001 -7.050000e+001 -3.600000e+000
      vertex  3.750000e+001 -7.010000e+001 -4.000000e+000
    endloop
  endfacet
  facet normal  0.000000e+000 -7.071055e-001 -7.071080e-001
    outer loop
      vertex  3.750000e+001 -7.180000e+001 -3.600000e+000
      vertex  3.750000e+001 -7.140000e+001 -4.000000e+000
      vertex  4.750000e+001 -7.180000e+001 -3.600000e+000
    endloop
  endfacet
  facet normal  0.000000e+000 -7.071055e-001 -7.071080e-001
    outer loop
      vertex  4.750000e+001 -7.180000e+001 -3.600000e+000
      vertex  3.750000e+001 -7.140000e+001 -4.000000e+000
      vertex  4.750000e+001 -7.140000e+001 -4.000000e+000
    endloop
  endfacet
  facet normal  0.000000e+000  1.000000e+000  0.000000e+000
    outer loop
      vertex -5.000000e-001 -5.035000e+001  0.000000e+000
      vertex -1.000000e-001 -5.035000e+001  0.000000e+000
      vertex -5.000000e-001 -5.035000e+001 -4.000000e-001
    endloop
  endfacet
  facet normal  0.000000e+000  1.000000e+000  -0.000000e+000
    outer loop
      vertex -5.000000e-001 -5.035000e+001  0.000000e+000
      vertex -5.000000e-001 -5.035000e+001 -4.000000e-001
      vertex -1.800000e+000 -5.035000e+001 -3.600000e+000
    endloop
  endfacet
  facet normal  0.000000e+000  1.000000e+000  0.000000e+000
    outer loop
      vertex -5.000000e-001 -5.035000e+001  0.000000e+000
      vertex -1.800000e+000 -5.035000e+001 -3.600000e+000
      vertex -1.800000e+000 -5.035000e+001  1.500000e+000
    endloop
  endfacet
  facet normal  -0.000000e+000  1.000000e+000  0.000000e+000
    outer loop
      vertex -5.000000e-001 -5.035000e+001  0.000000e+000
      vertex -1.800000e+000 -5.035000e+001  1.500000e+000
      vertex -5.000000e-001 -5.035000e+001  1.500000e+000
    endloop
  endfacet
  facet normal  0.000000e+000  1.000000e+000  0.000000e+000
    outer loop
      vertex -1.000000e-001 -5.035000e+001 -4.000000e+000
      vertex -1.400000e+000 -5.035000e+001 -4.000000e+000
      vertex -5.000000e-001 -5.035000e+001 -3.600000e+000
    endloop
  endfacet
  facet normal  0.000000e+000  1.000000e+000  0.000000e+000
    outer loop
      vertex -5.000000e-001 -5.035000e+001 -3.600000e+000
      vertex -1.400000e+000 -5.035000e+001 -4.000000e+000
      vertex -1.800000e+000 -5.035000e+001 -3.600000e+000
    endloop
  endfacet
  facet normal  0.000000e+000  1.000000e+000  0.000000e+000
    outer loop
      vertex -5.000000e-001 -5.035000e+001 -3.600000e+000
      vertex -1.800000e+000 -5.035000e+001 -3.600000e+000
      vertex -5.000000e-001 -5.035000e+001 -4.000000e-001
    endloop
  endfacet
  facet normal -1.000000e+000  0.000000e+000  0.000000e+000
    outer loop
      vertex -1.800000e+000 -5.035000e+001 -3.600000e+000
      vertex -1.800000e+000 -5.965000e+001 -3.600000e+000
      vertex -1.800000e+000 -5.035000e+001  1.500000e+000
    endloop
  endfacet
  facet normal -1.000000e+000  -0.000000e+000  0.000000e+000
    outer loop
      vertex -1.800000e+000 -5.035000e+001  1.500000e+000
      vertex -1.800000e+000 -5.965000e+001 -3.600000e+000
      vertex -1.800000e+000 -5.965000e+001  1.500000e+000
    endloop
  endfacet
  facet normal  0.000000e+000 -1.000000e+000  0.000000e+000
    outer loop
      vertex -1.800000e+000 -5.965000e+001  1.500000e+000
      vertex -5.000000e-001 -5.965000e+001  0.000000e+000
      vertex -5.000000e-001 -5.965000e+001  1.500000e+000
    endloop
  endfacet
  facet normal  -0.000000e+000 -1.000000e+000  0.000000e+000
    outer loop
      vertex -5.000000e-001 -5.965000e+001 -4.000000e-001
      vertex -1.000000e-001 -5.965000e+001  0.000000e+000
      vertex -5.000000e-001 -5.965000e+001  0.000000e+000
    endloop
  endfacet
  facet normal  -0.000000e+000 -1.000000e+000  -0.000000e+000
    outer loop
      vertex -5.000000e-001 -5.965000e+001 -4.000000e-001
      vertex -5.000000e-001 -5.965000e+001  0.000000e+000
      vertex -1.800000e+000 -5.965000e+001  1.500000e+000
    endloop
  endfacet
  facet normal  0.000000e+000 -1.000000e+000  0.000000e+000
    outer loop
      vertex -5.000000e-001 -5.965000e+001 -4.000000e-001
      vertex -1.800000e+000 -5.965000e+001  1.500000e+000
      vertex -1.800000e+000 -5.965000e+001 -3.600000e+000
    endloop
  endfacet
  facet normal  0.000000e+000 -1.000000e+000  0.000000e+000
    outer loop
      vertex -5.000000e-001 -5.965000e+001 -4.000000e-001
      vertex -1.800000e+000 -5.965000e+001 -3.600000e+000
      vertex -5.000000e-001 -5.965000e+001 -3.600000e+000
    endloop
  endfacet
  facet normal  0.000000e+000 -1.000000e+000  0.000000e+000
    outer loop
      vertex -1.400000e+000 -5.965000e+001 -4.000000e+000
      vertex -1.000000e-001 -5.965000e+001 -4.000000e+000
      vertex -1.800000e+000 -5.965000e+001 -3.600000e+000
    endloop
  endfacet
  facet normal  0.000000e+000 -1.000000e+000  0.000000e+000
    outer loop
      vertex -1.800000e+000 -5.965000e+001 -3.600000e+000
      vertex -1.000000e-001 -5.965000e+001 -4.000000e+000
      vertex -5.000000e-001 -5.965000e+001 -3.600000e+000
    endloop
  endfacet
  facet normal -7.071069e-001  0.000000e+000 -7.071066e-001
    outer loop
      vertex -1.800000e+000 -5.035000e+001 -3.600000e+000
      vertex -1.400000e+000 -5.035000e+001 -4.000000e+000
      vertex -1.800000e+000 -5.965000e+001 -3.600000e+000
    endloop
  endfacet
  facet normal -7.071069e-001  0.000000e+000 -7.071066e-001
    outer loop
      vertex -1.800000e+000 -5.965000e+001 -3.600000e+000
      vertex -1.400000e+000 -5.035000e+001 -4.000000e+000
      vertex -1.400000e+000 -5.965000e+001 -4.000000e+000
    endloop
  endfacet
  facet normal  0.000000e+000 -1.000000e+000  0.000000e+000
    outer loop
      vertex -1.800000e+000 -4.490000e+001  1.500000e+000
      vertex -5.000000e-001 -4.490000e+001  0.000000e+000
      vertex -5.000000e-001 -4.490000e+001  1.500000e+000
    endloop
  endfacet
  facet normal  -0.000000e+000 -1.000000e+000  0.000000e+000
    outer loop
      vertex -5.000000e-001 -4.490000e+001 -4.000000e-001
      vertex -1.000000e-001 -4.490000e+001  0.000000e+000
      vertex -5.000000e-001 -4.490000e+001  0.000000e+000
    endloop
  endfacet
  facet normal  -0.000000e+000 -1.000000e+000  -0.000000e+000
    outer loop
      vertex -5.000000e-001 -4.490000e+001 -4.000000e-001
      vertex -5.000000e-001 -4.490000e+001  0.000000e+000
      vertex -1.800000e+000 -4.490000e+001  1.500000e+000
    endloop
  endfacet
  facet normal  0.000000e+000 -1.000000e+000  0.000000e+000
    outer loop
      vertex -5.000000e-001 -4.490000e+001 -4.000000e-001
      vertex -1.800000e+000 -4.490000e+001  1.500000e+000
      vertex -1.800000e+000 -4.490000e+001 -3.600000e+000
    endloop
  endfacet
  facet normal  0.000000e+000 -1.000000e+000  0.000000e+000
    outer loop
      vertex -5.000000e-001 -4.490000e+001 -4.000000e-001
      vertex -1.800000e+000 -4.490000e+001 -3.600000e+000
      vertex -5.000000e-001 -4.490000e+001 -3.600000e+000
    endloop
  endfacet
  facet normal  0.000000e+000 -1.000000e+000  0.000000e+000
    outer loop
      vertex -1.800000e+000 -4.490000e+001 -3.600000e+000
      vertex -1.400000e+000 -4.490000e+001 -4.000000e+000
      vertex -5.000000e-001 -4.490000e+001 -3.600000e+000
    endloop
  endfacet
  facet normal  0.000000e+000 -1.000000e+000  -0.000000e+000
    outer loop
      vertex -5.000000e-001 -4.490000e+001 -3.600000e+000
      vertex -1.400000e+000 -4.490000e+001 -4.000000e+000
      vertex -5.000000e-001 -4.490000e+001 -4.000000e+000
    endloop
  endfacet
  facet normal  0.000000e+000 -1.000000e+000  0.000000e+000
    outer loop
      vertex -5.000000e-001 -4.490000e+001 -3.600000e+000
      vertex -5.000000e-001 -4.490000e+001 -4.000000e+000
      vertex -1.000000e-001 -4.490000e+001 -4.000000e+000
    endloop
  endfacet
  facet normal -1.000000e+000  0.000000e+000  0.000000e+000
    outer loop
      vertex -1.800000e+000 -3.560000e+001 -3.600000e+000
      vertex -1.800000e+000 -4.490000e+001 -3.600000e+000
      vertex -1.800000e+000 -3.560000e+001  1.500000e+000
    endloop
  endfacet
  facet normal -1.000000e+000  -0.000000e+000  0.000000e+000
    outer loop
      vertex -1.800000e+000 -3.560000e+001  1.500000e+000
      vertex -1.800000e+000 -4.490000e+001 -3.600000e+000
      vertex -1.800000e+000 -4.490000e+001  1.500000e+000
    endloop
  endfacet
  facet normal  0.000000e+000  1.000000e+000  0.000000e+000
    outer loop
      vertex -5.000000e-001 -3.560000e+001  0.000000e+000
      vertex -1.000000e-001 -3.560000e+001  0.000000e+000
      vertex -5.000000e-001 -3.560000e+001 -4.000000e-001
    endloop
  endfacet
  facet normal  0.000000e+000  1.000000e+000  -0.000000e+000
    outer loop
      vertex -5.000000e-001 -3.560000e+001  0.000000e+000
      vertex -5.000000e-001 -3.560000e+001 -4.000000e-001
      vertex -1.800000e+000 -3.560000e+001 -3.600000e+000
    endloop
  endfacet
  facet normal  0.000000e+000  1.000000e+000  0.000000e+000
    outer loop
      vertex -5.000000e-001 -3.560000e+001  0.000000e+000
      vertex -1.800000e+000 -3.560000e+001 -3.600000e+000
      vertex -1.800000e+000 -3.560000e+001  1.500000e+000
    endloop
  endfacet
  facet normal  -0.000000e+000  1.000000e+000  0.000000e+000
    outer loop
      vertex -5.000000e-001 -3.560000e+001  0.000000e+000
      vertex -1.800000e+000 -3.560000e+001  1.500000e+000
      vertex -5.000000e-001 -3.560000e+001  1.500000e+000
    endloop
  endfacet
  facet normal  0.000000e+000  1.000000e+000  0.000000e+000
    outer loop
      vertex -1.000000e-001 -3.560000e+001 -4.000000e+000
      vertex -1.400000e+000 -3.560000e+001 -4.000000e+000
      vertex -5.000000e-001 -3.560000e+001 -3.600000e+000
    endloop
  endfacet
  facet normal  0.000000e+000  1.000000e+000  0.000000e+000
    outer loop
      vertex -5.000000e-001 -3.560000e+001 -3.600000e+000
      vertex -1.400000e+000 -3.560000e+001 -4.000000e+000
      vertex -1.800000e+000 -3.560000e+001 -3.600000e+000
    endloop
  endfacet
  facet normal  0.000000e+000  1.000000e+000  0.000000e+000
    outer loop
      vertex -5.000000e-001 -3.560000e+001 -3.600000e+000
      vertex -1.800000e+000 -3.560000e+001 -3.600000e+000
      vertex -5.000000e-001 -3.560000e+001 -4.000000e-001
    endloop
  endfacet
  facet normal -7.071069e-001  0.000000e+000 -7.071066e-001
    outer loop
      vertex -1.800000e+000 -3.560000e+001 -3.600000e+000
      vertex -1.400000e+000 -3.560000e+001 -4.000000e+000
      vertex -1.800000e+000 -4.490000e+001 -3.600000e+000
    endloop
  endfacet
  facet normal -7.071069e-001  0.000000e+000 -7.071066e-001
    outer loop
      vertex -1.800000e+000 -4.490000e+001 -3.600000e+000
      vertex -1.400000e+000 -3.560000e+001 -4.000000e+000
      vertex -1.400000e+000 -4.490000e+001 -4.000000e+000
    endloop
  endfacet
  facet normal  7.071055e-001  1.349983e-005 -7.071080e-001
    outer loop
      vertex  9.030000e+001 -7.030000e+001 -3.800000e+000
      vertex  9.010000e+001 -7.010000e+001 -4.000000e+000
      vertex  9.050000e+001 -7.010000e+001 -3.600000e+000
    endloop
  endfacet
  facet normal  7.071055e-001  0.000000e+000 -7.071081e-001
    outer loop
      vertex  9.050000e+001 -7.010000e+001 -3.600000e+000
      vertex  9.010000e+001 -7.010000e+001 -4.000000e+000
      vertex  9.010000e+001 -5.000000e+001 -4.000000e+000
    endloop
  endfacet
  facet normal  7.071055e-001  0.000000e+000 -7.071081e-001
    outer loop
      vertex  9.050000e+001 -7.010000e+001 -3.600000e+000
      vertex  9.010000e+001 -5.000000e+001 -4.000000e+000
      vertex  9.050000e+001 -5.000000e+001 -3.600000e+000
    endloop
  endfacet
  facet normal  7.071068e-001 -7.071068e-001  2.700021e-005
    outer loop
      vertex  9.030000e+001 -7.030000e+001 -3.800000e+000
      vertex  9.050000e+001 -7.010000e+001 -3.600000e+000
      vertex  9.010000e+001 -7.050000e+001 -3.600000e+000
    endloop
  endfacet
  facet normal  7.071068e-001 -7.071068e-001 -2.700022e-005
    outer loop
      vertex  9.030000e+001 -7.030000e+001 -2.000000e-001
      vertex  9.010000e+001 -7.050000e+001 -4.000000e-001
      vertex  9.050000e+001 -7.010000e+001 -4.000000e-001
    endloop
  endfacet
  facet normal  7.071068e-001 -7.071068e-001  0.000000e+000
    outer loop
      vertex  9.050000e+001 -7.010000e+001 -4.000000e-001
      vertex  9.010000e+001 -7.050000e+001 -4.000000e-001
      vertex  9.010000e+001 -7.050000e+001 -3.600000e+000
    endloop
  endfacet
  facet normal  7.071068e-001 -7.071068e-001  0.000000e+000
    outer loop
      vertex  9.050000e+001 -7.010000e+001 -4.000000e-001
      vertex  9.010000e+001 -7.050000e+001 -3.600000e+000
      vertex  9.050000e+001 -7.010000e+001 -3.600000e+000
    endloop
  endfacet
  facet normal  0.000000e+000 -9.999999e-001  0.000000e+000
    outer loop
      vertex  7.750000e+001 -7.050000e+001 -3.600000e+000
      vertex  9.010000e+001 -7.050000e+001 -3.600000e+000
      vertex  7.750000e+001 -7.050000e+001 -4.000000e-001
    endloop
  endfacet
  facet normal  0.000000e+000 -9.999999e-001  0.000000e+000
    outer loop
      vertex  7.750000e+001 -7.050000e+001 -4.000000e-001
      vertex  9.010000e+001 -7.050000e+001 -3.600000e+000
      vertex  9.010000e+001 -7.050000e+001 -4.000000e-001
    endloop
  endfacet
  facet normal -1.349983e-005 -7.071055e-001 -7.071080e-001
    outer loop
      vertex  9.030000e+001 -7.030000e+001 -3.800000e+000
      vertex  9.010000e+001 -7.050000e+001 -3.600000e+000
      vertex  9.010000e+001 -7.010000e+001 -4.000000e+000
    endloop
  endfacet
  facet normal  0.000000e+000 -7.071055e-001 -7.071080e-001
    outer loop
      vertex  9.010000e+001 -7.010000e+001 -4.000000e+000
      vertex  9.010000e+001 -7.050000e+001 -3.600000e+000
      vertex  7.750000e+001 -7.050000e+001 -3.600000e+000
    endloop
  endfacet
  facet normal  0.000000e+000 -7.071055e-001 -7.071080e-001
    outer loop
      vertex  9.010000e+001 -7.010000e+001 -4.000000e+000
      vertex  7.750000e+001 -7.050000e+001 -3.600000e+000
      vertex  7.750000e+001 -7.010000e+001 -4.000000e+000
    endloop
  endfacet
  facet normal  0.000000e+000 -1.000000e+000  0.000000e+000
    outer loop
      vertex  6.250000e+001 -7.050000e+001 -3.600000e+000
      vertex  6.750000e+001 -7.050000e+001 -3.600000e+000
      vertex  6.250000e+001 -7.050000e+001 -4.000000e-001
    endloop
  endfacet
  facet normal  0.000000e+000 -1.000000e+000  0.000000e+000
    outer loop
      vertex  6.250000e+001 -7.050000e+001 -4.000000e-001
      vertex  6.750000e+001 -7.050000e+001 -3.600000e+000
      vertex  6.750000e+001 -7.050000e+001 -4.000000e-001
    endloop
  endfacet
  facet normal  0.000000e+000 -7.071055e-001 -7.071080e-001
    outer loop
      vertex  6.750000e+001 -7.050000e+001 -3.600000e+000
      vertex  6.250000e+001 -7.050000e+001 -3.600000e+000
      vertex  6.750000e+001 -7.010000e+001 -4.000000e+000
    endloop
  endfacet
  facet normal  -0.000000e+000 -7.071055e-001 -7.071080e-001
    outer loop
      vertex  6.750000e+001 -7.010000e+001 -4.000000e+000
      vertex  6.250000e+001 -7.050000e+001 -3.600000e+000
      vertex  6.250000e+001 -7.010000e+001 -4.000000e+000
    endloop
  endfacet
  facet normal  0.000000e+000 -1.000000e+000  0.000000e+000
    outer loop
      vertex  4.750000e+001 -7.050000e+001 -3.600000e+000
      vertex  5.250000e+001 -7.050000e+001 -3.600000e+000
      vertex  4.750000e+001 -7.050000e+001 -4.000000e-001
    endloop
  endfacet
  facet normal  0.000000e+000 -1.000000e+000  0.000000e+000
    outer loop
      vertex  4.750000e+001 -7.050000e+001 -4.000000e-001
      vertex  5.250000e+001 -7.050000e+001 -3.600000e+000
      vertex  5.250000e+001 -7.050000e+001 -4.000000e-001
    endloop
  endfacet
  facet normal  0.000000e+000 -7.071055e-001 -7.071080e-001
    outer loop
      vertex  5.250000e+001 -7.050000e+001 -3.600000e+000
      vertex  4.750000e+001 -7.050000e+001 -3.600000e+000
      vertex  5.250000e+001 -7.010000e+001 -4.000000e+000
    endloop
  endfacet
  facet normal  -0.000000e+000 -7.071055e-001 -7.071080e-001
    outer loop
      vertex  5.250000e+001 -7.010000e+001 -4.000000e+000
      vertex  4.750000e+001 -7.050000e+001 -3.600000e+000
      vertex  4.750000e+001 -7.010000e+001 -4.000000e+000
    endloop
  endfacet
  facet normal -7.071069e-001  6.585294e-008 -7.071067e-001
    outer loop
      vertex -3.000000e-001 -7.030000e+001 -3.800000e+000
      vertex -5.000000e-001 -7.010000e+001 -3.600000e+000
      vertex -1.000000e-001 -7.010000e+001 -4.000000e+000
    endloop
  endfacet
  facet normal -7.071069e-001  0.000000e+000 -7.071067e-001
    outer loop
      vertex -1.000000e-001 -7.010000e+001 -4.000000e+000
      vertex -5.000000e-001 -7.010000e+001 -3.600000e+000
      vertex -5.000000e-001 -5.965000e+001 -3.600000e+000
    endloop
  endfacet
  facet normal -7.071069e-001  0.000000e+000 -7.071067e-001
    outer loop
      vertex -1.000000e-001 -7.010000e+001 -4.000000e+000
      vertex -5.000000e-001 -5.965000e+001 -3.600000e+000
      vertex -1.000000e-001 -5.965000e+001 -4.000000e+000
    endloop
  endfacet
  facet normal -7.071081e-001 -7.071055e-001  1.350013e-005
    outer loop
      vertex -1.000000e-001 -7.050000e+001 -3.600000e+000
      vertex -5.000000e-001 -7.010000e+001 -3.600000e+000
      vertex -3.000000e-001 -7.030000e+001 -3.800000e+000
    endloop
  endfacet
  facet normal -7.071081e-001 -7.071055e-001 -1.350014e-005
    outer loop
      vertex -3.000000e-001 -7.030000e+001 -2.000000e-001
      vertex -5.000000e-001 -7.010000e+001 -4.000000e-001
      vertex -1.000000e-001 -7.050000e+001 -4.000000e-001
    endloop
  endfacet
  facet normal -7.071081e-001 -7.071054e-001  0.000000e+000
    outer loop
      vertex -1.000000e-001 -7.050000e+001 -4.000000e-001
      vertex -5.000000e-001 -7.010000e+001 -4.000000e-001
      vertex -5.000000e-001 -7.010000e+001 -3.600000e+000
    endloop
  endfacet
  facet normal -7.071081e-001 -7.071054e-001  0.000000e+000
    outer loop
      vertex -1.000000e-001 -7.050000e+001 -4.000000e-001
      vertex -5.000000e-001 -7.010000e+001 -3.600000e+000
      vertex -1.000000e-001 -7.050000e+001 -3.600000e+000
    endloop
  endfacet
  facet normal  0.000000e+000 -1.000000e+000  0.000000e+000
    outer loop
      vertex -1.000000e-001 -7.050000e+001 -3.600000e+000
      vertex  3.750000e+001 -7.050000e+001 -3.600000e+000
      vertex -1.000000e-001 -7.050000e+001 -4.000000e-001
    endloop
  endfacet
  facet normal  0.000000e+000 -1.000000e+000  0.000000e+000
    outer loop
      vertex -1.000000e-001 -7.050000e+001 -4.000000e-001
      vertex  3.750000e+001 -7.050000e+001 -3.600000e+000
      vertex  3.750000e+001 -7.050000e+001 -4.000000e-001
    endloop
  endfacet
  facet normal  1.350013e-005 -7.071055e-001 -7.071080e-001
    outer loop
      vertex -3.000000e-001 -7.030000e+001 -3.800000e+000
      vertex -1.000000e-001 -7.010000e+001 -4.000000e+000
      vertex -1.000000e-001 -7.050000e+001 -3.600000e+000
    endloop
  endfacet
  facet normal  0.000000e+000 -7.071055e-001 -7.071080e-001
    outer loop
      vertex -1.000000e-001 -7.050000e+001 -3.600000e+000
      vertex -1.000000e-001 -7.010000e+001 -4.000000e+000
      vertex  3.750000e+001 -7.010000e+001 -4.000000e+000
    endloop
  endfacet
  facet normal  0.000000e+000 -7.071055e-001 -7.071080e-001
    outer loop
      vertex -1.000000e-001 -7.050000e+001 -3.600000e+000
      vertex  3.750000e+001 -7.010000e+001 -4.000000e+000
      vertex  3.750000e+001 -7.050000e+001 -3.600000e+000
    endloop
  endfacet
  facet normal -6.585294e-008  7.071069e-001 -7.071067e-001
    outer loop
      vertex  9.030000e+001  3.000000e-001 -3.800000e+000
      vertex  9.010000e+001  1.000000e-001 -4.000000e+000
      vertex  9.010000e+001  5.000000e-001 -3.600000e+000
    endloop
  endfacet
  facet normal  0.000000e+000  7.071068e-001 -7.071067e-001
    outer loop
      vertex  9.010000e+001  5.000000e-001 -3.600000e+000
      vertex  9.010000e+001  1.000000e-001 -4.000000e+000
      vertex  7.750000e+001  1.000000e-001 -4.000000e+000
    endloop
  endfacet
  facet normal  0.000000e+000  7.071068e-001 -7.071067e-001
    outer loop
      vertex  9.010000e+001  5.000000e-001 -3.600000e+000
      vertex  7.750000e+001  1.000000e-001 -4.000000e+000
      vertex  7.750000e+001  5.000000e-001 -3.600000e+000
    endloop
  endfacet
  facet normal  7.071055e-001  7.071081e-001  1.350013e-005
    outer loop
      vertex  9.030000e+001  3.000000e-001 -3.800000e+000
      vertex  9.010000e+001  5.000000e-001 -3.600000e+000
      vertex  9.050000e+001  1.000000e-001 -3.600000e+000
    endloop
  endfacet
  facet normal  7.071055e-001  7.071081e-001 -1.350014e-005
    outer loop
      vertex  9.030000e+001  3.000000e-001 -2.000000e-001
      vertex  9.050000e+001  1.000000e-001 -4.000000e-001
      vertex  9.010000e+001  5.000000e-001 -4.000000e-001
    endloop
  endfacet
  facet normal  7.071054e-001  7.071081e-001  0.000000e+000
    outer loop
      vertex  9.010000e+001  5.000000e-001 -4.000000e-001
      vertex  9.050000e+001  1.000000e-001 -4.000000e-001
      vertex  9.050000e+001  1.000000e-001 -3.600000e+000
    endloop
  endfacet
  facet normal  7.071054e-001  7.071081e-001  0.000000e+000
    outer loop
      vertex  9.010000e+001  5.000000e-001 -4.000000e-001
      vertex  9.050000e+001  1.000000e-001 -3.600000e+000
      vertex  9.010000e+001  5.000000e-001 -3.600000e+000
    endloop
  endfacet
  facet normal  1.000000e+000  0.000000e+000  0.000000e+000
    outer loop
      vertex  9.050000e+001 -2.000000e+001 -3.600000e+000
      vertex  9.050000e+001  1.000000e-001 -3.600000e+000
      vertex  9.050000e+001 -2.000000e+001 -4.000000e-001
    endloop
  endfacet
  facet normal  1.000000e+000  -0.000000e+000  0.000000e+000
    outer loop
      vertex  9.050000e+001 -2.000000e+001 -4.000000e-001
      vertex  9.050000e+001  1.000000e-001 -3.600000e+000
      vertex  9.050000e+001  1.000000e-001 -4.000000e-001
    endloop
  endfacet
  facet normal  7.071055e-001 -1.350013e-005 -7.071080e-001
    outer loop
      vertex  9.030000e+001  3.000000e-001 -3.800000e+000
      vertex  9.050000e+001  1.000000e-001 -3.600000e+000
      vertex  9.010000e+001  1.000000e-001 -4.000000e+000
    endloop
  endfacet
  facet normal  7.071055e-001  0.000000e+000 -7.071080e-001
    outer loop
      vertex  9.010000e+001  1.000000e-001 -4.000000e+000
      vertex  9.050000e+001  1.000000e-001 -3.600000e+000
      vertex  9.050000e+001 -2.000000e+001 -3.600000e+000
    endloop
  endfacet
  facet normal  7.071055e-001  0.000000e+000 -7.071080e-001
    outer loop
      vertex  9.010000e+001  1.000000e-001 -4.000000e+000
      vertex  9.050000e+001 -2.000000e+001 -3.600000e+000
      vertex  9.010000e+001 -2.000000e+001 -4.000000e+000
    endloop
  endfacet
  facet normal  1.000000e+000  0.000000e+000  0.000000e+000
    outer loop
      vertex  9.050000e+001 -3.750000e+001 -3.600000e+000
      vertex  9.050000e+001 -3.250000e+001 -3.600000e+000
      vertex  9.050000e+001 -3.750000e+001 -4.000000e-001
    endloop
  endfacet
  facet normal  1.000000e+000  -0.000000e+000  0.000000e+000
    outer loop
      vertex  9.050000e+001 -3.750000e+001 -4.000000e-001
      vertex  9.050000e+001 -3.250000e+001 -3.600000e+000
      vertex  9.050000e+001 -3.250000e+001 -4.000000e-001
    endloop
  endfacet
  facet normal  7.071055e-001  0.000000e+000 -7.071080e-001
    outer loop
      vertex  9.050000e+001 -3.250000e+001 -3.600000e+000
      vertex  9.050000e+001 -3.750000e+001 -3.600000e+000
      vertex  9.010000e+001 -3.250000e+001 -4.000000e+000
    endloop
  endfacet
  facet normal  7.071055e-001  0.000000e+000 -7.071080e-001
    outer loop
      vertex  9.010000e+001 -3.250000e+001 -4.000000e+000
      vertex  9.050000e+001 -3.750000e+001 -3.600000e+000
      vertex  9.010000e+001 -3.750000e+001 -4.000000e+000
    endloop
  endfacet
  facet normal  1.000000e+000  0.000000e+000  0.000000e+000
    outer loop
      vertex  9.050000e+001 -7.010000e+001 -3.600000e+000
      vertex  9.050000e+001 -5.000000e+001 -3.600000e+000
      vertex  9.050000e+001 -7.010000e+001 -4.000000e-001
    endloop
  endfacet
  facet normal  1.000000e+000  -0.000000e+000  0.000000e+000
    outer loop
      vertex  9.050000e+001 -7.010000e+001 -4.000000e-001
      vertex  9.050000e+001 -5.000000e+001 -3.600000e+000
      vertex  9.050000e+001 -5.000000e+001 -4.000000e-001
    endloop
  endfacet
  facet normal -7.071069e-001 -6.585444e-008 -7.071066e-001
    outer loop
      vertex -3.000000e-001  3.000000e-001 -3.800000e+000
      vertex -1.000000e-001  1.000000e-001 -4.000000e+000
      vertex -5.000000e-001  1.000000e-001 -3.600000e+000
    endloop
  endfacet
  facet normal -7.071068e-001  0.000000e+000 -7.071066e-001
    outer loop
      vertex -5.000000e-001  1.000000e-001 -3.600000e+000
      vertex -1.000000e-001  1.000000e-001 -4.000000e+000
      vertex -1.000000e-001 -3.560000e+001 -4.000000e+000
    endloop
  endfacet
  facet normal -7.071068e-001  0.000000e+000 -7.071066e-001
    outer loop
      vertex -5.000000e-001  1.000000e-001 -3.600000e+000
      vertex -1.000000e-001 -3.560000e+001 -4.000000e+000
      vertex -5.000000e-001 -3.560000e+001 -3.600000e+000
    endloop
  endfacet
  facet normal -7.071068e-001  7.071068e-001  6.585444e-008
    outer loop
      vertex -3.000000e-001  3.000000e-001 -3.800000e+000
      vertex -5.000000e-001  1.000000e-001 -3.600000e+000
      vertex -1.000000e-001  5.000000e-001 -3.600000e+000
    endloop
  endfacet
  facet normal -7.071068e-001  7.071068e-001 -6.585445e-008
    outer loop
      vertex -3.000000e-001  3.000000e-001 -2.000000e-001
      vertex -1.000000e-001  5.000000e-001 -4.000000e-001
      vertex -5.000000e-001  1.000000e-001 -4.000000e-001
    endloop
  endfacet
  facet normal -7.071068e-001  7.071068e-001  0.000000e+000
    outer loop
      vertex -5.000000e-001  1.000000e-001 -4.000000e-001
      vertex -1.000000e-001  5.000000e-001 -4.000000e-001
      vertex -1.000000e-001  5.000000e-001 -3.600000e+000
    endloop
  endfacet
  facet normal -7.071068e-001  7.071068e-001  0.000000e+000
    outer loop
      vertex -5.000000e-001  1.000000e-001 -4.000000e-001
      vertex -1.000000e-001  5.000000e-001 -3.600000e+000
      vertex -5.000000e-001  1.000000e-001 -3.600000e+000
    endloop
  endfacet
  facet normal  0.000000e+000  1.000000e+000  0.000000e+000
    outer loop
      vertex  3.750000e+001  5.000000e-001 -3.600000e+000
      vertex -1.000000e-001  5.000000e-001 -3.600000e+000
      vertex  3.750000e+001  5.000000e-001 -4.000000e-001
    endloop
  endfacet
  facet normal  0.000000e+000  1.000000e+000  0.000000e+000
    outer loop
      vertex  3.750000e+001  5.000000e-001 -4.000000e-001
      vertex -1.000000e-001  5.000000e-001 -3.600000e+000
      vertex -1.000000e-001  5.000000e-001 -4.000000e-001
    endloop
  endfacet
  facet normal  6.585444e-008  7.071069e-001 -7.071066e-001
    outer loop
      vertex -3.000000e-001  3.000000e-001 -3.800000e+000
      vertex -1.000000e-001  5.000000e-001 -3.600000e+000
      vertex -1.000000e-001  1.000000e-001 -4.000000e+000
    endloop
  endfacet
  facet normal  0.000000e+000  7.071068e-001 -7.071067e-001
    outer loop
      vertex -1.000000e-001  1.000000e-001 -4.000000e+000
      vertex -1.000000e-001  5.000000e-001 -3.600000e+000
      vertex  3.750000e+001  5.000000e-001 -3.600000e+000
    endloop
  endfacet
  facet normal  0.000000e+000  7.071068e-001 -7.071067e-001
    outer loop
      vertex -1.000000e-001  1.000000e-001 -4.000000e+000
      vertex  3.750000e+001  5.000000e-001 -3.600000e+000
      vertex  3.750000e+001  1.000000e-001 -4.000000e+000
    endloop
  endfacet
  facet normal  0.000000e+000  1.000000e+000  0.000000e+000
    outer loop
      vertex  5.250000e+001  5.000000e-001 -3.600000e+000
      vertex  4.750000e+001  5.000000e-001 -3.600000e+000
      vertex  5.250000e+001  5.000000e-001 -4.000000e-001
    endloop
  endfacet
  facet normal  0.000000e+000  1.000000e+000  0.000000e+000
    outer loop
      vertex  5.250000e+001  5.000000e-001 -4.000000e-001
      vertex  4.750000e+001  5.000000e-001 -3.600000e+000
      vertex  4.750000e+001  5.000000e-001 -4.000000e-001
    endloop
  endfacet
  facet normal  0.000000e+000  7.071068e-001 -7.071066e-001
    outer loop
      vertex  4.750000e+001  5.000000e-001 -3.600000e+000
      vertex  5.250000e+001  5.000000e-001 -3.600000e+000
      vertex  4.750000e+001  1.000000e-001 -4.000000e+000
    endloop
  endfacet
  facet normal  0.000000e+000  7.071068e-001 -7.071066e-001
    outer loop
      vertex  4.750000e+001  1.000000e-001 -4.000000e+000
      vertex  5.250000e+001  5.000000e-001 -3.600000e+000
      vertex  5.250000e+001  1.000000e-001 -4.000000e+000
    endloop
  endfacet
  facet normal  0.000000e+000  1.000000e+000  0.000000e+000
    outer loop
      vertex  6.750000e+001  5.000000e-001 -3.600000e+000
      vertex  6.250000e+001  5.000000e-001 -3.600000e+000
      vertex  6.750000e+001  5.000000e-001 -4.000000e-001
    endloop
  endfacet
  facet normal  0.000000e+000  1.000000e+000  0.000000e+000
    outer loop
      vertex  6.750000e+001  5.000000e-001 -4.000000e-001
      vertex  6.250000e+001  5.000000e-001 -3.600000e+000
      vertex  6.250000e+001  5.000000e-001 -4.000000e-001
    endloop
  endfacet
  facet normal  0.000000e+000  7.071068e-001 -7.071066e-001
    outer loop
      vertex  6.250000e+001  5.000000e-001 -3.600000e+000
      vertex  6.750000e+001  5.000000e-001 -3.600000e+000
      vertex  6.250000e+001  1.000000e-001 -4.000000e+000
    endloop
  endfacet
  facet normal  0.000000e+000  7.071068e-001 -7.071066e-001
    outer loop
      vertex  6.250000e+001  1.000000e-001 -4.000000e+000
      vertex  6.750000e+001  5.000000e-001 -3.600000e+000
      vertex  6.750000e+001  1.000000e-001 -4.000000e+000
    endloop
  endfacet
  facet normal  0.000000e+000  9.999999e-001  0.000000e+000
    outer loop
      vertex  9.010000e+001  5.000000e-001 -3.600000e+000
      vertex  7.750000e+001  5.000000e-001 -3.600000e+000
      vertex  9.010000e+001  5.000000e-001 -4.000000e-001
    endloop
  endfacet
  facet normal  0.000000e+000  9.999999e-001  0.000000e+000
    outer loop
      vertex  9.010000e+001  5.000000e-001 -4.000000e-001
      vertex  7.750000e+001  5.000000e-001 -3.600000e+000
      vertex  7.750000e+001  5.000000e-001 -4.000000e-001
    endloop
  endfacet
  facet normal -1.000000e+000  0.000000e+000  0.000000e+000
    outer loop
      vertex -5.000000e-001 -4.490000e+001 -3.600000e+000
      vertex -5.000000e-001 -5.035000e+001 -3.600000e+000
      vertex -5.000000e-001 -4.490000e+001 -4.000000e-001
    endloop
  endfacet
  facet normal -1.000000e+000  -0.000000e+000  0.000000e+000
    outer loop
      vertex -5.000000e-001 -4.490000e+001 -4.000000e-001
      vertex -5.000000e-001 -5.035000e+001 -3.600000e+000
      vertex -5.000000e-001 -5.035000e+001 -4.000000e-001
    endloop
  endfacet
  facet normal -7.071069e-001  -0.000000e+000 -7.071067e-001
    outer loop
      vertex -5.000000e-001 -5.035000e+001 -3.600000e+000
      vertex -5.000000e-001 -4.490000e+001 -3.600000e+000
      vertex -1.000000e-001 -5.035000e+001 -4.000000e+000
    endloop
  endfacet
  facet normal -7.071069e-001  0.000000e+000 -7.071067e-001
    outer loop
      vertex -1.000000e-001 -5.035000e+001 -4.000000e+000
      vertex -5.000000e-001 -4.490000e+001 -3.600000e+000
      vertex -1.000000e-001 -4.490000e+001 -4.000000e+000
    endloop
  endfacet
  facet normal -1.000000e+000  0.000000e+000  0.000000e+000
    outer loop
      vertex -5.000000e-001  1.000000e-001 -3.600000e+000
      vertex -5.000000e-001 -3.560000e+001 -3.600000e+000
      vertex -5.000000e-001  1.000000e-001 -4.000000e-001
    endloop
  endfacet
  facet normal -1.000000e+000  -0.000000e+000  0.000000e+000
    outer loop
      vertex -5.000000e-001  1.000000e-001 -4.000000e-001
      vertex -5.000000e-001 -3.560000e+001 -3.600000e+000
      vertex -5.000000e-001 -3.560000e+001 -4.000000e-001
    endloop
  endfacet
  facet normal -1.000000e+000  0.000000e+000  0.000000e+000
    outer loop
      vertex -5.000000e-001 -5.965000e+001 -3.600000e+000
      vertex -5.000000e-001 -7.010000e+001 -3.600000e+000
      vertex -5.000000e-001 -5.965000e+001 -4.000000e-001
    endloop
  endfacet
  facet normal -1.000000e+000  -0.000000e+000  0.000000e+000
    outer loop
      vertex -5.000000e-001 -5.965000e+001 -4.000000e-001
      vertex -5.000000e-001 -7.010000e+001 -3.600000e+000
      vertex -5.000000e-001 -7.010000e+001 -4.000000e-001
    endloop
  endfacet
  facet normal  0.000000e+000  7.071068e-001  7.071068e-001
    outer loop
      vertex  3.750000e+001  1.000000e-001 -4.440892e-016
      vertex  3.750000e+001  5.000000e-001 -4.000000e-001
      vertex -1.000000e-001  1.000000e-001  0.000000e+000
    endloop
  endfacet
  facet normal  0.000000e+000  7.071068e-001  7.071068e-001
    outer loop
      vertex -1.000000e-001  1.000000e-001  0.000000e+000
      vertex  3.750000e+001  5.000000e-001 -4.000000e-001
      vertex -1.000000e-001  5.000000e-001 -4.000000e-001
    endloop
  endfacet
  facet normal  6.585445e-008  7.071068e-001  7.071068e-001
    outer loop
      vertex -1.000000e-001  1.000000e-001  0.000000e+000
      vertex -1.000000e-001  5.000000e-001 -4.000000e-001
      vertex -3.000000e-001  3.000000e-001 -2.000000e-001
    endloop
  endfacet
  facet normal -7.071068e-001  0.000000e+000  7.071068e-001
    outer loop
      vertex -5.000000e-001 -3.560000e+001 -4.000000e-001
      vertex -1.000000e-001 -3.560000e+001  0.000000e+000
      vertex -5.000000e-001  1.000000e-001 -4.000000e-001
    endloop
  endfacet
  facet normal -7.071068e-001  0.000000e+000  7.071068e-001
    outer loop
      vertex -5.000000e-001  1.000000e-001 -4.000000e-001
      vertex -1.000000e-001 -3.560000e+001  0.000000e+000
      vertex -1.000000e-001  1.000000e-001  0.000000e+000
    endloop
  endfacet
  facet normal -7.071068e-001  0.000000e+000  7.071068e-001
    outer loop
      vertex -5.000000e-001  1.000000e-001 -4.000000e-001
      vertex -1.000000e-001  1.000000e-001  0.000000e+000
      vertex -3.000000e-001  3.000000e-001 -2.000000e-001
    endloop
  endfacet
  facet normal -7.071068e-001  0.000000e+000  7.071068e-001
    outer loop
      vertex -1.000000e-001 -5.965000e+001  0.000000e+000
      vertex -5.000000e-001 -5.965000e+001 -4.000000e-001
      vertex -1.000000e-001 -7.010000e+001  0.000000e+000
    endloop
  endfacet
  facet normal -7.071068e-001  0.000000e+000  7.071068e-001
    outer loop
      vertex -1.000000e-001 -7.010000e+001  0.000000e+000
      vertex -5.000000e-001 -5.965000e+001 -4.000000e-001
      vertex -5.000000e-001 -7.010000e+001 -4.000000e-001
    endloop
  endfacet
  facet normal -7.071068e-001  6.585294e-008  7.071068e-001
    outer loop
      vertex -1.000000e-001 -7.010000e+001  0.000000e+000
      vertex -5.000000e-001 -7.010000e+001 -4.000000e-001
      vertex -3.000000e-001 -7.030000e+001 -2.000000e-001
    endloop
  endfacet
  facet normal  0.000000e+000 -7.071055e-001  7.071082e-001
    outer loop
      vertex  3.750000e+001 -7.050000e+001 -4.000000e-001
      vertex  3.750000e+001 -7.010000e+001  0.000000e+000
      vertex -1.000000e-001 -7.050000e+001 -4.000000e-001
    endloop
  endfacet
  facet normal  0.000000e+000 -7.071055e-001  7.071082e-001
    outer loop
      vertex -1.000000e-001 -7.050000e+001 -4.000000e-001
      vertex  3.750000e+001 -7.010000e+001  0.000000e+000
      vertex -1.000000e-001 -7.010000e+001  0.000000e+000
    endloop
  endfacet
  facet normal  1.350013e-005 -7.071054e-001  7.071081e-001
    outer loop
      vertex -1.000000e-001 -7.050000e+001 -4.000000e-001
      vertex -1.000000e-001 -7.010000e+001  0.000000e+000
      vertex -3.000000e-001 -7.030000e+001 -2.000000e-001
    endloop
  endfacet
  facet normal  7.071055e-001  0.000000e+000  7.071081e-001
    outer loop
      vertex  9.050000e+001 -5.000000e+001 -4.000000e-001
      vertex  9.010000e+001 -5.000000e+001  0.000000e+000
      vertex  9.050000e+001 -7.010000e+001 -4.000000e-001
    endloop
  endfacet
  facet normal  7.071055e-001  0.000000e+000  7.071081e-001
    outer loop
      vertex  9.050000e+001 -7.010000e+001 -4.000000e-001
      vertex  9.010000e+001 -5.000000e+001  0.000000e+000
      vertex  9.010000e+001 -7.010000e+001  0.000000e+000
    endloop
  endfacet
  facet normal  7.071054e-001  1.349983e-005  7.071081e-001
    outer loop
      vertex  9.050000e+001 -7.010000e+001 -4.000000e-001
      vertex  9.010000e+001 -7.010000e+001  0.000000e+000
      vertex  9.030000e+001 -7.030000e+001 -2.000000e-001
    endloop
  endfacet
  facet normal  0.000000e+000 -7.071054e-001  7.071081e-001
    outer loop
      vertex  7.750000e+001 -7.010000e+001  0.000000e+000
      vertex  7.750000e+001 -7.050000e+001 -4.000000e-001
      vertex  9.010000e+001 -7.010000e+001  0.000000e+000
    endloop
  endfacet
  facet normal  0.000000e+000 -7.071054e-001  7.071081e-001
    outer loop
      vertex  9.010000e+001 -7.010000e+001  0.000000e+000
      vertex  7.750000e+001 -7.050000e+001 -4.000000e-001
      vertex  9.010000e+001 -7.050000e+001 -4.000000e-001
    endloop
  endfacet
  facet normal -1.343397e-005 -7.071054e-001  7.071081e-001
    outer loop
      vertex  9.010000e+001 -7.010000e+001  0.000000e+000
      vertex  9.010000e+001 -7.050000e+001 -4.000000e-001
      vertex  9.030000e+001 -7.030000e+001 -2.000000e-001
    endloop
  endfacet
  facet normal  7.071055e-001  0.000000e+000  7.071081e-001
    outer loop
      vertex  9.010000e+001 -2.000000e+001  0.000000e+000
      vertex  9.050000e+001 -2.000000e+001 -4.000000e-001
      vertex  9.010000e+001  1.000000e-001  0.000000e+000
    endloop
  endfacet
  facet normal  7.071055e-001  0.000000e+000  7.071081e-001
    outer loop
      vertex  9.010000e+001  1.000000e-001  0.000000e+000
      vertex  9.050000e+001 -2.000000e+001 -4.000000e-001
      vertex  9.050000e+001  1.000000e-001 -4.000000e-001
    endloop
  endfacet
  facet normal  7.071054e-001 -1.343428e-005  7.071081e-001
    outer loop
      vertex  9.010000e+001  1.000000e-001  0.000000e+000
      vertex  9.050000e+001  1.000000e-001 -4.000000e-001
      vertex  9.030000e+001  3.000000e-001 -2.000000e-001
    endloop
  endfacet
  facet normal  0.000000e+000  7.071068e-001  7.071068e-001
    outer loop
      vertex  7.750000e+001  5.000000e-001 -4.000000e-001
      vertex  7.750000e+001  1.000000e-001  0.000000e+000
      vertex  9.010000e+001  5.000000e-001 -4.000000e-001
    endloop
  endfacet
  facet normal  0.000000e+000  7.071068e-001  7.071068e-001
    outer loop
      vertex  9.010000e+001  5.000000e-001 -4.000000e-001
      vertex  7.750000e+001  1.000000e-001  0.000000e+000
      vertex  9.010000e+001  1.000000e-001  0.000000e+000
    endloop
  endfacet
  facet normal  0.000000e+000  7.071068e-001  7.071068e-001
    outer loop
      vertex  9.010000e+001  5.000000e-001 -4.000000e-001
      vertex  9.010000e+001  1.000000e-001  0.000000e+000
      vertex  9.030000e+001  3.000000e-001 -2.000000e-001
    endloop
  endfacet
  facet normal  0.000000e+000  0.000000e+000  1.000000e+000
    outer loop
      vertex  3.307767e+000 -6.221069e+001  0.000000e+000
      vertex  4.403435e+000 -6.189310e+001  0.000000e+000
      vertex  3.844636e+000 -6.201407e+001  0.000000e+000
    endloop
  endfacet
  facet normal  0.000000e+000  0.000000e+000  1.000000e+000
    outer loop
      vertex  3.307767e+000 -7.789307e+000  0.000000e+000
      vertex  4.958706e+000 -5.749513e+000  0.000000e+000
      vertex  3.070322e+000 -7.717005e+000  0.000000e+000
    endloop
  endfacet
  facet normal  -0.000000e+000  0.000000e+000  9.999999e-001
    outer loop
      vertex  4.958706e+000 -5.749513e+000  0.000000e+000
      vertex  2.822384e+000 -7.705410e+000  0.000000e+000
      vertex  3.070322e+000 -7.717005e+000  0.000000e+000
    endloop
  endfacet
  facet normal  0.000000e+000  0.000000e+000  1.000000e+000
    outer loop
      vertex  8.467665e+001 -2.280133e+000  0.000000e+000
      vertex  8.045728e+001 -2.027401e+000  0.000000e+000
      vertex  8.066171e+001 -2.178928e+000  0.000000e+000
    endloop
  endfacet
  facet normal  0.000000e+000  -0.000000e+000  1.000000e+000
    outer loop
      vertex  8.066171e+001 -2.178928e+000  0.000000e+000
      vertex  8.082127e+001 -2.377144e+000  0.000000e+000
      vertex  8.467665e+001 -2.280133e+000  0.000000e+000
    endloop
  endfacet
  facet normal  0.000000e+000  0.000000e+000  1.000000e+000
    outer loop
      vertex -1.000000e-001 -4.490000e+001  0.000000e+000
      vertex -5.000000e-001 -3.560000e+001  0.000000e+000
      vertex -5.000000e-001 -4.490000e+001  0.000000e+000
    endloop
  endfacet
  facet normal  0.000000e+000  0.000000e+000  1.000000e+000
    outer loop
      vertex -1.000000e-001 -5.965000e+001  0.000000e+000
      vertex -5.000000e-001 -5.035000e+001  0.000000e+000
      vertex -5.000000e-001 -5.965000e+001  0.000000e+000
    endloop
  endfacet
  facet normal  0.000000e+000  0.000000e+000  1.000000e+000
    outer loop
      vertex  3.505525e+000 -6.508949e+001  0.000000e+000
      vertex  3.727490e+000 -6.479866e+001  0.000000e+000
      vertex  2.822384e+000 -6.229459e+001  0.000000e+000
    endloop
  endfacet
  facet normal  0.000000e+000  0.000000e+000  9.999999e-001
    outer loop
      vertex  3.727490e+000 -6.479866e+001  0.000000e+000
      vertex  4.005070e+000 -6.456034e+001  0.000000e+000
      vertex  2.822384e+000 -6.229459e+001  0.000000e+000
    endloop
  endfacet
  facet normal  0.000000e+000  0.000000e+000  1.000000e+000
    outer loop
      vertex  4.005070e+000 -6.456034e+001  0.000000e+000
      vertex  4.326133e+000 -6.438494e+001  0.000000e+000
      vertex  2.822384e+000 -6.229459e+001  0.000000e+000
    endloop
  endfacet
  facet normal  0.000000e+000  -0.000000e+000  1.000000e+000
    outer loop
      vertex  5.404136e+000 -2.297304e+000  0.000000e+000
      vertex  5.749315e+000 -2.418536e+000  0.000000e+000
      vertex  9.178732e+000 -2.377144e+000  0.000000e+000
    endloop
  endfacet
  facet normal  -0.000000e+000  0.000000e+000  1.000000e+000
    outer loop
      vertex  8.467665e+001 -2.280133e+000  0.000000e+000
      vertex  8.082127e+001 -2.377144e+000  0.000000e+000
      vertex  8.432613e+001 -2.384945e+000  0.000000e+000
    endloop
  endfacet
  facet normal  0.000000e+000  -0.000000e+000  1.000000e+000
    outer loop
      vertex  8.093140e+001 -6.518209e+001  0.000000e+000
      vertex  8.350552e+001 -6.508949e+001  0.000000e+000
      vertex  8.372749e+001 -6.479866e+001  0.000000e+000
    endloop
  endfacet
  facet normal  0.000000e+000  -0.000000e+000  1.000000e+000
    outer loop
      vertex  6.676646e+000 -6.549864e+001  0.000000e+000
      vertex  6.744245e+000 -6.585819e+001  0.000000e+000
      vertex  9.142406e+000 -6.574905e+001  0.000000e+000
    endloop
  endfacet
  facet normal  0.000000e+000  0.000000e+000  1.000000e+000
    outer loop
      vertex  9.050000e+001 -3.250000e+001  0.000000e+000
      vertex  9.050000e+001 -2.000000e+001  0.000000e+000
      vertex  9.010000e+001 -3.250000e+001  0.000000e+000
    endloop
  endfacet
  facet normal  0.000000e+000  0.000000e+000  1.000000e+000
    outer loop
      vertex  9.050000e+001 -3.750000e+001  0.000000e+000
      vertex  9.010000e+001 -5.000000e+001  0.000000e+000
      vertex  9.050000e+001 -5.000000e+001  0.000000e+000
    endloop
  endfacet
  facet normal  0.000000e+000  0.000000e+000  9.999999e-001
    outer loop
      vertex  8.632777e+001 -6.486003e+001  0.000000e+000
      vertex  8.717761e+001 -6.229459e+001  0.000000e+000
      vertex  8.606174e+001 -6.460889e+001  0.000000e+000
    endloop
  endfacet
  facet normal  0.000000e+000  0.000000e+000  1.000000e+000
    outer loop
      vertex  8.606174e+001 -6.460889e+001  0.000000e+000
      vertex  8.717761e+001 -6.229459e+001  0.000000e+000
      vertex  8.574931e+001 -6.441853e+001  0.000000e+000
    endloop
  endfacet
  facet normal  0.000000e+000  0.000000e+000  1.000000e+000
    outer loop
      vertex  8.574931e+001 -6.441853e+001  0.000000e+000
      vertex  8.717761e+001 -6.229459e+001  0.000000e+000
      vertex  8.540414e+001 -6.429730e+001  0.000000e+000
    endloop
  endfacet
  facet normal  0.000000e+000  0.000000e+000  1.000000e+000
    outer loop
      vertex  7.750000e+001 -7.010000e+001  0.000000e+000
      vertex  9.010000e+001 -7.010000e+001  0.000000e+000
      vertex  8.532335e+001 -6.771986e+001  0.000000e+000
    endloop
  endfacet
  facet normal  0.000000e+000  0.000000e+000  1.000000e+000
    outer loop
      vertex  7.750000e+001 -7.010000e+001  0.000000e+000
      vertex  8.532335e+001 -6.771986e+001  0.000000e+000
      vertex  8.495871e+001 -6.774951e+001  0.000000e+000
    endloop
  endfacet
  facet normal  0.000000e+000  0.000000e+000  1.000000e+000
    outer loop
      vertex  7.750000e+001 -7.010000e+001  0.000000e+000
      vertex  8.495871e+001 -6.774951e+001  0.000000e+000
      vertex  8.045728e+001 -6.797260e+001  0.000000e+000
    endloop
  endfacet
  facet normal  0.000000e+000  0.000000e+000  1.000000e+000
    outer loop
      vertex  7.750000e+001 -7.010000e+001  0.000000e+000
      vertex  8.045728e+001 -6.797260e+001  0.000000e+000
      vertex  8.022124e+001 -6.806763e+001  0.000000e+000
    endloop
  endfacet
  facet normal  0.000000e+000  0.000000e+000  1.000000e+000
    outer loop
      vertex  7.750000e+001 -7.010000e+001  0.000000e+000
      vertex  8.022124e+001 -6.806763e+001  0.000000e+000
      vertex  7.996885e+001 -6.810000e+001  0.000000e+000
    endloop
  endfacet
  facet normal  0.000000e+000  0.000000e+000  1.000000e+000
    outer loop
      vertex  7.750000e+001  1.000000e-001  0.000000e+000
      vertex  1.003115e+001 -1.900000e+000  0.000000e+000
      vertex  7.996885e+001 -1.900000e+000  0.000000e+000
    endloop
  endfacet
  facet normal  -0.000000e+000  -0.000000e+000  9.999999e-001
    outer loop
      vertex  7.750000e+001  1.000000e-001  0.000000e+000
      vertex  7.996885e+001 -1.900000e+000  0.000000e+000
      vertex  8.022124e+001 -1.932374e+000  0.000000e+000
    endloop
  endfacet
  facet normal  -0.000000e+000  -0.000000e+000  1.000000e+000
    outer loop
      vertex  7.750000e+001  1.000000e-001  0.000000e+000
      vertex  8.022124e+001 -1.932374e+000  0.000000e+000
      vertex  8.045728e+001 -2.027401e+000  0.000000e+000
    endloop
  endfacet
  facet normal  -0.000000e+000  -0.000000e+000  1.000000e+000
    outer loop
      vertex  7.750000e+001  1.000000e-001  0.000000e+000
      vertex  8.045728e+001 -2.027401e+000  0.000000e+000
      vertex  8.467665e+001 -2.280133e+000  0.000000e+000
    endloop
  endfacet
  facet normal  0.000000e+000  -0.000000e+000  9.999999e-001
    outer loop
      vertex  7.750000e+001  1.000000e-001  0.000000e+000
      vertex  8.467665e+001 -2.280133e+000  0.000000e+000
      vertex  8.504129e+001 -2.250487e+000  0.000000e+000
    endloop
  endfacet
  facet normal  0.000000e+000  -0.000000e+000  1.000000e+000
    outer loop
      vertex  7.750000e+001  1.000000e-001  0.000000e+000
      vertex  8.504129e+001 -2.250487e+000  0.000000e+000
      vertex  9.010000e+001  1.000000e-001  0.000000e+000
    endloop
  endfacet
  facet normal  0.000000e+000  0.000000e+000  1.000000e+000
    outer loop
      vertex  9.010000e+001 -2.000000e+001  0.000000e+000
      vertex  8.806920e+001 -8.456103e+000  0.000000e+000
      vertex  8.810000e+001 -8.702393e+000  0.000000e+000
    endloop
  endfacet
  facet normal  0.000000e+000  0.000000e+000  1.000000e+000
    outer loop
      vertex  9.010000e+001 -2.000000e+001  0.000000e+000
      vertex  8.810000e+001 -8.702393e+000  0.000000e+000
      vertex  8.810000e+001 -6.129761e+001  0.000000e+000
    endloop
  endfacet
  facet normal  0.000000e+000  0.000000e+000  1.000000e+000
    outer loop
      vertex  9.010000e+001 -2.000000e+001  0.000000e+000
      vertex  8.810000e+001 -6.129761e+001  0.000000e+000
      vertex  9.010000e+001 -3.250000e+001  0.000000e+000
    endloop
  endfacet
  facet normal  0.000000e+000  0.000000e+000  1.000000e+000
    outer loop
      vertex  9.010000e+001 -2.000000e+001  0.000000e+000
      vertex  9.010000e+001 -3.250000e+001  0.000000e+000
      vertex  9.050000e+001 -2.000000e+001  0.000000e+000
    endloop
  endfacet
  facet normal  0.000000e+000  -0.000000e+000  1.000000e+000
    outer loop
      vertex -1.000000e-001 -7.010000e+001  0.000000e+000
      vertex  3.750000e+001 -7.010000e+001  0.000000e+000
      vertex  7.996885e+001 -6.810000e+001  0.000000e+000
    endloop
  endfacet
  facet normal  0.000000e+000  0.000000e+000  1.000000e+000
    outer loop
      vertex -1.000000e-001 -7.010000e+001  0.000000e+000
      vertex  7.996885e+001 -6.810000e+001  0.000000e+000
      vertex  1.003115e+001 -6.810000e+001  0.000000e+000
    endloop
  endfacet
  facet normal  0.000000e+000  0.000000e+000  1.000000e+000
    outer loop
      vertex -1.000000e-001 -7.010000e+001  0.000000e+000
      vertex  1.003115e+001 -6.810000e+001  0.000000e+000
      vertex  9.778763e+000 -6.806763e+001  0.000000e+000
    endloop
  endfacet
  facet normal  0.000000e+000  0.000000e+000  1.000000e+000
    outer loop
      vertex -1.000000e-001 -7.010000e+001  0.000000e+000
      vertex  9.778763e+000 -6.806763e+001  0.000000e+000
      vertex  9.542715e+000 -6.797260e+001  0.000000e+000
    endloop
  endfacet
  facet normal  0.000000e+000  0.000000e+000  1.000000e+000
    outer loop
      vertex -1.000000e-001 -7.010000e+001  0.000000e+000
      vertex  9.542715e+000 -6.797260e+001  0.000000e+000
      vertex  9.338292e+000 -6.782107e+001  0.000000e+000
    endloop
  endfacet
  facet normal  0.000000e+000  0.000000e+000  1.000000e+000
    outer loop
      vertex -1.000000e-001 -7.010000e+001  0.000000e+000
      vertex  9.338292e+000 -6.782107e+001  0.000000e+000
      vertex  5.323352e+000 -6.771986e+001  0.000000e+000
    endloop
  endfacet
  facet normal  0.000000e+000  0.000000e+000  9.999999e-001
    outer loop
      vertex -1.000000e-001 -7.010000e+001  0.000000e+000
      vertex  5.323352e+000 -6.771986e+001  0.000000e+000
      vertex  4.958706e+000 -6.774951e+001  0.000000e+000
    endloop
  endfacet
  facet normal  0.000000e+000  0.000000e+000  1.000000e+000
    outer loop
      vertex -1.000000e-001 -7.010000e+001  0.000000e+000
      vertex  4.958706e+000 -6.774951e+001  0.000000e+000
      vertex  4.595864e+000 -6.770270e+001  0.000000e+000
    endloop
  endfacet
  facet normal  0.000000e+000  0.000000e+000  1.000000e+000
    outer loop
      vertex -1.000000e-001 -7.010000e+001  0.000000e+000
      vertex  4.595864e+000 -6.770270e+001  0.000000e+000
      vertex  4.250685e+000 -6.758147e+001  0.000000e+000
    endloop
  endfacet
  facet normal  0.000000e+000  0.000000e+000  1.000000e+000
    outer loop
      vertex -1.000000e-001 -7.010000e+001  0.000000e+000
      vertex  4.250685e+000 -6.758147e+001  0.000000e+000
      vertex  3.938255e+000 -6.739111e+001  0.000000e+000
    endloop
  endfacet
  facet normal  0.000000e+000  0.000000e+000  1.000000e+000
    outer loop
      vertex -1.000000e-001 -7.010000e+001  0.000000e+000
      vertex  3.938255e+000 -6.739111e+001  0.000000e+000
      vertex  3.672228e+000 -6.713997e+001  0.000000e+000
    endloop
  endfacet
  facet normal  0.000000e+000  0.000000e+000  1.000000e+000
    outer loop
      vertex -1.000000e-001 -7.010000e+001  0.000000e+000
      vertex  3.672228e+000 -6.713997e+001  0.000000e+000
      vertex  3.464231e+000 -6.683900e+001  0.000000e+000
    endloop
  endfacet
  facet normal  0.000000e+000  0.000000e+000  1.000000e+000
    outer loop
      vertex -1.000000e-001 -7.010000e+001  0.000000e+000
      vertex  3.464231e+000 -6.683900e+001  0.000000e+000
      vertex  3.323354e+000 -6.650136e+001  0.000000e+000
    endloop
  endfacet
  facet normal  0.000000e+000  0.000000e+000  1.000000e+000
    outer loop
      vertex -1.000000e-001 -7.010000e+001  0.000000e+000
      vertex  3.323354e+000 -6.650136e+001  0.000000e+000
      vertex  3.255755e+000 -6.614181e+001  0.000000e+000
    endloop
  endfacet
  facet normal  0.000000e+000  -0.000000e+000  1.000000e+000
    outer loop
      vertex -1.000000e-001 -7.010000e+001  0.000000e+000
      vertex  3.255755e+000 -6.614181e+001  0.000000e+000
      vertex  3.264388e+000 -6.577606e+001  0.000000e+000
    endloop
  endfacet
  facet normal  0.000000e+000  -0.000000e+000  9.999999e-001
    outer loop
      vertex -1.000000e-001 -7.010000e+001  0.000000e+000
      vertex  3.264388e+000 -6.577606e+001  0.000000e+000
      vertex  3.348875e+000 -6.542010e+001  0.000000e+000
    endloop
  endfacet
  facet normal  0.000000e+000  -0.000000e+000  1.000000e+000
    outer loop
      vertex -1.000000e-001 -7.010000e+001  0.000000e+000
      vertex  3.348875e+000 -6.542010e+001  0.000000e+000
      vertex  3.505525e+000 -6.508949e+001  0.000000e+000
    endloop
  endfacet
  facet normal  0.000000e+000  0.000000e+000  1.000000e+000
    outer loop
      vertex -1.000000e-001 -7.010000e+001  0.000000e+000
      vertex  3.505525e+000 -6.508949e+001  0.000000e+000
      vertex  2.822384e+000 -6.229459e+001  0.000000e+000
    endloop
  endfacet
  facet normal  0.000000e+000  0.000000e+000  1.000000e+000
    outer loop
      vertex -1.000000e-001 -7.010000e+001  0.000000e+000
      vertex  2.822384e+000 -6.229459e+001  0.000000e+000
      vertex  2.579228e+000 -6.224476e+001  0.000000e+000
    endloop
  endfacet
  facet normal  0.000000e+000  0.000000e+000  1.000000e+000
    outer loop
      vertex -1.000000e-001 -7.010000e+001  0.000000e+000
      vertex  2.579228e+000 -6.224476e+001  0.000000e+000
      vertex  2.355834e+000 -6.213659e+001  0.000000e+000
    endloop
  endfacet
  facet normal  0.000000e+000  0.000000e+000  9.999999e-001
    outer loop
      vertex -1.000000e-001 -7.010000e+001  0.000000e+000
      vertex  2.355834e+000 -6.213659e+001  0.000000e+000
      vertex  2.165965e+000 -6.197672e+001  0.000000e+000
    endloop
  endfacet
  facet normal  0.000000e+000  0.000000e+000  1.000000e+000
    outer loop
      vertex -1.000000e-001 -7.010000e+001  0.000000e+000
      vertex  2.165965e+000 -6.197672e+001  0.000000e+000
      vertex  2.021317e+000 -6.177501e+001  0.000000e+000
    endloop
  endfacet
  facet normal  0.000000e+000  0.000000e+000  1.000000e+000
    outer loop
      vertex -1.000000e-001 -7.010000e+001  0.000000e+000
      vertex  2.021317e+000 -6.177501e+001  0.000000e+000
      vertex  1.930804e+000 -6.154390e+001  0.000000e+000
    endloop
  endfacet
  facet normal  0.000000e+000  0.000000e+000  1.000000e+000
    outer loop
      vertex -1.000000e-001 -7.010000e+001  0.000000e+000
      vertex  1.930804e+000 -6.154390e+001  0.000000e+000
      vertex  1.900000e+000 -6.129761e+001  0.000000e+000
    endloop
  endfacet
  facet normal  0.000000e+000  0.000000e+000  9.999999e-001
    outer loop
      vertex -1.000000e-001 -7.010000e+001  0.000000e+000
      vertex  1.900000e+000 -6.129761e+001  0.000000e+000
      vertex -1.000000e-001 -5.965000e+001  0.000000e+000
    endloop
  endfacet
  facet normal  0.000000e+000  0.000000e+000  1.000000e+000
    outer loop
      vertex  4.676648e+000 -6.428014e+001  0.000000e+000
      vertex  5.041294e+000 -6.425049e+001  0.000000e+000
      vertex  4.973557e+000 -6.185008e+001  0.000000e+000
    endloop
  endfacet
  facet normal  0.000000e+000  0.000000e+000  1.000000e+000
    outer loop
      vertex  4.676648e+000 -6.428014e+001  0.000000e+000
      vertex  4.973557e+000 -6.185008e+001  0.000000e+000
      vertex  4.403435e+000 -6.189310e+001  0.000000e+000
    endloop
  endfacet
  facet normal  0.000000e+000  0.000000e+000  9.999999e-001
    outer loop
      vertex  4.676648e+000 -6.428014e+001  0.000000e+000
      vertex  4.403435e+000 -6.189310e+001  0.000000e+000
      vertex  3.307767e+000 -6.221069e+001  0.000000e+000
    endloop
  endfacet
  facet normal  0.000000e+000  0.000000e+000  1.000000e+000
    outer loop
      vertex  4.676648e+000 -6.428014e+001  0.000000e+000
      vertex  3.307767e+000 -6.221069e+001  0.000000e+000
      vertex  3.070322e+000 -6.228300e+001  0.000000e+000
    endloop
  endfacet
  facet normal  0.000000e+000  0.000000e+000  1.000000e+000
    outer loop
      vertex  4.676648e+000 -6.428014e+001  0.000000e+000
      vertex  3.070322e+000 -6.228300e+001  0.000000e+000
      vertex  2.822384e+000 -6.229459e+001  0.000000e+000
    endloop
  endfacet
  facet normal  0.000000e+000  0.000000e+000  1.000000e+000
    outer loop
      vertex  4.676648e+000 -6.428014e+001  0.000000e+000
      vertex  2.822384e+000 -6.229459e+001  0.000000e+000
      vertex  4.326133e+000 -6.438494e+001  0.000000e+000
    endloop
  endfacet
  facet normal  0.000000e+000  -0.000000e+000  9.999999e-001
    outer loop
      vertex  5.323352e+000 -5.719867e+000  0.000000e+000
      vertex  5.544180e+000 -8.114167e+000  0.000000e+000
      vertex  6.104475e+000 -8.000330e+000  0.000000e+000
    endloop
  endfacet
  facet normal  0.000000e+000  -0.000000e+000  1.000000e+000
    outer loop
      vertex  5.323352e+000 -5.719867e+000  0.000000e+000
      vertex  6.104475e+000 -8.000330e+000  0.000000e+000
      vertex  6.643806e+000 -7.810565e+000  0.000000e+000
    endloop
  endfacet
  facet normal  0.000000e+000  -0.000000e+000  1.000000e+000
    outer loop
      vertex  5.323352e+000 -5.719867e+000  0.000000e+000
      vertex  6.643806e+000 -7.810565e+000  0.000000e+000
      vertex  7.151937e+000 -7.548474e+000  0.000000e+000
    endloop
  endfacet
  facet normal  0.000000e+000  -0.000000e+000  9.999999e-001
    outer loop
      vertex  5.323352e+000 -5.719867e+000  0.000000e+000
      vertex  7.151937e+000 -7.548474e+000  0.000000e+000
      vertex  7.619224e+000 -7.219032e+000  0.000000e+000
    endloop
  endfacet
  facet normal  0.000000e+000  -0.000000e+000  1.000000e+000
    outer loop
      vertex  5.323352e+000 -5.719867e+000  0.000000e+000
      vertex  7.619224e+000 -7.219032e+000  0.000000e+000
      vertex  8.036798e+000 -6.828491e+000  0.000000e+000
    endloop
  endfacet
  facet normal  0.000000e+000  -0.000000e+000  1.000000e+000
    outer loop
      vertex  5.323352e+000 -5.719867e+000  0.000000e+000
      vertex  8.036798e+000 -6.828491e+000  0.000000e+000
      vertex  8.396730e+000 -6.384265e+000  0.000000e+000
    endloop
  endfacet
  facet normal  0.000000e+000  -0.000000e+000  1.000000e+000
    outer loop
      vertex  5.323352e+000 -5.719867e+000  0.000000e+000
      vertex  8.396730e+000 -6.384265e+000  0.000000e+000
      vertex  8.692193e+000 -5.894785e+000  0.000000e+000
    endloop
  endfacet
  facet normal  0.000000e+000  0.000000e+000  1.000000e+000
    outer loop
      vertex  5.323352e+000 -5.719867e+000  0.000000e+000
      vertex  8.692193e+000 -5.894785e+000  0.000000e+000
      vertex  5.673867e+000 -5.615055e+000  0.000000e+000
    endloop
  endfacet
  facet normal  0.000000e+000  0.000000e+000  1.000000e+000
    outer loop
      vertex -1.000000e-001  1.000000e-001  0.000000e+000
      vertex -1.000000e-001 -3.560000e+001  0.000000e+000
      vertex  1.900000e+000 -8.702393e+000  0.000000e+000
    endloop
  endfacet
  facet normal  0.000000e+000  -0.000000e+000  1.000000e+000
    outer loop
      vertex -1.000000e-001  1.000000e-001  0.000000e+000
      vertex  1.900000e+000 -8.702393e+000  0.000000e+000
      vertex  1.930804e+000 -8.456103e+000  0.000000e+000
    endloop
  endfacet
  facet normal  0.000000e+000  -0.000000e+000  9.999999e-001
    outer loop
      vertex -1.000000e-001  1.000000e-001  0.000000e+000
      vertex  1.930804e+000 -8.456103e+000  0.000000e+000
      vertex  3.348875e+000 -3.420098e+000  0.000000e+000
    endloop
  endfacet
  facet normal  0.000000e+000  -0.000000e+000  1.000000e+000
    outer loop
      vertex -1.000000e-001  1.000000e-001  0.000000e+000
      vertex  3.348875e+000 -3.420098e+000  0.000000e+000
      vertex  3.505525e+000 -3.089482e+000  0.000000e+000
    endloop
  endfacet
  facet normal  0.000000e+000  -0.000000e+000  1.000000e+000
    outer loop
      vertex -1.000000e-001  1.000000e-001  0.000000e+000
      vertex  3.505525e+000 -3.089482e+000  0.000000e+000
      vertex  3.727490e+000 -2.798660e+000  0.000000e+000
    endloop
  endfacet
  facet normal  0.000000e+000  -0.000000e+000  1.000000e+000
    outer loop
      vertex -1.000000e-001  1.000000e-001  0.000000e+000
      vertex  3.727490e+000 -2.798660e+000  0.000000e+000
      vertex  4.005070e+000 -2.560343e+000  0.000000e+000
    endloop
  endfacet
  facet normal  0.000000e+000  -0.000000e+000  9.999999e-001
    outer loop
      vertex -1.000000e-001  1.000000e-001  0.000000e+000
      vertex  4.005070e+000 -2.560343e+000  0.000000e+000
      vertex  4.326133e+000 -2.384945e+000  0.000000e+000
    endloop
  endfacet
  facet normal  0.000000e+000  -0.000000e+000  1.000000e+000
    outer loop
      vertex -1.000000e-001  1.000000e-001  0.000000e+000
      vertex  4.326133e+000 -2.384945e+000  0.000000e+000
      vertex  4.676648e+000 -2.280133e+000  0.000000e+000
    endloop
  endfacet
  facet normal  0.000000e+000  -0.000000e+000  1.000000e+000
    outer loop
      vertex -1.000000e-001  1.000000e-001  0.000000e+000
      vertex  4.676648e+000 -2.280133e+000  0.000000e+000
      vertex  5.041294e+000 -2.250487e+000  0.000000e+000
    endloop
  endfacet
  facet normal  0.000000e+000  -0.000000e+000  1.000000e+000
    outer loop
      vertex -1.000000e-001  1.000000e-001  0.000000e+000
      vertex  5.041294e+000 -2.250487e+000  0.000000e+000
      vertex  1.003115e+001 -1.900000e+000  0.000000e+000
    endloop
  endfacet
  facet normal  1.181088e-017  5.982893e-017  1.000000e+000
    outer loop
      vertex -1.000000e-001  1.000000e-001  0.000000e+000
      vertex  1.003115e+001 -1.900000e+000  0.000000e+000
      vertex  3.750000e+001  1.000000e-001 -4.440892e-016
    endloop
  endfacet
  facet normal  0.000000e+000  0.000000e+000  1.000000e+000
    outer loop
      vertex  8.130781e+001 -6.410522e+001  0.000000e+000
      vertex  8.108242e+001 -6.463066e+001  0.000000e+000
      vertex  8.432613e+001 -6.438494e+001  0.000000e+000
    endloop
  endfacet
  facet normal  0.000000e+000  -0.000000e+000  9.999999e-001
    outer loop
      vertex  8.130781e+001 -6.410522e+001  0.000000e+000
      vertex  8.432613e+001 -6.438494e+001  0.000000e+000
      vertex  8.467665e+001 -6.428014e+001  0.000000e+000
    endloop
  endfacet
  facet normal  0.000000e+000  0.000000e+000  1.000000e+000
    outer loop
      vertex  8.130781e+001 -6.410522e+001  0.000000e+000
      vertex  8.467665e+001 -6.428014e+001  0.000000e+000
      vertex  8.445582e+001 -6.188583e+001  0.000000e+000
    endloop
  endfacet
  facet normal  0.000000e+000  0.000000e+000  1.000000e+000
    outer loop
      vertex  8.130781e+001 -6.410522e+001  0.000000e+000
      vertex  8.445582e+001 -6.188583e+001  0.000000e+000
      vertex  8.389552e+001 -6.199967e+001  0.000000e+000
    endloop
  endfacet
  facet normal  0.000000e+000  0.000000e+000  1.000000e+000
    outer loop
      vertex  8.130781e+001 -6.410522e+001  0.000000e+000
      vertex  8.389552e+001 -6.199967e+001  0.000000e+000
      vertex  8.335619e+001 -6.218943e+001  0.000000e+000
    endloop
  endfacet
  facet normal  0.000000e+000  0.000000e+000  9.999999e-001
    outer loop
      vertex  8.130781e+001 -6.410522e+001  0.000000e+000
      vertex  8.335619e+001 -6.218943e+001  0.000000e+000
      vertex  8.284806e+001 -6.245153e+001  0.000000e+000
    endloop
  endfacet
  facet normal  0.000000e+000  0.000000e+000  1.000000e+000
    outer loop
      vertex  8.130781e+001 -6.410522e+001  0.000000e+000
      vertex  8.284806e+001 -6.245153e+001  0.000000e+000
      vertex  8.238078e+001 -6.278097e+001  0.000000e+000
    endloop
  endfacet
  facet normal  0.000000e+000  0.000000e+000  1.000000e+000
    outer loop
      vertex  8.130781e+001 -6.410522e+001  0.000000e+000
      vertex  8.238078e+001 -6.278097e+001  0.000000e+000
      vertex  8.196320e+001 -6.317151e+001  0.000000e+000
    endloop
  endfacet
  facet normal  0.000000e+000  0.000000e+000  1.000000e+000
    outer loop
      vertex  8.130781e+001 -6.410522e+001  0.000000e+000
      vertex  8.196320e+001 -6.317151e+001  0.000000e+000
      vertex  8.160327e+001 -6.361573e+001  0.000000e+000
    endloop
  endfacet
  facet normal  -0.000000e+000  -0.000000e+000  1.000000e+000
    outer loop
      vertex  8.130781e+001 -5.894785e+000  0.000000e+000
      vertex  8.160327e+001 -6.384265e+000  0.000000e+000
      vertex  8.196320e+001 -6.828491e+000  0.000000e+000
    endloop
  endfacet
  facet normal  -0.000000e+000  -0.000000e+000  1.000000e+000
    outer loop
      vertex  8.130781e+001 -5.894785e+000  0.000000e+000
      vertex  8.196320e+001 -6.828491e+000  0.000000e+000
      vertex  8.238078e+001 -7.219032e+000  0.000000e+000
    endloop
  endfacet
  facet normal  -0.000000e+000  -0.000000e+000  1.000000e+000
    outer loop
      vertex  8.130781e+001 -5.894785e+000  0.000000e+000
      vertex  8.238078e+001 -7.219032e+000  0.000000e+000
      vertex  8.284806e+001 -7.548474e+000  0.000000e+000
    endloop
  endfacet
  facet normal  -0.000000e+000  -0.000000e+000  1.000000e+000
    outer loop
      vertex  8.130781e+001 -5.894785e+000  0.000000e+000
      vertex  8.284806e+001 -7.548474e+000  0.000000e+000
      vertex  8.335619e+001 -7.810565e+000  0.000000e+000
    endloop
  endfacet
  facet normal  -0.000000e+000  -0.000000e+000  1.000000e+000
    outer loop
      vertex  8.130781e+001 -5.894785e+000  0.000000e+000
      vertex  8.335619e+001 -7.810565e+000  0.000000e+000
      vertex  8.389552e+001 -8.000330e+000  0.000000e+000
    endloop
  endfacet
  facet normal  -0.000000e+000  -0.000000e+000  1.000000e+000
    outer loop
      vertex  8.130781e+001 -5.894785e+000  0.000000e+000
      vertex  8.389552e+001 -8.000330e+000  0.000000e+000
      vertex  8.445582e+001 -8.114167e+000  0.000000e+000
    endloop
  endfacet
  facet normal  0.000000e+000  -0.000000e+000  1.000000e+000
    outer loop
      vertex  8.532335e+001 -5.719867e+000  0.000000e+000
      vertex  8.559657e+001 -8.106898e+000  0.000000e+000
      vertex  8.615536e+001 -7.985929e+000  0.000000e+000
    endloop
  endfacet
  facet normal  0.000000e+000  -0.000000e+000  9.999999e-001
    outer loop
      vertex  8.532335e+001 -5.719867e+000  0.000000e+000
      vertex  8.615536e+001 -7.985929e+000  0.000000e+000
      vertex  8.669223e+001 -7.789307e+000  0.000000e+000
    endloop
  endfacet
  facet normal  0.000000e+000  -0.000000e+000  1.000000e+000
    outer loop
      vertex  8.532335e+001 -5.719867e+000  0.000000e+000
      vertex  8.669223e+001 -7.789307e+000  0.000000e+000
      vertex  8.692968e+001 -7.717005e+000  0.000000e+000
    endloop
  endfacet
  facet normal  0.000000e+000  -0.000000e+000  1.000000e+000
    outer loop
      vertex  8.532335e+001 -5.719867e+000  0.000000e+000
      vertex  8.692968e+001 -7.717005e+000  0.000000e+000
      vertex  8.717761e+001 -7.705410e+000  0.000000e+000
    endloop
  endfacet
  facet normal  -0.000000e+000  -0.000000e+000  1.000000e+000
    outer loop
      vertex  8.532335e+001 -5.719867e+000  0.000000e+000
      vertex  8.717761e+001 -7.705410e+000  0.000000e+000
      vertex  8.742077e+001 -7.755237e+000  0.000000e+000
    endloop
  endfacet
  facet normal  -0.000000e+000  -0.000000e+000  1.000000e+000
    outer loop
      vertex  8.532335e+001 -5.719867e+000  0.000000e+000
      vertex  8.742077e+001 -7.755237e+000  0.000000e+000
      vertex  8.764417e+001 -7.863415e+000  0.000000e+000
    endloop
  endfacet
  facet normal  0.000000e+000  0.000000e+000  1.000000e+000
    outer loop
      vertex  1.900000e+000 -6.129761e+001  0.000000e+000
      vertex  1.900000e+000 -8.702393e+000  0.000000e+000
      vertex -1.000000e-001 -3.560000e+001  0.000000e+000
    endloop
  endfacet
  facet normal  0.000000e+000  0.000000e+000  1.000000e+000
    outer loop
      vertex  1.900000e+000 -6.129761e+001  0.000000e+000
      vertex -1.000000e-001 -3.560000e+001  0.000000e+000
      vertex -5.000000e-001 -3.560000e+001  0.000000e+000
    endloop
  endfacet
  facet normal  0.000000e+000  0.000000e+000  1.000000e+000
    outer loop
      vertex  1.900000e+000 -6.129761e+001  0.000000e+000
      vertex -5.000000e-001 -3.560000e+001  0.000000e+000
      vertex -1.000000e-001 -4.490000e+001  0.000000e+000
    endloop
  endfacet
  facet normal  0.000000e+000  0.000000e+000  1.000000e+000
    outer loop
      vertex  1.900000e+000 -6.129761e+001  0.000000e+000
      vertex -1.000000e-001 -4.490000e+001  0.000000e+000
      vertex -1.000000e-001 -5.035000e+001  0.000000e+000
    endloop
  endfacet
  facet normal  0.000000e+000  0.000000e+000  1.000000e+000
    outer loop
      vertex  1.900000e+000 -6.129761e+001  0.000000e+000
      vertex -1.000000e-001 -5.035000e+001  0.000000e+000
      vertex -5.000000e-001 -5.035000e+001  0.000000e+000
    endloop
  endfacet
  facet normal  0.000000e+000  0.000000e+000  1.000000e+000
    outer loop
      vertex  1.900000e+000 -6.129761e+001  0.000000e+000
      vertex -5.000000e-001 -5.035000e+001  0.000000e+000
      vertex -1.000000e-001 -5.965000e+001  0.000000e+000
    endloop
  endfacet
  facet normal  0.000000e+000  -0.000000e+000  1.000000e+000
    outer loop
      vertex  2.165965e+000 -8.023282e+000  0.000000e+000
      vertex  2.355834e+000 -7.863415e+000  0.000000e+000
      vertex  4.595864e+000 -5.702696e+000  0.000000e+000
    endloop
  endfacet
  facet normal  0.000000e+000  0.000000e+000  1.000000e+000
    outer loop
      vertex  2.165965e+000 -8.023282e+000  0.000000e+000
      vertex  4.595864e+000 -5.702696e+000  0.000000e+000
      vertex  4.250685e+000 -5.581464e+000  0.000000e+000
    endloop
  endfacet
  facet normal  0.000000e+000  0.000000e+000  1.000000e+000
    outer loop
      vertex  2.165965e+000 -8.023282e+000  0.000000e+000
      vertex  4.250685e+000 -5.581464e+000  0.000000e+000
      vertex  3.938255e+000 -5.391113e+000  0.000000e+000
    endloop
  endfacet
  facet normal  0.000000e+000  0.000000e+000  1.000000e+000
    outer loop
      vertex  2.165965e+000 -8.023282e+000  0.000000e+000
      vertex  3.938255e+000 -5.391113e+000  0.000000e+000
      vertex  3.672228e+000 -5.139965e+000  0.000000e+000
    endloop
  endfacet
  facet normal  0.000000e+000  -0.000000e+000  9.999999e-001
    outer loop
      vertex  2.021317e+000 -8.224986e+000  0.000000e+000
      vertex  2.165965e+000 -8.023282e+000  0.000000e+000
      vertex  3.672228e+000 -5.139965e+000  0.000000e+000
    endloop
  endfacet
  facet normal  0.000000e+000  0.000000e+000  1.000000e+000
    outer loop
      vertex  2.021317e+000 -8.224986e+000  0.000000e+000
      vertex  3.672228e+000 -5.139965e+000  0.000000e+000
      vertex  3.464231e+000 -4.838995e+000  0.000000e+000
    endloop
  endfacet
  facet normal  0.000000e+000  0.000000e+000  9.999999e-001
    outer loop
      vertex  2.021317e+000 -8.224986e+000  0.000000e+000
      vertex  3.464231e+000 -4.838995e+000  0.000000e+000
      vertex  3.323354e+000 -4.501356e+000  0.000000e+000
    endloop
  endfacet
  facet normal  0.000000e+000  0.000000e+000  1.000000e+000
    outer loop
      vertex  2.021317e+000 -8.224986e+000  0.000000e+000
      vertex  3.323354e+000 -4.501356e+000  0.000000e+000
      vertex  3.255755e+000 -4.141806e+000  0.000000e+000
    endloop
  endfacet
  facet normal  0.000000e+000  -0.000000e+000  1.000000e+000
    outer loop
      vertex  1.930804e+000 -8.456103e+000  0.000000e+000
      vertex  2.021317e+000 -8.224986e+000  0.000000e+000
      vertex  3.255755e+000 -4.141806e+000  0.000000e+000
    endloop
  endfacet
  facet normal  0.000000e+000  -0.000000e+000  1.000000e+000
    outer loop
      vertex  1.930804e+000 -8.456103e+000  0.000000e+000
      vertex  3.255755e+000 -4.141806e+000  0.000000e+000
      vertex  3.264388e+000 -3.776058e+000  0.000000e+000
    endloop
  endfacet
  facet normal  0.000000e+000  -0.000000e+000  1.000000e+000
    outer loop
      vertex  1.930804e+000 -8.456103e+000  0.000000e+000
      vertex  3.264388e+000 -3.776058e+000  0.000000e+000
      vertex  3.348875e+000 -3.420098e+000  0.000000e+000
    endloop
  endfacet
  facet normal  -0.000000e+000  -0.000000e+000  1.000000e+000
    outer loop
      vertex  5.041294e+000 -2.250487e+000  0.000000e+000
      vertex  5.404136e+000 -2.297304e+000  0.000000e+000
      vertex  9.178732e+000 -2.377144e+000  0.000000e+000
    endloop
  endfacet
  facet normal  0.000000e+000  -0.000000e+000  1.000000e+000
    outer loop
      vertex  5.041294e+000 -2.250487e+000  0.000000e+000
      vertex  9.178732e+000 -2.377144e+000  0.000000e+000
      vertex  9.338292e+000 -2.178928e+000  0.000000e+000
    endloop
  endfacet
  facet normal  0.000000e+000  -0.000000e+000  1.000000e+000
    outer loop
      vertex  5.041294e+000 -2.250487e+000  0.000000e+000
      vertex  9.338292e+000 -2.178928e+000  0.000000e+000
      vertex  9.542715e+000 -2.027401e+000  0.000000e+000
    endloop
  endfacet
  facet normal  0.000000e+000  -0.000000e+000  1.000000e+000
    outer loop
      vertex  5.041294e+000 -2.250487e+000  0.000000e+000
      vertex  9.542715e+000 -2.027401e+000  0.000000e+000
      vertex  9.778763e+000 -1.932374e+000  0.000000e+000
    endloop
  endfacet
  facet normal  0.000000e+000  -0.000000e+000  1.000000e+000
    outer loop
      vertex  5.041294e+000 -2.250487e+000  0.000000e+000
      vertex  9.778763e+000 -1.932374e+000  0.000000e+000
      vertex  1.003115e+001 -1.900000e+000  0.000000e+000
    endloop
  endfacet
  facet normal  0.000000e+000  0.000000e+000  1.000000e+000
    outer loop
      vertex  1.003115e+001 -1.900000e+000  0.000000e+000
      vertex  7.750000e+001  1.000000e-001  0.000000e+000
      vertex  6.750000e+001  1.000000e-001  0.000000e+000
    endloop
  endfacet
  facet normal  8.881784e-017 -2.552130e-015  1.000000e+000
    outer loop
      vertex  1.003115e+001 -1.900000e+000  0.000000e+000
      vertex  6.750000e+001  1.000000e-001  0.000000e+000
      vertex  6.250000e+001  1.000000e-001  4.440892e-016
    endloop
  endfacet
  facet normal -2.220446e-017  3.604767e-016  1.000000e+000
    outer loop
      vertex  1.003115e+001 -1.900000e+000  0.000000e+000
      vertex  6.250000e+001  1.000000e-001  4.440892e-016
      vertex  5.250000e+001  1.000000e-001  2.220446e-016
    endloop
  endfacet
  facet normal  4.440892e-017 -1.054020e-015  1.000000e+000
    outer loop
      vertex  1.003115e+001 -1.900000e+000  0.000000e+000
      vertex  5.250000e+001  1.000000e-001  2.220446e-016
      vertex  4.750000e+001  1.000000e-001  4.440892e-016
    endloop
  endfacet
  facet normal -8.881784e-017  1.441907e-015  1.000000e+000
    outer loop
      vertex  1.003115e+001 -1.900000e+000  0.000000e+000
      vertex  4.750000e+001  1.000000e-001  4.440892e-016
      vertex  3.750000e+001  1.000000e-001 -4.440892e-016
    endloop
  endfacet
  facet normal  0.000000e+000  0.000000e+000  1.000000e+000
    outer loop
      vertex  8.130781e+001 -5.894785e+000  0.000000e+000
      vertex  8.495871e+001 -5.749513e+000  0.000000e+000
      vertex  8.459586e+001 -5.702696e+000  0.000000e+000
    endloop
  endfacet
  facet normal  0.000000e+000  0.000000e+000  1.000000e+000
    outer loop
      vertex  8.130781e+001 -5.894785e+000  0.000000e+000
      vertex  8.459586e+001 -5.702696e+000  0.000000e+000
      vertex  8.425069e+001 -5.581464e+000  0.000000e+000
    endloop
  endfacet
  facet normal  0.000000e+000  0.000000e+000  1.000000e+000
    outer loop
      vertex  8.130781e+001 -5.894785e+000  0.000000e+000
      vertex  8.425069e+001 -5.581464e+000  0.000000e+000
      vertex  8.393826e+001 -5.391113e+000  0.000000e+000
    endloop
  endfacet
  facet normal  0.000000e+000  0.000000e+000  1.000000e+000
    outer loop
      vertex  8.130781e+001 -5.894785e+000  0.000000e+000
      vertex  8.393826e+001 -5.391113e+000  0.000000e+000
      vertex  8.108242e+001 -5.369341e+000  0.000000e+000
    endloop
  endfacet
  facet normal  0.000000e+000  0.000000e+000  1.000000e+000
    outer loop
      vertex  5.041294e+000 -6.425049e+001  0.000000e+000
      vertex  8.917577e+000 -6.463066e+001  0.000000e+000
      vertex  8.692193e+000 -6.410522e+001  0.000000e+000
    endloop
  endfacet
  facet normal  0.000000e+000  0.000000e+000  1.000000e+000
    outer loop
      vertex  5.041294e+000 -6.425049e+001  0.000000e+000
      vertex  8.692193e+000 -6.410522e+001  0.000000e+000
      vertex  8.396730e+000 -6.361573e+001  0.000000e+000
    endloop
  endfacet
  facet normal  0.000000e+000  0.000000e+000  1.000000e+000
    outer loop
      vertex  5.041294e+000 -6.425049e+001  0.000000e+000
      vertex  8.396730e+000 -6.361573e+001  0.000000e+000
      vertex  8.036798e+000 -6.317151e+001  0.000000e+000
    endloop
  endfacet
  facet normal  0.000000e+000  0.000000e+000  1.000000e+000
    outer loop
      vertex  5.041294e+000 -6.425049e+001  0.000000e+000
      vertex  8.036798e+000 -6.317151e+001  0.000000e+000
      vertex  7.619224e+000 -6.278097e+001  0.000000e+000
    endloop
  endfacet
  facet normal  0.000000e+000  0.000000e+000  1.000000e+000
    outer loop
      vertex  5.041294e+000 -6.425049e+001  0.000000e+000
      vertex  7.619224e+000 -6.278097e+001  0.000000e+000
      vertex  7.151937e+000 -6.245153e+001  0.000000e+000
    endloop
  endfacet
  facet normal  0.000000e+000  0.000000e+000  1.000000e+000
    outer loop
      vertex  5.041294e+000 -6.425049e+001  0.000000e+000
      vertex  7.151937e+000 -6.245153e+001  0.000000e+000
      vertex  6.643806e+000 -6.218943e+001  0.000000e+000
    endloop
  endfacet
  facet normal  0.000000e+000  0.000000e+000  1.000000e+000
    outer loop
      vertex  5.041294e+000 -6.425049e+001  0.000000e+000
      vertex  6.643806e+000 -6.218943e+001  0.000000e+000
      vertex  6.104475e+000 -6.199967e+001  0.000000e+000
    endloop
  endfacet
  facet normal  0.000000e+000  0.000000e+000  1.000000e+000
    outer loop
      vertex  5.041294e+000 -6.425049e+001  0.000000e+000
      vertex  6.104475e+000 -6.199967e+001  0.000000e+000
      vertex  5.544180e+000 -6.188583e+001  0.000000e+000
    endloop
  endfacet
  facet normal  0.000000e+000  0.000000e+000  1.000000e+000
    outer loop
      vertex  5.041294e+000 -6.425049e+001  0.000000e+000
      vertex  5.544180e+000 -6.188583e+001  0.000000e+000
      vertex  4.973557e+000 -6.185008e+001  0.000000e+000
    endloop
  endfacet
  facet normal  0.000000e+000  0.000000e+000  1.000000e+000
    outer loop
      vertex  8.917577e+000 -6.463066e+001  0.000000e+000
      vertex  5.041294e+000 -6.425049e+001  0.000000e+000
      vertex  5.404136e+000 -6.429730e+001  0.000000e+000
    endloop
  endfacet
  facet normal  0.000000e+000  0.000000e+000  1.000000e+000
    outer loop
      vertex  8.917577e+000 -6.463066e+001  0.000000e+000
      vertex  5.404136e+000 -6.429730e+001  0.000000e+000
      vertex  5.749315e+000 -6.441853e+001  0.000000e+000
    endloop
  endfacet
  facet normal  0.000000e+000  0.000000e+000  1.000000e+000
    outer loop
      vertex  8.917577e+000 -6.463066e+001  0.000000e+000
      vertex  5.749315e+000 -6.441853e+001  0.000000e+000
      vertex  6.061745e+000 -6.460889e+001  0.000000e+000
    endloop
  endfacet
  facet normal  0.000000e+000  0.000000e+000  1.000000e+000
    outer loop
      vertex  8.917577e+000 -6.463066e+001  0.000000e+000
      vertex  6.061745e+000 -6.460889e+001  0.000000e+000
      vertex  6.327773e+000 -6.486003e+001  0.000000e+000
    endloop
  endfacet
  facet normal  -0.000000e+000  0.000000e+000  1.000000e+000
    outer loop
      vertex  8.917577e+000 -6.463066e+001  0.000000e+000
      vertex  6.327773e+000 -6.486003e+001  0.000000e+000
      vertex  9.068603e+000 -6.518209e+001  0.000000e+000
    endloop
  endfacet
  facet normal  0.000000e+000  0.000000e+000  1.000000e+000
    outer loop
      vertex  7.996885e+001 -6.810000e+001  0.000000e+000
      vertex  3.750000e+001 -7.010000e+001  0.000000e+000
      vertex  4.750000e+001 -7.010000e+001  0.000000e+000
    endloop
  endfacet
  facet normal  0.000000e+000  0.000000e+000  1.000000e+000
    outer loop
      vertex  7.996885e+001 -6.810000e+001  0.000000e+000
      vertex  4.750000e+001 -7.010000e+001  0.000000e+000
      vertex  5.250000e+001 -7.010000e+001  0.000000e+000
    endloop
  endfacet
  facet normal  0.000000e+000  0.000000e+000  1.000000e+000
    outer loop
      vertex  7.996885e+001 -6.810000e+001  0.000000e+000
      vertex  5.250000e+001 -7.010000e+001  0.000000e+000
      vertex  6.250000e+001 -7.010000e+001  0.000000e+000
    endloop
  endfacet
  facet normal  0.000000e+000  0.000000e+000  1.000000e+000
    outer loop
      vertex  7.996885e+001 -6.810000e+001  0.000000e+000
      vertex  6.250000e+001 -7.010000e+001  0.000000e+000
      vertex  6.750000e+001 -7.010000e+001  0.000000e+000
    endloop
  endfacet
  facet normal  0.000000e+000  0.000000e+000  1.000000e+000
    outer loop
      vertex  7.996885e+001 -6.810000e+001  0.000000e+000
      vertex  6.750000e+001 -7.010000e+001  0.000000e+000
      vertex  7.750000e+001 -7.010000e+001  0.000000e+000
    endloop
  endfacet
  facet normal  0.000000e+000  -0.000000e+000  1.000000e+000
    outer loop
      vertex  8.810000e+001 -6.129761e+001  0.000000e+000
      vertex  9.010000e+001 -7.010000e+001  0.000000e+000
      vertex  9.010000e+001 -5.000000e+001  0.000000e+000
    endloop
  endfacet
  facet normal  0.000000e+000  -0.000000e+000  1.000000e+000
    outer loop
      vertex  8.810000e+001 -6.129761e+001  0.000000e+000
      vertex  9.010000e+001 -5.000000e+001  0.000000e+000
      vertex  9.050000e+001 -3.750000e+001  0.000000e+000
    endloop
  endfacet
  facet normal  0.000000e+000  0.000000e+000  1.000000e+000
    outer loop
      vertex  8.810000e+001 -6.129761e+001  0.000000e+000
      vertex  9.050000e+001 -3.750000e+001  0.000000e+000
      vertex  9.010000e+001 -3.750000e+001  0.000000e+000
    endloop
  endfacet
  facet normal  0.000000e+000  -0.000000e+000  1.000000e+000
    outer loop
      vertex  8.810000e+001 -6.129761e+001  0.000000e+000
      vertex  9.010000e+001 -3.750000e+001  0.000000e+000
      vertex  9.010000e+001 -3.250000e+001  0.000000e+000
    endloop
  endfacet
  facet normal  0.000000e+000  0.000000e+000  1.000000e+000
    outer loop
      vertex  8.783404e+001 -8.023282e+000  0.000000e+000
      vertex  8.627251e+001 -5.201340e+000  0.000000e+000
      vertex  8.599493e+001 -5.439658e+000  0.000000e+000
    endloop
  endfacet
  facet normal  0.000000e+000  0.000000e+000  1.000000e+000
    outer loop
      vertex  8.783404e+001 -8.023282e+000  0.000000e+000
      vertex  8.599493e+001 -5.439658e+000  0.000000e+000
      vertex  8.567387e+001 -5.615055e+000  0.000000e+000
    endloop
  endfacet
  facet normal  0.000000e+000  0.000000e+000  1.000000e+000
    outer loop
      vertex  8.783404e+001 -8.023282e+000  0.000000e+000
      vertex  8.567387e+001 -5.615055e+000  0.000000e+000
      vertex  8.532335e+001 -5.719867e+000  0.000000e+000
    endloop
  endfacet
  facet normal  0.000000e+000  0.000000e+000  1.000000e+000
    outer loop
      vertex  8.783404e+001 -8.023282e+000  0.000000e+000
      vertex  8.532335e+001 -5.719867e+000  0.000000e+000
      vertex  8.764417e+001 -7.863415e+000  0.000000e+000
    endloop
  endfacet
  facet normal  0.000000e+000  0.000000e+000  1.000000e+000
    outer loop
      vertex  8.797868e+001 -8.224986e+000  0.000000e+000
      vertex  8.673561e+001 -4.223942e+000  0.000000e+000
      vertex  8.665112e+001 -4.579902e+000  0.000000e+000
    endloop
  endfacet
  facet normal  0.000000e+000  0.000000e+000  1.000000e+000
    outer loop
      vertex  8.797868e+001 -8.224986e+000  0.000000e+000
      vertex  8.665112e+001 -4.579902e+000  0.000000e+000
      vertex  8.649448e+001 -4.910518e+000  0.000000e+000
    endloop
  endfacet
  facet normal  0.000000e+000  0.000000e+000  1.000000e+000
    outer loop
      vertex  8.797868e+001 -8.224986e+000  0.000000e+000
      vertex  8.649448e+001 -4.910518e+000  0.000000e+000
      vertex  8.627251e+001 -5.201340e+000  0.000000e+000
    endloop
  endfacet
  facet normal  0.000000e+000  0.000000e+000  9.999999e-001
    outer loop
      vertex  8.797868e+001 -8.224986e+000  0.000000e+000
      vertex  8.627251e+001 -5.201340e+000  0.000000e+000
      vertex  8.783404e+001 -8.023282e+000  0.000000e+000
    endloop
  endfacet
  facet normal  0.000000e+000  0.000000e+000  1.000000e+000
    outer loop
      vertex  8.806920e+001 -8.456103e+000  0.000000e+000
      vertex  8.667664e+001 -3.498644e+000  0.000000e+000
      vertex  8.674425e+001 -3.858194e+000  0.000000e+000
    endloop
  endfacet
  facet normal  0.000000e+000  0.000000e+000  1.000000e+000
    outer loop
      vertex  8.806920e+001 -8.456103e+000  0.000000e+000
      vertex  8.674425e+001 -3.858194e+000  0.000000e+000
      vertex  8.673561e+001 -4.223942e+000  0.000000e+000
    endloop
  endfacet
  facet normal  0.000000e+000  0.000000e+000  1.000000e+000
    outer loop
      vertex  8.806920e+001 -8.456103e+000  0.000000e+000
      vertex  8.673561e+001 -4.223942e+000  0.000000e+000
      vertex  8.797868e+001 -8.224986e+000  0.000000e+000
    endloop
  endfacet
  facet normal  -0.000000e+000  0.000000e+000  1.000000e+000
    outer loop
      vertex  9.010000e+001  1.000000e-001  0.000000e+000
      vertex  8.504129e+001 -2.250487e+000  0.000000e+000
      vertex  8.540414e+001 -2.297304e+000  0.000000e+000
    endloop
  endfacet
  facet normal  -0.000000e+000  0.000000e+000  1.000000e+000
    outer loop
      vertex  9.010000e+001  1.000000e-001  0.000000e+000
      vertex  8.540414e+001 -2.297304e+000  0.000000e+000
      vertex  8.574931e+001 -2.418536e+000  0.000000e+000
    endloop
  endfacet
  facet normal  -0.000000e+000  0.000000e+000  1.000000e+000
    outer loop
      vertex  9.010000e+001  1.000000e-001  0.000000e+000
      vertex  8.574931e+001 -2.418536e+000  0.000000e+000
      vertex  8.606174e+001 -2.608886e+000  0.000000e+000
    endloop
  endfacet
  facet normal  -0.000000e+000  0.000000e+000  1.000000e+000
    outer loop
      vertex  9.010000e+001  1.000000e-001  0.000000e+000
      vertex  8.606174e+001 -2.608886e+000  0.000000e+000
      vertex  8.632777e+001 -2.860035e+000  0.000000e+000
    endloop
  endfacet
  facet normal  -0.000000e+000  0.000000e+000  1.000000e+000
    outer loop
      vertex  9.010000e+001  1.000000e-001  0.000000e+000
      vertex  8.632777e+001 -2.860035e+000  0.000000e+000
      vertex  8.653577e+001 -3.161005e+000  0.000000e+000
    endloop
  endfacet
  facet normal  -0.000000e+000  0.000000e+000  1.000000e+000
    outer loop
      vertex  9.010000e+001  1.000000e-001  0.000000e+000
      vertex  8.653577e+001 -3.161005e+000  0.000000e+000
      vertex  8.667664e+001 -3.498644e+000  0.000000e+000
    endloop
  endfacet
  facet normal  -0.000000e+000  0.000000e+000  1.000000e+000
    outer loop
      vertex  9.010000e+001  1.000000e-001  0.000000e+000
      vertex  8.667664e+001 -3.498644e+000  0.000000e+000
      vertex  8.806920e+001 -8.456103e+000  0.000000e+000
    endloop
  endfacet
  facet normal  -0.000000e+000  0.000000e+000  1.000000e+000
    outer loop
      vertex  9.010000e+001  1.000000e-001  0.000000e+000
      vertex  8.806920e+001 -8.456103e+000  0.000000e+000
      vertex  9.010000e+001 -2.000000e+001  0.000000e+000
    endloop
  endfacet
  facet normal  0.000000e+000  0.000000e+000  1.000000e+000
    outer loop
      vertex  9.010000e+001 -7.010000e+001  0.000000e+000
      vertex  8.810000e+001 -6.129761e+001  0.000000e+000
      vertex  8.806920e+001 -6.154390e+001  0.000000e+000
    endloop
  endfacet
  facet normal  0.000000e+000  0.000000e+000  9.999999e-001
    outer loop
      vertex  9.010000e+001 -7.010000e+001  0.000000e+000
      vertex  8.806920e+001 -6.154390e+001  0.000000e+000
      vertex  8.797868e+001 -6.177501e+001  0.000000e+000
    endloop
  endfacet
  facet normal  0.000000e+000  0.000000e+000  9.999999e-001
    outer loop
      vertex  9.010000e+001 -7.010000e+001  0.000000e+000
      vertex  8.797868e+001 -6.177501e+001  0.000000e+000
      vertex  8.783404e+001 -6.197672e+001  0.000000e+000
    endloop
  endfacet
  facet normal  0.000000e+000  0.000000e+000  1.000000e+000
    outer loop
      vertex  9.010000e+001 -7.010000e+001  0.000000e+000
      vertex  8.783404e+001 -6.197672e+001  0.000000e+000
      vertex  8.764417e+001 -6.213659e+001  0.000000e+000
    endloop
  endfacet
  facet normal  0.000000e+000  0.000000e+000  1.000000e+000
    outer loop
      vertex  9.010000e+001 -7.010000e+001  0.000000e+000
      vertex  8.764417e+001 -6.213659e+001  0.000000e+000
      vertex  8.742077e+001 -6.224476e+001  0.000000e+000
    endloop
  endfacet
  facet normal  0.000000e+000  0.000000e+000  1.000000e+000
    outer loop
      vertex  9.010000e+001 -7.010000e+001  0.000000e+000
      vertex  8.742077e+001 -6.224476e+001  0.000000e+000
      vertex  8.717761e+001 -6.229459e+001  0.000000e+000
    endloop
  endfacet
  facet normal  0.000000e+000  0.000000e+000  1.000000e+000
    outer loop
      vertex  9.010000e+001 -7.010000e+001  0.000000e+000
      vertex  8.717761e+001 -6.229459e+001  0.000000e+000
      vertex  8.632777e+001 -6.486003e+001  0.000000e+000
    endloop
  endfacet
  facet normal  0.000000e+000  0.000000e+000  1.000000e+000
    outer loop
      vertex  9.010000e+001 -7.010000e+001  0.000000e+000
      vertex  8.632777e+001 -6.486003e+001  0.000000e+000
      vertex  8.653577e+001 -6.516100e+001  0.000000e+000
    endloop
  endfacet
  facet normal  0.000000e+000  0.000000e+000  1.000000e+000
    outer loop
      vertex  9.010000e+001 -7.010000e+001  0.000000e+000
      vertex  8.653577e+001 -6.516100e+001  0.000000e+000
      vertex  8.667664e+001 -6.549864e+001  0.000000e+000
    endloop
  endfacet
  facet normal  0.000000e+000  0.000000e+000  1.000000e+000
    outer loop
      vertex  9.010000e+001 -7.010000e+001  0.000000e+000
      vertex  8.667664e+001 -6.549864e+001  0.000000e+000
      vertex  8.674425e+001 -6.585819e+001  0.000000e+000
    endloop
  endfacet
  facet normal  0.000000e+000  0.000000e+000  1.000000e+000
    outer loop
      vertex  9.010000e+001 -7.010000e+001  0.000000e+000
      vertex  8.674425e+001 -6.585819e+001  0.000000e+000
      vertex  8.673561e+001 -6.622394e+001  0.000000e+000
    endloop
  endfacet
  facet normal  0.000000e+000  0.000000e+000  1.000000e+000
    outer loop
      vertex  9.010000e+001 -7.010000e+001  0.000000e+000
      vertex  8.673561e+001 -6.622394e+001  0.000000e+000
      vertex  8.665112e+001 -6.657990e+001  0.000000e+000
    endloop
  endfacet
  facet normal  0.000000e+000  0.000000e+000  1.000000e+000
    outer loop
      vertex  9.010000e+001 -7.010000e+001  0.000000e+000
      vertex  8.665112e+001 -6.657990e+001  0.000000e+000
      vertex  8.649448e+001 -6.691051e+001  0.000000e+000
    endloop
  endfacet
  facet normal  0.000000e+000  0.000000e+000  1.000000e+000
    outer loop
      vertex  9.010000e+001 -7.010000e+001  0.000000e+000
      vertex  8.649448e+001 -6.691051e+001  0.000000e+000
      vertex  8.627251e+001 -6.720134e+001  0.000000e+000
    endloop
  endfacet
  facet normal  0.000000e+000  0.000000e+000  1.000000e+000
    outer loop
      vertex  9.010000e+001 -7.010000e+001  0.000000e+000
      vertex  8.627251e+001 -6.720134e+001  0.000000e+000
      vertex  8.599493e+001 -6.743966e+001  0.000000e+000
    endloop
  endfacet
  facet normal  0.000000e+000  0.000000e+000  1.000000e+000
    outer loop
      vertex  9.010000e+001 -7.010000e+001  0.000000e+000
      vertex  8.599493e+001 -6.743966e+001  0.000000e+000
      vertex  8.567387e+001 -6.761506e+001  0.000000e+000
    endloop
  endfacet
  facet normal  0.000000e+000  0.000000e+000  1.000000e+000
    outer loop
      vertex  9.010000e+001 -7.010000e+001  0.000000e+000
      vertex  8.567387e+001 -6.761506e+001  0.000000e+000
      vertex  8.532335e+001 -6.771986e+001  0.000000e+000
    endloop
  endfacet
  facet normal  0.000000e+000  -0.000000e+000  1.000000e+000
    outer loop
      vertex  8.504129e+001 -6.425049e+001  0.000000e+000
      vertex  8.540414e+001 -6.429730e+001  0.000000e+000
      vertex  8.717761e+001 -6.229459e+001  0.000000e+000
    endloop
  endfacet
  facet normal  0.000000e+000  0.000000e+000  1.000000e+000
    outer loop
      vertex  8.504129e+001 -6.425049e+001  0.000000e+000
      vertex  8.717761e+001 -6.229459e+001  0.000000e+000
      vertex  8.692968e+001 -6.228300e+001  0.000000e+000
    endloop
  endfacet
  facet normal  0.000000e+000  0.000000e+000  1.000000e+000
    outer loop
      vertex  8.504129e+001 -6.425049e+001  0.000000e+000
      vertex  8.692968e+001 -6.228300e+001  0.000000e+000
      vertex  8.669223e+001 -6.221069e+001  0.000000e+000
    endloop
  endfacet
  facet normal  0.000000e+000  0.000000e+000  1.000000e+000
    outer loop
      vertex  8.504129e+001 -6.425049e+001  0.000000e+000
      vertex  8.669223e+001 -6.221069e+001  0.000000e+000
      vertex  8.615536e+001 -6.201407e+001  0.000000e+000
    endloop
  endfacet
  facet normal  0.000000e+000  0.000000e+000  1.000000e+000
    outer loop
      vertex  8.504129e+001 -6.425049e+001  0.000000e+000
      vertex  8.615536e+001 -6.201407e+001  0.000000e+000
      vertex  8.559657e+001 -6.189310e+001  0.000000e+000
    endloop
  endfacet
  facet normal  0.000000e+000  0.000000e+000  1.000000e+000
    outer loop
      vertex  8.504129e+001 -6.425049e+001  0.000000e+000
      vertex  8.559657e+001 -6.189310e+001  0.000000e+000
      vertex  8.502644e+001 -6.185008e+001  0.000000e+000
    endloop
  endfacet
  facet normal  0.000000e+000  0.000000e+000  1.000000e+000
    outer loop
      vertex  8.504129e+001 -6.425049e+001  0.000000e+000
      vertex  8.502644e+001 -6.185008e+001  0.000000e+000
      vertex  8.445582e+001 -6.188583e+001  0.000000e+000
    endloop
  endfacet
  facet normal  0.000000e+000  0.000000e+000  1.000000e+000
    outer loop
      vertex  8.504129e+001 -6.425049e+001  0.000000e+000
      vertex  8.445582e+001 -6.188583e+001  0.000000e+000
      vertex  8.467665e+001 -6.428014e+001  0.000000e+000
    endloop
  endfacet
  facet normal  0.000000e+000  0.000000e+000  1.000000e+000
    outer loop
      vertex  5.544180e+000 -8.114167e+000  0.000000e+000
      vertex  5.323352e+000 -5.719867e+000  0.000000e+000
      vertex  4.973557e+000 -8.149916e+000  0.000000e+000
    endloop
  endfacet
  facet normal  0.000000e+000  -0.000000e+000  1.000000e+000
    outer loop
      vertex  4.973557e+000 -8.149916e+000  0.000000e+000
      vertex  5.323352e+000 -5.719867e+000  0.000000e+000
      vertex  4.958706e+000 -5.749513e+000  0.000000e+000
    endloop
  endfacet
  facet normal  0.000000e+000  0.000000e+000  1.000000e+000
    outer loop
      vertex  4.973557e+000 -8.149916e+000  0.000000e+000
      vertex  4.958706e+000 -5.749513e+000  0.000000e+000
      vertex  4.403435e+000 -8.106898e+000  0.000000e+000
    endloop
  endfacet
  facet normal  0.000000e+000  -0.000000e+000  9.999999e-001
    outer loop
      vertex  4.403435e+000 -8.106898e+000  0.000000e+000
      vertex  4.958706e+000 -5.749513e+000  0.000000e+000
      vertex  3.307767e+000 -7.789307e+000  0.000000e+000
    endloop
  endfacet
  facet normal  0.000000e+000  0.000000e+000  1.000000e+000
    outer loop
      vertex  4.403435e+000 -8.106898e+000  0.000000e+000
      vertex  3.307767e+000 -7.789307e+000  0.000000e+000
      vertex  3.844636e+000 -7.985929e+000  0.000000e+000
    endloop
  endfacet
  facet normal  0.000000e+000  0.000000e+000  1.000000e+000
    outer loop
      vertex  8.559657e+001 -8.106898e+000  0.000000e+000
      vertex  8.532335e+001 -5.719867e+000  0.000000e+000
      vertex  8.502644e+001 -8.149916e+000  0.000000e+000
    endloop
  endfacet
  facet normal  0.000000e+000  -0.000000e+000  1.000000e+000
    outer loop
      vertex  8.502644e+001 -8.149916e+000  0.000000e+000
      vertex  8.532335e+001 -5.719867e+000  0.000000e+000
      vertex  8.495871e+001 -5.749513e+000  0.000000e+000
    endloop
  endfacet
  facet normal  0.000000e+000  0.000000e+000  1.000000e+000
    outer loop
      vertex  8.502644e+001 -8.149916e+000  0.000000e+000
      vertex  8.495871e+001 -5.749513e+000  0.000000e+000
      vertex  8.445582e+001 -8.114167e+000  0.000000e+000
    endloop
  endfacet
  facet normal  0.000000e+000  -0.000000e+000  1.000000e+000
    outer loop
      vertex  8.445582e+001 -8.114167e+000  0.000000e+000
      vertex  8.495871e+001 -5.749513e+000  0.000000e+000
      vertex  8.130781e+001 -5.894785e+000  0.000000e+000
    endloop
  endfacet
  facet normal  0.000000e+000  0.000000e+000  1.000000e+000
    outer loop
      vertex  4.595864e+000 -5.702696e+000  0.000000e+000
      vertex  2.355834e+000 -7.863415e+000  0.000000e+000
      vertex  4.958706e+000 -5.749513e+000  0.000000e+000
    endloop
  endfacet
  facet normal  0.000000e+000  0.000000e+000  1.000000e+000
    outer loop
      vertex  4.958706e+000 -5.749513e+000  0.000000e+000
      vertex  2.355834e+000 -7.863415e+000  0.000000e+000
      vertex  2.579228e+000 -7.755237e+000  0.000000e+000
    endloop
  endfacet
  facet normal  0.000000e+000  0.000000e+000  9.999999e-001
    outer loop
      vertex  4.958706e+000 -5.749513e+000  0.000000e+000
      vertex  2.579228e+000 -7.755237e+000  0.000000e+000
      vertex  2.822384e+000 -7.705410e+000  0.000000e+000
    endloop
  endfacet
  facet normal  -0.000000e+000  0.000000e+000  9.999999e-001
    outer loop
      vertex  9.178732e+000 -2.377144e+000  0.000000e+000
      vertex  5.749315e+000 -2.418536e+000  0.000000e+000
      vertex  9.074365e+000 -2.609214e+000  0.000000e+000
    endloop
  endfacet
  facet normal  0.000000e+000  0.000000e+000  1.000000e+000
    outer loop
      vertex  9.074365e+000 -2.609214e+000  0.000000e+000
      vertex  5.749315e+000 -2.418536e+000  0.000000e+000
      vertex  6.061745e+000 -2.608886e+000  0.000000e+000
    endloop
  endfacet
  facet normal  0.000000e+000  0.000000e+000  1.000000e+000
    outer loop
      vertex  9.074365e+000 -2.609214e+000  0.000000e+000
      vertex  6.061745e+000 -2.608886e+000  0.000000e+000
      vertex  9.031949e+000 -2.860112e+000  0.000000e+000
    endloop
  endfacet
  facet normal  0.000000e+000  0.000000e+000  1.000000e+000
    outer loop
      vertex  9.031949e+000 -2.860112e+000  0.000000e+000
      vertex  6.061745e+000 -2.608886e+000  0.000000e+000
      vertex  6.327773e+000 -2.860035e+000  0.000000e+000
    endloop
  endfacet
  facet normal  0.000000e+000  0.000000e+000  1.000000e+000
    outer loop
      vertex  9.031949e+000 -2.860112e+000  0.000000e+000
      vertex  6.327773e+000 -2.860035e+000  0.000000e+000
      vertex  9.054230e+000 -3.113592e+000  0.000000e+000
    endloop
  endfacet
  facet normal  0.000000e+000  0.000000e+000  9.999999e-001
    outer loop
      vertex  9.054230e+000 -3.113592e+000  0.000000e+000
      vertex  6.327773e+000 -2.860035e+000  0.000000e+000
      vertex  6.535769e+000 -3.161005e+000  0.000000e+000
    endloop
  endfacet
  facet normal  -0.000000e+000  0.000000e+000  1.000000e+000
    outer loop
      vertex  9.054230e+000 -3.113592e+000  0.000000e+000
      vertex  6.535769e+000 -3.161005e+000  0.000000e+000
      vertex  9.137585e+000 -3.679226e+000  0.000000e+000
    endloop
  endfacet
  facet normal  0.000000e+000  0.000000e+000  1.000000e+000
    outer loop
      vertex  9.137585e+000 -3.679226e+000  0.000000e+000
      vertex  6.535769e+000 -3.161005e+000  0.000000e+000
      vertex  6.676646e+000 -3.498644e+000  0.000000e+000
    endloop
  endfacet
  facet normal  0.000000e+000  0.000000e+000  1.000000e+000
    outer loop
      vertex  9.137585e+000 -3.679226e+000  0.000000e+000
      vertex  6.676646e+000 -3.498644e+000  0.000000e+000
      vertex  6.744245e+000 -3.858194e+000  0.000000e+000
    endloop
  endfacet
  facet normal  -0.000000e+000  0.000000e+000  1.000000e+000
    outer loop
      vertex  9.137585e+000 -3.679226e+000  0.000000e+000
      vertex  6.744245e+000 -3.858194e+000  0.000000e+000
      vertex  9.142406e+000 -4.250947e+000  0.000000e+000
    endloop
  endfacet
  facet normal  0.000000e+000  0.000000e+000  9.999999e-001
    outer loop
      vertex  9.142406e+000 -4.250947e+000  0.000000e+000
      vertex  6.744245e+000 -3.858194e+000  0.000000e+000
      vertex  6.735612e+000 -4.223942e+000  0.000000e+000
    endloop
  endfacet
  facet normal  0.000000e+000  0.000000e+000  1.000000e+000
    outer loop
      vertex  9.142406e+000 -4.250947e+000  0.000000e+000
      vertex  6.735612e+000 -4.223942e+000  0.000000e+000
      vertex  9.068603e+000 -4.817906e+000  0.000000e+000
    endloop
  endfacet
  facet normal  0.000000e+000  0.000000e+000  9.999999e-001
    outer loop
      vertex  9.068603e+000 -4.817906e+000  0.000000e+000
      vertex  6.735612e+000 -4.223942e+000  0.000000e+000
      vertex  6.651125e+000 -4.579902e+000  0.000000e+000
    endloop
  endfacet
  facet normal  0.000000e+000  0.000000e+000  1.000000e+000
    outer loop
      vertex  9.068603e+000 -4.817906e+000  0.000000e+000
      vertex  6.651125e+000 -4.579902e+000  0.000000e+000
      vertex  6.494475e+000 -4.910518e+000  0.000000e+000
    endloop
  endfacet
  facet normal  -0.000000e+000  0.000000e+000  1.000000e+000
    outer loop
      vertex  9.068603e+000 -4.817906e+000  0.000000e+000
      vertex  6.494475e+000 -4.910518e+000  0.000000e+000
      vertex  8.917577e+000 -5.369341e+000  0.000000e+000
    endloop
  endfacet
  facet normal  0.000000e+000  0.000000e+000  1.000000e+000
    outer loop
      vertex  8.917577e+000 -5.369341e+000  0.000000e+000
      vertex  6.494475e+000 -4.910518e+000  0.000000e+000
      vertex  6.272510e+000 -5.201340e+000  0.000000e+000
    endloop
  endfacet
  facet normal  0.000000e+000  0.000000e+000  1.000000e+000
    outer loop
      vertex  8.917577e+000 -5.369341e+000  0.000000e+000
      vertex  6.272510e+000 -5.201340e+000  0.000000e+000
      vertex  5.994930e+000 -5.439658e+000  0.000000e+000
    endloop
  endfacet
  facet normal  0.000000e+000  0.000000e+000  9.999999e-001
    outer loop
      vertex  5.994930e+000 -5.439658e+000  0.000000e+000
      vertex  5.673867e+000 -5.615055e+000  0.000000e+000
      vertex  8.917577e+000 -5.369341e+000  0.000000e+000
    endloop
  endfacet
  facet normal  0.000000e+000  0.000000e+000  1.000000e+000
    outer loop
      vertex  8.917577e+000 -5.369341e+000  0.000000e+000
      vertex  5.673867e+000 -5.615055e+000  0.000000e+000
      vertex  8.692193e+000 -5.894785e+000  0.000000e+000
    endloop
  endfacet
  facet normal -2.220446e-017  0.000000e+000  1.000000e+000
    outer loop
      vertex  5.250000e+001  1.000000e-001  2.220446e-016
      vertex  6.250000e+001  1.000000e-001  4.440892e-016
      vertex  5.250000e+001  5.000000e-001  2.220446e-016
    endloop
  endfacet
  facet normal -2.220446e-017  0.000000e+000  1.000000e+000
    outer loop
      vertex  5.250000e+001  5.000000e-001  2.220446e-016
      vertex  6.250000e+001  1.000000e-001  4.440892e-016
      vertex  6.250000e+001  5.000000e-001  4.440892e-016
    endloop
  endfacet
  facet normal  0.000000e+000  0.000000e+000  1.000000e+000
    outer loop
      vertex  6.750000e+001  1.000000e-001  0.000000e+000
      vertex  7.750000e+001  1.000000e-001  0.000000e+000
      vertex  6.750000e+001  5.000000e-001  0.000000e+000
    endloop
  endfacet
  facet normal  -0.000000e+000  0.000000e+000  1.000000e+000
    outer loop
      vertex  6.750000e+001  5.000000e-001  0.000000e+000
      vertex  7.750000e+001  1.000000e-001  0.000000e+000
      vertex  7.750000e+001  5.000000e-001  0.000000e+000
    endloop
  endfacet
  facet normal  0.000000e+000  0.000000e+000  1.000000e+000
    outer loop
      vertex  8.432613e+001 -2.384945e+000  0.000000e+000
      vertex  8.082127e+001 -2.377144e+000  0.000000e+000
      vertex  8.400507e+001 -2.560343e+000  0.000000e+000
    endloop
  endfacet
  facet normal  0.000000e+000  0.000000e+000  1.000000e+000
    outer loop
      vertex  8.400507e+001 -2.560343e+000  0.000000e+000
      vertex  8.082127e+001 -2.377144e+000  0.000000e+000
      vertex  8.092564e+001 -2.609214e+000  0.000000e+000
    endloop
  endfacet
  facet normal  -0.000000e+000  0.000000e+000  1.000000e+000
    outer loop
      vertex  8.400507e+001 -2.560343e+000  0.000000e+000
      vertex  8.092564e+001 -2.609214e+000  0.000000e+000
      vertex  8.372749e+001 -2.798660e+000  0.000000e+000
    endloop
  endfacet
  facet normal  0.000000e+000  0.000000e+000  1.000000e+000
    outer loop
      vertex  8.372749e+001 -2.798660e+000  0.000000e+000
      vertex  8.092564e+001 -2.609214e+000  0.000000e+000
      vertex  8.096805e+001 -2.860112e+000  0.000000e+000
    endloop
  endfacet
  facet normal  -0.000000e+000  0.000000e+000  1.000000e+000
    outer loop
      vertex  8.372749e+001 -2.798660e+000  0.000000e+000
      vertex  8.096805e+001 -2.860112e+000  0.000000e+000
      vertex  8.350552e+001 -3.089482e+000  0.000000e+000
    endloop
  endfacet
  facet normal  0.000000e+000  0.000000e+000  1.000000e+000
    outer loop
      vertex  8.350552e+001 -3.089482e+000  0.000000e+000
      vertex  8.096805e+001 -2.860112e+000  0.000000e+000
      vertex  8.094577e+001 -3.113592e+000  0.000000e+000
    endloop
  endfacet
  facet normal  -0.000000e+000  0.000000e+000  1.000000e+000
    outer loop
      vertex  8.350552e+001 -3.089482e+000  0.000000e+000
      vertex  8.094577e+001 -3.113592e+000  0.000000e+000
      vertex  8.334888e+001 -3.420098e+000  0.000000e+000
    endloop
  endfacet
  facet normal  0.000000e+000  0.000000e+000  1.000000e+000
    outer loop
      vertex  8.334888e+001 -3.420098e+000  0.000000e+000
      vertex  8.094577e+001 -3.113592e+000  0.000000e+000
      vertex  8.086242e+001 -3.679226e+000  0.000000e+000
    endloop
  endfacet
  facet normal  -0.000000e+000  0.000000e+000  1.000000e+000
    outer loop
      vertex  8.334888e+001 -3.420098e+000  0.000000e+000
      vertex  8.086242e+001 -3.679226e+000  0.000000e+000
      vertex  8.326439e+001 -3.776058e+000  0.000000e+000
    endloop
  endfacet
  facet normal  0.000000e+000  0.000000e+000  1.000000e+000
    outer loop
      vertex  8.326439e+001 -3.776058e+000  0.000000e+000
      vertex  8.086242e+001 -3.679226e+000  0.000000e+000
      vertex  8.325575e+001 -4.141806e+000  0.000000e+000
    endloop
  endfacet
  facet normal  0.000000e+000  0.000000e+000  1.000000e+000
    outer loop
      vertex  8.325575e+001 -4.141806e+000  0.000000e+000
      vertex  8.086242e+001 -3.679226e+000  0.000000e+000
      vertex  8.085760e+001 -4.250947e+000  0.000000e+000
    endloop
  endfacet
  facet normal  -0.000000e+000  0.000000e+000  1.000000e+000
    outer loop
      vertex  8.325575e+001 -4.141806e+000  0.000000e+000
      vertex  8.085760e+001 -4.250947e+000  0.000000e+000
      vertex  8.332336e+001 -4.501356e+000  0.000000e+000
    endloop
  endfacet
  facet normal  0.000000e+000  0.000000e+000  1.000000e+000
    outer loop
      vertex  8.332336e+001 -4.501356e+000  0.000000e+000
      vertex  8.085760e+001 -4.250947e+000  0.000000e+000
      vertex  8.093140e+001 -4.817906e+000  0.000000e+000
    endloop
  endfacet
  facet normal  -0.000000e+000  0.000000e+000  1.000000e+000
    outer loop
      vertex  8.332336e+001 -4.501356e+000  0.000000e+000
      vertex  8.093140e+001 -4.817906e+000  0.000000e+000
      vertex  8.346423e+001 -4.838995e+000  0.000000e+000
    endloop
  endfacet
  facet normal  0.000000e+000  0.000000e+000  1.000000e+000
    outer loop
      vertex  8.346423e+001 -4.838995e+000  0.000000e+000
      vertex  8.093140e+001 -4.817906e+000  0.000000e+000
      vertex  8.367223e+001 -5.139965e+000  0.000000e+000
    endloop
  endfacet
  facet normal  0.000000e+000  0.000000e+000  1.000000e+000
    outer loop
      vertex  8.367223e+001 -5.139965e+000  0.000000e+000
      vertex  8.093140e+001 -4.817906e+000  0.000000e+000
      vertex  8.108242e+001 -5.369341e+000  0.000000e+000
    endloop
  endfacet
  facet normal  -0.000000e+000  0.000000e+000  9.999999e-001
    outer loop
      vertex  8.367223e+001 -5.139965e+000  0.000000e+000
      vertex  8.108242e+001 -5.369341e+000  0.000000e+000
      vertex  8.393826e+001 -5.391113e+000  0.000000e+000
    endloop
  endfacet
  facet normal -8.881784e-017  0.000000e+000  1.000000e+000
    outer loop
      vertex  3.750000e+001  1.000000e-001 -4.440892e-016
      vertex  4.750000e+001  1.000000e-001  4.440892e-016
      vertex  3.750000e+001  5.000000e-001 -4.440892e-016
    endloop
  endfacet
  facet normal -8.881784e-017  0.000000e+000  1.000000e+000
    outer loop
      vertex  3.750000e+001  5.000000e-001 -4.440892e-016
      vertex  4.750000e+001  1.000000e-001  4.440892e-016
      vertex  4.750000e+001  5.000000e-001  4.440892e-016
    endloop
  endfacet
  facet normal  0.000000e+000  0.000000e+000  1.000000e+000
    outer loop
      vertex  8.093140e+001 -6.518209e+001  0.000000e+000
      vertex  8.372749e+001 -6.479866e+001  0.000000e+000
      vertex  8.108242e+001 -6.463066e+001  0.000000e+000
    endloop
  endfacet
  facet normal  -0.000000e+000  0.000000e+000  1.000000e+000
    outer loop
      vertex  8.108242e+001 -6.463066e+001  0.000000e+000
      vertex  8.372749e+001 -6.479866e+001  0.000000e+000
      vertex  8.400507e+001 -6.456034e+001  0.000000e+000
    endloop
  endfacet
  facet normal  0.000000e+000  -0.000000e+000  9.999999e-001
    outer loop
      vertex  8.108242e+001 -6.463066e+001  0.000000e+000
      vertex  8.400507e+001 -6.456034e+001  0.000000e+000
      vertex  8.432613e+001 -6.438494e+001  0.000000e+000
    endloop
  endfacet
  facet normal  -0.000000e+000  0.000000e+000  1.000000e+000
    outer loop
      vertex  8.350552e+001 -6.508949e+001  0.000000e+000
      vertex  8.093140e+001 -6.518209e+001  0.000000e+000
      vertex  8.334888e+001 -6.542010e+001  0.000000e+000
    endloop
  endfacet
  facet normal  0.000000e+000  0.000000e+000  1.000000e+000
    outer loop
      vertex  8.334888e+001 -6.542010e+001  0.000000e+000
      vertex  8.093140e+001 -6.518209e+001  0.000000e+000
      vertex  8.085760e+001 -6.574905e+001  0.000000e+000
    endloop
  endfacet
  facet normal  -0.000000e+000  0.000000e+000  1.000000e+000
    outer loop
      vertex  8.334888e+001 -6.542010e+001  0.000000e+000
      vertex  8.085760e+001 -6.574905e+001  0.000000e+000
      vertex  8.326439e+001 -6.577606e+001  0.000000e+000
    endloop
  endfacet
  facet normal  0.000000e+000  0.000000e+000  1.000000e+000
    outer loop
      vertex  8.326439e+001 -6.577606e+001  0.000000e+000
      vertex  8.085760e+001 -6.574905e+001  0.000000e+000
      vertex  8.325575e+001 -6.614181e+001  0.000000e+000
    endloop
  endfacet
  facet normal  0.000000e+000  0.000000e+000  1.000000e+000
    outer loop
      vertex  8.325575e+001 -6.614181e+001  0.000000e+000
      vertex  8.085760e+001 -6.574905e+001  0.000000e+000
      vertex  8.086242e+001 -6.632078e+001  0.000000e+000
    endloop
  endfacet
  facet normal  -0.000000e+000  0.000000e+000  1.000000e+000
    outer loop
      vertex  8.325575e+001 -6.614181e+001  0.000000e+000
      vertex  8.086242e+001 -6.632078e+001  0.000000e+000
      vertex  8.332336e+001 -6.650136e+001  0.000000e+000
    endloop
  endfacet
  facet normal  0.000000e+000  0.000000e+000  1.000000e+000
    outer loop
      vertex  8.332336e+001 -6.650136e+001  0.000000e+000
      vertex  8.086242e+001 -6.632078e+001  0.000000e+000
      vertex  8.094577e+001 -6.688641e+001  0.000000e+000
    endloop
  endfacet
  facet normal  0.000000e+000  0.000000e+000  9.999999e-001
    outer loop
      vertex  8.332336e+001 -6.650136e+001  0.000000e+000
      vertex  8.094577e+001 -6.688641e+001  0.000000e+000
      vertex  8.346423e+001 -6.683900e+001  0.000000e+000
    endloop
  endfacet
  facet normal  -0.000000e+000  0.000000e+000  1.000000e+000
    outer loop
      vertex  8.346423e+001 -6.683900e+001  0.000000e+000
      vertex  8.094577e+001 -6.688641e+001  0.000000e+000
      vertex  8.367223e+001 -6.713997e+001  0.000000e+000
    endloop
  endfacet
  facet normal  0.000000e+000  0.000000e+000  1.000000e+000
    outer loop
      vertex  8.367223e+001 -6.713997e+001  0.000000e+000
      vertex  8.094577e+001 -6.688641e+001  0.000000e+000
      vertex  8.096805e+001 -6.713988e+001  0.000000e+000
    endloop
  endfacet
  facet normal  0.000000e+000  0.000000e+000  1.000000e+000
    outer loop
      vertex  8.367223e+001 -6.713997e+001  0.000000e+000
      vertex  8.096805e+001 -6.713988e+001  0.000000e+000
      vertex  8.393826e+001 -6.739111e+001  0.000000e+000
    endloop
  endfacet
  facet normal  0.000000e+000  0.000000e+000  1.000000e+000
    outer loop
      vertex  8.393826e+001 -6.739111e+001  0.000000e+000
      vertex  8.096805e+001 -6.713988e+001  0.000000e+000
      vertex  8.092564e+001 -6.739079e+001  0.000000e+000
    endloop
  endfacet
  facet normal  0.000000e+000  0.000000e+000  1.000000e+000
    outer loop
      vertex  8.393826e+001 -6.739111e+001  0.000000e+000
      vertex  8.092564e+001 -6.739079e+001  0.000000e+000
      vertex  8.425069e+001 -6.758147e+001  0.000000e+000
    endloop
  endfacet
  facet normal  0.000000e+000  0.000000e+000  1.000000e+000
    outer loop
      vertex  8.425069e+001 -6.758147e+001  0.000000e+000
      vertex  8.092564e+001 -6.739079e+001  0.000000e+000
      vertex  8.082127e+001 -6.762286e+001  0.000000e+000
    endloop
  endfacet
  facet normal  -0.000000e+000  0.000000e+000  1.000000e+000
    outer loop
      vertex  8.425069e+001 -6.758147e+001  0.000000e+000
      vertex  8.082127e+001 -6.762286e+001  0.000000e+000
      vertex  8.459586e+001 -6.770270e+001  0.000000e+000
    endloop
  endfacet
  facet normal  0.000000e+000  0.000000e+000  1.000000e+000
    outer loop
      vertex  8.459586e+001 -6.770270e+001  0.000000e+000
      vertex  8.082127e+001 -6.762286e+001  0.000000e+000
      vertex  8.066171e+001 -6.782107e+001  0.000000e+000
    endloop
  endfacet
  facet normal  0.000000e+000  0.000000e+000  1.000000e+000
    outer loop
      vertex  8.459586e+001 -6.770270e+001  0.000000e+000
      vertex  8.066171e+001 -6.782107e+001  0.000000e+000
      vertex  8.495871e+001 -6.774951e+001  0.000000e+000
    endloop
  endfacet
  facet normal  0.000000e+000  0.000000e+000  1.000000e+000
    outer loop
      vertex  8.495871e+001 -6.774951e+001  0.000000e+000
      vertex  8.066171e+001 -6.782107e+001  0.000000e+000
      vertex  8.045728e+001 -6.797260e+001  0.000000e+000
    endloop
  endfacet
  facet normal  0.000000e+000  0.000000e+000  9.999999e-001
    outer loop
      vertex  6.676646e+000 -6.549864e+001  0.000000e+000
      vertex  9.142406e+000 -6.574905e+001  0.000000e+000
      vertex  6.535769e+000 -6.516100e+001  0.000000e+000
    endloop
  endfacet
  facet normal  0.000000e+000  0.000000e+000  1.000000e+000
    outer loop
      vertex  6.535769e+000 -6.516100e+001  0.000000e+000
      vertex  9.142406e+000 -6.574905e+001  0.000000e+000
      vertex  9.068603e+000 -6.518209e+001  0.000000e+000
    endloop
  endfacet
  facet normal  0.000000e+000  0.000000e+000  1.000000e+000
    outer loop
      vertex  6.535769e+000 -6.516100e+001  0.000000e+000
      vertex  9.068603e+000 -6.518209e+001  0.000000e+000
      vertex  6.327773e+000 -6.486003e+001  0.000000e+000
    endloop
  endfacet
  facet normal  -0.000000e+000  0.000000e+000  1.000000e+000
    outer loop
      vertex  9.142406e+000 -6.574905e+001  0.000000e+000
      vertex  6.744245e+000 -6.585819e+001  0.000000e+000
      vertex  9.137585e+000 -6.632078e+001  0.000000e+000
    endloop
  endfacet
  facet normal  0.000000e+000  0.000000e+000  1.000000e+000
    outer loop
      vertex  9.137585e+000 -6.632078e+001  0.000000e+000
      vertex  6.744245e+000 -6.585819e+001  0.000000e+000
      vertex  6.735612e+000 -6.622394e+001  0.000000e+000
    endloop
  endfacet
  facet normal  0.000000e+000  0.000000e+000  1.000000e+000
    outer loop
      vertex  9.137585e+000 -6.632078e+001  0.000000e+000
      vertex  6.735612e+000 -6.622394e+001  0.000000e+000
      vertex  9.054230e+000 -6.688641e+001  0.000000e+000
    endloop
  endfacet
  facet normal  0.000000e+000  0.000000e+000  1.000000e+000
    outer loop
      vertex  9.054230e+000 -6.688641e+001  0.000000e+000
      vertex  6.735612e+000 -6.622394e+001  0.000000e+000
      vertex  6.651125e+000 -6.657990e+001  0.000000e+000
    endloop
  endfacet
  facet normal  0.000000e+000  0.000000e+000  9.999999e-001
    outer loop
      vertex  9.054230e+000 -6.688641e+001  0.000000e+000
      vertex  6.651125e+000 -6.657990e+001  0.000000e+000
      vertex  6.494475e+000 -6.691051e+001  0.000000e+000
    endloop
  endfacet
  facet normal  -0.000000e+000  0.000000e+000  1.000000e+000
    outer loop
      vertex  9.054230e+000 -6.688641e+001  0.000000e+000
      vertex  6.494475e+000 -6.691051e+001  0.000000e+000
      vertex  9.031949e+000 -6.713988e+001  0.000000e+000
    endloop
  endfacet
  facet normal  0.000000e+000  0.000000e+000  1.000000e+000
    outer loop
      vertex  9.031949e+000 -6.713988e+001  0.000000e+000
      vertex  6.494475e+000 -6.691051e+001  0.000000e+000
      vertex  6.272510e+000 -6.720134e+001  0.000000e+000
    endloop
  endfacet
  facet normal  -0.000000e+000  0.000000e+000  1.000000e+000
    outer loop
      vertex  9.031949e+000 -6.713988e+001  0.000000e+000
      vertex  6.272510e+000 -6.720134e+001  0.000000e+000
      vertex  9.074365e+000 -6.739079e+001  0.000000e+000
    endloop
  endfacet
  facet normal  0.000000e+000  0.000000e+000  9.999999e-001
    outer loop
      vertex  9.074365e+000 -6.739079e+001  0.000000e+000
      vertex  6.272510e+000 -6.720134e+001  0.000000e+000
      vertex  5.994930e+000 -6.743966e+001  0.000000e+000
    endloop
  endfacet
  facet normal  -0.000000e+000  0.000000e+000  1.000000e+000
    outer loop
      vertex  9.074365e+000 -6.739079e+001  0.000000e+000
      vertex  5.994930e+000 -6.743966e+001  0.000000e+000
      vertex  9.178732e+000 -6.762286e+001  0.000000e+000
    endloop
  endfacet
  facet normal  0.000000e+000  0.000000e+000  1.000000e+000
    outer loop
      vertex  9.178732e+000 -6.762286e+001  0.000000e+000
      vertex  5.994930e+000 -6.743966e+001  0.000000e+000
      vertex  5.673867e+000 -6.761506e+001  0.000000e+000
    endloop
  endfacet
  facet normal  0.000000e+000  0.000000e+000  9.999999e-001
    outer loop
      vertex  9.178732e+000 -6.762286e+001  0.000000e+000
      vertex  5.673867e+000 -6.761506e+001  0.000000e+000
      vertex  9.338292e+000 -6.782107e+001  0.000000e+000
    endloop
  endfacet
  facet normal  0.000000e+000  0.000000e+000  1.000000e+000
    outer loop
      vertex  9.338292e+000 -6.782107e+001  0.000000e+000
      vertex  5.673867e+000 -6.761506e+001  0.000000e+000
      vertex  5.323352e+000 -6.771986e+001  0.000000e+000
    endloop
  endfacet
  facet normal  0.000000e+000  0.000000e+000  1.000000e+000
    outer loop
      vertex  3.750000e+001 -7.050000e+001  0.000000e+000
      vertex  4.750000e+001 -7.050000e+001  0.000000e+000
      vertex  3.750000e+001 -7.010000e+001  0.000000e+000
    endloop
  endfacet
  facet normal  -0.000000e+000  0.000000e+000  1.000000e+000
    outer loop
      vertex  3.750000e+001 -7.010000e+001  0.000000e+000
      vertex  4.750000e+001 -7.050000e+001  0.000000e+000
      vertex  4.750000e+001 -7.010000e+001  0.000000e+000
    endloop
  endfacet
  facet normal  0.000000e+000  0.000000e+000  1.000000e+000
    outer loop
      vertex  6.750000e+001 -7.050000e+001  0.000000e+000
      vertex  7.750000e+001 -7.050000e+001  0.000000e+000
      vertex  6.750000e+001 -7.010000e+001  0.000000e+000
    endloop
  endfacet
  facet normal  -0.000000e+000  0.000000e+000  1.000000e+000
    outer loop
      vertex  6.750000e+001 -7.010000e+001  0.000000e+000
      vertex  7.750000e+001 -7.050000e+001  0.000000e+000
      vertex  7.750000e+001 -7.010000e+001  0.000000e+000
    endloop
  endfacet
  facet normal  0.000000e+000  0.000000e+000  1.000000e+000
    outer loop
      vertex  5.250000e+001 -7.050000e+001  0.000000e+000
      vertex  6.250000e+001 -7.050000e+001  0.000000e+000
      vertex  5.250000e+001 -7.010000e+001  0.000000e+000
    endloop
  endfacet
  facet normal  -0.000000e+000  0.000000e+000  1.000000e+000
    outer loop
      vertex  5.250000e+001 -7.010000e+001  0.000000e+000
      vertex  6.250000e+001 -7.050000e+001  0.000000e+000
      vertex  6.250000e+001 -7.010000e+001  0.000000e+000
    endloop
  endfacet
  facet normal  7.071054e-001  0.000000e+000  7.071081e-001
    outer loop
      vertex  9.010000e+001 -3.750000e+001  0.000000e+000
      vertex  9.050000e+001 -3.750000e+001 -4.000000e-001
      vertex  9.010000e+001 -3.250000e+001  0.000000e+000
    endloop
  endfacet
  facet normal  7.071054e-001  0.000000e+000  7.071081e-001
    outer loop
      vertex  9.010000e+001 -3.250000e+001  0.000000e+000
      vertex  9.050000e+001 -3.750000e+001 -4.000000e-001
      vertex  9.050000e+001 -3.250000e+001 -4.000000e-001
    endloop
  endfacet
  facet normal -1.000000e+000  0.000000e+000  0.000000e+000
    outer loop
      vertex  9.050000e+001 -5.000000e+001  0.000000e+000
      vertex  9.050000e+001 -5.000000e+001  1.500000e+000
      vertex  9.050000e+001 -3.750000e+001  0.000000e+000
    endloop
  endfacet
  facet normal -1.000000e+000  0.000000e+000  0.000000e+000
    outer loop
      vertex  9.050000e+001 -3.750000e+001  0.000000e+000
      vertex  9.050000e+001 -5.000000e+001  1.500000e+000
      vertex  9.050000e+001 -3.750000e+001  1.500000e+000
    endloop
  endfacet
  facet normal -1.000000e+000  0.000000e+000  0.000000e+000
    outer loop
      vertex  9.050000e+001 -3.250000e+001  0.000000e+000
      vertex  9.050000e+001 -3.250000e+001  1.500000e+000
      vertex  9.050000e+001 -2.000000e+001  0.000000e+000
    endloop
  endfacet
  facet normal -1.000000e+000  0.000000e+000  0.000000e+000
    outer loop
      vertex  9.050000e+001 -2.000000e+001  0.000000e+000
      vertex  9.050000e+001 -3.250000e+001  1.500000e+000
      vertex  9.050000e+001 -2.000000e+001  1.500000e+000
    endloop
  endfacet
  facet normal  0.000000e+000  7.071068e-001  7.071068e-001
    outer loop
      vertex  6.750000e+001  1.000000e-001  0.000000e+000
      vertex  6.750000e+001  5.000000e-001 -4.000000e-001
      vertex  6.250000e+001  1.000000e-001  4.440892e-016
    endloop
  endfacet
  facet normal  0.000000e+000  7.071068e-001  7.071068e-001
    outer loop
      vertex  6.250000e+001  1.000000e-001  4.440892e-016
      vertex  6.750000e+001  5.000000e-001 -4.000000e-001
      vertex  6.250000e+001  5.000000e-001 -4.000000e-001
    endloop
  endfacet
  facet normal  0.000000e+000 -1.000000e+000  -0.000000e+000
    outer loop
      vertex  7.750000e+001  5.000000e-001  0.000000e+000
      vertex  7.750000e+001  5.000000e-001  1.500000e+000
      vertex  6.750000e+001  5.000000e-001  0.000000e+000
    endloop
  endfacet
  facet normal  0.000000e+000 -1.000000e+000  0.000000e+000
    outer loop
      vertex  6.750000e+001  5.000000e-001  0.000000e+000
      vertex  7.750000e+001  5.000000e-001  1.500000e+000
      vertex  6.750000e+001  5.000000e-001  1.500000e+000
    endloop
  endfacet
  facet normal  0.000000e+000 -1.000000e+000  -0.000000e+000
    outer loop
      vertex  6.250000e+001  5.000000e-001  4.440892e-016
      vertex  6.250000e+001  5.000000e-001  1.500000e+000
      vertex  5.250000e+001  5.000000e-001  2.220446e-016
    endloop
  endfacet
  facet normal  0.000000e+000 -1.000000e+000  0.000000e+000
    outer loop
      vertex  5.250000e+001  5.000000e-001  2.220446e-016
      vertex  6.250000e+001  5.000000e-001  1.500000e+000
      vertex  5.250000e+001  5.000000e-001  1.500000e+000
    endloop
  endfacet
  facet normal  0.000000e+000  7.071068e-001  7.071068e-001
    outer loop
      vertex  5.250000e+001  1.000000e-001  2.220446e-016
      vertex  5.250000e+001  5.000000e-001 -4.000000e-001
      vertex  4.750000e+001  1.000000e-001  4.440892e-016
    endloop
  endfacet
  facet normal  0.000000e+000  7.071068e-001  7.071068e-001
    outer loop
      vertex  4.750000e+001  1.000000e-001  4.440892e-016
      vertex  5.250000e+001  5.000000e-001 -4.000000e-001
      vertex  4.750000e+001  5.000000e-001 -4.000000e-001
    endloop
  endfacet
  facet normal  0.000000e+000 -1.000000e+000  -0.000000e+000
    outer loop
      vertex  4.750000e+001  5.000000e-001  4.440892e-016
      vertex  4.750000e+001  5.000000e-001  1.500000e+000
      vertex  3.750000e+001  5.000000e-001 -4.440892e-016
    endloop
  endfacet
  facet normal  0.000000e+000 -1.000000e+000  0.000000e+000
    outer loop
      vertex  3.750000e+001  5.000000e-001 -4.440892e-016
      vertex  4.750000e+001  5.000000e-001  1.500000e+000
      vertex  3.750000e+001  5.000000e-001  1.500000e+000
    endloop
  endfacet
  facet normal -7.071068e-001  0.000000e+000  7.071068e-001
    outer loop
      vertex -1.000000e-001 -4.490000e+001  0.000000e+000
      vertex -5.000000e-001 -4.490000e+001 -4.000000e-001
      vertex -1.000000e-001 -5.035000e+001  0.000000e+000
    endloop
  endfacet
  facet normal -7.071068e-001  0.000000e+000  7.071068e-001
    outer loop
      vertex -1.000000e-001 -5.035000e+001  0.000000e+000
      vertex -5.000000e-001 -4.490000e+001 -4.000000e-001
      vertex -5.000000e-001 -5.035000e+001 -4.000000e-001
    endloop
  endfacet
  facet normal  9.999999e-001  0.000000e+000  0.000000e+000
    outer loop
      vertex -5.000000e-001 -3.560000e+001  0.000000e+000
      vertex -5.000000e-001 -3.560000e+001  1.500000e+000
      vertex -5.000000e-001 -4.490000e+001  0.000000e+000
    endloop
  endfacet
  facet normal  9.999999e-001  0.000000e+000  0.000000e+000
    outer loop
      vertex -5.000000e-001 -4.490000e+001  0.000000e+000
      vertex -5.000000e-001 -3.560000e+001  1.500000e+000
      vertex -5.000000e-001 -4.490000e+001  1.500000e+000
    endloop
  endfacet
  facet normal  9.999999e-001  0.000000e+000  0.000000e+000
    outer loop
      vertex -5.000000e-001 -5.035000e+001  0.000000e+000
      vertex -5.000000e-001 -5.035000e+001  1.500000e+000
      vertex -5.000000e-001 -5.965000e+001  0.000000e+000
    endloop
  endfacet
  facet normal  9.999999e-001  0.000000e+000  0.000000e+000
    outer loop
      vertex -5.000000e-001 -5.965000e+001  0.000000e+000
      vertex -5.000000e-001 -5.035000e+001  1.500000e+000
      vertex -5.000000e-001 -5.965000e+001  1.500000e+000
    endloop
  endfacet
  facet normal  0.000000e+000 -7.071054e-001  7.071081e-001
    outer loop
      vertex  4.750000e+001 -7.010000e+001  0.000000e+000
      vertex  4.750000e+001 -7.050000e+001 -4.000000e-001
      vertex  5.250000e+001 -7.010000e+001  0.000000e+000
    endloop
  endfacet
  facet normal  0.000000e+000 -7.071054e-001  7.071081e-001
    outer loop
      vertex  5.250000e+001 -7.010000e+001  0.000000e+000
      vertex  4.750000e+001 -7.050000e+001 -4.000000e-001
      vertex  5.250000e+001 -7.050000e+001 -4.000000e-001
    endloop
  endfacet
  facet normal  0.000000e+000  1.000000e+000  0.000000e+000
    outer loop
      vertex  3.750000e+001 -7.050000e+001  0.000000e+000
      vertex  3.750000e+001 -7.050000e+001  1.500000e+000
      vertex  4.750000e+001 -7.050000e+001  0.000000e+000
    endloop
  endfacet
  facet normal  0.000000e+000  1.000000e+000  -0.000000e+000
    outer loop
      vertex  4.750000e+001 -7.050000e+001  0.000000e+000
      vertex  3.750000e+001 -7.050000e+001  1.500000e+000
      vertex  4.750000e+001 -7.050000e+001  1.500000e+000
    endloop
  endfacet
  facet normal  0.000000e+000  1.000000e+000  0.000000e+000
    outer loop
      vertex  5.250000e+001 -7.050000e+001  0.000000e+000
      vertex  5.250000e+001 -7.050000e+001  1.500000e+000
      vertex  6.250000e+001 -7.050000e+001  0.000000e+000
    endloop
  endfacet
  facet normal  0.000000e+000  1.000000e+000  -0.000000e+000
    outer loop
      vertex  6.250000e+001 -7.050000e+001  0.000000e+000
      vertex  5.250000e+001 -7.050000e+001  1.500000e+000
      vertex  6.250000e+001 -7.050000e+001  1.500000e+000
    endloop
  endfacet
  facet normal  0.000000e+000 -7.071054e-001  7.071081e-001
    outer loop
      vertex  6.250000e+001 -7.010000e+001  0.000000e+000
      vertex  6.250000e+001 -7.050000e+001 -4.000000e-001
      vertex  6.750000e+001 -7.010000e+001  0.000000e+000
    endloop
  endfacet
  facet normal  0.000000e+000 -7.071054e-001  7.071081e-001
    outer loop
      vertex  6.750000e+001 -7.010000e+001  0.000000e+000
      vertex  6.250000e+001 -7.050000e+001 -4.000000e-001
      vertex  6.750000e+001 -7.050000e+001 -4.000000e-001
    endloop
  endfacet
  facet normal  0.000000e+000  1.000000e+000  0.000000e+000
    outer loop
      vertex  6.750000e+001 -7.050000e+001  0.000000e+000
      vertex  6.750000e+001 -7.050000e+001  1.500000e+000
      vertex  7.750000e+001 -7.050000e+001  0.000000e+000
    endloop
  endfacet
  facet normal  0.000000e+000  1.000000e+000  -0.000000e+000
    outer loop
      vertex  7.750000e+001 -7.050000e+001  0.000000e+000
      vertex  6.750000e+001 -7.050000e+001  1.500000e+000
      vertex  7.750000e+001 -7.050000e+001  1.500000e+000
    endloop
  endfacet
  facet normal  0.000000e+000  0.000000e+000  1.000000e+000
    outer loop
      vertex  8.724471e+001 -8.120107e+000 -2.500000e+000
      vertex  8.704714e+001 -8.104726e+000 -2.500000e+000
      vertex  8.742650e+001 -8.199006e+000 -2.500000e+000
    endloop
  endfacet
  facet normal  0.000000e+000  0.000000e+000  1.000000e+000
    outer loop
      vertex  8.742650e+001 -8.199006e+000 -2.500000e+000
      vertex  8.704714e+001 -8.104726e+000 -2.500000e+000
      vertex  8.685534e+001 -8.154542e+000 -2.500000e+000
    endloop
  endfacet
  facet normal  0.000000e+000  0.000000e+000  1.000000e+000
    outer loop
      vertex  8.742650e+001 -8.199006e+000 -2.500000e+000
      vertex  8.685534e+001 -8.154542e+000 -2.500000e+000
      vertex  8.757267e+001 -8.332818e+000 -2.500000e+000
    endloop
  endfacet
  facet normal  0.000000e+000  0.000000e+000  1.000000e+000
    outer loop
      vertex  8.757267e+001 -8.332818e+000 -2.500000e+000
      vertex  8.685534e+001 -8.154542e+000 -2.500000e+000
      vertex  8.630212e+001 -8.359698e+000 -2.500000e+000
    endloop
  endfacet
  facet normal  -0.000000e+000  0.000000e+000  9.999999e-001
    outer loop
      vertex  8.757267e+001 -8.332818e+000 -2.500000e+000
      vertex  8.630212e+001 -8.359698e+000 -2.500000e+000
      vertex  8.766727e+001 -8.506946e+000 -2.500000e+000
    endloop
  endfacet
  facet normal  0.000000e+000  0.000000e+000  1.000000e+000
    outer loop
      vertex  8.766727e+001 -8.506946e+000 -2.500000e+000
      vertex  8.630212e+001 -8.359698e+000 -2.500000e+000
      vertex  8.572701e+001 -8.491542e+000 -2.500000e+000
    endloop
  endfacet
  facet normal  0.000000e+000  0.000000e+000  1.000000e+000
    outer loop
      vertex  8.766727e+001 -8.506946e+000 -2.500000e+000
      vertex  8.572701e+001 -8.491542e+000 -2.500000e+000
      vertex  8.770000e+001 -8.702393e+000 -2.500000e+000
    endloop
  endfacet
  facet normal  0.000000e+000  0.000000e+000  9.999999e-001
    outer loop
      vertex  8.770000e+001 -8.702393e+000 -2.500000e+000
      vertex  8.572701e+001 -8.491542e+000 -2.500000e+000
      vertex  8.513968e+001 -8.547855e+000 -2.500000e+000
    endloop
  endfacet
  facet normal  0.000000e+000  0.000000e+000  1.000000e+000
    outer loop
      vertex  8.770000e+001 -8.702393e+000 -2.500000e+000
      vertex  8.513968e+001 -8.547855e+000 -2.500000e+000
      vertex  2.300000e+000 -8.702393e+000 -2.500000e+000
    endloop
  endfacet
  facet normal  0.000000e+000  0.000000e+000  1.000000e+000
    outer loop
      vertex  2.300000e+000 -8.702393e+000 -2.500000e+000
      vertex  8.513968e+001 -8.547855e+000 -2.500000e+000
      vertex  4.860321e+000 -8.547855e+000 -2.500000e+000
    endloop
  endfacet
  facet normal  0.000000e+000  0.000000e+000  1.000000e+000
    outer loop
      vertex  2.300000e+000 -8.702393e+000 -2.500000e+000
      vertex  4.860321e+000 -8.547855e+000 -2.500000e+000
      vertex  2.332726e+000 -8.506946e+000 -2.500000e+000
    endloop
  endfacet
  facet normal  -0.000000e+000  0.000000e+000  1.000000e+000
    outer loop
      vertex  2.332726e+000 -8.506946e+000 -2.500000e+000
      vertex  4.860321e+000 -8.547855e+000 -2.500000e+000
      vertex  4.272985e+000 -8.491542e+000 -2.500000e+000
    endloop
  endfacet
  facet normal  0.000000e+000  0.000000e+000  1.000000e+000
    outer loop
      vertex  2.332726e+000 -8.506946e+000 -2.500000e+000
      vertex  4.272985e+000 -8.491542e+000 -2.500000e+000
      vertex  2.427332e+000 -8.332818e+000 -2.500000e+000
    endloop
  endfacet
  facet normal  0.000000e+000  0.000000e+000  1.000000e+000
    outer loop
      vertex  2.427332e+000 -8.332818e+000 -2.500000e+000
      vertex  4.272985e+000 -8.491542e+000 -2.500000e+000
      vertex  3.697874e+000 -8.359698e+000 -2.500000e+000
    endloop
  endfacet
  facet normal  0.000000e+000  0.000000e+000  1.000000e+000
    outer loop
      vertex  2.427332e+000 -8.332818e+000 -2.500000e+000
      vertex  3.697874e+000 -8.359698e+000 -2.500000e+000
      vertex  2.573500e+000 -8.199006e+000 -2.500000e+000
    endloop
  endfacet
  facet normal  -0.000000e+000  0.000000e+000  1.000000e+000
    outer loop
      vertex  2.573500e+000 -8.199006e+000 -2.500000e+000
      vertex  3.697874e+000 -8.359698e+000 -2.500000e+000
      vertex  3.144660e+000 -8.154541e+000 -2.500000e+000
    endloop
  endfacet
  facet normal  0.000000e+000  0.000000e+000  9.999999e-001
    outer loop
      vertex  8.704714e+001 -6.189528e+001 -2.500000e+000
      vertex  8.724471e+001 -6.187989e+001 -2.500000e+000
      vertex  8.685534e+001 -6.184546e+001 -2.500000e+000
    endloop
  endfacet
  facet normal  -0.000000e+000  0.000000e+000  1.000000e+000
    outer loop
      vertex  8.685534e+001 -6.184546e+001 -2.500000e+000
      vertex  8.724471e+001 -6.187989e+001 -2.500000e+000
      vertex  8.742650e+001 -6.180099e+001 -2.500000e+000
    endloop
  endfacet
  facet normal  0.000000e+000  0.000000e+000  1.000000e+000
    outer loop
      vertex  8.685534e+001 -6.184546e+001 -2.500000e+000
      vertex  8.742650e+001 -6.180099e+001 -2.500000e+000
      vertex  8.630212e+001 -6.164030e+001 -2.500000e+000
    endloop
  endfacet
  facet normal  0.000000e+000  0.000000e+000  1.000000e+000
    outer loop
      vertex  8.630212e+001 -6.164030e+001 -2.500000e+000
      vertex  8.742650e+001 -6.180099e+001 -2.500000e+000
      vertex  8.757267e+001 -6.166718e+001 -2.500000e+000
    endloop
  endfacet
  facet normal  0.000000e+000  0.000000e+000  1.000000e+000
    outer loop
      vertex  8.630212e+001 -6.164030e+001 -2.500000e+000
      vertex  8.757267e+001 -6.166718e+001 -2.500000e+000
      vertex  8.572701e+001 -6.150846e+001 -2.500000e+000
    endloop
  endfacet
  facet normal  -0.000000e+000  0.000000e+000  1.000000e+000
    outer loop
      vertex  8.572701e+001 -6.150846e+001 -2.500000e+000
      vertex  8.757267e+001 -6.166718e+001 -2.500000e+000
      vertex  8.766727e+001 -6.149305e+001 -2.500000e+000
    endloop
  endfacet
  facet normal  0.000000e+000  0.000000e+000  1.000000e+000
    outer loop
      vertex  8.572701e+001 -6.150846e+001 -2.500000e+000
      vertex  8.766727e+001 -6.149305e+001 -2.500000e+000
      vertex  8.513968e+001 -6.145214e+001 -2.500000e+000
    endloop
  endfacet
  facet normal  -0.000000e+000  0.000000e+000  1.000000e+000
    outer loop
      vertex  8.513968e+001 -6.145214e+001 -2.500000e+000
      vertex  8.766727e+001 -6.149305e+001 -2.500000e+000
      vertex  8.770000e+001 -6.129761e+001 -2.500000e+000
    endloop
  endfacet
  facet normal  0.000000e+000  0.000000e+000  1.000000e+000
    outer loop
      vertex  8.513968e+001 -6.145214e+001 -2.500000e+000
      vertex  8.770000e+001 -6.129761e+001 -2.500000e+000
      vertex  4.860322e+000 -6.145214e+001 -2.500000e+000
    endloop
  endfacet
  facet normal  0.000000e+000  -0.000000e+000  1.000000e+000
    outer loop
      vertex  4.860322e+000 -6.145214e+001 -2.500000e+000
      vertex  8.770000e+001 -6.129761e+001 -2.500000e+000
      vertex  2.300000e+000 -6.129761e+001 -2.500000e+000
    endloop
  endfacet
  facet normal  0.000000e+000  0.000000e+000  9.999999e-001
    outer loop
      vertex  4.860322e+000 -6.145214e+001 -2.500000e+000
      vertex  2.300000e+000 -6.129761e+001 -2.500000e+000
      vertex  4.272985e+000 -6.150846e+001 -2.500000e+000
    endloop
  endfacet
  facet normal  0.000000e+000  0.000000e+000  1.000000e+000
    outer loop
      vertex  4.272985e+000 -6.150846e+001 -2.500000e+000
      vertex  2.300000e+000 -6.129761e+001 -2.500000e+000
      vertex  2.332726e+000 -6.149305e+001 -2.500000e+000
    endloop
  endfacet
  facet normal  0.000000e+000  0.000000e+000  1.000000e+000
    outer loop
      vertex  4.272985e+000 -6.150846e+001 -2.500000e+000
      vertex  2.332726e+000 -6.149305e+001 -2.500000e+000
      vertex  3.697875e+000 -6.164030e+001 -2.500000e+000
    endloop
  endfacet
  facet normal  0.000000e+000  0.000000e+000  1.000000e+000
    outer loop
      vertex  3.697875e+000 -6.164030e+001 -2.500000e+000
      vertex  2.332726e+000 -6.149305e+001 -2.500000e+000
      vertex  2.427332e+000 -6.166718e+001 -2.500000e+000
    endloop
  endfacet
  facet normal  -0.000000e+000  0.000000e+000  9.999999e-001
    outer loop
      vertex  3.697875e+000 -6.164030e+001 -2.500000e+000
      vertex  2.427332e+000 -6.166718e+001 -2.500000e+000
      vertex  3.144661e+000 -6.184546e+001 -2.500000e+000
    endloop
  endfacet
  facet normal  0.000000e+000  0.000000e+000  1.000000e+000
    outer loop
      vertex  3.144661e+000 -6.184546e+001 -2.500000e+000
      vertex  2.427332e+000 -6.166718e+001 -2.500000e+000
      vertex  2.573500e+000 -6.180099e+001 -2.500000e+000
    endloop
  endfacet
  facet normal  0.000000e+000  0.000000e+000  1.000000e+000
    outer loop
      vertex  3.144661e+000 -6.184546e+001 -2.500000e+000
      vertex  2.573500e+000 -6.180099e+001 -2.500000e+000
      vertex  2.952855e+000 -6.189528e+001 -2.500000e+000
    endloop
  endfacet
  facet normal  0.000000e+000  0.000000e+000  1.000000e+000
    outer loop
      vertex  2.952855e+000 -6.189528e+001 -2.500000e+000
      vertex  2.573500e+000 -6.180099e+001 -2.500000e+000
      vertex  2.755285e+000 -6.187989e+001 -2.500000e+000
    endloop
  endfacet
  facet normal  -0.000000e+000  0.000000e+000  9.999999e-001
    outer loop
      vertex  7.996885e+001 -2.300000e+000 -2.500000e+000
      vertex  1.003115e+001 -2.300000e+000 -2.500000e+000
      vertex  8.017864e+001 -2.337874e+000 -2.500000e+000
    endloop
  endfacet
  facet normal  0.000000e+000  0.000000e+000  1.000000e+000
    outer loop
      vertex  8.017864e+001 -2.337874e+000 -2.500000e+000
      vertex  1.003115e+001 -2.300000e+000 -2.500000e+000
      vertex  9.821357e+000 -2.337874e+000 -2.500000e+000
    endloop
  endfacet
  facet normal  -0.000000e+000  0.000000e+000  9.999999e-001
    outer loop
      vertex  8.017864e+001 -2.337874e+000 -2.500000e+000
      vertex  9.821357e+000 -2.337874e+000 -2.500000e+000
      vertex  8.036195e+001 -2.446716e+000 -2.500000e+000
    endloop
  endfacet
  facet normal  0.000000e+000  0.000000e+000  1.000000e+000
    outer loop
      vertex  8.036195e+001 -2.446716e+000 -2.500000e+000
      vertex  9.821357e+000 -2.337874e+000 -2.500000e+000
      vertex  9.638046e+000 -2.446715e+000 -2.500000e+000
    endloop
  endfacet
  facet normal  0.000000e+000  0.000000e+000  1.000000e+000
    outer loop
      vertex  8.036195e+001 -2.446716e+000 -2.500000e+000
      vertex  9.638046e+000 -2.446715e+000 -2.500000e+000
      vertex  8.049564e+001 -2.612783e+000 -2.500000e+000
    endloop
  endfacet
  facet normal  0.000000e+000  0.000000e+000  1.000000e+000
    outer loop
      vertex  8.049564e+001 -2.612783e+000 -2.500000e+000
      vertex  9.638046e+000 -2.446715e+000 -2.500000e+000
      vertex  9.504364e+000 -2.612783e+000 -2.500000e+000
    endloop
  endfacet
  facet normal  -0.000000e+000  0.000000e+000  9.999999e-001
    outer loop
      vertex  8.049564e+001 -2.612783e+000 -2.500000e+000
      vertex  9.504364e+000 -2.612783e+000 -2.500000e+000
      vertex  8.056281e+001 -2.815110e+000 -2.500000e+000
    endloop
  endfacet
  facet normal  0.000000e+000  0.000000e+000  1.000000e+000
    outer loop
      vertex  8.056281e+001 -2.815110e+000 -2.500000e+000
      vertex  9.504364e+000 -2.612783e+000 -2.500000e+000
      vertex  9.437188e+000 -2.815110e+000 -2.500000e+000
    endloop
  endfacet
  facet normal  -0.000000e+000  0.000000e+000  1.000000e+000
    outer loop
      vertex  8.056281e+001 -2.815110e+000 -2.500000e+000
      vertex  9.437188e+000 -2.815110e+000 -2.500000e+000
      vertex  8.055500e+001 -3.028155e+000 -2.500000e+000
    endloop
  endfacet
  facet normal  0.000000e+000  0.000000e+000  1.000000e+000
    outer loop
      vertex  8.055500e+001 -3.028155e+000 -2.500000e+000
      vertex  9.437188e+000 -2.815110e+000 -2.500000e+000
      vertex  9.445000e+000 -3.028156e+000 -2.500000e+000
    endloop
  endfacet
  facet normal  -0.000000e+000  0.000000e+000  1.000000e+000
    outer loop
      vertex  8.055500e+001 -3.028155e+000 -2.500000e+000
      vertex  9.445000e+000 -3.028156e+000 -2.500000e+000
      vertex  8.046661e+001 -3.611527e+000 -2.500000e+000
    endloop
  endfacet
  facet normal  0.000000e+000  0.000000e+000  1.000000e+000
    outer loop
      vertex  8.046661e+001 -3.611527e+000 -2.500000e+000
      vertex  9.445000e+000 -3.028156e+000 -2.500000e+000
      vertex  9.533386e+000 -3.611528e+000 -2.500000e+000
    endloop
  endfacet
  facet normal  -0.000000e+000  0.000000e+000  1.000000e+000
    outer loop
      vertex  8.046661e+001 -3.611527e+000 -2.500000e+000
      vertex  9.533386e+000 -3.611528e+000 -2.500000e+000
      vertex  8.045446e+001 -4.201432e+000 -2.500000e+000
    endloop
  endfacet
  facet normal  0.000000e+000  0.000000e+000  9.999999e-001
    outer loop
      vertex  8.045446e+001 -4.201432e+000 -2.500000e+000
      vertex  9.533386e+000 -3.611528e+000 -2.500000e+000
      vertex  9.545539e+000 -4.201432e+000 -2.500000e+000
    endloop
  endfacet
  facet normal  -0.000000e+000  0.000000e+000  1.000000e+000
    outer loop
      vertex  8.045446e+001 -4.201432e+000 -2.500000e+000
      vertex  9.545539e+000 -4.201432e+000 -2.500000e+000
      vertex  8.051875e+001 -4.787949e+000 -2.500000e+000
    endloop
  endfacet
  facet normal  0.000000e+000  0.000000e+000  1.000000e+000
    outer loop
      vertex  8.051875e+001 -4.787949e+000 -2.500000e+000
      vertex  9.545539e+000 -4.201432e+000 -2.500000e+000
      vertex  9.481254e+000 -4.787950e+000 -2.500000e+000
    endloop
  endfacet
  facet normal  -0.000000e+000  0.000000e+000  1.000000e+000
    outer loop
      vertex  8.051875e+001 -4.787949e+000 -2.500000e+000
      vertex  9.481254e+000 -4.787950e+000 -2.500000e+000
      vertex  8.065839e+001 -5.361216e+000 -2.500000e+000
    endloop
  endfacet
  facet normal  0.000000e+000  0.000000e+000  1.000000e+000
    outer loop
      vertex  8.065839e+001 -5.361216e+000 -2.500000e+000
      vertex  9.481254e+000 -4.787950e+000 -2.500000e+000
      vertex  9.341612e+000 -5.361216e+000 -2.500000e+000
    endloop
  endfacet
  facet normal  -0.000000e+000  0.000000e+000  1.000000e+000
    outer loop
      vertex  8.065839e+001 -5.361216e+000 -2.500000e+000
      vertex  9.341612e+000 -5.361216e+000 -2.500000e+000
      vertex  8.087104e+001 -5.911592e+000 -2.500000e+000
    endloop
  endfacet
  facet normal  0.000000e+000  0.000000e+000  1.000000e+000
    outer loop
      vertex  8.087104e+001 -5.911592e+000 -2.500000e+000
      vertex  9.341612e+000 -5.361216e+000 -2.500000e+000
      vertex  9.128961e+000 -5.911593e+000 -2.500000e+000
    endloop
  endfacet
  facet normal  -0.000000e+000  0.000000e+000  1.000000e+000
    outer loop
      vertex  8.087104e+001 -5.911592e+000 -2.500000e+000
      vertex  9.128961e+000 -5.911593e+000 -2.500000e+000
      vertex  8.115312e+001 -6.429824e+000 -2.500000e+000
    endloop
  endfacet
  facet normal  0.000000e+000  0.000000e+000  1.000000e+000
    outer loop
      vertex  8.115312e+001 -6.429824e+000 -2.500000e+000
      vertex  9.128961e+000 -5.911593e+000 -2.500000e+000
      vertex  8.846876e+000 -6.429824e+000 -2.500000e+000
    endloop
  endfacet
  facet normal  -0.000000e+000  0.000000e+000  1.000000e+000
    outer loop
      vertex  8.115312e+001 -6.429824e+000 -2.500000e+000
      vertex  8.846876e+000 -6.429824e+000 -2.500000e+000
      vertex  8.149990e+001 -6.907195e+000 -2.500000e+000
    endloop
  endfacet
  facet normal  0.000000e+000  0.000000e+000  1.000000e+000
    outer loop
      vertex  8.149990e+001 -6.907195e+000 -2.500000e+000
      vertex  8.846876e+000 -6.429824e+000 -2.500000e+000
      vertex  8.500102e+000 -6.907195e+000 -2.500000e+000
    endloop
  endfacet
  facet normal  -0.000000e+000  0.000000e+000  1.000000e+000
    outer loop
      vertex  8.149990e+001 -6.907195e+000 -2.500000e+000
      vertex  8.500102e+000 -6.907195e+000 -2.500000e+000
      vertex  8.190553e+001 -7.335678e+000 -2.500000e+000
    endloop
  endfacet
  facet normal  0.000000e+000  0.000000e+000  9.999999e-001
    outer loop
      vertex  8.190553e+001 -7.335678e+000 -2.500000e+000
      vertex  8.500102e+000 -6.907195e+000 -2.500000e+000
      vertex  8.094471e+000 -7.335679e+000 -2.500000e+000
    endloop
  endfacet
  facet normal  -0.000000e+000  0.000000e+000  1.000000e+000
    outer loop
      vertex  8.190553e+001 -7.335678e+000 -2.500000e+000
      vertex  8.094471e+000 -7.335679e+000 -2.500000e+000
      vertex  8.236320e+001 -7.708068e+000 -2.500000e+000
    endloop
  endfacet
  facet normal  0.000000e+000  0.000000e+000  1.000000e+000
    outer loop
      vertex  8.236320e+001 -7.708068e+000 -2.500000e+000
      vertex  8.094471e+000 -7.335679e+000 -2.500000e+000
      vertex  7.636802e+000 -7.708069e+000 -2.500000e+000
    endloop
  endfacet
  facet normal  -0.000000e+000  0.000000e+000  1.000000e+000
    outer loop
      vertex  8.236320e+001 -7.708068e+000 -2.500000e+000
      vertex  7.636802e+000 -7.708069e+000 -2.500000e+000
      vertex  8.286520e+001 -8.018104e+000 -2.500000e+000
    endloop
  endfacet
  facet normal  0.000000e+000  0.000000e+000  1.000000e+000
    outer loop
      vertex  8.286520e+001 -8.018104e+000 -2.500000e+000
      vertex  7.636802e+000 -7.708069e+000 -2.500000e+000
      vertex  7.134793e+000 -8.018104e+000 -2.500000e+000
    endloop
  endfacet
  facet normal  -0.000000e+000  0.000000e+000  9.999999e-001
    outer loop
      vertex  8.286520e+001 -8.018104e+000 -2.500000e+000
      vertex  7.134793e+000 -8.018104e+000 -2.500000e+000
      vertex  8.340311e+001 -8.260570e+000 -2.500000e+000
    endloop
  endfacet
  facet normal  0.000000e+000  0.000000e+000  1.000000e+000
    outer loop
      vertex  8.340311e+001 -8.260570e+000 -2.500000e+000
      vertex  7.134793e+000 -8.018104e+000 -2.500000e+000
      vertex  6.596885e+000 -8.260571e+000 -2.500000e+000
    endloop
  endfacet
  facet normal  -0.000000e+000  0.000000e+000  1.000000e+000
    outer loop
      vertex  8.340311e+001 -8.260570e+000 -2.500000e+000
      vertex  6.596885e+000 -8.260571e+000 -2.500000e+000
      vertex  8.396787e+001 -8.431391e+000 -2.500000e+000
    endloop
  endfacet
  facet normal  0.000000e+000  0.000000e+000  1.000000e+000
    outer loop
      vertex  8.396787e+001 -8.431391e+000 -2.500000e+000
      vertex  6.596885e+000 -8.260571e+000 -2.500000e+000
      vertex  6.032124e+000 -8.431391e+000 -2.500000e+000
    endloop
  endfacet
  facet normal  -0.000000e+000  0.000000e+000  9.999999e-001
    outer loop
      vertex  8.396787e+001 -8.431391e+000 -2.500000e+000
      vertex  6.032124e+000 -8.431391e+000 -2.500000e+000
      vertex  8.455000e+001 -8.527692e+000 -2.500000e+000
    endloop
  endfacet
  facet normal  0.000000e+000  0.000000e+000  1.000000e+000
    outer loop
      vertex  8.455000e+001 -8.527692e+000 -2.500000e+000
      vertex  6.032124e+000 -8.431391e+000 -2.500000e+000
      vertex  5.450006e+000 -8.527692e+000 -2.500000e+000
    endloop
  endfacet
  facet normal  -0.000000e+000  0.000000e+000  1.000000e+000
    outer loop
      vertex  8.455000e+001 -8.527692e+000 -2.500000e+000
      vertex  5.450006e+000 -8.527692e+000 -2.500000e+000
      vertex  8.513968e+001 -8.547855e+000 -2.500000e+000
    endloop
  endfacet
  facet normal  0.000000e+000  0.000000e+000  1.000000e+000
    outer loop
      vertex  8.513968e+001 -8.547855e+000 -2.500000e+000
      vertex  5.450006e+000 -8.527692e+000 -2.500000e+000
      vertex  4.860321e+000 -8.547855e+000 -2.500000e+000
    endloop
  endfacet
  facet normal  0.000000e+000  0.000000e+000  1.000000e+000
    outer loop
      vertex  2.300000e+000 -6.129761e+001 -2.500000e+000
      vertex  8.770000e+001 -6.129761e+001 -2.500000e+000
      vertex  2.300000e+000 -8.702393e+000 -2.500000e+000
    endloop
  endfacet
  facet normal  -0.000000e+000  0.000000e+000  1.000000e+000
    outer loop
      vertex  2.300000e+000 -8.702393e+000 -2.500000e+000
      vertex  8.770000e+001 -6.129761e+001 -2.500000e+000
      vertex  8.770000e+001 -8.702393e+000 -2.500000e+000
    endloop
  endfacet
  facet normal  -0.000000e+000  0.000000e+000  1.000000e+000
    outer loop
      vertex  8.513968e+001 -6.145214e+001 -2.500000e+000
      vertex  4.860322e+000 -6.145214e+001 -2.500000e+000
      vertex  8.455000e+001 -6.147231e+001 -2.500000e+000
    endloop
  endfacet
  facet normal  0.000000e+000  0.000000e+000  1.000000e+000
    outer loop
      vertex  8.455000e+001 -6.147231e+001 -2.500000e+000
      vertex  4.860322e+000 -6.145214e+001 -2.500000e+000
      vertex  5.450006e+000 -6.147231e+001 -2.500000e+000
    endloop
  endfacet
  facet normal  -0.000000e+000  0.000000e+000  1.000000e+000
    outer loop
      vertex  8.455000e+001 -6.147231e+001 -2.500000e+000
      vertex  5.450006e+000 -6.147231e+001 -2.500000e+000
      vertex  8.396787e+001 -6.156861e+001 -2.500000e+000
    endloop
  endfacet
  facet normal  0.000000e+000  0.000000e+000  1.000000e+000
    outer loop
      vertex  8.396787e+001 -6.156861e+001 -2.500000e+000
      vertex  5.450006e+000 -6.147231e+001 -2.500000e+000
      vertex  6.032124e+000 -6.156861e+001 -2.500000e+000
    endloop
  endfacet
  facet normal  -0.000000e+000  0.000000e+000  1.000000e+000
    outer loop
      vertex  8.396787e+001 -6.156861e+001 -2.500000e+000
      vertex  6.032124e+000 -6.156861e+001 -2.500000e+000
      vertex  8.340311e+001 -6.173943e+001 -2.500000e+000
    endloop
  endfacet
  facet normal  0.000000e+000  0.000000e+000  1.000000e+000
    outer loop
      vertex  8.340311e+001 -6.173943e+001 -2.500000e+000
      vertex  6.032124e+000 -6.156861e+001 -2.500000e+000
      vertex  6.596886e+000 -6.173943e+001 -2.500000e+000
    endloop
  endfacet
  facet normal  -0.000000e+000  0.000000e+000  1.000000e+000
    outer loop
      vertex  8.340311e+001 -6.173943e+001 -2.500000e+000
      vertex  6.596886e+000 -6.173943e+001 -2.500000e+000
      vertex  8.286520e+001 -6.198190e+001 -2.500000e+000
    endloop
  endfacet
  facet normal  0.000000e+000  0.000000e+000  9.999999e-001
    outer loop
      vertex  8.286520e+001 -6.198190e+001 -2.500000e+000
      vertex  6.596886e+000 -6.173943e+001 -2.500000e+000
      vertex  7.134793e+000 -6.198190e+001 -2.500000e+000
    endloop
  endfacet
  facet normal  -0.000000e+000  0.000000e+000  1.000000e+000
    outer loop
      vertex  8.286520e+001 -6.198190e+001 -2.500000e+000
      vertex  7.134793e+000 -6.198190e+001 -2.500000e+000
      vertex  8.236320e+001 -6.229193e+001 -2.500000e+000
    endloop
  endfacet
  facet normal  0.000000e+000  0.000000e+000  1.000000e+000
    outer loop
      vertex  8.236320e+001 -6.229193e+001 -2.500000e+000
      vertex  7.134793e+000 -6.198190e+001 -2.500000e+000
      vertex  7.636803e+000 -6.229193e+001 -2.500000e+000
    endloop
  endfacet
  facet normal  -0.000000e+000  0.000000e+000  1.000000e+000
    outer loop
      vertex  8.236320e+001 -6.229193e+001 -2.500000e+000
      vertex  7.636803e+000 -6.229193e+001 -2.500000e+000
      vertex  8.190553e+001 -6.266432e+001 -2.500000e+000
    endloop
  endfacet
  facet normal  0.000000e+000  0.000000e+000  9.999999e-001
    outer loop
      vertex  8.190553e+001 -6.266432e+001 -2.500000e+000
      vertex  7.636803e+000 -6.229193e+001 -2.500000e+000
      vertex  8.094471e+000 -6.266432e+001 -2.500000e+000
    endloop
  endfacet
  facet normal  -0.000000e+000  0.000000e+000  1.000000e+000
    outer loop
      vertex  8.190553e+001 -6.266432e+001 -2.500000e+000
      vertex  8.094471e+000 -6.266432e+001 -2.500000e+000
      vertex  8.149990e+001 -6.309280e+001 -2.500000e+000
    endloop
  endfacet
  facet normal  0.000000e+000  0.000000e+000  1.000000e+000
    outer loop
      vertex  8.149990e+001 -6.309280e+001 -2.500000e+000
      vertex  8.094471e+000 -6.266432e+001 -2.500000e+000
      vertex  8.500103e+000 -6.309280e+001 -2.500000e+000
    endloop
  endfacet
  facet normal  -0.000000e+000  0.000000e+000  1.000000e+000
    outer loop
      vertex  8.149990e+001 -6.309280e+001 -2.500000e+000
      vertex  8.500103e+000 -6.309280e+001 -2.500000e+000
      vertex  8.115312e+001 -6.357018e+001 -2.500000e+000
    endloop
  endfacet
  facet normal  0.000000e+000  0.000000e+000  1.000000e+000
    outer loop
      vertex  8.115312e+001 -6.357018e+001 -2.500000e+000
      vertex  8.500103e+000 -6.309280e+001 -2.500000e+000
      vertex  8.846876e+000 -6.357018e+001 -2.500000e+000
    endloop
  endfacet
  facet normal  -0.000000e+000  0.000000e+000  1.000000e+000
    outer loop
      vertex  8.115312e+001 -6.357018e+001 -2.500000e+000
      vertex  8.846876e+000 -6.357018e+001 -2.500000e+000
      vertex  8.087104e+001 -6.408841e+001 -2.500000e+000
    endloop
  endfacet
  facet normal  0.000000e+000  0.000000e+000  1.000000e+000
    outer loop
      vertex  8.087104e+001 -6.408841e+001 -2.500000e+000
      vertex  8.846876e+000 -6.357018e+001 -2.500000e+000
      vertex  9.128961e+000 -6.408841e+001 -2.500000e+000
    endloop
  endfacet
  facet normal  -0.000000e+000  0.000000e+000  1.000000e+000
    outer loop
      vertex  8.087104e+001 -6.408841e+001 -2.500000e+000
      vertex  9.128961e+000 -6.408841e+001 -2.500000e+000
      vertex  8.065839e+001 -6.463879e+001 -2.500000e+000
    endloop
  endfacet
  facet normal  0.000000e+000  0.000000e+000  1.000000e+000
    outer loop
      vertex  8.065839e+001 -6.463879e+001 -2.500000e+000
      vertex  9.128961e+000 -6.408841e+001 -2.500000e+000
      vertex  9.341612e+000 -6.463879e+001 -2.500000e+000
    endloop
  endfacet
  facet normal  -0.000000e+000  0.000000e+000  1.000000e+000
    outer loop
      vertex  8.065839e+001 -6.463879e+001 -2.500000e+000
      vertex  9.341612e+000 -6.463879e+001 -2.500000e+000
      vertex  8.051875e+001 -6.521205e+001 -2.500000e+000
    endloop
  endfacet
  facet normal  0.000000e+000  0.000000e+000  1.000000e+000
    outer loop
      vertex  8.051875e+001 -6.521205e+001 -2.500000e+000
      vertex  9.341612e+000 -6.463879e+001 -2.500000e+000
      vertex  9.481254e+000 -6.521205e+001 -2.500000e+000
    endloop
  endfacet
  facet normal  -0.000000e+000  0.000000e+000  1.000000e+000
    outer loop
      vertex  8.051875e+001 -6.521205e+001 -2.500000e+000
      vertex  9.481254e+000 -6.521205e+001 -2.500000e+000
      vertex  8.045446e+001 -6.579857e+001 -2.500000e+000
    endloop
  endfacet
  facet normal  0.000000e+000  0.000000e+000  1.000000e+000
    outer loop
      vertex  8.045446e+001 -6.579857e+001 -2.500000e+000
      vertex  9.481254e+000 -6.521205e+001 -2.500000e+000
      vertex  9.545539e+000 -6.579857e+001 -2.500000e+000
    endloop
  endfacet
  facet normal  -0.000000e+000  0.000000e+000  1.000000e+000
    outer loop
      vertex  8.045446e+001 -6.579857e+001 -2.500000e+000
      vertex  9.545539e+000 -6.579857e+001 -2.500000e+000
      vertex  8.046661e+001 -6.638847e+001 -2.500000e+000
    endloop
  endfacet
  facet normal  0.000000e+000  0.000000e+000  9.999999e-001
    outer loop
      vertex  8.046661e+001 -6.638847e+001 -2.500000e+000
      vertex  9.545539e+000 -6.579857e+001 -2.500000e+000
      vertex  9.533386e+000 -6.638847e+001 -2.500000e+000
    endloop
  endfacet
  facet normal  -0.000000e+000  0.000000e+000  1.000000e+000
    outer loop
      vertex  8.046661e+001 -6.638847e+001 -2.500000e+000
      vertex  9.533386e+000 -6.638847e+001 -2.500000e+000
      vertex  8.055500e+001 -6.697185e+001 -2.500000e+000
    endloop
  endfacet
  facet normal  0.000000e+000  0.000000e+000  1.000000e+000
    outer loop
      vertex  8.055500e+001 -6.697185e+001 -2.500000e+000
      vertex  9.533386e+000 -6.638847e+001 -2.500000e+000
      vertex  9.445000e+000 -6.697185e+001 -2.500000e+000
    endloop
  endfacet
  facet normal  -0.000000e+000  0.000000e+000  1.000000e+000
    outer loop
      vertex  8.055500e+001 -6.697185e+001 -2.500000e+000
      vertex  9.445000e+000 -6.697185e+001 -2.500000e+000
      vertex  8.056281e+001 -6.718489e+001 -2.500000e+000
    endloop
  endfacet
  facet normal  0.000000e+000  0.000000e+000  1.000000e+000
    outer loop
      vertex  8.056281e+001 -6.718489e+001 -2.500000e+000
      vertex  9.445000e+000 -6.697185e+001 -2.500000e+000
      vertex  9.437188e+000 -6.718489e+001 -2.500000e+000
    endloop
  endfacet
  facet normal  -0.000000e+000  0.000000e+000  1.000000e+000
    outer loop
      vertex  8.056281e+001 -6.718489e+001 -2.500000e+000
      vertex  9.437188e+000 -6.718489e+001 -2.500000e+000
      vertex  8.049564e+001 -6.738721e+001 -2.500000e+000
    endloop
  endfacet
  facet normal  0.000000e+000  0.000000e+000  9.999999e-001
    outer loop
      vertex  8.049564e+001 -6.738721e+001 -2.500000e+000
      vertex  9.437188e+000 -6.718489e+001 -2.500000e+000
      vertex  9.504364e+000 -6.738721e+001 -2.500000e+000
    endloop
  endfacet
  facet normal  -0.000000e+000  0.000000e+000  1.000000e+000
    outer loop
      vertex  8.049564e+001 -6.738721e+001 -2.500000e+000
      vertex  9.504364e+000 -6.738721e+001 -2.500000e+000
      vertex  8.036195e+001 -6.755328e+001 -2.500000e+000
    endloop
  endfacet
  facet normal  0.000000e+000  0.000000e+000  1.000000e+000
    outer loop
      vertex  8.036195e+001 -6.755328e+001 -2.500000e+000
      vertex  9.504364e+000 -6.738721e+001 -2.500000e+000
      vertex  9.638046e+000 -6.755328e+001 -2.500000e+000
    endloop
  endfacet
  facet normal  -0.000000e+000  0.000000e+000  1.000000e+000
    outer loop
      vertex  8.036195e+001 -6.755328e+001 -2.500000e+000
      vertex  9.638046e+000 -6.755328e+001 -2.500000e+000
      vertex  8.017864e+001 -6.766212e+001 -2.500000e+000
    endloop
  endfacet
  facet normal  0.000000e+000  0.000000e+000  1.000000e+000
    outer loop
      vertex  8.017864e+001 -6.766212e+001 -2.500000e+000
      vertex  9.638046e+000 -6.755328e+001 -2.500000e+000
      vertex  9.821356e+000 -6.766212e+001 -2.500000e+000
    endloop
  endfacet
  facet normal  -0.000000e+000  0.000000e+000  1.000000e+000
    outer loop
      vertex  8.017864e+001 -6.766212e+001 -2.500000e+000
      vertex  9.821356e+000 -6.766212e+001 -2.500000e+000
      vertex  7.996885e+001 -6.770000e+001 -2.500000e+000
    endloop
  endfacet
  facet normal  0.000000e+000  0.000000e+000  1.000000e+000
    outer loop
      vertex  7.996885e+001 -6.770000e+001 -2.500000e+000
      vertex  9.821356e+000 -6.766212e+001 -2.500000e+000
      vertex  1.003115e+001 -6.770000e+001 -2.500000e+000
    endloop
  endfacet
  facet normal  0.000000e+000  0.000000e+000  1.000000e+000
    outer loop
      vertex  2.755285e+000 -8.120107e+000 -2.500000e+000
      vertex  2.573500e+000 -8.199006e+000 -2.500000e+000
      vertex  2.952855e+000 -8.104726e+000 -2.500000e+000
    endloop
  endfacet
  facet normal  0.000000e+000  0.000000e+000  9.999999e-001
    outer loop
      vertex  2.952855e+000 -8.104726e+000 -2.500000e+000
      vertex  2.573500e+000 -8.199006e+000 -2.500000e+000
      vertex  3.144660e+000 -8.154541e+000 -2.500000e+000
    endloop
  endfacet
  facet normal  0.000000e+000 -1.000000e+000  -0.000000e+000
    outer loop
      vertex  7.996885e+001 -1.900000e+000 -2.100000e+000
      vertex  7.996885e+001 -1.900000e+000  0.000000e+000
      vertex  1.003115e+001 -1.900000e+000 -2.100000e+000
    endloop
  endfacet
  facet normal  0.000000e+000 -1.000000e+000  0.000000e+000
    outer loop
      vertex  1.003115e+001 -1.900000e+000 -2.100000e+000
      vertex  7.996885e+001 -1.900000e+000  0.000000e+000
      vertex  1.003115e+001 -1.900000e+000  0.000000e+000
    endloop
  endfacet
  facet normal  5.954877e-001 -8.033645e-001  0.000000e+000
    outer loop
      vertex  9.338292e+000 -2.178928e+000  0.000000e+000
      vertex  9.542715e+000 -2.027401e+000 -2.100000e+000
      vertex  9.542715e+000 -2.027401e+000  0.000000e+000
    endloop
  endfacet
  facet normal  3.734491e-001 -9.276506e-001  0.000000e+000
    outer loop
      vertex  9.542715e+000 -2.027401e+000  0.000000e+000
      vertex  9.542715e+000 -2.027401e+000 -2.100000e+000
      vertex  9.778763e+000 -1.932374e+000 -2.100000e+000
    endloop
  endfacet
  facet normal  3.734491e-001 -9.276506e-001  0.000000e+000
    outer loop
      vertex  9.542715e+000 -2.027401e+000  0.000000e+000
      vertex  9.778763e+000 -1.932374e+000 -2.100000e+000
      vertex  9.778763e+000 -1.932374e+000  0.000000e+000
    endloop
  endfacet
  facet normal  1.272293e-001 -9.918733e-001  0.000000e+000
    outer loop
      vertex  9.778763e+000 -1.932374e+000  0.000000e+000
      vertex  9.778763e+000 -1.932374e+000 -2.100000e+000
      vertex  1.003115e+001 -1.900000e+000 -2.100000e+000
    endloop
  endfacet
  facet normal  1.272293e-001 -9.918733e-001  0.000000e+000
    outer loop
      vertex  9.778763e+000 -1.932374e+000  0.000000e+000
      vertex  1.003115e+001 -1.900000e+000 -2.100000e+000
      vertex  1.003115e+001 -1.900000e+000  0.000000e+000
    endloop
  endfacet
  facet normal  5.954877e-001 -8.033645e-001  0.000000e+000
    outer loop
      vertex  9.542715e+000 -2.027401e+000 -2.100000e+000
      vertex  9.338292e+000 -2.178928e+000  0.000000e+000
      vertex  9.338292e+000 -2.178928e+000 -2.100000e+000
    endloop
  endfacet
  facet normal  7.789715e-001 -6.270593e-001  0.000000e+000
    outer loop
      vertex  9.338292e+000 -2.178928e+000 -2.100000e+000
      vertex  9.338292e+000 -2.178928e+000  0.000000e+000
      vertex  9.178732e+000 -2.377144e+000  0.000000e+000
    endloop
  endfacet
  facet normal  7.789715e-001 -6.270593e-001  0.000000e+000
    outer loop
      vertex  9.338292e+000 -2.178928e+000 -2.100000e+000
      vertex  9.178732e+000 -2.377144e+000  0.000000e+000
      vertex  9.178732e+000 -2.377144e+000 -2.100000e+000
    endloop
  endfacet
  facet normal  9.120159e-001 -4.101547e-001  0.000000e+000
    outer loop
      vertex  9.178732e+000 -2.377144e+000 -2.100000e+000
      vertex  9.178732e+000 -2.377144e+000  0.000000e+000
      vertex  9.074365e+000 -2.609214e+000  0.000000e+000
    endloop
  endfacet
  facet normal  9.120159e-001 -4.101547e-001  0.000000e+000
    outer loop
      vertex  9.178732e+000 -2.377144e+000 -2.100000e+000
      vertex  9.074365e+000 -2.609214e+000  0.000000e+000
      vertex  9.074365e+000 -2.609214e+000 -2.100000e+000
    endloop
  endfacet
  facet normal  9.860094e-001 -1.666901e-001  0.000000e+000
    outer loop
      vertex  9.074365e+000 -2.609214e+000 -2.100000e+000
      vertex  9.074365e+000 -2.609214e+000  0.000000e+000
      vertex  9.031949e+000 -2.860112e+000  0.000000e+000
    endloop
  endfacet
  facet normal  9.860094e-001 -1.666901e-001  0.000000e+000
    outer loop
      vertex  9.074365e+000 -2.609214e+000 -2.100000e+000
      vertex  9.031949e+000 -2.860112e+000  0.000000e+000
      vertex  9.031949e+000 -2.860112e+000 -2.100000e+000
    endloop
  endfacet
  facet normal  9.961591e-001  8.756145e-002  -0.000000e+000
    outer loop
      vertex  9.031949e+000 -2.860112e+000 -2.100000e+000
      vertex  9.031949e+000 -2.860112e+000  0.000000e+000
      vertex  9.054230e+000 -3.113592e+000  0.000000e+000
    endloop
  endfacet
  facet normal  9.961591e-001  8.756145e-002  0.000000e+000
    outer loop
      vertex  9.031949e+000 -2.860112e+000 -2.100000e+000
      vertex  9.054230e+000 -3.113592e+000  0.000000e+000
      vertex  9.054230e+000 -3.113592e+000 -2.100000e+000
    endloop
  endfacet
  facet normal  9.893154e-001  1.457911e-001  0.000000e+000
    outer loop
      vertex  9.054230e+000 -3.113592e+000 -2.100000e+000
      vertex  9.054230e+000 -3.113592e+000  0.000000e+000
      vertex  9.137585e+000 -3.679226e+000 -2.100000e+000
    endloop
  endfacet
  facet normal  9.893154e-001  1.457911e-001  -0.000000e+000
    outer loop
      vertex  9.137585e+000 -3.679226e+000 -2.100000e+000
      vertex  9.054230e+000 -3.113592e+000  0.000000e+000
      vertex  9.137585e+000 -3.679226e+000  0.000000e+000
    endloop
  endfacet
  facet normal  9.999644e-001  8.431815e-003  0.000000e+000
    outer loop
      vertex  9.137585e+000 -3.679226e+000 -2.100000e+000
      vertex  9.137585e+000 -3.679226e+000  0.000000e+000
      vertex  9.142406e+000 -4.250947e+000 -2.100000e+000
    endloop
  endfacet
  facet normal  9.999644e-001  8.431815e-003  -0.000000e+000
    outer loop
      vertex  9.142406e+000 -4.250947e+000 -2.100000e+000
      vertex  9.137585e+000 -3.679226e+000  0.000000e+000
      vertex  9.142406e+000 -4.250947e+000  0.000000e+000
    endloop
  endfacet
  facet normal  9.916336e-001 -1.290843e-001  0.000000e+000
    outer loop
      vertex  9.142406e+000 -4.250947e+000 -2.100000e+000
      vertex  9.142406e+000 -4.250947e+000  0.000000e+000
      vertex  9.068603e+000 -4.817906e+000 -2.100000e+000
    endloop
  endfacet
  facet normal  9.916336e-001 -1.290843e-001  0.000000e+000
    outer loop
      vertex  9.068603e+000 -4.817906e+000 -2.100000e+000
      vertex  9.142406e+000 -4.250947e+000  0.000000e+000
      vertex  9.068603e+000 -4.817906e+000  0.000000e+000
    endloop
  endfacet
  facet normal  9.644815e-001 -2.641503e-001  0.000000e+000
    outer loop
      vertex  9.068603e+000 -4.817906e+000 -2.100000e+000
      vertex  9.068603e+000 -4.817906e+000  0.000000e+000
      vertex  8.917577e+000 -5.369341e+000 -2.100000e+000
    endloop
  endfacet
  facet normal  9.644815e-001 -2.641503e-001  0.000000e+000
    outer loop
      vertex  8.917577e+000 -5.369341e+000 -2.100000e+000
      vertex  9.068603e+000 -4.817906e+000  0.000000e+000
      vertex  8.917577e+000 -5.369341e+000  0.000000e+000
    endloop
  endfacet
  facet normal  9.190225e-001 -3.942052e-001  0.000000e+000
    outer loop
      vertex  8.917577e+000 -5.369341e+000 -2.100000e+000
      vertex  8.917577e+000 -5.369341e+000  0.000000e+000
      vertex  8.692193e+000 -5.894785e+000 -2.100000e+000
    endloop
  endfacet
  facet normal  9.190225e-001 -3.942052e-001  0.000000e+000
    outer loop
      vertex  8.692193e+000 -5.894785e+000 -2.100000e+000
      vertex  8.917577e+000 -5.369341e+000  0.000000e+000
      vertex  8.692193e+000 -5.894785e+000  0.000000e+000
    endloop
  endfacet
  facet normal  8.561205e-001 -5.167761e-001  0.000000e+000
    outer loop
      vertex  8.692193e+000 -5.894785e+000 -2.100000e+000
      vertex  8.692193e+000 -5.894785e+000  0.000000e+000
      vertex  8.396730e+000 -6.384265e+000 -2.100000e+000
    endloop
  endfacet
  facet normal  8.561205e-001 -5.167761e-001  0.000000e+000
    outer loop
      vertex  8.396730e+000 -6.384265e+000 -2.100000e+000
      vertex  8.692193e+000 -5.894785e+000  0.000000e+000
      vertex  8.396730e+000 -6.384265e+000  0.000000e+000
    endloop
  endfacet
  facet normal  7.769700e-001 -6.295375e-001  0.000000e+000
    outer loop
      vertex  8.396730e+000 -6.384265e+000 -2.100000e+000
      vertex  8.396730e+000 -6.384265e+000  0.000000e+000
      vertex  8.036798e+000 -6.828491e+000 -2.100000e+000
    endloop
  endfacet
  facet normal  7.769700e-001 -6.295375e-001  0.000000e+000
    outer loop
      vertex  8.036798e+000 -6.828491e+000 -2.100000e+000
      vertex  8.396730e+000 -6.384265e+000  0.000000e+000
      vertex  8.036798e+000 -6.828491e+000  0.000000e+000
    endloop
  endfacet
  facet normal  6.830707e-001 -7.303522e-001  0.000000e+000
    outer loop
      vertex  8.036798e+000 -6.828491e+000 -2.100000e+000
      vertex  8.036798e+000 -6.828491e+000  0.000000e+000
      vertex  7.619224e+000 -7.219032e+000 -2.100000e+000
    endloop
  endfacet
  facet normal  6.830707e-001 -7.303522e-001  0.000000e+000
    outer loop
      vertex  7.619224e+000 -7.219032e+000 -2.100000e+000
      vertex  8.036798e+000 -6.828491e+000  0.000000e+000
      vertex  7.619224e+000 -7.219032e+000  0.000000e+000
    endloop
  endfacet
  facet normal  5.762072e-001 -8.173037e-001  0.000000e+000
    outer loop
      vertex  7.619224e+000 -7.219032e+000 -2.100000e+000
      vertex  7.619224e+000 -7.219032e+000  0.000000e+000
      vertex  7.151937e+000 -7.548474e+000 -2.100000e+000
    endloop
  endfacet
  facet normal  5.762072e-001 -8.173037e-001  0.000000e+000
    outer loop
      vertex  7.151937e+000 -7.548474e+000 -2.100000e+000
      vertex  7.619224e+000 -7.219032e+000  0.000000e+000
      vertex  7.151937e+000 -7.548474e+000  0.000000e+000
    endloop
  endfacet
  facet normal  4.584074e-001 -8.887421e-001  0.000000e+000
    outer loop
      vertex  7.151937e+000 -7.548474e+000 -2.100000e+000
      vertex  7.151937e+000 -7.548474e+000  0.000000e+000
      vertex  6.643806e+000 -7.810565e+000 -2.100000e+000
    endloop
  endfacet
  facet normal  4.584074e-001 -8.887421e-001  0.000000e+000
    outer loop
      vertex  6.643806e+000 -7.810565e+000 -2.100000e+000
      vertex  7.151937e+000 -7.548474e+000  0.000000e+000
      vertex  6.643806e+000 -7.810565e+000  0.000000e+000
    endloop
  endfacet
  facet normal  3.319073e-001 -9.433120e-001  0.000000e+000
    outer loop
      vertex  6.643806e+000 -7.810565e+000 -2.100000e+000
      vertex  6.643806e+000 -7.810565e+000  0.000000e+000
      vertex  6.104475e+000 -8.000330e+000 -2.100000e+000
    endloop
  endfacet
  facet normal  3.319073e-001 -9.433120e-001  0.000000e+000
    outer loop
      vertex  6.104475e+000 -8.000330e+000 -2.100000e+000
      vertex  6.643806e+000 -7.810565e+000  0.000000e+000
      vertex  6.104475e+000 -8.000330e+000  0.000000e+000
    endloop
  endfacet
  facet normal  1.991059e-001 -9.799780e-001  0.000000e+000
    outer loop
      vertex  6.104475e+000 -8.000330e+000 -2.100000e+000
      vertex  6.104475e+000 -8.000330e+000  0.000000e+000
      vertex  5.544180e+000 -8.114167e+000 -2.100000e+000
    endloop
  endfacet
  facet normal  1.991059e-001 -9.799780e-001  0.000000e+000
    outer loop
      vertex  5.544180e+000 -8.114167e+000 -2.100000e+000
      vertex  6.104475e+000 -8.000330e+000  0.000000e+000
      vertex  5.544180e+000 -8.114167e+000  0.000000e+000
    endloop
  endfacet
  facet normal  6.252554e-002 -9.980434e-001  0.000000e+000
    outer loop
      vertex  5.544180e+000 -8.114167e+000 -2.100000e+000
      vertex  5.544180e+000 -8.114167e+000  0.000000e+000
      vertex  4.973557e+000 -8.149916e+000 -2.100000e+000
    endloop
  endfacet
  facet normal  6.252554e-002 -9.980434e-001  0.000000e+000
    outer loop
      vertex  4.973557e+000 -8.149916e+000 -2.100000e+000
      vertex  5.544180e+000 -8.114167e+000  0.000000e+000
      vertex  4.973557e+000 -8.149916e+000  0.000000e+000
    endloop
  endfacet
  facet normal -7.523911e-002 -9.971655e-001  -0.000000e+000
    outer loop
      vertex  4.973557e+000 -8.149916e+000 -2.100000e+000
      vertex  4.973557e+000 -8.149916e+000  0.000000e+000
      vertex  4.403435e+000 -8.106898e+000 -2.100000e+000
    endloop
  endfacet
  facet normal -7.523911e-002 -9.971655e-001  0.000000e+000
    outer loop
      vertex  4.403435e+000 -8.106898e+000 -2.100000e+000
      vertex  4.973557e+000 -8.149916e+000  0.000000e+000
      vertex  4.403435e+000 -8.106898e+000  0.000000e+000
    endloop
  endfacet
  facet normal -2.115793e-001 -9.773608e-001  -0.000000e+000
    outer loop
      vertex  4.403435e+000 -8.106898e+000 -2.100000e+000
      vertex  4.403435e+000 -8.106898e+000  0.000000e+000
      vertex  3.844636e+000 -7.985929e+000 -2.100000e+000
    endloop
  endfacet
  facet normal -2.115793e-001 -9.773608e-001  0.000000e+000
    outer loop
      vertex  3.844636e+000 -7.985929e+000 -2.100000e+000
      vertex  4.403435e+000 -8.106898e+000  0.000000e+000
      vertex  3.844636e+000 -7.985929e+000  0.000000e+000
    endloop
  endfacet
  facet normal -3.439005e-001 -9.390061e-001  -0.000000e+000
    outer loop
      vertex  3.844636e+000 -7.985929e+000 -2.100000e+000
      vertex  3.844636e+000 -7.985929e+000  0.000000e+000
      vertex  3.307767e+000 -7.789307e+000 -2.100000e+000
    endloop
  endfacet
  facet normal -3.439005e-001 -9.390061e-001  0.000000e+000
    outer loop
      vertex  3.307767e+000 -7.789307e+000 -2.100000e+000
      vertex  3.844636e+000 -7.985929e+000  0.000000e+000
      vertex  3.307767e+000 -7.789307e+000  0.000000e+000
    endloop
  endfacet
  facet normal  4.358373e-001 -9.000255e-001  0.000000e+000
    outer loop
      vertex  2.355834e+000 -7.863415e+000  0.000000e+000
      vertex  2.579228e+000 -7.755237e+000 -2.100000e+000
      vertex  2.579228e+000 -7.755237e+000  0.000000e+000
    endloop
  endfacet
  facet normal  2.007466e-001 -9.796432e-001  0.000000e+000
    outer loop
      vertex  2.579228e+000 -7.755237e+000  0.000000e+000
      vertex  2.579228e+000 -7.755237e+000 -2.100000e+000
      vertex  2.822384e+000 -7.705410e+000 -2.100000e+000
    endloop
  endfacet
  facet normal  2.007466e-001 -9.796432e-001  0.000000e+000
    outer loop
      vertex  2.579228e+000 -7.755237e+000  0.000000e+000
      vertex  2.822384e+000 -7.705410e+000 -2.100000e+000
      vertex  2.822384e+000 -7.705410e+000  0.000000e+000
    endloop
  endfacet
  facet normal -4.671568e-002 -9.989082e-001  -0.000000e+000
    outer loop
      vertex  2.822384e+000 -7.705410e+000  0.000000e+000
      vertex  2.822384e+000 -7.705410e+000 -2.100000e+000
      vertex  3.070322e+000 -7.717005e+000 -2.100000e+000
    endloop
  endfacet
  facet normal -4.671568e-002 -9.989082e-001  0.000000e+000
    outer loop
      vertex  2.822384e+000 -7.705410e+000  0.000000e+000
      vertex  3.070322e+000 -7.717005e+000 -2.100000e+000
      vertex  3.070322e+000 -7.717005e+000  0.000000e+000
    endloop
  endfacet
  facet normal -2.912965e-001 -9.566329e-001  -0.000000e+000
    outer loop
      vertex  3.070322e+000 -7.717005e+000  0.000000e+000
      vertex  3.070322e+000 -7.717005e+000 -2.100000e+000
      vertex  3.307767e+000 -7.789307e+000 -2.100000e+000
    endloop
  endfacet
  facet normal -2.912965e-001 -9.566329e-001  0.000000e+000
    outer loop
      vertex  3.070322e+000 -7.717005e+000  0.000000e+000
      vertex  3.307767e+000 -7.789307e+000 -2.100000e+000
      vertex  3.307767e+000 -7.789307e+000  0.000000e+000
    endloop
  endfacet
  facet normal  4.358373e-001 -9.000255e-001  0.000000e+000
    outer loop
      vertex  2.579228e+000 -7.755237e+000 -2.100000e+000
      vertex  2.355834e+000 -7.863415e+000  0.000000e+000
      vertex  2.355834e+000 -7.863415e+000 -2.100000e+000
    endloop
  endfacet
  facet normal  6.440815e-001 -7.649569e-001  0.000000e+000
    outer loop
      vertex  2.355834e+000 -7.863415e+000 -2.100000e+000
      vertex  2.355834e+000 -7.863415e+000  0.000000e+000
      vertex  2.165965e+000 -8.023282e+000  0.000000e+000
    endloop
  endfacet
  facet normal  6.440815e-001 -7.649569e-001  0.000000e+000
    outer loop
      vertex  2.355834e+000 -7.863415e+000 -2.100000e+000
      vertex  2.165965e+000 -8.023282e+000  0.000000e+000
      vertex  2.165965e+000 -8.023282e+000 -2.100000e+000
    endloop
  endfacet
  facet normal  8.126400e-001 -5.827659e-001  0.000000e+000
    outer loop
      vertex  2.165965e+000 -8.023282e+000 -2.100000e+000
      vertex  2.165965e+000 -8.023282e+000  0.000000e+000
      vertex  2.021317e+000 -8.224986e+000  0.000000e+000
    endloop
  endfacet
  facet normal  8.126400e-001 -5.827659e-001  0.000000e+000
    outer loop
      vertex  2.165965e+000 -8.023282e+000 -2.100000e+000
      vertex  2.021317e+000 -8.224986e+000  0.000000e+000
      vertex  2.021317e+000 -8.224986e+000 -2.100000e+000
    endloop
  endfacet
  facet normal  9.311381e-001 -3.646667e-001  0.000000e+000
    outer loop
      vertex  2.021317e+000 -8.224986e+000 -2.100000e+000
      vertex  2.021317e+000 -8.224986e+000  0.000000e+000
      vertex  1.930804e+000 -8.456103e+000  0.000000e+000
    endloop
  endfacet
  facet normal  9.311381e-001 -3.646667e-001  0.000000e+000
    outer loop
      vertex  2.021317e+000 -8.224986e+000 -2.100000e+000
      vertex  1.930804e+000 -8.456103e+000  0.000000e+000
      vertex  1.930804e+000 -8.456103e+000 -2.100000e+000
    endloop
  endfacet
  facet normal  9.922691e-001 -1.241047e-001  0.000000e+000
    outer loop
      vertex  1.930804e+000 -8.456103e+000 -2.100000e+000
      vertex  1.930804e+000 -8.456103e+000  0.000000e+000
      vertex  1.900000e+000 -8.702393e+000  0.000000e+000
    endloop
  endfacet
  facet normal  9.922691e-001 -1.241047e-001  0.000000e+000
    outer loop
      vertex  1.930804e+000 -8.456103e+000 -2.100000e+000
      vertex  1.900000e+000 -8.702393e+000  0.000000e+000
      vertex  1.900000e+000 -8.702393e+000 -2.100000e+000
    endloop
  endfacet
  facet normal  9.999999e-001  0.000000e+000  0.000000e+000
    outer loop
      vertex  1.900000e+000 -8.702393e+000 -2.100000e+000
      vertex  1.900000e+000 -8.702393e+000  0.000000e+000
      vertex  1.900000e+000 -6.129761e+001 -2.100000e+000
    endloop
  endfacet
  facet normal  9.999999e-001  0.000000e+000  0.000000e+000
    outer loop
      vertex  1.900000e+000 -6.129761e+001 -2.100000e+000
      vertex  1.900000e+000 -8.702393e+000  0.000000e+000
      vertex  1.900000e+000 -6.129761e+001  0.000000e+000
    endloop
  endfacet
  facet normal  6.440803e-001  7.649578e-001  -0.000000e+000
    outer loop
      vertex  2.355834e+000 -6.213659e+001  0.000000e+000
      vertex  2.165965e+000 -6.197672e+001 -2.100000e+000
      vertex  2.165965e+000 -6.197672e+001  0.000000e+000
    endloop
  endfacet
  facet normal  8.126427e-001  5.827624e-001  0.000000e+000
    outer loop
      vertex  2.165965e+000 -6.197672e+001  0.000000e+000
      vertex  2.165965e+000 -6.197672e+001 -2.100000e+000
      vertex  2.021317e+000 -6.177501e+001 -2.100000e+000
    endloop
  endfacet
  facet normal  8.126427e-001  5.827624e-001  -0.000000e+000
    outer loop
      vertex  2.165965e+000 -6.197672e+001  0.000000e+000
      vertex  2.021317e+000 -6.177501e+001 -2.100000e+000
      vertex  2.021317e+000 -6.177501e+001  0.000000e+000
    endloop
  endfacet
  facet normal  9.311381e-001  3.646667e-001  0.000000e+000
    outer loop
      vertex  2.021317e+000 -6.177501e+001  0.000000e+000
      vertex  2.021317e+000 -6.177501e+001 -2.100000e+000
      vertex  1.930804e+000 -6.154390e+001 -2.100000e+000
    endloop
  endfacet
  facet normal  9.311381e-001  3.646667e-001  -0.000000e+000
    outer loop
      vertex  2.021317e+000 -6.177501e+001  0.000000e+000
      vertex  1.930804e+000 -6.154390e+001 -2.100000e+000
      vertex  1.930804e+000 -6.154390e+001  0.000000e+000
    endloop
  endfacet
  facet normal  9.922690e-001  1.241052e-001  0.000000e+000
    outer loop
      vertex  1.930804e+000 -6.154390e+001  0.000000e+000
      vertex  1.930804e+000 -6.154390e+001 -2.100000e+000
      vertex  1.900000e+000 -6.129761e+001 -2.100000e+000
    endloop
  endfacet
  facet normal  9.922690e-001  1.241052e-001  -0.000000e+000
    outer loop
      vertex  1.930804e+000 -6.154390e+001  0.000000e+000
      vertex  1.900000e+000 -6.129761e+001 -2.100000e+000
      vertex  1.900000e+000 -6.129761e+001  0.000000e+000
    endloop
  endfacet
  facet normal  6.440803e-001  7.649578e-001  0.000000e+000
    outer loop
      vertex  2.165965e+000 -6.197672e+001 -2.100000e+000
      vertex  2.355834e+000 -6.213659e+001  0.000000e+000
      vertex  2.355834e+000 -6.213659e+001 -2.100000e+000
    endloop
  endfacet
  facet normal  4.358326e-001  9.000277e-001  -0.000000e+000
    outer loop
      vertex  2.355834e+000 -6.213659e+001 -2.100000e+000
      vertex  2.355834e+000 -6.213659e+001  0.000000e+000
      vertex  2.579228e+000 -6.224476e+001  0.000000e+000
    endloop
  endfacet
  facet normal  4.358326e-001  9.000277e-001  0.000000e+000
    outer loop
      vertex  2.355834e+000 -6.213659e+001 -2.100000e+000
      vertex  2.579228e+000 -6.224476e+001  0.000000e+000
      vertex  2.579228e+000 -6.224476e+001 -2.100000e+000
    endloop
  endfacet
  facet normal  2.007485e-001  9.796429e-001  -0.000000e+000
    outer loop
      vertex  2.579228e+000 -6.224476e+001 -2.100000e+000
      vertex  2.579228e+000 -6.224476e+001  0.000000e+000
      vertex  2.822384e+000 -6.229459e+001  0.000000e+000
    endloop
  endfacet
  facet normal  2.007485e-001  9.796429e-001  0.000000e+000
    outer loop
      vertex  2.579228e+000 -6.224476e+001 -2.100000e+000
      vertex  2.822384e+000 -6.229459e+001  0.000000e+000
      vertex  2.822384e+000 -6.229459e+001 -2.100000e+000
    endloop
  endfacet
  facet normal -4.670610e-002  9.989086e-001  0.000000e+000
    outer loop
      vertex  2.822384e+000 -6.229459e+001 -2.100000e+000
      vertex  2.822384e+000 -6.229459e+001  0.000000e+000
      vertex  3.070322e+000 -6.228300e+001  0.000000e+000
    endloop
  endfacet
  facet normal -4.670610e-002  9.989086e-001  0.000000e+000
    outer loop
      vertex  2.822384e+000 -6.229459e+001 -2.100000e+000
      vertex  3.070322e+000 -6.228300e+001  0.000000e+000
      vertex  3.070322e+000 -6.228300e+001 -2.100000e+000
    endloop
  endfacet
  facet normal -2.913018e-001  9.566312e-001  0.000000e+000
    outer loop
      vertex  3.070322e+000 -6.228300e+001 -2.100000e+000
      vertex  3.070322e+000 -6.228300e+001  0.000000e+000
      vertex  3.307767e+000 -6.221069e+001  0.000000e+000
    endloop
  endfacet
  facet normal -2.913018e-001  9.566312e-001  0.000000e+000
    outer loop
      vertex  3.070322e+000 -6.228300e+001 -2.100000e+000
      vertex  3.307767e+000 -6.221069e+001  0.000000e+000
      vertex  3.307767e+000 -6.221069e+001 -2.100000e+000
    endloop
  endfacet
  facet normal -3.439042e-001  9.390047e-001  0.000000e+000
    outer loop
      vertex  3.307767e+000 -6.221069e+001 -2.100000e+000
      vertex  3.307767e+000 -6.221069e+001  0.000000e+000
      vertex  3.844636e+000 -6.201407e+001 -2.100000e+000
    endloop
  endfacet
  facet normal -3.439042e-001  9.390047e-001  0.000000e+000
    outer loop
      vertex  3.844636e+000 -6.201407e+001 -2.100000e+000
      vertex  3.307767e+000 -6.221069e+001  0.000000e+000
      vertex  3.844636e+000 -6.201407e+001  0.000000e+000
    endloop
  endfacet
  facet normal -2.115777e-001  9.773611e-001  0.000000e+000
    outer loop
      vertex  3.844636e+000 -6.201407e+001 -2.100000e+000
      vertex  3.844636e+000 -6.201407e+001  0.000000e+000
      vertex  4.403435e+000 -6.189310e+001 -2.100000e+000
    endloop
  endfacet
  facet normal -2.115777e-001  9.773611e-001  0.000000e+000
    outer loop
      vertex  4.403435e+000 -6.189310e+001 -2.100000e+000
      vertex  3.844636e+000 -6.201407e+001  0.000000e+000
      vertex  4.403435e+000 -6.189310e+001  0.000000e+000
    endloop
  endfacet
  facet normal -7.524077e-002  9.971654e-001  0.000000e+000
    outer loop
      vertex  4.403435e+000 -6.189310e+001 -2.100000e+000
      vertex  4.403435e+000 -6.189310e+001  0.000000e+000
      vertex  4.973557e+000 -6.185008e+001 -2.100000e+000
    endloop
  endfacet
  facet normal -7.524077e-002  9.971654e-001  0.000000e+000
    outer loop
      vertex  4.973557e+000 -6.185008e+001 -2.100000e+000
      vertex  4.403435e+000 -6.189310e+001  0.000000e+000
      vertex  4.973557e+000 -6.185008e+001  0.000000e+000
    endloop
  endfacet
  facet normal  6.253053e-002  9.980431e-001  0.000000e+000
    outer loop
      vertex  4.973557e+000 -6.185008e+001 -2.100000e+000
      vertex  4.973557e+000 -6.185008e+001  0.000000e+000
      vertex  5.544180e+000 -6.188583e+001 -2.100000e+000
    endloop
  endfacet
  facet normal  6.253053e-002  9.980431e-001  -0.000000e+000
    outer loop
      vertex  5.544180e+000 -6.188583e+001 -2.100000e+000
      vertex  4.973557e+000 -6.185008e+001  0.000000e+000
      vertex  5.544180e+000 -6.188583e+001  0.000000e+000
    endloop
  endfacet
  facet normal  1.991075e-001  9.799777e-001  0.000000e+000
    outer loop
      vertex  5.544180e+000 -6.188583e+001 -2.100000e+000
      vertex  5.544180e+000 -6.188583e+001  0.000000e+000
      vertex  6.104475e+000 -6.199967e+001 -2.100000e+000
    endloop
  endfacet
  facet normal  1.991075e-001  9.799777e-001  -0.000000e+000
    outer loop
      vertex  6.104475e+000 -6.199967e+001 -2.100000e+000
      vertex  5.544180e+000 -6.188583e+001  0.000000e+000
      vertex  6.104475e+000 -6.199967e+001  0.000000e+000
    endloop
  endfacet
  facet normal  3.319021e-001  9.433138e-001  0.000000e+000
    outer loop
      vertex  6.104475e+000 -6.199967e+001 -2.100000e+000
      vertex  6.104475e+000 -6.199967e+001  0.000000e+000
      vertex  6.643806e+000 -6.218943e+001 -2.100000e+000
    endloop
  endfacet
  facet normal  3.319021e-001  9.433138e-001  -0.000000e+000
    outer loop
      vertex  6.643806e+000 -6.218943e+001 -2.100000e+000
      vertex  6.104475e+000 -6.199967e+001  0.000000e+000
      vertex  6.643806e+000 -6.218943e+001  0.000000e+000
    endloop
  endfacet
  facet normal  4.584101e-001  8.887408e-001  0.000000e+000
    outer loop
      vertex  6.643806e+000 -6.218943e+001 -2.100000e+000
      vertex  6.643806e+000 -6.218943e+001  0.000000e+000
      vertex  7.151937e+000 -6.245153e+001 -2.100000e+000
    endloop
  endfacet
  facet normal  4.584101e-001  8.887408e-001  -0.000000e+000
    outer loop
      vertex  7.151937e+000 -6.245153e+001 -2.100000e+000
      vertex  6.643806e+000 -6.218943e+001  0.000000e+000
      vertex  7.151937e+000 -6.245153e+001  0.000000e+000
    endloop
  endfacet
  facet normal  5.762061e-001  8.173044e-001  0.000000e+000
    outer loop
      vertex  7.151937e+000 -6.245153e+001 -2.100000e+000
      vertex  7.151937e+000 -6.245153e+001  0.000000e+000
      vertex  7.619224e+000 -6.278097e+001 -2.100000e+000
    endloop
  endfacet
  facet normal  5.762061e-001  8.173044e-001  -0.000000e+000
    outer loop
      vertex  7.619224e+000 -6.278097e+001 -2.100000e+000
      vertex  7.151937e+000 -6.245153e+001  0.000000e+000
      vertex  7.619224e+000 -6.278097e+001  0.000000e+000
    endloop
  endfacet
  facet normal  6.830712e-001  7.303518e-001  0.000000e+000
    outer loop
      vertex  7.619224e+000 -6.278097e+001 -2.100000e+000
      vertex  7.619224e+000 -6.278097e+001  0.000000e+000
      vertex  8.036798e+000 -6.317151e+001 -2.100000e+000
    endloop
  endfacet
  facet normal  6.830712e-001  7.303518e-001  -0.000000e+000
    outer loop
      vertex  8.036798e+000 -6.317151e+001 -2.100000e+000
      vertex  7.619224e+000 -6.278097e+001  0.000000e+000
      vertex  8.036798e+000 -6.317151e+001  0.000000e+000
    endloop
  endfacet
  facet normal  7.769694e-001  6.295384e-001  0.000000e+000
    outer loop
      vertex  8.036798e+000 -6.317151e+001 -2.100000e+000
      vertex  8.036798e+000 -6.317151e+001  0.000000e+000
      vertex  8.396730e+000 -6.361573e+001 -2.100000e+000
    endloop
  endfacet
  facet normal  7.769694e-001  6.295384e-001  -0.000000e+000
    outer loop
      vertex  8.396730e+000 -6.361573e+001 -2.100000e+000
      vertex  8.036798e+000 -6.317151e+001  0.000000e+000
      vertex  8.396730e+000 -6.361573e+001  0.000000e+000
    endloop
  endfacet
  facet normal  8.561219e-001  5.167740e-001  0.000000e+000
    outer loop
      vertex  8.396730e+000 -6.361573e+001 -2.100000e+000
      vertex  8.396730e+000 -6.361573e+001  0.000000e+000
      vertex  8.692193e+000 -6.410522e+001 -2.100000e+000
    endloop
  endfacet
  facet normal  8.561219e-001  5.167740e-001  -0.000000e+000
    outer loop
      vertex  8.692193e+000 -6.410522e+001 -2.100000e+000
      vertex  8.396730e+000 -6.361573e+001  0.000000e+000
      vertex  8.692193e+000 -6.410522e+001  0.000000e+000
    endloop
  endfacet
  facet normal  9.190225e-001  3.942052e-001  0.000000e+000
    outer loop
      vertex  8.692193e+000 -6.410522e+001 -2.100000e+000
      vertex  8.692193e+000 -6.410522e+001  0.000000e+000
      vertex  8.917577e+000 -6.463066e+001 -2.100000e+000
    endloop
  endfacet
  facet normal  9.190225e-001  3.942052e-001  -0.000000e+000
    outer loop
      vertex  8.917577e+000 -6.463066e+001 -2.100000e+000
      vertex  8.692193e+000 -6.410522e+001  0.000000e+000
      vertex  8.917577e+000 -6.463066e+001  0.000000e+000
    endloop
  endfacet
  facet normal  9.644809e-001  2.641524e-001  0.000000e+000
    outer loop
      vertex  8.917577e+000 -6.463066e+001 -2.100000e+000
      vertex  8.917577e+000 -6.463066e+001  0.000000e+000
      vertex  9.068603e+000 -6.518209e+001 -2.100000e+000
    endloop
  endfacet
  facet normal  9.644809e-001  2.641524e-001  -0.000000e+000
    outer loop
      vertex  9.068603e+000 -6.518209e+001 -2.100000e+000
      vertex  8.917577e+000 -6.463066e+001  0.000000e+000
      vertex  9.068603e+000 -6.518209e+001  0.000000e+000
    endloop
  endfacet
  facet normal  9.916338e-001  1.290833e-001  0.000000e+000
    outer loop
      vertex  9.068603e+000 -6.518209e+001 -2.100000e+000
      vertex  9.068603e+000 -6.518209e+001  0.000000e+000
      vertex  9.142406e+000 -6.574905e+001 -2.100000e+000
    endloop
  endfacet
  facet normal  9.916338e-001  1.290833e-001  -0.000000e+000
    outer loop
      vertex  9.142406e+000 -6.574905e+001 -2.100000e+000
      vertex  9.068603e+000 -6.518209e+001  0.000000e+000
      vertex  9.142406e+000 -6.574905e+001  0.000000e+000
    endloop
  endfacet
  facet normal  9.999645e-001 -8.431784e-003  0.000000e+000
    outer loop
      vertex  9.142406e+000 -6.574905e+001 -2.100000e+000
      vertex  9.142406e+000 -6.574905e+001  0.000000e+000
      vertex  9.137585e+000 -6.632078e+001 -2.100000e+000
    endloop
  endfacet
  facet normal  9.999645e-001 -8.431784e-003  0.000000e+000
    outer loop
      vertex  9.137585e+000 -6.632078e+001 -2.100000e+000
      vertex  9.142406e+000 -6.574905e+001  0.000000e+000
      vertex  9.137585e+000 -6.632078e+001  0.000000e+000
    endloop
  endfacet
  facet normal  9.893152e-001 -1.457925e-001  0.000000e+000
    outer loop
      vertex  9.137585e+000 -6.632078e+001 -2.100000e+000
      vertex  9.137585e+000 -6.632078e+001  0.000000e+000
      vertex  9.054230e+000 -6.688641e+001 -2.100000e+000
    endloop
  endfacet
  facet normal  9.893152e-001 -1.457925e-001  0.000000e+000
    outer loop
      vertex  9.054230e+000 -6.688641e+001 -2.100000e+000
      vertex  9.137585e+000 -6.632078e+001  0.000000e+000
      vertex  9.054230e+000 -6.688641e+001  0.000000e+000
    endloop
  endfacet
  facet normal  9.120166e-001  4.101534e-001  -0.000000e+000
    outer loop
      vertex  9.178732e+000 -6.762286e+001  0.000000e+000
      vertex  9.074365e+000 -6.739079e+001 -2.100000e+000
      vertex  9.074365e+000 -6.739079e+001  0.000000e+000
    endloop
  endfacet
  facet normal  9.860095e-001  1.666886e-001  0.000000e+000
    outer loop
      vertex  9.074365e+000 -6.739079e+001  0.000000e+000
      vertex  9.074365e+000 -6.739079e+001 -2.100000e+000
      vertex  9.031949e+000 -6.713988e+001 -2.100000e+000
    endloop
  endfacet
  facet normal  9.860095e-001  1.666886e-001  -0.000000e+000
    outer loop
      vertex  9.074365e+000 -6.739079e+001  0.000000e+000
      vertex  9.031949e+000 -6.713988e+001 -2.100000e+000
      vertex  9.031949e+000 -6.713988e+001  0.000000e+000
    endloop
  endfacet
  facet normal  9.961591e-001 -8.756194e-002  0.000000e+000
    outer loop
      vertex  9.031949e+000 -6.713988e+001  0.000000e+000
      vertex  9.031949e+000 -6.713988e+001 -2.100000e+000
      vertex  9.054230e+000 -6.688641e+001 -2.100000e+000
    endloop
  endfacet
  facet normal  9.961591e-001 -8.756194e-002  0.000000e+000
    outer loop
      vertex  9.031949e+000 -6.713988e+001  0.000000e+000
      vertex  9.054230e+000 -6.688641e+001 -2.100000e+000
      vertex  9.054230e+000 -6.688641e+001  0.000000e+000
    endloop
  endfacet
  facet normal  9.120166e-001  4.101534e-001  0.000000e+000
    outer loop
      vertex  9.074365e+000 -6.739079e+001 -2.100000e+000
      vertex  9.178732e+000 -6.762286e+001  0.000000e+000
      vertex  9.178732e+000 -6.762286e+001 -2.100000e+000
    endloop
  endfacet
  facet normal  7.789656e-001  6.270666e-001  -0.000000e+000
    outer loop
      vertex  9.178732e+000 -6.762286e+001 -2.100000e+000
      vertex  9.178732e+000 -6.762286e+001  0.000000e+000
      vertex  9.338292e+000 -6.782107e+001  0.000000e+000
    endloop
  endfacet
  facet normal  7.789656e-001  6.270666e-001  0.000000e+000
    outer loop
      vertex  9.178732e+000 -6.762286e+001 -2.100000e+000
      vertex  9.338292e+000 -6.782107e+001  0.000000e+000
      vertex  9.338292e+000 -6.782107e+001 -2.100000e+000
    endloop
  endfacet
  facet normal  5.954888e-001  8.033636e-001  -0.000000e+000
    outer loop
      vertex  9.338292e+000 -6.782107e+001 -2.100000e+000
      vertex  9.338292e+000 -6.782107e+001  0.000000e+000
      vertex  9.542715e+000 -6.797260e+001  0.000000e+000
    endloop
  endfacet
  facet normal  5.954888e-001  8.033636e-001  0.000000e+000
    outer loop
      vertex  9.338292e+000 -6.782107e+001 -2.100000e+000
      vertex  9.542715e+000 -6.797260e+001  0.000000e+000
      vertex  9.542715e+000 -6.797260e+001 -2.100000e+000
    endloop
  endfacet
  facet normal  3.734653e-001  9.276441e-001  -0.000000e+000
    outer loop
      vertex  9.542715e+000 -6.797260e+001 -2.100000e+000
      vertex  9.542715e+000 -6.797260e+001  0.000000e+000
      vertex  9.778763e+000 -6.806763e+001  0.000000e+000
    endloop
  endfacet
  facet normal  3.734653e-001  9.276441e-001  0.000000e+000
    outer loop
      vertex  9.542715e+000 -6.797260e+001 -2.100000e+000
      vertex  9.778763e+000 -6.806763e+001  0.000000e+000
      vertex  9.778763e+000 -6.806763e+001 -2.100000e+000
    endloop
  endfacet
  facet normal  1.272178e-001  9.918748e-001  -0.000000e+000
    outer loop
      vertex  9.778763e+000 -6.806763e+001 -2.100000e+000
      vertex  9.778763e+000 -6.806763e+001  0.000000e+000
      vertex  1.003115e+001 -6.810000e+001  0.000000e+000
    endloop
  endfacet
  facet normal  1.272178e-001  9.918748e-001  0.000000e+000
    outer loop
      vertex  9.778763e+000 -6.806763e+001 -2.100000e+000
      vertex  1.003115e+001 -6.810000e+001  0.000000e+000
      vertex  1.003115e+001 -6.810000e+001 -2.100000e+000
    endloop
  endfacet
  facet normal  0.000000e+000  1.000000e+000  0.000000e+000
    outer loop
      vertex  1.003115e+001 -6.810000e+001 -2.100000e+000
      vertex  1.003115e+001 -6.810000e+001  0.000000e+000
      vertex  7.996885e+001 -6.810000e+001 -2.100000e+000
    endloop
  endfacet
  facet normal  0.000000e+000  1.000000e+000  -0.000000e+000
    outer loop
      vertex  7.996885e+001 -6.810000e+001 -2.100000e+000
      vertex  1.003115e+001 -6.810000e+001  0.000000e+000
      vertex  7.996885e+001 -6.810000e+001  0.000000e+000
    endloop
  endfacet
  facet normal -5.954907e-001  8.033623e-001  0.000000e+000
    outer loop
      vertex  8.066171e+001 -6.782107e+001  0.000000e+000
      vertex  8.045728e+001 -6.797260e+001 -2.100000e+000
      vertex  8.045728e+001 -6.797260e+001  0.000000e+000
    endloop
  endfacet
  facet normal -3.734679e-001  9.276431e-001  0.000000e+000
    outer loop
      vertex  8.045728e+001 -6.797260e+001  0.000000e+000
      vertex  8.045728e+001 -6.797260e+001 -2.100000e+000
      vertex  8.022124e+001 -6.806763e+001 -2.100000e+000
    endloop
  endfacet
  facet normal -3.734679e-001  9.276431e-001  0.000000e+000
    outer loop
      vertex  8.045728e+001 -6.797260e+001  0.000000e+000
      vertex  8.022124e+001 -6.806763e+001 -2.100000e+000
      vertex  8.022124e+001 -6.806763e+001  0.000000e+000
    endloop
  endfacet
  facet normal -1.272188e-001  9.918746e-001  0.000000e+000
    outer loop
      vertex  8.022124e+001 -6.806763e+001  0.000000e+000
      vertex  8.022124e+001 -6.806763e+001 -2.100000e+000
      vertex  7.996885e+001 -6.810000e+001 -2.100000e+000
    endloop
  endfacet
  facet normal -1.272188e-001  9.918746e-001  0.000000e+000
    outer loop
      vertex  8.022124e+001 -6.806763e+001  0.000000e+000
      vertex  7.996885e+001 -6.810000e+001 -2.100000e+000
      vertex  7.996885e+001 -6.810000e+001  0.000000e+000
    endloop
  endfacet
  facet normal -5.954907e-001  8.033623e-001  0.000000e+000
    outer loop
      vertex  8.045728e+001 -6.797260e+001 -2.100000e+000
      vertex  8.066171e+001 -6.782107e+001  0.000000e+000
      vertex  8.066171e+001 -6.782107e+001 -2.100000e+000
    endloop
  endfacet
  facet normal -7.789638e-001  6.270689e-001  0.000000e+000
    outer loop
      vertex  8.066171e+001 -6.782107e+001 -2.100000e+000
      vertex  8.066171e+001 -6.782107e+001  0.000000e+000
      vertex  8.082127e+001 -6.762286e+001  0.000000e+000
    endloop
  endfacet
  facet normal -7.789638e-001  6.270689e-001  0.000000e+000
    outer loop
      vertex  8.066171e+001 -6.782107e+001 -2.100000e+000
      vertex  8.082127e+001 -6.762286e+001  0.000000e+000
      vertex  8.082127e+001 -6.762286e+001 -2.100000e+000
    endloop
  endfacet
  facet normal -9.120124e-001  4.101627e-001  0.000000e+000
    outer loop
      vertex  8.082127e+001 -6.762286e+001 -2.100000e+000
      vertex  8.082127e+001 -6.762286e+001  0.000000e+000
      vertex  8.092564e+001 -6.739079e+001  0.000000e+000
    endloop
  endfacet
  facet normal -9.120124e-001  4.101627e-001  0.000000e+000
    outer loop
      vertex  8.082127e+001 -6.762286e+001 -2.100000e+000
      vertex  8.092564e+001 -6.739079e+001  0.000000e+000
      vertex  8.092564e+001 -6.739079e+001 -2.100000e+000
    endloop
  endfacet
  facet normal -9.860120e-001  1.666740e-001  0.000000e+000
    outer loop
      vertex  8.092564e+001 -6.739079e+001 -2.100000e+000
      vertex  8.092564e+001 -6.739079e+001  0.000000e+000
      vertex  8.096805e+001 -6.713988e+001  0.000000e+000
    endloop
  endfacet
  facet normal -9.860120e-001  1.666740e-001  0.000000e+000
    outer loop
      vertex  8.092564e+001 -6.739079e+001 -2.100000e+000
      vertex  8.096805e+001 -6.713988e+001  0.000000e+000
      vertex  8.096805e+001 -6.713988e+001 -2.100000e+000
    endloop
  endfacet
  facet normal -9.961601e-001 -8.755079e-002  0.000000e+000
    outer loop
      vertex  8.096805e+001 -6.713988e+001 -2.100000e+000
      vertex  8.096805e+001 -6.713988e+001  0.000000e+000
      vertex  8.094577e+001 -6.688641e+001  0.000000e+000
    endloop
  endfacet
  facet normal -9.961601e-001 -8.755079e-002  -0.000000e+000
    outer loop
      vertex  8.096805e+001 -6.713988e+001 -2.100000e+000
      vertex  8.094577e+001 -6.688641e+001  0.000000e+000
      vertex  8.094577e+001 -6.688641e+001 -2.100000e+000
    endloop
  endfacet
  facet normal -9.893162e-001 -1.457859e-001  -0.000000e+000
    outer loop
      vertex  8.094577e+001 -6.688641e+001 -2.100000e+000
      vertex  8.094577e+001 -6.688641e+001  0.000000e+000
      vertex  8.086242e+001 -6.632078e+001 -2.100000e+000
    endloop
  endfacet
  facet normal -9.893162e-001 -1.457859e-001  0.000000e+000
    outer loop
      vertex  8.086242e+001 -6.632078e+001 -2.100000e+000
      vertex  8.094577e+001 -6.688641e+001  0.000000e+000
      vertex  8.086242e+001 -6.632078e+001  0.000000e+000
    endloop
  endfacet
  facet normal -9.999645e-001 -8.433452e-003  -0.000000e+000
    outer loop
      vertex  8.086242e+001 -6.632078e+001 -2.100000e+000
      vertex  8.086242e+001 -6.632078e+001  0.000000e+000
      vertex  8.085760e+001 -6.574905e+001 -2.100000e+000
    endloop
  endfacet
  facet normal -9.999645e-001 -8.433452e-003  0.000000e+000
    outer loop
      vertex  8.085760e+001 -6.574905e+001 -2.100000e+000
      vertex  8.086242e+001 -6.632078e+001  0.000000e+000
      vertex  8.085760e+001 -6.574905e+001  0.000000e+000
    endloop
  endfacet
  facet normal -9.916345e-001  1.290767e-001  0.000000e+000
    outer loop
      vertex  8.085760e+001 -6.574905e+001 -2.100000e+000
      vertex  8.085760e+001 -6.574905e+001  0.000000e+000
      vertex  8.093140e+001 -6.518209e+001 -2.100000e+000
    endloop
  endfacet
  facet normal -9.916345e-001  1.290767e-001  0.000000e+000
    outer loop
      vertex  8.093140e+001 -6.518209e+001 -2.100000e+000
      vertex  8.085760e+001 -6.574905e+001  0.000000e+000
      vertex  8.093140e+001 -6.518209e+001  0.000000e+000
    endloop
  endfacet
  facet normal -9.644818e-001  2.641493e-001  0.000000e+000
    outer loop
      vertex  8.093140e+001 -6.518209e+001 -2.100000e+000
      vertex  8.093140e+001 -6.518209e+001  0.000000e+000
      vertex  8.108242e+001 -6.463066e+001 -2.100000e+000
    endloop
  endfacet
  facet normal -9.644818e-001  2.641493e-001  0.000000e+000
    outer loop
      vertex  8.108242e+001 -6.463066e+001 -2.100000e+000
      vertex  8.093140e+001 -6.518209e+001  0.000000e+000
      vertex  8.108242e+001 -6.463066e+001  0.000000e+000
    endloop
  endfacet
  facet normal -9.190201e-001  3.942108e-001  0.000000e+000
    outer loop
      vertex  8.108242e+001 -6.463066e+001 -2.100000e+000
      vertex  8.108242e+001 -6.463066e+001  0.000000e+000
      vertex  8.130781e+001 -6.410522e+001 -2.100000e+000
    endloop
  endfacet
  facet normal -9.190201e-001  3.942108e-001  0.000000e+000
    outer loop
      vertex  8.130781e+001 -6.410522e+001 -2.100000e+000
      vertex  8.108242e+001 -6.463066e+001  0.000000e+000
      vertex  8.130781e+001 -6.410522e+001  0.000000e+000
    endloop
  endfacet
  facet normal -8.561211e-001  5.167751e-001  0.000000e+000
    outer loop
      vertex  8.130781e+001 -6.410522e+001 -2.100000e+000
      vertex  8.130781e+001 -6.410522e+001  0.000000e+000
      vertex  8.160327e+001 -6.361573e+001 -2.100000e+000
    endloop
  endfacet
  facet normal -8.561211e-001  5.167751e-001  0.000000e+000
    outer loop
      vertex  8.160327e+001 -6.361573e+001 -2.100000e+000
      vertex  8.130781e+001 -6.410522e+001  0.000000e+000
      vertex  8.160327e+001 -6.361573e+001  0.000000e+000
    endloop
  endfacet
  facet normal -7.769703e-001  6.295373e-001  0.000000e+000
    outer loop
      vertex  8.160327e+001 -6.361573e+001 -2.100000e+000
      vertex  8.160327e+001 -6.361573e+001  0.000000e+000
      vertex  8.196320e+001 -6.317151e+001 -2.100000e+000
    endloop
  endfacet
  facet normal -7.769703e-001  6.295373e-001  0.000000e+000
    outer loop
      vertex  8.196320e+001 -6.317151e+001 -2.100000e+000
      vertex  8.160327e+001 -6.361573e+001  0.000000e+000
      vertex  8.196320e+001 -6.317151e+001  0.000000e+000
    endloop
  endfacet
  facet normal -6.830724e-001  7.303507e-001  0.000000e+000
    outer loop
      vertex  8.196320e+001 -6.317151e+001 -2.100000e+000
      vertex  8.196320e+001 -6.317151e+001  0.000000e+000
      vertex  8.238078e+001 -6.278097e+001 -2.100000e+000
    endloop
  endfacet
  facet normal -6.830724e-001  7.303507e-001  0.000000e+000
    outer loop
      vertex  8.238078e+001 -6.278097e+001 -2.100000e+000
      vertex  8.196320e+001 -6.317151e+001  0.000000e+000
      vertex  8.238078e+001 -6.278097e+001  0.000000e+000
    endloop
  endfacet
  facet normal -5.762076e-001  8.173033e-001  0.000000e+000
    outer loop
      vertex  8.238078e+001 -6.278097e+001 -2.100000e+000
      vertex  8.238078e+001 -6.278097e+001  0.000000e+000
      vertex  8.284806e+001 -6.245153e+001 -2.100000e+000
    endloop
  endfacet
  facet normal -5.762076e-001  8.173033e-001  0.000000e+000
    outer loop
      vertex  8.284806e+001 -6.245153e+001 -2.100000e+000
      vertex  8.238078e+001 -6.278097e+001  0.000000e+000
      vertex  8.284806e+001 -6.245153e+001  0.000000e+000
    endloop
  endfacet
  facet normal -4.584087e-001  8.887414e-001  0.000000e+000
    outer loop
      vertex  8.284806e+001 -6.245153e+001 -2.100000e+000
      vertex  8.284806e+001 -6.245153e+001  0.000000e+000
      vertex  8.335619e+001 -6.218943e+001 -2.100000e+000
    endloop
  endfacet
  facet normal -4.584087e-001  8.887414e-001  0.000000e+000
    outer loop
      vertex  8.335619e+001 -6.218943e+001 -2.100000e+000
      vertex  8.284806e+001 -6.245153e+001  0.000000e+000
      vertex  8.335619e+001 -6.218943e+001  0.000000e+000
    endloop
  endfacet
  facet normal -3.319031e-001  9.433134e-001  0.000000e+000
    outer loop
      vertex  8.335619e+001 -6.218943e+001 -2.100000e+000
      vertex  8.335619e+001 -6.218943e+001  0.000000e+000
      vertex  8.389552e+001 -6.199967e+001 -2.100000e+000
    endloop
  endfacet
  facet normal -3.319031e-001  9.433134e-001  0.000000e+000
    outer loop
      vertex  8.389552e+001 -6.199967e+001 -2.100000e+000
      vertex  8.335619e+001 -6.218943e+001  0.000000e+000
      vertex  8.389552e+001 -6.199967e+001  0.000000e+000
    endloop
  endfacet
  facet normal -1.991074e-001  9.799777e-001  0.000000e+000
    outer loop
      vertex  8.389552e+001 -6.199967e+001 -2.100000e+000
      vertex  8.389552e+001 -6.199967e+001  0.000000e+000
      vertex  8.445582e+001 -6.188583e+001 -2.100000e+000
    endloop
  endfacet
  facet normal -1.991074e-001  9.799777e-001  0.000000e+000
    outer loop
      vertex  8.445582e+001 -6.188583e+001 -2.100000e+000
      vertex  8.389552e+001 -6.199967e+001  0.000000e+000
      vertex  8.445582e+001 -6.188583e+001  0.000000e+000
    endloop
  endfacet
  facet normal -6.253031e-002  9.980431e-001  0.000000e+000
    outer loop
      vertex  8.445582e+001 -6.188583e+001 -2.100000e+000
      vertex  8.445582e+001 -6.188583e+001  0.000000e+000
      vertex  8.502644e+001 -6.185008e+001 -2.100000e+000
    endloop
  endfacet
  facet normal -6.253031e-002  9.980431e-001  0.000000e+000
    outer loop
      vertex  8.502644e+001 -6.185008e+001 -2.100000e+000
      vertex  8.445582e+001 -6.188583e+001  0.000000e+000
      vertex  8.502644e+001 -6.185008e+001  0.000000e+000
    endloop
  endfacet
  facet normal  7.524077e-002  9.971654e-001  0.000000e+000
    outer loop
      vertex  8.502644e+001 -6.185008e+001 -2.100000e+000
      vertex  8.502644e+001 -6.185008e+001  0.000000e+000
      vertex  8.559657e+001 -6.189310e+001 -2.100000e+000
    endloop
  endfacet
  facet normal  7.524077e-002  9.971654e-001  -0.000000e+000
    outer loop
      vertex  8.559657e+001 -6.189310e+001 -2.100000e+000
      vertex  8.502644e+001 -6.185008e+001  0.000000e+000
      vertex  8.559657e+001 -6.189310e+001  0.000000e+000
    endloop
  endfacet
  facet normal  2.115772e-001  9.773613e-001  0.000000e+000
    outer loop
      vertex  8.559657e+001 -6.189310e+001 -2.100000e+000
      vertex  8.559657e+001 -6.189310e+001  0.000000e+000
      vertex  8.615536e+001 -6.201407e+001 -2.100000e+000
    endloop
  endfacet
  facet normal  2.115772e-001  9.773613e-001  -0.000000e+000
    outer loop
      vertex  8.615536e+001 -6.201407e+001 -2.100000e+000
      vertex  8.559657e+001 -6.189310e+001  0.000000e+000
      vertex  8.615536e+001 -6.201407e+001  0.000000e+000
    endloop
  endfacet
  facet normal  3.439064e-001  9.390039e-001  0.000000e+000
    outer loop
      vertex  8.615536e+001 -6.201407e+001 -2.100000e+000
      vertex  8.615536e+001 -6.201407e+001  0.000000e+000
      vertex  8.669223e+001 -6.221069e+001 -2.100000e+000
    endloop
  endfacet
  facet normal  3.439064e-001  9.390039e-001  -0.000000e+000
    outer loop
      vertex  8.669223e+001 -6.221069e+001 -2.100000e+000
      vertex  8.615536e+001 -6.201407e+001  0.000000e+000
      vertex  8.669223e+001 -6.221069e+001  0.000000e+000
    endloop
  endfacet
  facet normal -4.358293e-001  9.000294e-001  0.000000e+000
    outer loop
      vertex  8.764417e+001 -6.213659e+001  0.000000e+000
      vertex  8.742077e+001 -6.224476e+001 -2.100000e+000
      vertex  8.742077e+001 -6.224476e+001  0.000000e+000
    endloop
  endfacet
  facet normal -2.007483e-001  9.796429e-001  0.000000e+000
    outer loop
      vertex  8.742077e+001 -6.224476e+001  0.000000e+000
      vertex  8.742077e+001 -6.224476e+001 -2.100000e+000
      vertex  8.717761e+001 -6.229459e+001 -2.100000e+000
    endloop
  endfacet
  facet normal -2.007483e-001  9.796429e-001  0.000000e+000
    outer loop
      vertex  8.742077e+001 -6.224476e+001  0.000000e+000
      vertex  8.717761e+001 -6.229459e+001 -2.100000e+000
      vertex  8.717761e+001 -6.229459e+001  0.000000e+000
    endloop
  endfacet
  facet normal  4.670713e-002  9.989086e-001  0.000000e+000
    outer loop
      vertex  8.717761e+001 -6.229459e+001  0.000000e+000
      vertex  8.717761e+001 -6.229459e+001 -2.100000e+000
      vertex  8.692968e+001 -6.228300e+001 -2.100000e+000
    endloop
  endfacet
  facet normal  4.670713e-002  9.989086e-001  -0.000000e+000
    outer loop
      vertex  8.717761e+001 -6.229459e+001  0.000000e+000
      vertex  8.692968e+001 -6.228300e+001 -2.100000e+000
      vertex  8.692968e+001 -6.228300e+001  0.000000e+000
    endloop
  endfacet
  facet normal  2.912962e-001  9.566330e-001  0.000000e+000
    outer loop
      vertex  8.692968e+001 -6.228300e+001  0.000000e+000
      vertex  8.692968e+001 -6.228300e+001 -2.100000e+000
      vertex  8.669223e+001 -6.221069e+001 -2.100000e+000
    endloop
  endfacet
  facet normal  2.912962e-001  9.566330e-001  -0.000000e+000
    outer loop
      vertex  8.692968e+001 -6.228300e+001  0.000000e+000
      vertex  8.669223e+001 -6.221069e+001 -2.100000e+000
      vertex  8.669223e+001 -6.221069e+001  0.000000e+000
    endloop
  endfacet
  facet normal -4.358293e-001  9.000294e-001  0.000000e+000
    outer loop
      vertex  8.742077e+001 -6.224476e+001 -2.100000e+000
      vertex  8.764417e+001 -6.213659e+001  0.000000e+000
      vertex  8.764417e+001 -6.213659e+001 -2.100000e+000
    endloop
  endfacet
  facet normal -6.440732e-001  7.649638e-001  0.000000e+000
    outer loop
      vertex  8.764417e+001 -6.213659e+001 -2.100000e+000
      vertex  8.764417e+001 -6.213659e+001  0.000000e+000
      vertex  8.783404e+001 -6.197672e+001  0.000000e+000
    endloop
  endfacet
  facet normal -6.440732e-001  7.649638e-001  0.000000e+000
    outer loop
      vertex  8.764417e+001 -6.213659e+001 -2.100000e+000
      vertex  8.783404e+001 -6.197672e+001  0.000000e+000
      vertex  8.783404e+001 -6.197672e+001 -2.100000e+000
    endloop
  endfacet
  facet normal -8.126458e-001  5.827578e-001  0.000000e+000
    outer loop
      vertex  8.783404e+001 -6.197672e+001 -2.100000e+000
      vertex  8.783404e+001 -6.197672e+001  0.000000e+000
      vertex  8.797868e+001 -6.177501e+001  0.000000e+000
    endloop
  endfacet
  facet normal -8.126458e-001  5.827578e-001  0.000000e+000
    outer loop
      vertex  8.783404e+001 -6.197672e+001 -2.100000e+000
      vertex  8.797868e+001 -6.177501e+001  0.000000e+000
      vertex  8.797868e+001 -6.177501e+001 -2.100000e+000
    endloop
  endfacet
  facet normal -9.311362e-001  3.646717e-001  0.000000e+000
    outer loop
      vertex  8.797868e+001 -6.177501e+001 -2.100000e+000
      vertex  8.797868e+001 -6.177501e+001  0.000000e+000
      vertex  8.806920e+001 -6.154390e+001  0.000000e+000
    endloop
  endfacet
  facet normal -9.311362e-001  3.646717e-001  0.000000e+000
    outer loop
      vertex  8.797868e+001 -6.177501e+001 -2.100000e+000
      vertex  8.806920e+001 -6.154390e+001  0.000000e+000
      vertex  8.806920e+001 -6.154390e+001 -2.100000e+000
    endloop
  endfacet
  facet normal -9.922710e-001  1.240896e-001  0.000000e+000
    outer loop
      vertex  8.806920e+001 -6.154390e+001 -2.100000e+000
      vertex  8.806920e+001 -6.154390e+001  0.000000e+000
      vertex  8.810000e+001 -6.129761e+001  0.000000e+000
    endloop
  endfacet
  facet normal -9.922710e-001  1.240896e-001  0.000000e+000
    outer loop
      vertex  8.806920e+001 -6.154390e+001 -2.100000e+000
      vertex  8.810000e+001 -6.129761e+001  0.000000e+000
      vertex  8.810000e+001 -6.129761e+001 -2.100000e+000
    endloop
  endfacet
  facet normal -9.999999e-001  0.000000e+000  0.000000e+000
    outer loop
      vertex  8.810000e+001 -6.129761e+001 -2.100000e+000
      vertex  8.810000e+001 -6.129761e+001  0.000000e+000
      vertex  8.810000e+001 -8.702393e+000 -2.100000e+000
    endloop
  endfacet
  facet normal -9.999999e-001  0.000000e+000  0.000000e+000
    outer loop
      vertex  8.810000e+001 -8.702393e+000 -2.100000e+000
      vertex  8.810000e+001 -6.129761e+001  0.000000e+000
      vertex  8.810000e+001 -8.702393e+000  0.000000e+000
    endloop
  endfacet
  facet normal -6.440744e-001 -7.649629e-001  0.000000e+000
    outer loop
      vertex  8.764417e+001 -7.863415e+000  0.000000e+000
      vertex  8.783404e+001 -8.023282e+000 -2.100000e+000
      vertex  8.783404e+001 -8.023282e+000  0.000000e+000
    endloop
  endfacet
  facet normal -8.126432e-001 -5.827615e-001  -0.000000e+000
    outer loop
      vertex  8.783404e+001 -8.023282e+000  0.000000e+000
      vertex  8.783404e+001 -8.023282e+000 -2.100000e+000
      vertex  8.797868e+001 -8.224986e+000 -2.100000e+000
    endloop
  endfacet
  facet normal -8.126432e-001 -5.827615e-001  0.000000e+000
    outer loop
      vertex  8.783404e+001 -8.023282e+000  0.000000e+000
      vertex  8.797868e+001 -8.224986e+000 -2.100000e+000
      vertex  8.797868e+001 -8.224986e+000  0.000000e+000
    endloop
  endfacet
  facet normal -9.311362e-001 -3.646717e-001  -0.000000e+000
    outer loop
      vertex  8.797868e+001 -8.224986e+000  0.000000e+000
      vertex  8.797868e+001 -8.224986e+000 -2.100000e+000
      vertex  8.806920e+001 -8.456103e+000 -2.100000e+000
    endloop
  endfacet
  facet normal -9.311362e-001 -3.646717e-001  0.000000e+000
    outer loop
      vertex  8.797868e+001 -8.224986e+000  0.000000e+000
      vertex  8.806920e+001 -8.456103e+000 -2.100000e+000
      vertex  8.806920e+001 -8.456103e+000  0.000000e+000
    endloop
  endfacet
  facet normal -9.922710e-001 -1.240891e-001  -0.000000e+000
    outer loop
      vertex  8.806920e+001 -8.456103e+000  0.000000e+000
      vertex  8.806920e+001 -8.456103e+000 -2.100000e+000
      vertex  8.810000e+001 -8.702393e+000 -2.100000e+000
    endloop
  endfacet
  facet normal -9.922710e-001 -1.240891e-001  0.000000e+000
    outer loop
      vertex  8.806920e+001 -8.456103e+000  0.000000e+000
      vertex  8.810000e+001 -8.702393e+000 -2.100000e+000
      vertex  8.810000e+001 -8.702393e+000  0.000000e+000
    endloop
  endfacet
  facet normal -6.440744e-001 -7.649629e-001  -0.000000e+000
    outer loop
      vertex  8.783404e+001 -8.023282e+000 -2.100000e+000
      vertex  8.764417e+001 -7.863415e+000  0.000000e+000
      vertex  8.764417e+001 -7.863415e+000 -2.100000e+000
    endloop
  endfacet
  facet normal -4.358339e-001 -9.000271e-001  0.000000e+000
    outer loop
      vertex  8.764417e+001 -7.863415e+000 -2.100000e+000
      vertex  8.764417e+001 -7.863415e+000  0.000000e+000
      vertex  8.742077e+001 -7.755237e+000  0.000000e+000
    endloop
  endfacet
  facet normal -4.358339e-001 -9.000271e-001  -0.000000e+000
    outer loop
      vertex  8.764417e+001 -7.863415e+000 -2.100000e+000
      vertex  8.742077e+001 -7.755237e+000  0.000000e+000
      vertex  8.742077e+001 -7.755237e+000 -2.100000e+000
    endloop
  endfacet
  facet normal -2.007464e-001 -9.796433e-001  0.000000e+000
    outer loop
      vertex  8.742077e+001 -7.755237e+000 -2.100000e+000
      vertex  8.742077e+001 -7.755237e+000  0.000000e+000
      vertex  8.717761e+001 -7.705410e+000  0.000000e+000
    endloop
  endfacet
  facet normal -2.007464e-001 -9.796433e-001  -0.000000e+000
    outer loop
      vertex  8.742077e+001 -7.755237e+000 -2.100000e+000
      vertex  8.717761e+001 -7.705410e+000  0.000000e+000
      vertex  8.717761e+001 -7.705410e+000 -2.100000e+000
    endloop
  endfacet
  facet normal  4.671672e-002 -9.989081e-001  0.000000e+000
    outer loop
      vertex  8.717761e+001 -7.705410e+000 -2.100000e+000
      vertex  8.717761e+001 -7.705410e+000  0.000000e+000
      vertex  8.692968e+001 -7.717005e+000  0.000000e+000
    endloop
  endfacet
  facet normal  4.671672e-002 -9.989081e-001  0.000000e+000
    outer loop
      vertex  8.717761e+001 -7.705410e+000 -2.100000e+000
      vertex  8.692968e+001 -7.717005e+000  0.000000e+000
      vertex  8.692968e+001 -7.717005e+000 -2.100000e+000
    endloop
  endfacet
  facet normal  2.912909e-001 -9.566345e-001  0.000000e+000
    outer loop
      vertex  8.692968e+001 -7.717005e+000 -2.100000e+000
      vertex  8.692968e+001 -7.717005e+000  0.000000e+000
      vertex  8.669223e+001 -7.789307e+000  0.000000e+000
    endloop
  endfacet
  facet normal  2.912909e-001 -9.566345e-001  0.000000e+000
    outer loop
      vertex  8.692968e+001 -7.717005e+000 -2.100000e+000
      vertex  8.669223e+001 -7.789307e+000  0.000000e+000
      vertex  8.669223e+001 -7.789307e+000 -2.100000e+000
    endloop
  endfacet
  facet normal  3.439028e-001 -9.390052e-001  0.000000e+000
    outer loop
      vertex  8.669223e+001 -7.789307e+000 -2.100000e+000
      vertex  8.669223e+001 -7.789307e+000  0.000000e+000
      vertex  8.615536e+001 -7.985929e+000 -2.100000e+000
    endloop
  endfacet
  facet normal  3.439028e-001 -9.390052e-001  0.000000e+000
    outer loop
      vertex  8.615536e+001 -7.985929e+000 -2.100000e+000
      vertex  8.669223e+001 -7.789307e+000  0.000000e+000
      vertex  8.615536e+001 -7.985929e+000  0.000000e+000
    endloop
  endfacet
  facet normal  2.115788e-001 -9.773609e-001  0.000000e+000
    outer loop
      vertex  8.615536e+001 -7.985929e+000 -2.100000e+000
      vertex  8.615536e+001 -7.985929e+000  0.000000e+000
      vertex  8.559657e+001 -8.106898e+000 -2.100000e+000
    endloop
  endfacet
  facet normal  2.115788e-001 -9.773609e-001  0.000000e+000
    outer loop
      vertex  8.559657e+001 -8.106898e+000 -2.100000e+000
      vertex  8.615536e+001 -7.985929e+000  0.000000e+000
      vertex  8.559657e+001 -8.106898e+000  0.000000e+000
    endloop
  endfacet
  facet normal  7.523911e-002 -9.971655e-001  0.000000e+000
    outer loop
      vertex  8.559657e+001 -8.106898e+000 -2.100000e+000
      vertex  8.559657e+001 -8.106898e+000  0.000000e+000
      vertex  8.502644e+001 -8.149916e+000 -2.100000e+000
    endloop
  endfacet
  facet normal  7.523911e-002 -9.971655e-001  0.000000e+000
    outer loop
      vertex  8.502644e+001 -8.149916e+000 -2.100000e+000
      vertex  8.559657e+001 -8.106898e+000  0.000000e+000
      vertex  8.502644e+001 -8.149916e+000  0.000000e+000
    endloop
  endfacet
  facet normal -6.252533e-002 -9.980434e-001  -0.000000e+000
    outer loop
      vertex  8.502644e+001 -8.149916e+000 -2.100000e+000
      vertex  8.502644e+001 -8.149916e+000  0.000000e+000
      vertex  8.445582e+001 -8.114167e+000 -2.100000e+000
    endloop
  endfacet
  facet normal -6.252533e-002 -9.980434e-001  0.000000e+000
    outer loop
      vertex  8.445582e+001 -8.114167e+000 -2.100000e+000
      vertex  8.502644e+001 -8.149916e+000  0.000000e+000
      vertex  8.445582e+001 -8.114167e+000  0.000000e+000
    endloop
  endfacet
  facet normal -1.991058e-001 -9.799780e-001  -0.000000e+000
    outer loop
      vertex  8.445582e+001 -8.114167e+000 -2.100000e+000
      vertex  8.445582e+001 -8.114167e+000  0.000000e+000
      vertex  8.389552e+001 -8.000330e+000 -2.100000e+000
    endloop
  endfacet
  facet normal -1.991058e-001 -9.799780e-001  0.000000e+000
    outer loop
      vertex  8.389552e+001 -8.000330e+000 -2.100000e+000
      vertex  8.445582e+001 -8.114167e+000  0.000000e+000
      vertex  8.389552e+001 -8.000330e+000  0.000000e+000
    endloop
  endfacet
  facet normal -3.319083e-001 -9.433117e-001  -0.000000e+000
    outer loop
      vertex  8.389552e+001 -8.000330e+000 -2.100000e+000
      vertex  8.389552e+001 -8.000330e+000  0.000000e+000
      vertex  8.335619e+001 -7.810565e+000 -2.100000e+000
    endloop
  endfacet
  facet normal -3.319083e-001 -9.433117e-001  0.000000e+000
    outer loop
      vertex  8.335619e+001 -7.810565e+000 -2.100000e+000
      vertex  8.389552e+001 -8.000330e+000  0.000000e+000
      vertex  8.335619e+001 -7.810565e+000  0.000000e+000
    endloop
  endfacet
  facet normal -4.584061e-001 -8.887429e-001  -0.000000e+000
    outer loop
      vertex  8.335619e+001 -7.810565e+000 -2.100000e+000
      vertex  8.335619e+001 -7.810565e+000  0.000000e+000
      vertex  8.284806e+001 -7.548474e+000 -2.100000e+000
    endloop
  endfacet
  facet normal -4.584061e-001 -8.887429e-001  0.000000e+000
    outer loop
      vertex  8.284806e+001 -7.548474e+000 -2.100000e+000
      vertex  8.335619e+001 -7.810565e+000  0.000000e+000
      vertex  8.284806e+001 -7.548474e+000  0.000000e+000
    endloop
  endfacet
  facet normal -5.762088e-001 -8.173026e-001  -0.000000e+000
    outer loop
      vertex  8.284806e+001 -7.548474e+000 -2.100000e+000
      vertex  8.284806e+001 -7.548474e+000  0.000000e+000
      vertex  8.238078e+001 -7.219032e+000 -2.100000e+000
    endloop
  endfacet
  facet normal -5.762088e-001 -8.173026e-001  0.000000e+000
    outer loop
      vertex  8.238078e+001 -7.219032e+000 -2.100000e+000
      vertex  8.284806e+001 -7.548474e+000  0.000000e+000
      vertex  8.238078e+001 -7.219032e+000  0.000000e+000
    endloop
  endfacet
  facet normal -6.830720e-001 -7.303510e-001  -0.000000e+000
    outer loop
      vertex  8.238078e+001 -7.219032e+000 -2.100000e+000
      vertex  8.238078e+001 -7.219032e+000  0.000000e+000
      vertex  8.196320e+001 -6.828491e+000 -2.100000e+000
    endloop
  endfacet
  facet normal -6.830720e-001 -7.303510e-001  0.000000e+000
    outer loop
      vertex  8.196320e+001 -6.828491e+000 -2.100000e+000
      vertex  8.238078e+001 -7.219032e+000  0.000000e+000
      vertex  8.196320e+001 -6.828491e+000  0.000000e+000
    endloop
  endfacet
  facet normal -7.769709e-001 -6.295365e-001  -0.000000e+000
    outer loop
      vertex  8.196320e+001 -6.828491e+000 -2.100000e+000
      vertex  8.196320e+001 -6.828491e+000  0.000000e+000
      vertex  8.160327e+001 -6.384265e+000 -2.100000e+000
    endloop
  endfacet
  facet normal -7.769709e-001 -6.295365e-001  0.000000e+000
    outer loop
      vertex  8.160327e+001 -6.384265e+000 -2.100000e+000
      vertex  8.196320e+001 -6.828491e+000  0.000000e+000
      vertex  8.160327e+001 -6.384265e+000  0.000000e+000
    endloop
  endfacet
  facet normal -8.561198e-001 -5.167774e-001  -0.000000e+000
    outer loop
      vertex  8.160327e+001 -6.384265e+000 -2.100000e+000
      vertex  8.160327e+001 -6.384265e+000  0.000000e+000
      vertex  8.130781e+001 -5.894785e+000 -2.100000e+000
    endloop
  endfacet
  facet normal -8.561198e-001 -5.167774e-001  0.000000e+000
    outer loop
      vertex  8.130781e+001 -5.894785e+000 -2.100000e+000
      vertex  8.160327e+001 -6.384265e+000  0.000000e+000
      vertex  8.130781e+001 -5.894785e+000  0.000000e+000
    endloop
  endfacet
  facet normal -9.190201e-001 -3.942108e-001  -0.000000e+000
    outer loop
      vertex  8.130781e+001 -5.894785e+000 -2.100000e+000
      vertex  8.130781e+001 -5.894785e+000  0.000000e+000
      vertex  8.108242e+001 -5.369341e+000 -2.100000e+000
    endloop
  endfacet
  facet normal -9.190201e-001 -3.942108e-001  0.000000e+000
    outer loop
      vertex  8.108242e+001 -5.369341e+000 -2.100000e+000
      vertex  8.130781e+001 -5.894785e+000  0.000000e+000
      vertex  8.108242e+001 -5.369341e+000  0.000000e+000
    endloop
  endfacet
  facet normal -9.644824e-001 -2.641472e-001  -0.000000e+000
    outer loop
      vertex  8.108242e+001 -5.369341e+000 -2.100000e+000
      vertex  8.108242e+001 -5.369341e+000  0.000000e+000
      vertex  8.093140e+001 -4.817906e+000 -2.100000e+000
    endloop
  endfacet
  facet normal -9.644824e-001 -2.641472e-001  0.000000e+000
    outer loop
      vertex  8.093140e+001 -4.817906e+000 -2.100000e+000
      vertex  8.108242e+001 -5.369341e+000  0.000000e+000
      vertex  8.093140e+001 -4.817906e+000  0.000000e+000
    endloop
  endfacet
  facet normal -9.916345e-001 -1.290777e-001  -0.000000e+000
    outer loop
      vertex  8.093140e+001 -4.817906e+000 -2.100000e+000
      vertex  8.093140e+001 -4.817906e+000  0.000000e+000
      vertex  8.085760e+001 -4.250947e+000 -2.100000e+000
    endloop
  endfacet
  facet normal -9.916345e-001 -1.290777e-001  0.000000e+000
    outer loop
      vertex  8.085760e+001 -4.250947e+000 -2.100000e+000
      vertex  8.093140e+001 -4.817906e+000  0.000000e+000
      vertex  8.085760e+001 -4.250947e+000  0.000000e+000
    endloop
  endfacet
  facet normal -9.999644e-001  8.433483e-003  0.000000e+000
    outer loop
      vertex  8.085760e+001 -4.250947e+000 -2.100000e+000
      vertex  8.085760e+001 -4.250947e+000  0.000000e+000
      vertex  8.086242e+001 -3.679226e+000 -2.100000e+000
    endloop
  endfacet
  facet normal -9.999644e-001  8.433483e-003  0.000000e+000
    outer loop
      vertex  8.086242e+001 -3.679226e+000 -2.100000e+000
      vertex  8.085760e+001 -4.250947e+000  0.000000e+000
      vertex  8.086242e+001 -3.679226e+000  0.000000e+000
    endloop
  endfacet
  facet normal -9.893163e-001  1.457846e-001  0.000000e+000
    outer loop
      vertex  8.086242e+001 -3.679226e+000 -2.100000e+000
      vertex  8.086242e+001 -3.679226e+000  0.000000e+000
      vertex  8.094577e+001 -3.113592e+000 -2.100000e+000
    endloop
  endfacet
  facet normal -9.893163e-001  1.457846e-001  0.000000e+000
    outer loop
      vertex  8.094577e+001 -3.113592e+000 -2.100000e+000
      vertex  8.086242e+001 -3.679226e+000  0.000000e+000
      vertex  8.094577e+001 -3.113592e+000  0.000000e+000
    endloop
  endfacet
  facet normal -9.120117e-001 -4.101641e-001  0.000000e+000
    outer loop
      vertex  8.082127e+001 -2.377144e+000  0.000000e+000
      vertex  8.092564e+001 -2.609214e+000 -2.100000e+000
      vertex  8.092564e+001 -2.609214e+000  0.000000e+000
    endloop
  endfacet
  facet normal -9.860119e-001 -1.666756e-001  -0.000000e+000
    outer loop
      vertex  8.092564e+001 -2.609214e+000  0.000000e+000
      vertex  8.092564e+001 -2.609214e+000 -2.100000e+000
      vertex  8.096805e+001 -2.860112e+000 -2.100000e+000
    endloop
  endfacet
  facet normal -9.860119e-001 -1.666756e-001  0.000000e+000
    outer loop
      vertex  8.092564e+001 -2.609214e+000  0.000000e+000
      vertex  8.096805e+001 -2.860112e+000 -2.100000e+000
      vertex  8.096805e+001 -2.860112e+000  0.000000e+000
    endloop
  endfacet
  facet normal -9.961601e-001  8.755030e-002  0.000000e+000
    outer loop
      vertex  8.096805e+001 -2.860112e+000  0.000000e+000
      vertex  8.096805e+001 -2.860112e+000 -2.100000e+000
      vertex  8.094577e+001 -3.113592e+000 -2.100000e+000
    endloop
  endfacet
  facet normal -9.961601e-001  8.755030e-002  0.000000e+000
    outer loop
      vertex  8.096805e+001 -2.860112e+000  0.000000e+000
      vertex  8.094577e+001 -3.113592e+000 -2.100000e+000
      vertex  8.094577e+001 -3.113592e+000  0.000000e+000
    endloop
  endfacet
  facet normal -9.120117e-001 -4.101641e-001  -0.000000e+000
    outer loop
      vertex  8.092564e+001 -2.609214e+000 -2.100000e+000
      vertex  8.082127e+001 -2.377144e+000  0.000000e+000
      vertex  8.082127e+001 -2.377144e+000 -2.100000e+000
    endloop
  endfacet
  facet normal -7.789698e-001 -6.270616e-001  0.000000e+000
    outer loop
      vertex  8.082127e+001 -2.377144e+000 -2.100000e+000
      vertex  8.082127e+001 -2.377144e+000  0.000000e+000
      vertex  8.066171e+001 -2.178928e+000  0.000000e+000
    endloop
  endfacet
  facet normal -7.789698e-001 -6.270616e-001  -0.000000e+000
    outer loop
      vertex  8.082127e+001 -2.377144e+000 -2.100000e+000
      vertex  8.066171e+001 -2.178928e+000  0.000000e+000
      vertex  8.066171e+001 -2.178928e+000 -2.100000e+000
    endloop
  endfacet
  facet normal -5.954894e-001 -8.033631e-001  0.000000e+000
    outer loop
      vertex  8.066171e+001 -2.178928e+000 -2.100000e+000
      vertex  8.066171e+001 -2.178928e+000  0.000000e+000
      vertex  8.045728e+001 -2.027401e+000  0.000000e+000
    endloop
  endfacet
  facet normal -5.954894e-001 -8.033631e-001  -0.000000e+000
    outer loop
      vertex  8.066171e+001 -2.178928e+000 -2.100000e+000
      vertex  8.045728e+001 -2.027401e+000  0.000000e+000
      vertex  8.045728e+001 -2.027401e+000 -2.100000e+000
    endloop
  endfacet
  facet normal -3.734518e-001 -9.276496e-001  0.000000e+000
    outer loop
      vertex  8.045728e+001 -2.027401e+000 -2.100000e+000
      vertex  8.045728e+001 -2.027401e+000  0.000000e+000
      vertex  8.022124e+001 -1.932374e+000  0.000000e+000
    endloop
  endfacet
  facet normal -3.734518e-001 -9.276496e-001  -0.000000e+000
    outer loop
      vertex  8.045728e+001 -2.027401e+000 -2.100000e+000
      vertex  8.022124e+001 -1.932374e+000  0.000000e+000
      vertex  8.022124e+001 -1.932374e+000 -2.100000e+000
    endloop
  endfacet
  facet normal -1.272303e-001 -9.918732e-001  0.000000e+000
    outer loop
      vertex  8.022124e+001 -1.932374e+000 -2.100000e+000
      vertex  8.022124e+001 -1.932374e+000  0.000000e+000
      vertex  7.996885e+001 -1.900000e+000  0.000000e+000
    endloop
  endfacet
  facet normal -1.272303e-001 -9.918732e-001  -0.000000e+000
    outer loop
      vertex  8.022124e+001 -1.932374e+000 -2.100000e+000
      vertex  7.996885e+001 -1.900000e+000  0.000000e+000
      vertex  7.996885e+001 -1.900000e+000 -2.100000e+000
    endloop
  endfacet
  facet normal  9.033106e-002 -7.042161e-001  7.042159e-001
    outer loop
      vertex  1.003115e+001 -1.900000e+000 -2.100000e+000
      vertex  9.778763e+000 -1.932374e+000 -2.100000e+000
      vertex  1.003115e+001 -2.300000e+000 -2.500000e+000
    endloop
  endfacet
  facet normal  1.245879e-001 -6.901275e-001  7.128828e-001
    outer loop
      vertex  9.778763e+000 -1.932374e+000 -2.100000e+000
      vertex  9.821357e+000 -2.337874e+000 -2.500000e+000
      vertex  1.003115e+001 -2.300000e+000 -2.500000e+000
    endloop
  endfacet
  facet normal  7.008127e-001  2.569612e-002  7.128825e-001
    outer loop
      vertex  9.437188e+000 -2.815110e+000 -2.500000e+000
      vertex  9.031949e+000 -2.860112e+000 -2.100000e+000
      vertex  9.445000e+000 -3.028156e+000 -2.500000e+000
    endloop
  endfacet
  facet normal  7.072583e-001  6.216735e-002  7.042165e-001
    outer loop
      vertex  9.031949e+000 -2.860112e+000 -2.100000e+000
      vertex  9.054230e+000 -3.113592e+000 -2.100000e+000
      vertex  9.445000e+000 -3.028156e+000 -2.500000e+000
    endloop
  endfacet
  facet normal  2.666993e-001 -6.624832e-001  6.999910e-001
    outer loop
      vertex  9.778763e+000 -1.932374e+000 -2.100000e+000
      vertex  9.542715e+000 -2.027401e+000 -2.100000e+000
      vertex  9.821357e+000 -2.337874e+000 -2.500000e+000
    endloop
  endfacet
  facet normal  4.244393e-001 -5.726053e-001  7.014090e-001
    outer loop
      vertex  9.542715e+000 -2.027401e+000 -2.100000e+000
      vertex  9.338292e+000 -2.178928e+000 -2.100000e+000
      vertex  9.638046e+000 -2.446715e+000 -2.500000e+000
    endloop
  endfacet
  facet normal  3.568709e-001 -6.010426e-001  7.151160e-001
    outer loop
      vertex  9.821357e+000 -2.337874e+000 -2.500000e+000
      vertex  9.542715e+000 -2.027401e+000 -2.100000e+000
      vertex  9.638046e+000 -2.446715e+000 -2.500000e+000
    endloop
  endfacet
  facet normal  6.500479e-001 -2.923416e-001  7.014086e-001
    outer loop
      vertex  9.178732e+000 -2.377144e+000 -2.100000e+000
      vertex  9.074365e+000 -2.609214e+000 -2.100000e+000
      vertex  9.504364e+000 -2.612783e+000 -2.500000e+000
    endloop
  endfacet
  facet normal  5.498397e-001 -4.426145e-001  7.083564e-001
    outer loop
      vertex  9.638046e+000 -2.446715e+000 -2.500000e+000
      vertex  9.178732e+000 -2.377144e+000 -2.100000e+000
      vertex  9.504364e+000 -2.612783e+000 -2.500000e+000
    endloop
  endfacet
  facet normal  5.498405e-001 -4.426126e-001  7.083570e-001
    outer loop
      vertex  9.338292e+000 -2.178928e+000 -2.100000e+000
      vertex  9.178732e+000 -2.377144e+000 -2.100000e+000
      vertex  9.638046e+000 -2.446715e+000 -2.500000e+000
    endloop
  endfacet
  facet normal  7.041605e-001 -1.190421e-001  6.999906e-001
    outer loop
      vertex  9.074365e+000 -2.609214e+000 -2.100000e+000
      vertex  9.031949e+000 -2.860112e+000 -2.100000e+000
      vertex  9.437188e+000 -2.815110e+000 -2.500000e+000
    endloop
  endfacet
  facet normal  6.633971e-001 -2.202579e-001  7.151159e-001
    outer loop
      vertex  9.504364e+000 -2.612783e+000 -2.500000e+000
      vertex  9.074365e+000 -2.609214e+000 -2.100000e+000
      vertex  9.437188e+000 -2.815110e+000 -2.500000e+000
    endloop
  endfacet
  facet normal -2.461248e-001 -6.636841e-001  7.063611e-001
    outer loop
      vertex  3.144660e+000 -8.154541e+000 -2.500000e+000
      vertex  3.697874e+000 -8.359698e+000 -2.500000e+000
      vertex  3.307767e+000 -7.789307e+000 -2.100000e+000
    endloop
  endfacet
  facet normal -2.427362e-001 -6.627813e-001  7.083785e-001
    outer loop
      vertex  3.697874e+000 -8.359698e+000 -2.500000e+000
      vertex  3.844636e+000 -7.985929e+000 -2.100000e+000
      vertex  3.307767e+000 -7.789307e+000 -2.100000e+000
    endloop
  endfacet
  facet normal  6.982916e-001  1.029042e-001  7.083781e-001
    outer loop
      vertex  9.137585e+000 -3.679226e+000 -2.100000e+000
      vertex  9.533386e+000 -3.611528e+000 -2.500000e+000
      vertex  9.054230e+000 -3.113592e+000 -2.100000e+000
    endloop
  endfacet
  facet normal  6.998634e-001  1.060361e-001  7.063622e-001
    outer loop
      vertex  9.533386e+000 -3.611528e+000 -2.500000e+000
      vertex  9.445000e+000 -3.028156e+000 -2.500000e+000
      vertex  9.054230e+000 -3.113592e+000 -2.100000e+000
    endloop
  endfacet
  facet normal -1.585761e-001 -6.917199e-001  7.045406e-001
    outer loop
      vertex  3.697874e+000 -8.359698e+000 -2.500000e+000
      vertex  4.272985e+000 -8.491542e+000 -2.500000e+000
      vertex  3.844636e+000 -7.985929e+000 -2.100000e+000
    endloop
  endfacet
  facet normal -6.788201e-002 -7.079926e-001  7.029499e-001
    outer loop
      vertex  4.272985e+000 -8.491542e+000 -2.500000e+000
      vertex  4.860321e+000 -8.547855e+000 -2.500000e+000
      vertex  4.403435e+000 -8.106898e+000 -2.100000e+000
    endloop
  endfacet
  facet normal -1.489494e-001 -6.880507e-001  7.102115e-001
    outer loop
      vertex  3.844636e+000 -7.985929e+000 -2.100000e+000
      vertex  4.272985e+000 -8.491542e+000 -2.500000e+000
      vertex  4.403435e+000 -8.106898e+000 -2.100000e+000
    endloop
  endfacet
  facet normal  2.435136e-002 -7.121583e-001  7.015964e-001
    outer loop
      vertex  4.860321e+000 -8.547855e+000 -2.500000e+000
      vertex  5.450006e+000 -8.527692e+000 -2.500000e+000
      vertex  4.973557e+000 -8.149916e+000 -2.100000e+000
    endloop
  endfacet
  facet normal -5.284870e-002 -7.004193e-001  7.117723e-001
    outer loop
      vertex  4.403435e+000 -8.106898e+000 -2.100000e+000
      vertex  4.860321e+000 -8.547855e+000 -2.500000e+000
      vertex  4.973557e+000 -8.149916e+000 -2.100000e+000
    endloop
  endfacet
  facet normal  1.164809e-001 -7.040997e-001  7.004826e-001
    outer loop
      vertex  5.450006e+000 -8.527692e+000 -2.500000e+000
      vertex  6.032124e+000 -8.431391e+000 -2.500000e+000
      vertex  5.544180e+000 -8.114167e+000 -2.100000e+000
    endloop
  endfacet
  facet normal  4.383654e-002 -6.997265e-001  7.130646e-001
    outer loop
      vertex  4.973557e+000 -8.149916e+000 -2.100000e+000
      vertex  5.450006e+000 -8.527692e+000 -2.500000e+000
      vertex  5.544180e+000 -8.114167e+000 -2.100000e+000
    endloop
  endfacet
  facet normal  2.068620e-001 -6.839222e-001  6.996132e-001
    outer loop
      vertex  6.032124e+000 -8.431391e+000 -2.500000e+000
      vertex  6.596885e+000 -8.260571e+000 -2.500000e+000
      vertex  6.104475e+000 -8.000330e+000 -2.100000e+000
    endloop
  endfacet
  facet normal  1.393841e-001 -6.860336e-001  7.140939e-001
    outer loop
      vertex  5.544180e+000 -8.114167e+000 -2.100000e+000
      vertex  6.032124e+000 -8.431391e+000 -2.500000e+000
      vertex  6.104475e+000 -8.000330e+000 -2.100000e+000
    endloop
  endfacet
  facet normal  2.938761e-001 -6.519582e-001  6.989903e-001
    outer loop
      vertex  6.596885e+000 -8.260571e+000 -2.500000e+000
      vertex  7.134793e+000 -8.018104e+000 -2.500000e+000
      vertex  6.643806e+000 -7.810565e+000 -2.100000e+000
    endloop
  endfacet
  facet normal  2.320911e-001 -6.596248e-001  7.148629e-001
    outer loop
      vertex  6.104475e+000 -8.000330e+000 -2.100000e+000
      vertex  6.596885e+000 -8.260571e+000 -2.500000e+000
      vertex  6.643806e+000 -7.810565e+000 -2.100000e+000
    endloop
  endfacet
  facet normal  3.759628e-001 -6.087597e-001  6.986156e-001
    outer loop
      vertex  7.134793e+000 -8.018104e+000 -2.500000e+000
      vertex  7.636802e+000 -7.708069e+000 -2.500000e+000
      vertex  7.151937e+000 -7.548474e+000 -2.100000e+000
    endloop
  endfacet
  facet normal  3.203086e-001 -6.210015e-001  7.153736e-001
    outer loop
      vertex  6.643806e+000 -7.810565e+000 -2.100000e+000
      vertex  7.134793e+000 -8.018104e+000 -2.500000e+000
      vertex  7.151937e+000 -7.548474e+000 -2.100000e+000
    endloop
  endfacet
  facet normal  4.516546e-001 -5.550848e-001  6.984905e-001
    outer loop
      vertex  7.636802e+000 -7.708069e+000 -2.500000e+000
      vertex  8.094471e+000 -7.335679e+000 -2.500000e+000
      vertex  7.619224e+000 -7.219032e+000 -2.100000e+000
    endloop
  endfacet
  facet normal  4.024696e-001 -5.708708e-001  7.156289e-001
    outer loop
      vertex  7.151937e+000 -7.548474e+000 -2.100000e+000
      vertex  7.636802e+000 -7.708069e+000 -2.500000e+000
      vertex  7.619224e+000 -7.219032e+000 -2.100000e+000
    endloop
  endfacet
  facet normal  5.195994e-001 -4.918875e-001  6.986153e-001
    outer loop
      vertex  8.094471e+000 -7.335679e+000 -2.500000e+000
      vertex  8.500102e+000 -6.907195e+000 -2.500000e+000
      vertex  8.036798e+000 -6.828491e+000 -2.100000e+000
    endloop
  endfacet
  facet normal  4.771116e-001 -5.101369e-001  7.156289e-001
    outer loop
      vertex  7.619224e+000 -7.219032e+000 -2.100000e+000
      vertex  8.094471e+000 -7.335679e+000 -2.500000e+000
      vertex  8.036798e+000 -6.828491e+000 -2.100000e+000
    endloop
  endfacet
  facet normal  5.785856e-001 -4.202988e-001  6.989903e-001
    outer loop
      vertex  8.500102e+000 -6.907195e+000 -2.500000e+000
      vertex  8.846876e+000 -6.429824e+000 -2.500000e+000
      vertex  8.396730e+000 -6.384265e+000 -2.100000e+000
    endloop
  endfacet
  facet normal  5.429018e-001 -4.398845e-001  7.153735e-001
    outer loop
      vertex  8.036798e+000 -6.828491e+000 -2.100000e+000
      vertex  8.500102e+000 -6.907195e+000 -2.500000e+000
      vertex  8.396730e+000 -6.384265e+000 -2.100000e+000
    endloop
  endfacet
  facet normal  6.275737e-001 -3.416021e-001  6.996136e-001
    outer loop
      vertex  8.846876e+000 -6.429824e+000 -2.500000e+000
      vertex  9.128961e+000 -5.911593e+000 -2.500000e+000
      vertex  8.692193e+000 -5.894785e+000 -2.100000e+000
    endloop
  endfacet
  facet normal  5.986548e-001 -3.613633e-001  7.148629e-001
    outer loop
      vertex  8.396730e+000 -6.384265e+000 -2.100000e+000
      vertex  8.846876e+000 -6.429824e+000 -2.500000e+000
      vertex  8.692193e+000 -5.894785e+000 -2.100000e+000
    endloop
  endfacet
  facet normal  6.657069e-001 -2.572117e-001  7.004830e-001
    outer loop
      vertex  9.128961e+000 -5.911593e+000 -2.500000e+000
      vertex  9.341612e+000 -5.361216e+000 -2.500000e+000
      vertex  8.917577e+000 -5.369341e+000 -2.100000e+000
    endloop
  endfacet
  facet normal  6.433613e-001 -2.759632e-001  7.140942e-001
    outer loop
      vertex  8.692193e+000 -5.894785e+000 -2.100000e+000
      vertex  9.128961e+000 -5.911593e+000 -2.500000e+000
      vertex  8.917577e+000 -5.369341e+000 -2.100000e+000
    endloop
  endfacet
  facet normal  6.923302e-001 -1.686444e-001  7.015967e-001
    outer loop
      vertex  9.341612e+000 -5.361216e+000 -2.500000e+000
      vertex  9.481254e+000 -4.787950e+000 -2.500000e+000
      vertex  9.068603e+000 -4.817906e+000 -2.100000e+000
    endloop
  endfacet
  facet normal  6.761959e-001 -1.851952e-001  7.130651e-001
    outer loop
      vertex  8.917577e+000 -5.369341e+000 -2.100000e+000
      vertex  9.341612e+000 -5.361216e+000 -2.500000e+000
      vertex  9.068603e+000 -4.817906e+000 -2.100000e+000
    endloop
  endfacet
  facet normal  7.070048e-001 -7.749131e-002  7.029504e-001
    outer loop
      vertex  9.481254e+000 -4.787950e+000 -2.500000e+000
      vertex  9.545539e+000 -4.201432e+000 -2.500000e+000
      vertex  9.142406e+000 -4.250947e+000 -2.100000e+000
    endloop
  endfacet
  facet normal  6.965334e-001 -9.067009e-002  7.117725e-001
    outer loop
      vertex  9.068603e+000 -4.817906e+000 -2.100000e+000
      vertex  9.481254e+000 -4.787950e+000 -2.500000e+000
      vertex  9.142406e+000 -4.250947e+000 -2.100000e+000
    endloop
  endfacet
  facet normal  7.095136e-001  1.461675e-002  7.045401e-001
    outer loop
      vertex  9.545539e+000 -4.201432e+000 -2.500000e+000
      vertex  9.533386e+000 -3.611528e+000 -2.500000e+000
      vertex  9.137585e+000 -3.679226e+000 -2.100000e+000
    endloop
  endfacet
  facet normal  7.039629e-001  5.935894e-003  7.102120e-001
    outer loop
      vertex  9.142406e+000 -4.250947e+000 -2.100000e+000
      vertex  9.545539e+000 -4.201432e+000 -2.500000e+000
      vertex  9.137585e+000 -3.679226e+000 -2.100000e+000
    endloop
  endfacet
  facet normal -2.067756e-001 -6.790619e-001  7.043571e-001
    outer loop
      vertex  3.307767e+000 -7.789307e+000 -2.100000e+000
      vertex  3.070322e+000 -7.717005e+000 -2.100000e+000
      vertex  3.144660e+000 -8.154541e+000 -2.500000e+000
    endloop
  endfacet
  facet normal -1.766880e-001 -6.803073e-001  7.113110e-001
    outer loop
      vertex  3.070322e+000 -7.717005e+000 -2.100000e+000
      vertex  2.952855e+000 -8.104726e+000 -2.500000e+000
      vertex  3.144660e+000 -8.154541e+000 -2.500000e+000
    endloop
  endfacet
  facet normal  6.932270e-001 -1.160736e-001  7.113110e-001
    outer loop
      vertex  2.332726e+000 -8.506946e+000 -2.500000e+000
      vertex  1.930804e+000 -8.456103e+000 -2.100000e+000
      vertex  2.300000e+000 -8.702393e+000 -2.500000e+000
    endloop
  endfacet
  facet normal  7.043577e-001 -8.809517e-002  7.043575e-001
    outer loop
      vertex  1.930804e+000 -8.456103e+000 -2.100000e+000
      vertex  1.900000e+000 -8.702393e+000 -2.100000e+000
      vertex  2.300000e+000 -8.702393e+000 -2.500000e+000
    endloop
  endfacet
  facet normal -3.333221e-002 -7.127333e-001  7.006426e-001
    outer loop
      vertex  3.070322e+000 -7.717005e+000 -2.100000e+000
      vertex  2.822384e+000 -7.705410e+000 -2.100000e+000
      vertex  2.952855e+000 -8.104726e+000 -2.500000e+000
    endloop
  endfacet
  facet normal  1.432352e-001 -6.989875e-001  7.006426e-001
    outer loop
      vertex  2.822384e+000 -7.705410e+000 -2.100000e+000
      vertex  2.579228e+000 -7.755237e+000 -2.100000e+000
      vertex  2.755285e+000 -8.120107e+000 -2.500000e+000
    endloop
  endfacet
  facet normal  5.431996e-002 -6.977518e-001  7.142771e-001
    outer loop
      vertex  2.952855e+000 -8.104726e+000 -2.500000e+000
      vertex  2.822384e+000 -7.705410e+000 -2.100000e+000
      vertex  2.755285e+000 -8.120107e+000 -2.500000e+000
    endloop
  endfacet
  facet normal  3.093772e-001 -6.388791e-001  7.043573e-001
    outer loop
      vertex  2.579228e+000 -7.755237e+000 -2.100000e+000
      vertex  2.355834e+000 -7.863415e+000 -2.100000e+000
      vertex  2.573500e+000 -8.199006e+000 -2.500000e+000
    endloop
  endfacet
  facet normal  2.798458e-001 -6.447657e-001  7.113110e-001
    outer loop
      vertex  2.755285e+000 -8.120107e+000 -2.500000e+000
      vertex  2.579228e+000 -7.755237e+000 -2.100000e+000
      vertex  2.573500e+000 -8.199006e+000 -2.500000e+000
    endloop
  endfacet
  facet normal  5.798291e-001 -4.158110e-001  7.006423e-001
    outer loop
      vertex  2.165965e+000 -8.023282e+000 -2.100000e+000
      vertex  2.021317e+000 -8.224986e+000 -2.100000e+000
      vertex  2.427332e+000 -8.332818e+000 -2.500000e+000
    endloop
  endfacet
  facet normal  4.746138e-001 -5.184392e-001  7.113104e-001
    outer loop
      vertex  2.573500e+000 -8.199006e+000 -2.500000e+000
      vertex  2.165965e+000 -8.023282e+000 -2.100000e+000
      vertex  2.427332e+000 -8.332818e+000 -2.500000e+000
    endloop
  endfacet
  facet normal  6.643786e-001 -2.601942e-001  7.006425e-001
    outer loop
      vertex  2.021317e+000 -8.224986e+000 -2.100000e+000
      vertex  1.930804e+000 -8.456103e+000 -2.100000e+000
      vertex  2.332726e+000 -8.506946e+000 -2.500000e+000
    endloop
  endfacet
  facet normal  6.149580e-001 -3.341186e-001  7.142769e-001
    outer loop
      vertex  2.427332e+000 -8.332818e+000 -2.500000e+000
      vertex  2.021317e+000 -8.224986e+000 -2.100000e+000
      vertex  2.332726e+000 -8.506946e+000 -2.500000e+000
    endloop
  endfacet
  facet normal  4.571984e-001 -5.430013e-001  7.043573e-001
    outer loop
      vertex  2.355834e+000 -7.863415e+000 -2.100000e+000
      vertex  2.165965e+000 -8.023282e+000 -2.100000e+000
      vertex  2.573500e+000 -8.199006e+000 -2.500000e+000
    endloop
  endfacet
  facet normal  7.071069e-001  0.000000e+000  7.071066e-001
    outer loop
      vertex  1.900000e+000 -6.129761e+001 -2.100000e+000
      vertex  2.300000e+000 -6.129761e+001 -2.500000e+000
      vertex  1.900000e+000 -8.702393e+000 -2.100000e+000
    endloop
  endfacet
  facet normal  7.071069e-001  0.000000e+000  7.071066e-001
    outer loop
      vertex  1.900000e+000 -8.702393e+000 -2.100000e+000
      vertex  2.300000e+000 -6.129761e+001 -2.500000e+000
      vertex  2.300000e+000 -8.702393e+000 -2.500000e+000
    endloop
  endfacet
  facet normal  7.043577e-001  8.809551e-002  7.043574e-001
    outer loop
      vertex  1.900000e+000 -6.129761e+001 -2.100000e+000
      vertex  1.930804e+000 -6.154390e+001 -2.100000e+000
      vertex  2.300000e+000 -6.129761e+001 -2.500000e+000
    endloop
  endfacet
  facet normal  6.932269e-001  1.160742e-001  7.113110e-001
    outer loop
      vertex  1.930804e+000 -6.154390e+001 -2.100000e+000
      vertex  2.332726e+000 -6.149305e+001 -2.500000e+000
      vertex  2.300000e+000 -6.129761e+001 -2.500000e+000
    endloop
  endfacet
  facet normal -1.766906e-001  6.803057e-001  7.113118e-001
    outer loop
      vertex  2.952855e+000 -6.189528e+001 -2.500000e+000
      vertex  3.070322e+000 -6.228300e+001 -2.100000e+000
      vertex  3.144661e+000 -6.184546e+001 -2.500000e+000
    endloop
  endfacet
  facet normal -2.067792e-001  6.790602e-001  7.043576e-001
    outer loop
      vertex  3.070322e+000 -6.228300e+001 -2.100000e+000
      vertex  3.307767e+000 -6.221069e+001 -2.100000e+000
      vertex  3.144661e+000 -6.184546e+001 -2.500000e+000
    endloop
  endfacet
  facet normal  6.643787e-001  2.601942e-001  7.006426e-001
    outer loop
      vertex  1.930804e+000 -6.154390e+001 -2.100000e+000
      vertex  2.021317e+000 -6.177501e+001 -2.100000e+000
      vertex  2.332726e+000 -6.149305e+001 -2.500000e+000
    endloop
  endfacet
  facet normal  5.798312e-001  4.158086e-001  7.006418e-001
    outer loop
      vertex  2.021317e+000 -6.177501e+001 -2.100000e+000
      vertex  2.165965e+000 -6.197672e+001 -2.100000e+000
      vertex  2.427332e+000 -6.166718e+001 -2.500000e+000
    endloop
  endfacet
  facet normal  6.149600e-001  3.341160e-001  7.142765e-001
    outer loop
      vertex  2.332726e+000 -6.149305e+001 -2.500000e+000
      vertex  2.021317e+000 -6.177501e+001 -2.100000e+000
      vertex  2.427332e+000 -6.166718e+001 -2.500000e+000
    endloop
  endfacet
  facet normal  4.571978e-001  5.430022e-001  7.043570e-001
    outer loop
      vertex  2.165965e+000 -6.197672e+001 -2.100000e+000
      vertex  2.355834e+000 -6.213659e+001 -2.100000e+000
      vertex  2.573500e+000 -6.180099e+001 -2.500000e+000
    endloop
  endfacet
  facet normal  4.746138e-001  5.184392e-001  7.113104e-001
    outer loop
      vertex  2.427332e+000 -6.166718e+001 -2.500000e+000
      vertex  2.165965e+000 -6.197672e+001 -2.100000e+000
      vertex  2.573500e+000 -6.180099e+001 -2.500000e+000
    endloop
  endfacet
  facet normal  1.432368e-001  6.989887e-001  7.006411e-001
    outer loop
      vertex  2.579228e+000 -6.224476e+001 -2.100000e+000
      vertex  2.822384e+000 -6.229459e+001 -2.100000e+000
      vertex  2.755285e+000 -6.187989e+001 -2.500000e+000
    endloop
  endfacet
  facet normal  2.798465e-001  6.447672e-001  7.113096e-001
    outer loop
      vertex  2.573500e+000 -6.180099e+001 -2.500000e+000
      vertex  2.579228e+000 -6.224476e+001 -2.100000e+000
      vertex  2.755285e+000 -6.187989e+001 -2.500000e+000
    endloop
  endfacet
  facet normal -3.332538e-002  7.127336e-001  7.006427e-001
    outer loop
      vertex  2.822384e+000 -6.229459e+001 -2.100000e+000
      vertex  3.070322e+000 -6.228300e+001 -2.100000e+000
      vertex  2.952855e+000 -6.189528e+001 -2.500000e+000
    endloop
  endfacet
  facet normal  5.432006e-002  6.977531e-001  7.142758e-001
    outer loop
      vertex  2.755285e+000 -6.187989e+001 -2.500000e+000
      vertex  2.822384e+000 -6.229459e+001 -2.100000e+000
      vertex  2.952855e+000 -6.189528e+001 -2.500000e+000
    endloop
  endfacet
  facet normal  3.093742e-001  6.388813e-001  7.043568e-001
    outer loop
      vertex  2.355834e+000 -6.213659e+001 -2.100000e+000
      vertex  2.579228e+000 -6.224476e+001 -2.100000e+000
      vertex  2.573500e+000 -6.180099e+001 -2.500000e+000
    endloop
  endfacet
  facet normal  6.998628e-001 -1.060356e-001  7.063628e-001
    outer loop
      vertex  9.445000e+000 -6.697185e+001 -2.500000e+000
      vertex  9.533386e+000 -6.638847e+001 -2.500000e+000
      vertex  9.054230e+000 -6.688641e+001 -2.100000e+000
    endloop
  endfacet
  facet normal  6.982917e-001 -1.029052e-001  7.083778e-001
    outer loop
      vertex  9.533386e+000 -6.638847e+001 -2.500000e+000
      vertex  9.137585e+000 -6.632078e+001 -2.100000e+000
      vertex  9.054230e+000 -6.688641e+001 -2.100000e+000
    endloop
  endfacet
  facet normal -2.427391e-001  6.627812e-001  7.083775e-001
    outer loop
      vertex  3.844636e+000 -6.201407e+001 -2.100000e+000
      vertex  3.697875e+000 -6.164030e+001 -2.500000e+000
      vertex  3.307767e+000 -6.221069e+001 -2.100000e+000
    endloop
  endfacet
  facet normal -2.461256e-001  6.636834e-001  7.063614e-001
    outer loop
      vertex  3.697875e+000 -6.164030e+001 -2.500000e+000
      vertex  3.144661e+000 -6.184546e+001 -2.500000e+000
      vertex  3.307767e+000 -6.221069e+001 -2.100000e+000
    endloop
  endfacet
  facet normal  7.095137e-001 -1.461674e-002  7.045401e-001
    outer loop
      vertex  9.533386e+000 -6.638847e+001 -2.500000e+000
      vertex  9.545539e+000 -6.579857e+001 -2.500000e+000
      vertex  9.137585e+000 -6.632078e+001 -2.100000e+000
    endloop
  endfacet
  facet normal  7.070048e-001  7.749131e-002  7.029505e-001
    outer loop
      vertex  9.545539e+000 -6.579857e+001 -2.500000e+000
      vertex  9.481254e+000 -6.521205e+001 -2.500000e+000
      vertex  9.142406e+000 -6.574905e+001 -2.100000e+000
    endloop
  endfacet
  facet normal  7.039629e-001 -5.935872e-003  7.102119e-001
    outer loop
      vertex  9.137585e+000 -6.632078e+001 -2.100000e+000
      vertex  9.545539e+000 -6.579857e+001 -2.500000e+000
      vertex  9.142406e+000 -6.574905e+001 -2.100000e+000
    endloop
  endfacet
  facet normal  6.923310e-001  1.686451e-001  7.015958e-001
    outer loop
      vertex  9.481254e+000 -6.521205e+001 -2.500000e+000
      vertex  9.341612e+000 -6.463879e+001 -2.500000e+000
      vertex  9.068603e+000 -6.518209e+001 -2.100000e+000
    endloop
  endfacet
  facet normal  6.965339e-001  9.066946e-002  7.117722e-001
    outer loop
      vertex  9.142406e+000 -6.574905e+001 -2.100000e+000
      vertex  9.481254e+000 -6.521205e+001 -2.500000e+000
      vertex  9.068603e+000 -6.518209e+001 -2.100000e+000
    endloop
  endfacet
  facet normal  6.657070e-001  2.572118e-001  7.004828e-001
    outer loop
      vertex  9.341612e+000 -6.463879e+001 -2.500000e+000
      vertex  9.128961e+000 -6.408841e+001 -2.500000e+000
      vertex  8.917577e+000 -6.463066e+001 -2.100000e+000
    endloop
  endfacet
  facet normal  6.761959e-001  1.851968e-001  7.130648e-001
    outer loop
      vertex  9.068603e+000 -6.518209e+001 -2.100000e+000
      vertex  9.341612e+000 -6.463879e+001 -2.500000e+000
      vertex  8.917577e+000 -6.463066e+001 -2.100000e+000
    endloop
  endfacet
  facet normal  6.275744e-001  3.416004e-001  6.996139e-001
    outer loop
      vertex  9.128961e+000 -6.408841e+001 -2.500000e+000
      vertex  8.846876e+000 -6.357018e+001 -2.500000e+000
      vertex  8.692193e+000 -6.410522e+001 -2.100000e+000
    endloop
  endfacet
  facet normal  6.433614e-001  2.759632e-001  7.140941e-001
    outer loop
      vertex  8.917577e+000 -6.463066e+001 -2.100000e+000
      vertex  9.128961e+000 -6.408841e+001 -2.500000e+000
      vertex  8.692193e+000 -6.410522e+001 -2.100000e+000
    endloop
  endfacet
  facet normal  5.785860e-001  4.202979e-001  6.989906e-001
    outer loop
      vertex  8.846876e+000 -6.357018e+001 -2.500000e+000
      vertex  8.500103e+000 -6.309280e+001 -2.500000e+000
      vertex  8.396730e+000 -6.361573e+001 -2.100000e+000
    endloop
  endfacet
  facet normal  5.986554e-001  3.613615e-001  7.148634e-001
    outer loop
      vertex  8.692193e+000 -6.410522e+001 -2.100000e+000
      vertex  8.846876e+000 -6.357018e+001 -2.500000e+000
      vertex  8.396730e+000 -6.361573e+001 -2.100000e+000
    endloop
  endfacet
  facet normal  5.195976e-001  4.918886e-001  6.986158e-001
    outer loop
      vertex  8.500103e+000 -6.309280e+001 -2.500000e+000
      vertex  8.094471e+000 -6.266432e+001 -2.500000e+000
      vertex  8.036798e+000 -6.317151e+001 -2.100000e+000
    endloop
  endfacet
  facet normal  5.429006e-001  4.398844e-001  7.153745e-001
    outer loop
      vertex  8.396730e+000 -6.361573e+001 -2.100000e+000
      vertex  8.500103e+000 -6.309280e+001 -2.500000e+000
      vertex  8.036798e+000 -6.317151e+001 -2.100000e+000
    endloop
  endfacet
  facet normal  4.516554e-001  5.550846e-001  6.984901e-001
    outer loop
      vertex  8.094471e+000 -6.266432e+001 -2.500000e+000
      vertex  7.636803e+000 -6.229193e+001 -2.500000e+000
      vertex  7.619224e+000 -6.278097e+001 -2.100000e+000
    endloop
  endfacet
  facet normal  4.771123e-001  5.101369e-001  7.156284e-001
    outer loop
      vertex  8.036798e+000 -6.317151e+001 -2.100000e+000
      vertex  8.094471e+000 -6.266432e+001 -2.500000e+000
      vertex  7.619224e+000 -6.278097e+001 -2.100000e+000
    endloop
  endfacet
  facet normal  3.759629e-001  6.087586e-001  6.986164e-001
    outer loop
      vertex  7.636803e+000 -6.229193e+001 -2.500000e+000
      vertex  7.134793e+000 -6.198190e+001 -2.500000e+000
      vertex  7.151937e+000 -6.245153e+001 -2.100000e+000
    endloop
  endfacet
  facet normal  4.024687e-001  5.708712e-001  7.156291e-001
    outer loop
      vertex  7.619224e+000 -6.278097e+001 -2.100000e+000
      vertex  7.636803e+000 -6.229193e+001 -2.500000e+000
      vertex  7.151937e+000 -6.245153e+001 -2.100000e+000
    endloop
  endfacet
  facet normal  2.938756e-001  6.519592e-001  6.989896e-001
    outer loop
      vertex  7.134793e+000 -6.198190e+001 -2.500000e+000
      vertex  6.596886e+000 -6.173943e+001 -2.500000e+000
      vertex  6.643806e+000 -6.218943e+001 -2.100000e+000
    endloop
  endfacet
  facet normal  3.203102e-001  6.210002e-001  7.153742e-001
    outer loop
      vertex  7.151937e+000 -6.245153e+001 -2.100000e+000
      vertex  7.134793e+000 -6.198190e+001 -2.500000e+000
      vertex  6.643806e+000 -6.218943e+001 -2.100000e+000
    endloop
  endfacet
  facet normal  2.068597e-001  6.839222e-001  6.996139e-001
    outer loop
      vertex  6.596886e+000 -6.173943e+001 -2.500000e+000
      vertex  6.032124e+000 -6.156861e+001 -2.500000e+000
      vertex  6.104475e+000 -6.199967e+001 -2.100000e+000
    endloop
  endfacet
  facet normal  2.320874e-001  6.596261e-001  7.148627e-001
    outer loop
      vertex  6.643806e+000 -6.218943e+001 -2.100000e+000
      vertex  6.596886e+000 -6.173943e+001 -2.500000e+000
      vertex  6.104475e+000 -6.199967e+001 -2.100000e+000
    endloop
  endfacet
  facet normal  1.164820e-001  7.040997e-001  7.004824e-001
    outer loop
      vertex  6.032124e+000 -6.156861e+001 -2.500000e+000
      vertex  5.450006e+000 -6.147231e+001 -2.500000e+000
      vertex  5.544180e+000 -6.188583e+001 -2.100000e+000
    endloop
  endfacet
  facet normal  1.393853e-001  6.860335e-001  7.140937e-001
    outer loop
      vertex  6.104475e+000 -6.199967e+001 -2.100000e+000
      vertex  6.032124e+000 -6.156861e+001 -2.500000e+000
      vertex  5.544180e+000 -6.188583e+001 -2.100000e+000
    endloop
  endfacet
  facet normal  2.435257e-002  7.121602e-001  7.015945e-001
    outer loop
      vertex  5.450006e+000 -6.147231e+001 -2.500000e+000
      vertex  4.860322e+000 -6.145214e+001 -2.500000e+000
      vertex  4.973557e+000 -6.185008e+001 -2.100000e+000
    endloop
  endfacet
  facet normal  4.384008e-002  6.997268e-001  7.130641e-001
    outer loop
      vertex  5.544180e+000 -6.188583e+001 -2.100000e+000
      vertex  5.450006e+000 -6.147231e+001 -2.500000e+000
      vertex  4.973557e+000 -6.185008e+001 -2.100000e+000
    endloop
  endfacet
  facet normal -6.788083e-002  7.079929e-001  7.029496e-001
    outer loop
      vertex  4.860322e+000 -6.145214e+001 -2.500000e+000
      vertex  4.272985e+000 -6.150846e+001 -2.500000e+000
      vertex  4.403435e+000 -6.189310e+001 -2.100000e+000
    endloop
  endfacet
  facet normal -5.285000e-002  7.004208e-001  7.117707e-001
    outer loop
      vertex  4.973557e+000 -6.185008e+001 -2.100000e+000
      vertex  4.860322e+000 -6.145214e+001 -2.500000e+000
      vertex  4.403435e+000 -6.189310e+001 -2.100000e+000
    endloop
  endfacet
  facet normal -1.585764e-001  6.917207e-001  7.045395e-001
    outer loop
      vertex  4.272985e+000 -6.150846e+001 -2.500000e+000
      vertex  3.697875e+000 -6.164030e+001 -2.500000e+000
      vertex  3.844636e+000 -6.201407e+001 -2.100000e+000
    endloop
  endfacet
  facet normal -1.489482e-001  6.880510e-001  7.102115e-001
    outer loop
      vertex  4.403435e+000 -6.189310e+001 -2.100000e+000
      vertex  4.272985e+000 -6.150846e+001 -2.500000e+000
      vertex  3.844636e+000 -6.201407e+001 -2.100000e+000
    endloop
  endfacet
  facet normal  7.072579e-001 -6.216766e-002  7.042170e-001
    outer loop
      vertex  9.054230e+000 -6.688641e+001 -2.100000e+000
      vertex  9.031949e+000 -6.713988e+001 -2.100000e+000
      vertex  9.445000e+000 -6.697185e+001 -2.500000e+000
    endloop
  endfacet
  facet normal  7.008125e-001 -2.569633e-002  7.128826e-001
    outer loop
      vertex  9.031949e+000 -6.713988e+001 -2.100000e+000
      vertex  9.437188e+000 -6.718489e+001 -2.500000e+000
      vertex  9.445000e+000 -6.697185e+001 -2.500000e+000
    endloop
  endfacet
  facet normal  1.245809e-001  6.901264e-001  7.128851e-001
    outer loop
      vertex  9.821356e+000 -6.766212e+001 -2.500000e+000
      vertex  9.778763e+000 -6.806763e+001 -2.100000e+000
      vertex  1.003115e+001 -6.770000e+001 -2.500000e+000
    endloop
  endfacet
  facet normal  9.032263e-002  7.042153e-001  7.042178e-001
    outer loop
      vertex  9.778763e+000 -6.806763e+001 -2.100000e+000
      vertex  1.003115e+001 -6.810000e+001 -2.100000e+000
      vertex  1.003115e+001 -6.770000e+001 -2.500000e+000
    endloop
  endfacet
  facet normal  7.041612e-001  1.190410e-001  6.999901e-001
    outer loop
      vertex  9.031949e+000 -6.713988e+001 -2.100000e+000
      vertex  9.074365e+000 -6.739079e+001 -2.100000e+000
      vertex  9.437188e+000 -6.718489e+001 -2.500000e+000
    endloop
  endfacet
  facet normal  6.500477e-001  2.923403e-001  7.014095e-001
    outer loop
      vertex  9.074365e+000 -6.739079e+001 -2.100000e+000
      vertex  9.178732e+000 -6.762286e+001 -2.100000e+000
      vertex  9.504364e+000 -6.738721e+001 -2.500000e+000
    endloop
  endfacet
  facet normal  6.633961e-001  2.202617e-001  7.151157e-001
    outer loop
      vertex  9.437188e+000 -6.718489e+001 -2.500000e+000
      vertex  9.074365e+000 -6.739079e+001 -2.100000e+000
      vertex  9.504364e+000 -6.738721e+001 -2.500000e+000
    endloop
  endfacet
  facet normal  4.244412e-001  5.726062e-001  7.014070e-001
    outer loop
      vertex  9.338292e+000 -6.782107e+001 -2.100000e+000
      vertex  9.542715e+000 -6.797260e+001 -2.100000e+000
      vertex  9.638046e+000 -6.755328e+001 -2.500000e+000
    endloop
  endfacet
  facet normal  5.498428e-001  4.426124e-001  7.083553e-001
    outer loop
      vertex  9.504364e+000 -6.738721e+001 -2.500000e+000
      vertex  9.338292e+000 -6.782107e+001 -2.100000e+000
      vertex  9.638046e+000 -6.755328e+001 -2.500000e+000
    endloop
  endfacet
  facet normal  5.498357e-001  4.426172e-001  7.083577e-001
    outer loop
      vertex  9.178732e+000 -6.762286e+001 -2.100000e+000
      vertex  9.338292e+000 -6.782107e+001 -2.100000e+000
      vertex  9.504364e+000 -6.738721e+001 -2.500000e+000
    endloop
  endfacet
  facet normal  2.667108e-001  6.624784e-001  6.999912e-001
    outer loop
      vertex  9.542715e+000 -6.797260e+001 -2.100000e+000
      vertex  9.778763e+000 -6.806763e+001 -2.100000e+000
      vertex  9.821356e+000 -6.766212e+001 -2.500000e+000
    endloop
  endfacet
  facet normal  3.568727e-001  6.010439e-001  7.151141e-001
    outer loop
      vertex  9.638046e+000 -6.755328e+001 -2.500000e+000
      vertex  9.542715e+000 -6.797260e+001 -2.100000e+000
      vertex  9.821356e+000 -6.766212e+001 -2.500000e+000
    endloop
  endfacet
  facet normal  0.000000e+000  7.071055e-001  7.071080e-001
    outer loop
      vertex  7.996885e+001 -6.810000e+001 -2.100000e+000
      vertex  7.996885e+001 -6.770000e+001 -2.500000e+000
      vertex  1.003115e+001 -6.810000e+001 -2.100000e+000
    endloop
  endfacet
  facet normal  0.000000e+000  7.071055e-001  7.071080e-001
    outer loop
      vertex  1.003115e+001 -6.810000e+001 -2.100000e+000
      vertex  7.996885e+001 -6.770000e+001 -2.500000e+000
      vertex  1.003115e+001 -6.770000e+001 -2.500000e+000
    endloop
  endfacet
  facet normal -9.032330e-002  7.042152e-001  7.042177e-001
    outer loop
      vertex  7.996885e+001 -6.810000e+001 -2.100000e+000
      vertex  8.022124e+001 -6.806763e+001 -2.100000e+000
      vertex  7.996885e+001 -6.770000e+001 -2.500000e+000
    endloop
  endfacet
  facet normal -1.245830e-001  6.901258e-001  7.128854e-001
    outer loop
      vertex  8.022124e+001 -6.806763e+001 -2.100000e+000
      vertex  8.017864e+001 -6.766212e+001 -2.500000e+000
      vertex  7.996885e+001 -6.770000e+001 -2.500000e+000
    endloop
  endfacet
  facet normal -7.008156e-001 -2.569955e-002  7.128795e-001
    outer loop
      vertex  8.056281e+001 -6.718489e+001 -2.500000e+000
      vertex  8.096805e+001 -6.713988e+001 -2.100000e+000
      vertex  8.055500e+001 -6.697185e+001 -2.500000e+000
    endloop
  endfacet
  facet normal -7.072591e-001 -6.215977e-002  7.042164e-001
    outer loop
      vertex  8.096805e+001 -6.713988e+001 -2.100000e+000
      vertex  8.094577e+001 -6.688641e+001 -2.100000e+000
      vertex  8.055500e+001 -6.697185e+001 -2.500000e+000
    endloop
  endfacet
  facet normal -2.667125e-001  6.624774e-001  6.999916e-001
    outer loop
      vertex  8.022124e+001 -6.806763e+001 -2.100000e+000
      vertex  8.045728e+001 -6.797260e+001 -2.100000e+000
      vertex  8.017864e+001 -6.766212e+001 -2.500000e+000
    endloop
  endfacet
  facet normal -4.244433e-001  5.726063e-001  7.014056e-001
    outer loop
      vertex  8.045728e+001 -6.797260e+001 -2.100000e+000
      vertex  8.066171e+001 -6.782107e+001 -2.100000e+000
      vertex  8.036195e+001 -6.755328e+001 -2.500000e+000
    endloop
  endfacet
  facet normal -3.568702e-001  6.010457e-001  7.151138e-001
    outer loop
      vertex  8.017864e+001 -6.766212e+001 -2.500000e+000
      vertex  8.045728e+001 -6.797260e+001 -2.100000e+000
      vertex  8.036195e+001 -6.755328e+001 -2.500000e+000
    endloop
  endfacet
  facet normal -6.500453e-001  2.923473e-001  7.014086e-001
    outer loop
      vertex  8.082127e+001 -6.762286e+001 -2.100000e+000
      vertex  8.092564e+001 -6.739079e+001 -2.100000e+000
      vertex  8.049564e+001 -6.738721e+001 -2.500000e+000
    endloop
  endfacet
  facet normal -5.498418e-001  4.426115e-001  7.083566e-001
    outer loop
      vertex  8.036195e+001 -6.755328e+001 -2.500000e+000
      vertex  8.082127e+001 -6.762286e+001 -2.100000e+000
      vertex  8.049564e+001 -6.738721e+001 -2.500000e+000
    endloop
  endfacet
  facet normal -5.498376e-001  4.426214e-001  7.083536e-001
    outer loop
      vertex  8.066171e+001 -6.782107e+001 -2.100000e+000
      vertex  8.082127e+001 -6.762286e+001 -2.100000e+000
      vertex  8.036195e+001 -6.755328e+001 -2.500000e+000
    endloop
  endfacet
  facet normal -7.041649e-001  1.190310e-001  6.999882e-001
    outer loop
      vertex  8.092564e+001 -6.739079e+001 -2.100000e+000
      vertex  8.096805e+001 -6.713988e+001 -2.100000e+000
      vertex  8.056281e+001 -6.718489e+001 -2.500000e+000
    endloop
  endfacet
  facet normal -6.633949e-001  2.202645e-001  7.151160e-001
    outer loop
      vertex  8.049564e+001 -6.738721e+001 -2.500000e+000
      vertex  8.092564e+001 -6.739079e+001 -2.100000e+000
      vertex  8.056281e+001 -6.718489e+001 -2.500000e+000
    endloop
  endfacet
  facet normal  2.461249e-001  6.636829e-001  7.063622e-001
    outer loop
      vertex  8.685534e+001 -6.184546e+001 -2.500000e+000
      vertex  8.630212e+001 -6.164030e+001 -2.500000e+000
      vertex  8.669223e+001 -6.221069e+001 -2.100000e+000
    endloop
  endfacet
  facet normal  2.427410e-001  6.627813e-001  7.083768e-001
    outer loop
      vertex  8.630212e+001 -6.164030e+001 -2.500000e+000
      vertex  8.615536e+001 -6.201407e+001 -2.100000e+000
      vertex  8.669223e+001 -6.221069e+001 -2.100000e+000
    endloop
  endfacet
  facet normal -6.982892e-001 -1.029001e-001  7.083811e-001
    outer loop
      vertex  8.086242e+001 -6.632078e+001 -2.100000e+000
      vertex  8.046661e+001 -6.638847e+001 -2.500000e+000
      vertex  8.094577e+001 -6.688641e+001 -2.100000e+000
    endloop
  endfacet
  facet normal -6.998628e-001 -1.060356e-001  7.063628e-001
    outer loop
      vertex  8.046661e+001 -6.638847e+001 -2.500000e+000
      vertex  8.055500e+001 -6.697185e+001 -2.500000e+000
      vertex  8.094577e+001 -6.688641e+001 -2.100000e+000
    endloop
  endfacet
  facet normal  1.585763e-001  6.917213e-001  7.045391e-001
    outer loop
      vertex  8.630212e+001 -6.164030e+001 -2.500000e+000
      vertex  8.572701e+001 -6.150846e+001 -2.500000e+000
      vertex  8.615536e+001 -6.201407e+001 -2.100000e+000
    endloop
  endfacet
  facet normal  6.788117e-002  7.079930e-001  7.029495e-001
    outer loop
      vertex  8.572701e+001 -6.150846e+001 -2.500000e+000
      vertex  8.513968e+001 -6.145214e+001 -2.500000e+000
      vertex  8.559657e+001 -6.189310e+001 -2.100000e+000
    endloop
  endfacet
  facet normal  1.489480e-001  6.880515e-001  7.102110e-001
    outer loop
      vertex  8.615536e+001 -6.201407e+001 -2.100000e+000
      vertex  8.572701e+001 -6.150846e+001 -2.500000e+000
      vertex  8.559657e+001 -6.189310e+001 -2.100000e+000
    endloop
  endfacet
  facet normal -2.435263e-002  7.121602e-001  7.015944e-001
    outer loop
      vertex  8.513968e+001 -6.145214e+001 -2.500000e+000
      vertex  8.455000e+001 -6.147231e+001 -2.500000e+000
      vertex  8.502644e+001 -6.185008e+001 -2.100000e+000
    endloop
  endfacet
  facet normal  5.285000e-002  7.004207e-001  7.117708e-001
    outer loop
      vertex  8.559657e+001 -6.189310e+001 -2.100000e+000
      vertex  8.513968e+001 -6.145214e+001 -2.500000e+000
      vertex  8.502644e+001 -6.185008e+001 -2.100000e+000
    endloop
  endfacet
  facet normal -1.164811e-001  7.041002e-001  7.004821e-001
    outer loop
      vertex  8.455000e+001 -6.147231e+001 -2.500000e+000
      vertex  8.396787e+001 -6.156861e+001 -2.500000e+000
      vertex  8.445582e+001 -6.188583e+001 -2.100000e+000
    endloop
  endfacet
  facet normal -4.383994e-002  6.997270e-001  7.130639e-001
    outer loop
      vertex  8.502644e+001 -6.185008e+001 -2.100000e+000
      vertex  8.455000e+001 -6.147231e+001 -2.500000e+000
      vertex  8.445582e+001 -6.188583e+001 -2.100000e+000
    endloop
  endfacet
  facet normal -2.068608e-001  6.839218e-001  6.996137e-001
    outer loop
      vertex  8.396787e+001 -6.156861e+001 -2.500000e+000
      vertex  8.340311e+001 -6.173943e+001 -2.500000e+000
      vertex  8.389552e+001 -6.199967e+001 -2.100000e+000
    endloop
  endfacet
  facet normal -1.393851e-001  6.860333e-001  7.140939e-001
    outer loop
      vertex  8.445582e+001 -6.188583e+001 -2.100000e+000
      vertex  8.396787e+001 -6.156861e+001 -2.500000e+000
      vertex  8.389552e+001 -6.199967e+001 -2.100000e+000
    endloop
  endfacet
  facet normal -2.938742e-001  6.519595e-001  6.989897e-001
    outer loop
      vertex  8.340311e+001 -6.173943e+001 -2.500000e+000
      vertex  8.286520e+001 -6.198190e+001 -2.500000e+000
      vertex  8.335619e+001 -6.218943e+001 -2.100000e+000
    endloop
  endfacet
  facet normal -2.320883e-001  6.596262e-001  7.148624e-001
    outer loop
      vertex  8.389552e+001 -6.199967e+001 -2.100000e+000
      vertex  8.340311e+001 -6.173943e+001 -2.500000e+000
      vertex  8.335619e+001 -6.218943e+001 -2.100000e+000
    endloop
  endfacet
  facet normal -3.759646e-001  6.087579e-001  6.986160e-001
    outer loop
      vertex  8.286520e+001 -6.198190e+001 -2.500000e+000
      vertex  8.236320e+001 -6.229193e+001 -2.500000e+000
      vertex  8.284806e+001 -6.245153e+001 -2.100000e+000
    endloop
  endfacet
  facet normal -3.203090e-001  6.210002e-001  7.153746e-001
    outer loop
      vertex  8.335619e+001 -6.218943e+001 -2.100000e+000
      vertex  8.286520e+001 -6.198190e+001 -2.500000e+000
      vertex  8.284806e+001 -6.245153e+001 -2.100000e+000
    endloop
  endfacet
  facet normal -4.516585e-001  5.550839e-001  6.984888e-001
    outer loop
      vertex  8.236320e+001 -6.229193e+001 -2.500000e+000
      vertex  8.190553e+001 -6.266432e+001 -2.500000e+000
      vertex  8.238078e+001 -6.278097e+001 -2.100000e+000
    endloop
  endfacet
  facet normal -4.024701e-001  5.708710e-001  7.156284e-001
    outer loop
      vertex  8.284806e+001 -6.245153e+001 -2.100000e+000
      vertex  8.236320e+001 -6.229193e+001 -2.500000e+000
      vertex  8.238078e+001 -6.278097e+001 -2.100000e+000
    endloop
  endfacet
  facet normal -5.195989e-001  4.918898e-001  6.986139e-001
    outer loop
      vertex  8.190553e+001 -6.266432e+001 -2.500000e+000
      vertex  8.149990e+001 -6.309280e+001 -2.500000e+000
      vertex  8.196320e+001 -6.317151e+001 -2.100000e+000
    endloop
  endfacet
  facet normal -4.771147e-001  5.101377e-001  7.156264e-001
    outer loop
      vertex  8.238078e+001 -6.278097e+001 -2.100000e+000
      vertex  8.190553e+001 -6.266432e+001 -2.500000e+000
      vertex  8.196320e+001 -6.317151e+001 -2.100000e+000
    endloop
  endfacet
  facet normal -5.785818e-001  4.203017e-001  6.989919e-001
    outer loop
      vertex  8.149990e+001 -6.309280e+001 -2.500000e+000
      vertex  8.115312e+001 -6.357018e+001 -2.500000e+000
      vertex  8.160327e+001 -6.361573e+001 -2.100000e+000
    endloop
  endfacet
  facet normal -5.429025e-001  4.398848e-001  7.153727e-001
    outer loop
      vertex  8.196320e+001 -6.317151e+001 -2.100000e+000
      vertex  8.149990e+001 -6.309280e+001 -2.500000e+000
      vertex  8.160327e+001 -6.361573e+001 -2.100000e+000
    endloop
  endfacet
  facet normal -6.275752e-001  3.415973e-001  6.996147e-001
    outer loop
      vertex  8.115312e+001 -6.357018e+001 -2.500000e+000
      vertex  8.087104e+001 -6.408841e+001 -2.500000e+000
      vertex  8.130781e+001 -6.410522e+001 -2.100000e+000
    endloop
  endfacet
  facet normal -5.986527e-001  3.613610e-001  7.148659e-001
    outer loop
      vertex  8.160327e+001 -6.361573e+001 -2.100000e+000
      vertex  8.115312e+001 -6.357018e+001 -2.500000e+000
      vertex  8.130781e+001 -6.410522e+001 -2.100000e+000
    endloop
  endfacet
  facet normal -6.657072e-001  2.572154e-001  7.004814e-001
    outer loop
      vertex  8.087104e+001 -6.408841e+001 -2.500000e+000
      vertex  8.065839e+001 -6.463879e+001 -2.500000e+000
      vertex  8.108242e+001 -6.463066e+001 -2.100000e+000
    endloop
  endfacet
  facet normal -6.433605e-001  2.759675e-001  7.140932e-001
    outer loop
      vertex  8.130781e+001 -6.410522e+001 -2.100000e+000
      vertex  8.087104e+001 -6.408841e+001 -2.500000e+000
      vertex  8.108242e+001 -6.463066e+001 -2.100000e+000
    endloop
  endfacet
  facet normal -6.923310e-001  1.686439e-001  7.015960e-001
    outer loop
      vertex  8.065839e+001 -6.463879e+001 -2.500000e+000
      vertex  8.051875e+001 -6.521205e+001 -2.500000e+000
      vertex  8.093140e+001 -6.518209e+001 -2.100000e+000
    endloop
  endfacet
  facet normal -6.761969e-001  1.851947e-001  7.130643e-001
    outer loop
      vertex  8.108242e+001 -6.463066e+001 -2.100000e+000
      vertex  8.065839e+001 -6.463879e+001 -2.500000e+000
      vertex  8.093140e+001 -6.518209e+001 -2.100000e+000
    endloop
  endfacet
  facet normal -7.070014e-001  7.749095e-002  7.029539e-001
    outer loop
      vertex  8.051875e+001 -6.521205e+001 -2.500000e+000
      vertex  8.045446e+001 -6.579857e+001 -2.500000e+000
      vertex  8.085760e+001 -6.574905e+001 -2.100000e+000
    endloop
  endfacet
  facet normal -6.965340e-001  9.066481e-002  7.117726e-001
    outer loop
      vertex  8.093140e+001 -6.518209e+001 -2.100000e+000
      vertex  8.051875e+001 -6.521205e+001 -2.500000e+000
      vertex  8.085760e+001 -6.574905e+001 -2.100000e+000
    endloop
  endfacet
  facet normal -7.095101e-001 -1.461782e-002  7.045435e-001
    outer loop
      vertex  8.045446e+001 -6.579857e+001 -2.500000e+000
      vertex  8.046661e+001 -6.638847e+001 -2.500000e+000
      vertex  8.086242e+001 -6.632078e+001 -2.100000e+000
    endloop
  endfacet
  facet normal -7.039594e-001 -5.936990e-003  7.102154e-001
    outer loop
      vertex  8.085760e+001 -6.574905e+001 -2.100000e+000
      vertex  8.045446e+001 -6.579857e+001 -2.500000e+000
      vertex  8.086242e+001 -6.632078e+001 -2.100000e+000
    endloop
  endfacet
  facet normal  2.067751e-001  6.790610e-001  7.043580e-001
    outer loop
      vertex  8.669223e+001 -6.221069e+001 -2.100000e+000
      vertex  8.692968e+001 -6.228300e+001 -2.100000e+000
      vertex  8.685534e+001 -6.184546e+001 -2.500000e+000
    endloop
  endfacet
  facet normal  1.766929e-001  6.803061e-001  7.113108e-001
    outer loop
      vertex  8.692968e+001 -6.228300e+001 -2.100000e+000
      vertex  8.704714e+001 -6.189528e+001 -2.500000e+000
      vertex  8.685534e+001 -6.184546e+001 -2.500000e+000
    endloop
  endfacet
  facet normal -6.932265e-001  1.160631e-001  7.113132e-001
    outer loop
      vertex  8.766727e+001 -6.149305e+001 -2.500000e+000
      vertex  8.806920e+001 -6.154390e+001 -2.100000e+000
      vertex  8.770000e+001 -6.129761e+001 -2.500000e+000
    endloop
  endfacet
  facet normal -7.043570e-001  8.808418e-002  7.043595e-001
    outer loop
      vertex  8.806920e+001 -6.154390e+001 -2.100000e+000
      vertex  8.810000e+001 -6.129761e+001 -2.100000e+000
      vertex  8.770000e+001 -6.129761e+001 -2.500000e+000
    endloop
  endfacet
  facet normal  3.332612e-002  7.127336e-001  7.006426e-001
    outer loop
      vertex  8.692968e+001 -6.228300e+001 -2.100000e+000
      vertex  8.717761e+001 -6.229459e+001 -2.100000e+000
      vertex  8.704714e+001 -6.189528e+001 -2.500000e+000
    endloop
  endfacet
  facet normal -1.432367e-001  6.989889e-001  7.006409e-001
    outer loop
      vertex  8.717761e+001 -6.229459e+001 -2.100000e+000
      vertex  8.742077e+001 -6.224476e+001 -2.100000e+000
      vertex  8.724471e+001 -6.187989e+001 -2.500000e+000
    endloop
  endfacet
  facet normal -5.432000e-002  6.977531e-001  7.142758e-001
    outer loop
      vertex  8.704714e+001 -6.189528e+001 -2.500000e+000
      vertex  8.717761e+001 -6.229459e+001 -2.100000e+000
      vertex  8.724471e+001 -6.187989e+001 -2.500000e+000
    endloop
  endfacet
  facet normal -3.093718e-001  6.388825e-001  7.043566e-001
    outer loop
      vertex  8.742077e+001 -6.224476e+001 -2.100000e+000
      vertex  8.764417e+001 -6.213659e+001 -2.100000e+000
      vertex  8.742650e+001 -6.180099e+001 -2.500000e+000
    endloop
  endfacet
  facet normal -2.798450e-001  6.447682e-001  7.113092e-001
    outer loop
      vertex  8.724471e+001 -6.187989e+001 -2.500000e+000
      vertex  8.742077e+001 -6.224476e+001 -2.100000e+000
      vertex  8.742650e+001 -6.180099e+001 -2.500000e+000
    endloop
  endfacet
  facet normal -5.798337e-001  4.158056e-001  7.006415e-001
    outer loop
      vertex  8.783404e+001 -6.197672e+001 -2.100000e+000
      vertex  8.797868e+001 -6.177501e+001 -2.100000e+000
      vertex  8.757267e+001 -6.166718e+001 -2.500000e+000
    endloop
  endfacet
  facet normal -4.746073e-001  5.184447e-001  7.113108e-001
    outer loop
      vertex  8.742650e+001 -6.180099e+001 -2.500000e+000
      vertex  8.783404e+001 -6.197672e+001 -2.100000e+000
      vertex  8.757267e+001 -6.166718e+001 -2.500000e+000
    endloop
  endfacet
  facet normal -6.643759e-001  2.601973e-001  7.006441e-001
    outer loop
      vertex  8.797868e+001 -6.177501e+001 -2.100000e+000
      vertex  8.806920e+001 -6.154390e+001 -2.100000e+000
      vertex  8.766727e+001 -6.149305e+001 -2.500000e+000
    endloop
  endfacet
  facet normal -6.149637e-001  3.341095e-001  7.142763e-001
    outer loop
      vertex  8.757267e+001 -6.166718e+001 -2.500000e+000
      vertex  8.797868e+001 -6.177501e+001 -2.100000e+000
      vertex  8.766727e+001 -6.149305e+001 -2.500000e+000
    endloop
  endfacet
  facet normal -4.571924e-001  5.430060e-001  7.043576e-001
    outer loop
      vertex  8.764417e+001 -6.213659e+001 -2.100000e+000
      vertex  8.783404e+001 -6.197672e+001 -2.100000e+000
      vertex  8.742650e+001 -6.180099e+001 -2.500000e+000
    endloop
  endfacet
  facet normal -7.071056e-001  0.000000e+000  7.071081e-001
    outer loop
      vertex  8.810000e+001 -8.702393e+000 -2.100000e+000
      vertex  8.770000e+001 -8.702393e+000 -2.500000e+000
      vertex  8.810000e+001 -6.129761e+001 -2.100000e+000
    endloop
  endfacet
  facet normal -7.071056e-001  0.000000e+000  7.071081e-001
    outer loop
      vertex  8.810000e+001 -6.129761e+001 -2.100000e+000
      vertex  8.770000e+001 -8.702393e+000 -2.500000e+000
      vertex  8.770000e+001 -6.129761e+001 -2.500000e+000
    endloop
  endfacet
  facet normal -7.043571e-001 -8.808384e-002  7.043596e-001
    outer loop
      vertex  8.810000e+001 -8.702393e+000 -2.100000e+000
      vertex  8.806920e+001 -8.456103e+000 -2.100000e+000
      vertex  8.770000e+001 -8.702393e+000 -2.500000e+000
    endloop
  endfacet
  facet normal -6.932265e-001 -1.160626e-001  7.113132e-001
    outer loop
      vertex  8.806920e+001 -8.456103e+000 -2.100000e+000
      vertex  8.766727e+001 -8.506946e+000 -2.500000e+000
      vertex  8.770000e+001 -8.702393e+000 -2.500000e+000
    endloop
  endfacet
  facet normal  1.766931e-001 -6.803069e-001  7.113100e-001
    outer loop
      vertex  8.704714e+001 -8.104726e+000 -2.500000e+000
      vertex  8.692968e+001 -7.717005e+000 -2.100000e+000
      vertex  8.685534e+001 -8.154542e+000 -2.500000e+000
    endloop
  endfacet
  facet normal  2.067713e-001 -6.790621e-001  7.043582e-001
    outer loop
      vertex  8.692968e+001 -7.717005e+000 -2.100000e+000
      vertex  8.669223e+001 -7.789307e+000 -2.100000e+000
      vertex  8.685534e+001 -8.154542e+000 -2.500000e+000
    endloop
  endfacet
  facet normal -6.643758e-001 -2.601972e-001  7.006441e-001
    outer loop
      vertex  8.806920e+001 -8.456103e+000 -2.100000e+000
      vertex  8.797868e+001 -8.224986e+000 -2.100000e+000
      vertex  8.766727e+001 -8.506946e+000 -2.500000e+000
    endloop
  endfacet
  facet normal -5.798315e-001 -4.158079e-001  7.006418e-001
    outer loop
      vertex  8.797868e+001 -8.224986e+000 -2.100000e+000
      vertex  8.783404e+001 -8.023282e+000 -2.100000e+000
      vertex  8.757267e+001 -8.332818e+000 -2.500000e+000
    endloop
  endfacet
  facet normal -6.149618e-001 -3.341122e-001  7.142766e-001
    outer loop
      vertex  8.766727e+001 -8.506946e+000 -2.500000e+000
      vertex  8.797868e+001 -8.224986e+000 -2.100000e+000
      vertex  8.757267e+001 -8.332818e+000 -2.500000e+000
    endloop
  endfacet
  facet normal -4.571930e-001 -5.430051e-001  7.043579e-001
    outer loop
      vertex  8.783404e+001 -8.023282e+000 -2.100000e+000
      vertex  8.764417e+001 -7.863415e+000 -2.100000e+000
      vertex  8.742650e+001 -8.199006e+000 -2.500000e+000
    endloop
  endfacet
  facet normal -4.746073e-001 -5.184447e-001  7.113108e-001
    outer loop
      vertex  8.757267e+001 -8.332818e+000 -2.500000e+000
      vertex  8.783404e+001 -8.023282e+000 -2.100000e+000
      vertex  8.742650e+001 -8.199006e+000 -2.500000e+000
    endloop
  endfacet
  facet normal -1.432351e-001 -6.989877e-001  7.006425e-001
    outer loop
      vertex  8.742077e+001 -7.755237e+000 -2.100000e+000
      vertex  8.717761e+001 -7.705410e+000 -2.100000e+000
      vertex  8.724471e+001 -8.120107e+000 -2.500000e+000
    endloop
  endfacet
  facet normal -2.798444e-001 -6.447667e-001  7.113107e-001
    outer loop
      vertex  8.742650e+001 -8.199006e+000 -2.500000e+000
      vertex  8.742077e+001 -7.755237e+000 -2.100000e+000
      vertex  8.724471e+001 -8.120107e+000 -2.500000e+000
    endloop
  endfacet
  facet normal  3.333296e-002 -7.127333e-001  7.006426e-001
    outer loop
      vertex  8.717761e+001 -7.705410e+000 -2.100000e+000
      vertex  8.692968e+001 -7.717005e+000 -2.100000e+000
      vertex  8.704714e+001 -8.104726e+000 -2.500000e+000
    endloop
  endfacet
  facet normal -5.431991e-002 -6.977519e-001  7.142770e-001
    outer loop
      vertex  8.724471e+001 -8.120107e+000 -2.500000e+000
      vertex  8.717761e+001 -7.705410e+000 -2.100000e+000
      vertex  8.704714e+001 -8.104726e+000 -2.500000e+000
    endloop
  endfacet
  facet normal -3.093748e-001 -6.388803e-001  7.043573e-001
    outer loop
      vertex  8.764417e+001 -7.863415e+000 -2.100000e+000
      vertex  8.742077e+001 -7.755237e+000 -2.100000e+000
      vertex  8.742650e+001 -8.199006e+000 -2.500000e+000
    endloop
  endfacet
  facet normal -6.998634e-001  1.060361e-001  7.063622e-001
    outer loop
      vertex  8.055500e+001 -3.028155e+000 -2.500000e+000
      vertex  8.046661e+001 -3.611527e+000 -2.500000e+000
      vertex  8.094577e+001 -3.113592e+000 -2.100000e+000
    endloop
  endfacet
  facet normal -6.982890e-001  1.028991e-001  7.083814e-001
    outer loop
      vertex  8.046661e+001 -3.611527e+000 -2.500000e+000
      vertex  8.086242e+001 -3.679226e+000 -2.100000e+000
      vertex  8.094577e+001 -3.113592e+000 -2.100000e+000
    endloop
  endfacet
  facet normal  2.427382e-001 -6.627815e-001  7.083775e-001
    outer loop
      vertex  8.615536e+001 -7.985929e+000 -2.100000e+000
      vertex  8.630212e+001 -8.359698e+000 -2.500000e+000
      vertex  8.669223e+001 -7.789307e+000 -2.100000e+000
    endloop
  endfacet
  facet normal  2.461228e-001 -6.636834e-001  7.063625e-001
    outer loop
      vertex  8.630212e+001 -8.359698e+000 -2.500000e+000
      vertex  8.685534e+001 -8.154542e+000 -2.500000e+000
      vertex  8.669223e+001 -7.789307e+000 -2.100000e+000
    endloop
  endfacet
  facet normal -7.095101e-001  1.461782e-002  7.045436e-001
    outer loop
      vertex  8.046661e+001 -3.611527e+000 -2.500000e+000
      vertex  8.045446e+001 -4.201432e+000 -2.500000e+000
      vertex  8.086242e+001 -3.679226e+000 -2.100000e+000
    endloop
  endfacet
  facet normal -7.070016e-001 -7.749096e-002  7.029538e-001
    outer loop
      vertex  8.045446e+001 -4.201432e+000 -2.500000e+000
      vertex  8.051875e+001 -4.787949e+000 -2.500000e+000
      vertex  8.085760e+001 -4.250947e+000 -2.100000e+000
    endloop
  endfacet
  facet normal -7.039595e-001  5.937012e-003  7.102154e-001
    outer loop
      vertex  8.086242e+001 -3.679226e+000 -2.100000e+000
      vertex  8.045446e+001 -4.201432e+000 -2.500000e+000
      vertex  8.085760e+001 -4.250947e+000 -2.100000e+000
    endloop
  endfacet
  facet normal -6.923304e-001 -1.686432e-001  7.015968e-001
    outer loop
      vertex  8.051875e+001 -4.787949e+000 -2.500000e+000
      vertex  8.065839e+001 -5.361216e+000 -2.500000e+000
      vertex  8.093140e+001 -4.817906e+000 -2.100000e+000
    endloop
  endfacet
  facet normal -6.965336e-001 -9.066544e-002  7.117730e-001
    outer loop
      vertex  8.085760e+001 -4.250947e+000 -2.100000e+000
      vertex  8.051875e+001 -4.787949e+000 -2.500000e+000
      vertex  8.093140e+001 -4.817906e+000 -2.100000e+000
    endloop
  endfacet
  facet normal -6.657071e-001 -2.572155e-001  7.004815e-001
    outer loop
      vertex  8.065839e+001 -5.361216e+000 -2.500000e+000
      vertex  8.087104e+001 -5.911592e+000 -2.500000e+000
      vertex  8.108242e+001 -5.369341e+000 -2.100000e+000
    endloop
  endfacet
  facet normal -6.761969e-001 -1.851931e-001  7.130646e-001
    outer loop
      vertex  8.093140e+001 -4.817906e+000 -2.100000e+000
      vertex  8.065839e+001 -5.361216e+000 -2.500000e+000
      vertex  8.108242e+001 -5.369341e+000 -2.100000e+000
    endloop
  endfacet
  facet normal -6.275748e-001 -3.415990e-001  6.996142e-001
    outer loop
      vertex  8.087104e+001 -5.911592e+000 -2.500000e+000
      vertex  8.115312e+001 -6.429824e+000 -2.500000e+000
      vertex  8.130781e+001 -5.894785e+000 -2.100000e+000
    endloop
  endfacet
  facet normal -6.433605e-001 -2.759675e-001  7.140932e-001
    outer loop
      vertex  8.108242e+001 -5.369341e+000 -2.100000e+000
      vertex  8.087104e+001 -5.911592e+000 -2.500000e+000
      vertex  8.130781e+001 -5.894785e+000 -2.100000e+000
    endloop
  endfacet
  facet normal -5.785816e-001 -4.203020e-001  6.989917e-001
    outer loop
      vertex  8.115312e+001 -6.429824e+000 -2.500000e+000
      vertex  8.149990e+001 -6.907195e+000 -2.500000e+000
      vertex  8.160327e+001 -6.384265e+000 -2.100000e+000
    endloop
  endfacet
  facet normal -5.986521e-001 -3.613628e-001  7.148654e-001
    outer loop
      vertex  8.130781e+001 -5.894785e+000 -2.100000e+000
      vertex  8.115312e+001 -6.429824e+000 -2.500000e+000
      vertex  8.160327e+001 -6.384265e+000 -2.100000e+000
    endloop
  endfacet
  facet normal -5.196031e-001 -4.918829e-001  6.986157e-001
    outer loop
      vertex  8.149990e+001 -6.907195e+000 -2.500000e+000
      vertex  8.190553e+001 -7.335678e+000 -2.500000e+000
      vertex  8.196320e+001 -6.828491e+000 -2.100000e+000
    endloop
  endfacet
  facet normal -5.429034e-001 -4.398845e-001  7.153723e-001
    outer loop
      vertex  8.160327e+001 -6.384265e+000 -2.100000e+000
      vertex  8.149990e+001 -6.907195e+000 -2.500000e+000
      vertex  8.196320e+001 -6.828491e+000 -2.100000e+000
    endloop
  endfacet
  facet normal -4.516523e-001 -5.550860e-001  6.984912e-001
    outer loop
      vertex  8.190553e+001 -7.335678e+000 -2.500000e+000
      vertex  8.236320e+001 -7.708068e+000 -2.500000e+000
      vertex  8.238078e+001 -7.219032e+000 -2.100000e+000
    endloop
  endfacet
  facet normal -4.771111e-001 -5.101346e-001  7.156310e-001
    outer loop
      vertex  8.196320e+001 -6.828491e+000 -2.100000e+000
      vertex  8.190553e+001 -7.335678e+000 -2.500000e+000
      vertex  8.238078e+001 -7.219032e+000 -2.100000e+000
    endloop
  endfacet
  facet normal -3.759647e-001 -6.087590e-001  6.986151e-001
    outer loop
      vertex  8.236320e+001 -7.708068e+000 -2.500000e+000
      vertex  8.286520e+001 -8.018104e+000 -2.500000e+000
      vertex  8.284806e+001 -7.548474e+000 -2.100000e+000
    endloop
  endfacet
  facet normal -4.024711e-001 -5.708707e-001  7.156281e-001
    outer loop
      vertex  8.238078e+001 -7.219032e+000 -2.100000e+000
      vertex  8.236320e+001 -7.708068e+000 -2.500000e+000
      vertex  8.284806e+001 -7.548474e+000 -2.100000e+000
    endloop
  endfacet
  facet normal -2.938741e-001 -6.519592e-001  6.989902e-001
    outer loop
      vertex  8.286520e+001 -8.018104e+000 -2.500000e+000
      vertex  8.340311e+001 -8.260570e+000 -2.500000e+000
      vertex  8.335619e+001 -7.810565e+000 -2.100000e+000
    endloop
  endfacet
  facet normal -3.203074e-001 -6.210016e-001  7.153741e-001
    outer loop
      vertex  8.284806e+001 -7.548474e+000 -2.100000e+000
      vertex  8.286520e+001 -8.018104e+000 -2.500000e+000
      vertex  8.335619e+001 -7.810565e+000 -2.100000e+000
    endloop
  endfacet
  facet normal -2.068643e-001 -6.839216e-001  6.996130e-001
    outer loop
      vertex  8.340311e+001 -8.260570e+000 -2.500000e+000
      vertex  8.396787e+001 -8.431391e+000 -2.500000e+000
      vertex  8.389552e+001 -8.000330e+000 -2.100000e+000
    endloop
  endfacet
  facet normal -2.320921e-001 -6.596254e-001  7.148619e-001
    outer loop
      vertex  8.335619e+001 -7.810565e+000 -2.100000e+000
      vertex  8.340311e+001 -8.260570e+000 -2.500000e+000
      vertex  8.389552e+001 -8.000330e+000 -2.100000e+000
    endloop
  endfacet
  facet normal -1.164799e-001 -7.041001e-001  7.004823e-001
    outer loop
      vertex  8.396787e+001 -8.431391e+000 -2.500000e+000
      vertex  8.455000e+001 -8.527692e+000 -2.500000e+000
      vertex  8.445582e+001 -8.114167e+000 -2.100000e+000
    endloop
  endfacet
  facet normal -1.393839e-001 -6.860333e-001  7.140940e-001
    outer loop
      vertex  8.389552e+001 -8.000330e+000 -2.100000e+000
      vertex  8.396787e+001 -8.431391e+000 -2.500000e+000
      vertex  8.445582e+001 -8.114167e+000 -2.100000e+000
    endloop
  endfacet
  facet normal -2.435142e-002 -7.121584e-001  7.015964e-001
    outer loop
      vertex  8.455000e+001 -8.527692e+000 -2.500000e+000
      vertex  8.513968e+001 -8.547855e+000 -2.500000e+000
      vertex  8.502644e+001 -8.149916e+000 -2.100000e+000
    endloop
  endfacet
  facet normal -4.383640e-002 -6.997267e-001  7.130644e-001
    outer loop
      vertex  8.445582e+001 -8.114167e+000 -2.100000e+000
      vertex  8.455000e+001 -8.527692e+000 -2.500000e+000
      vertex  8.502644e+001 -8.149916e+000 -2.100000e+000
    endloop
  endfacet
  facet normal  6.788230e-002 -7.079927e-001  7.029496e-001
    outer loop
      vertex  8.513968e+001 -8.547855e+000 -2.500000e+000
      vertex  8.572701e+001 -8.491542e+000 -2.500000e+000
      vertex  8.559657e+001 -8.106898e+000 -2.100000e+000
    endloop
  endfacet
  facet normal  5.284870e-002 -7.004193e-001  7.117723e-001
    outer loop
      vertex  8.502644e+001 -8.149916e+000 -2.100000e+000
      vertex  8.513968e+001 -8.547855e+000 -2.500000e+000
      vertex  8.559657e+001 -8.106898e+000 -2.100000e+000
    endloop
  endfacet
  facet normal  1.585761e-001 -6.917205e-001  7.045398e-001
    outer loop
      vertex  8.572701e+001 -8.491542e+000 -2.500000e+000
      vertex  8.630212e+001 -8.359698e+000 -2.500000e+000
      vertex  8.615536e+001 -7.985929e+000 -2.100000e+000
    endloop
  endfacet
  facet normal  1.489491e-001 -6.880511e-001  7.102110e-001
    outer loop
      vertex  8.559657e+001 -8.106898e+000 -2.100000e+000
      vertex  8.572701e+001 -8.491542e+000 -2.500000e+000
      vertex  8.615536e+001 -7.985929e+000 -2.100000e+000
    endloop
  endfacet
  facet normal -7.072595e-001  6.215946e-002  7.042160e-001
    outer loop
      vertex  8.094577e+001 -3.113592e+000 -2.100000e+000
      vertex  8.096805e+001 -2.860112e+000 -2.100000e+000
      vertex  8.055500e+001 -3.028155e+000 -2.500000e+000
    endloop
  endfacet
  facet normal -7.008157e-001  2.569939e-002  7.128792e-001
    outer loop
      vertex  8.096805e+001 -2.860112e+000 -2.100000e+000
      vertex  8.056281e+001 -2.815110e+000 -2.500000e+000
      vertex  8.055500e+001 -3.028155e+000 -2.500000e+000
    endloop
  endfacet
  facet normal -1.245895e-001 -6.901271e-001  7.128829e-001
    outer loop
      vertex  8.017864e+001 -2.337874e+000 -2.500000e+000
      vertex  8.022124e+001 -1.932374e+000 -2.100000e+000
      vertex  7.996885e+001 -2.300000e+000 -2.500000e+000
    endloop
  endfacet
  facet normal -9.033173e-002 -7.042160e-001  7.042158e-001
    outer loop
      vertex  8.022124e+001 -1.932374e+000 -2.100000e+000
      vertex  7.996885e+001 -1.900000e+000 -2.100000e+000
      vertex  7.996885e+001 -2.300000e+000 -2.500000e+000
    endloop
  endfacet
  facet normal -7.041641e-001 -1.190320e-001  6.999888e-001
    outer loop
      vertex  8.096805e+001 -2.860112e+000 -2.100000e+000
      vertex  8.092564e+001 -2.609214e+000 -2.100000e+000
      vertex  8.056281e+001 -2.815110e+000 -2.500000e+000
    endloop
  endfacet
  facet normal -6.500456e-001 -2.923487e-001  7.014077e-001
    outer loop
      vertex  8.092564e+001 -2.609214e+000 -2.100000e+000
      vertex  8.082127e+001 -2.377144e+000 -2.100000e+000
      vertex  8.049564e+001 -2.612783e+000 -2.500000e+000
    endloop
  endfacet
  facet normal -6.633959e-001 -2.202607e-001  7.151161e-001
    outer loop
      vertex  8.056281e+001 -2.815110e+000 -2.500000e+000
      vertex  8.092564e+001 -2.609214e+000 -2.100000e+000
      vertex  8.049564e+001 -2.612783e+000 -2.500000e+000
    endloop
  endfacet
  facet normal -4.244412e-001 -5.726053e-001  7.014077e-001
    outer loop
      vertex  8.066171e+001 -2.178928e+000 -2.100000e+000
      vertex  8.045728e+001 -2.027401e+000 -2.100000e+000
      vertex  8.036195e+001 -2.446716e+000 -2.500000e+000
    endloop
  endfacet
  facet normal -5.498404e-001 -4.426156e-001  7.083552e-001
    outer loop
      vertex  8.049564e+001 -2.612783e+000 -2.500000e+000
      vertex  8.066171e+001 -2.178928e+000 -2.100000e+000
      vertex  8.036195e+001 -2.446716e+000 -2.500000e+000
    endloop
  endfacet
  facet normal -5.498407e-001 -4.426153e-001  7.083551e-001
    outer loop
      vertex  8.082127e+001 -2.377144e+000 -2.100000e+000
      vertex  8.066171e+001 -2.178928e+000 -2.100000e+000
      vertex  8.049564e+001 -2.612783e+000 -2.500000e+000
    endloop
  endfacet
  facet normal -2.667012e-001 -6.624824e-001  6.999912e-001
    outer loop
      vertex  8.045728e+001 -2.027401e+000 -2.100000e+000
      vertex  8.022124e+001 -1.932374e+000 -2.100000e+000
      vertex  8.017864e+001 -2.337874e+000 -2.500000e+000
    endloop
  endfacet
  facet normal -3.568704e-001 -6.010436e-001  7.151155e-001
    outer loop
      vertex  8.036195e+001 -2.446716e+000 -2.500000e+000
      vertex  8.045728e+001 -2.027401e+000 -2.100000e+000
      vertex  8.017864e+001 -2.337874e+000 -2.500000e+000
    endloop
  endfacet
  facet normal  0.000000e+000 -7.071069e-001  7.071066e-001
    outer loop
      vertex  1.003115e+001 -1.900000e+000 -2.100000e+000
      vertex  1.003115e+001 -2.300000e+000 -2.500000e+000
      vertex  7.996885e+001 -1.900000e+000 -2.100000e+000
    endloop
  endfacet
  facet normal  0.000000e+000 -7.071069e-001  7.071066e-001
    outer loop
      vertex  7.996885e+001 -1.900000e+000 -2.100000e+000
      vertex  1.003115e+001 -2.300000e+000 -2.500000e+000
      vertex  7.996885e+001 -2.300000e+000 -2.500000e+000
    endloop
  endfacet
  facet normal  0.000000e+000  0.000000e+000  9.999999e-001
    outer loop
      vertex -1.800000e+000 -5.965000e+001  1.500000e+000
      vertex -5.000000e-001 -5.965000e+001  1.500000e+000
      vertex -1.800000e+000 -5.035000e+001  1.500000e+000
    endloop
  endfacet
  facet normal  -0.000000e+000  0.000000e+000  9.999999e-001
    outer loop
      vertex -1.800000e+000 -5.035000e+001  1.500000e+000
      vertex -5.000000e-001 -5.965000e+001  1.500000e+000
      vertex -5.000000e-001 -5.035000e+001  1.500000e+000
    endloop
  endfacet
  facet normal  0.000000e+000  0.000000e+000  9.999999e-001
    outer loop
      vertex -1.800000e+000 -4.490000e+001  1.500000e+000
      vertex -5.000000e-001 -4.490000e+001  1.500000e+000
      vertex -1.800000e+000 -3.560000e+001  1.500000e+000
    endloop
  endfacet
  facet normal  -0.000000e+000  0.000000e+000  9.999999e-001
    outer loop
      vertex -1.800000e+000 -3.560000e+001  1.500000e+000
      vertex -5.000000e-001 -4.490000e+001  1.500000e+000
      vertex -5.000000e-001 -3.560000e+001  1.500000e+000
    endloop
  endfacet
  facet normal  0.000000e+000  0.000000e+000  1.000000e+000
    outer loop
      vertex  9.050000e+001 -3.250000e+001  1.500000e+000
      vertex  9.180000e+001 -3.250000e+001  1.500000e+000
      vertex  9.050000e+001 -2.000000e+001  1.500000e+000
    endloop
  endfacet
  facet normal  -0.000000e+000  0.000000e+000  1.000000e+000
    outer loop
      vertex  9.050000e+001 -2.000000e+001  1.500000e+000
      vertex  9.180000e+001 -3.250000e+001  1.500000e+000
      vertex  9.180000e+001 -2.000000e+001  1.500000e+000
    endloop
  endfacet
  facet normal  0.000000e+000  0.000000e+000  1.000000e+000
    outer loop
      vertex  9.050000e+001 -5.000000e+001  1.500000e+000
      vertex  9.180000e+001 -5.000000e+001  1.500000e+000
      vertex  9.050000e+001 -3.750000e+001  1.500000e+000
    endloop
  endfacet
  facet normal  -0.000000e+000  0.000000e+000  1.000000e+000
    outer loop
      vertex  9.050000e+001 -3.750000e+001  1.500000e+000
      vertex  9.180000e+001 -5.000000e+001  1.500000e+000
      vertex  9.180000e+001 -3.750000e+001  1.500000e+000
    endloop
  endfacet
  facet normal  0.000000e+000  0.000000e+000  1.000000e+000
    outer loop
      vertex  6.750000e+001  5.000000e-001  1.500000e+000
      vertex  7.750000e+001  5.000000e-001  1.500000e+000
      vertex  6.750000e+001  1.800000e+000  1.500000e+000
    endloop
  endfacet
  facet normal  -0.000000e+000  0.000000e+000  1.000000e+000
    outer loop
      vertex  6.750000e+001  1.800000e+000  1.500000e+000
      vertex  7.750000e+001  5.000000e-001  1.500000e+000
      vertex  7.750000e+001  1.800000e+000  1.500000e+000
    endloop
  endfacet
  facet normal  0.000000e+000  0.000000e+000  1.000000e+000
    outer loop
      vertex  5.250000e+001  5.000000e-001  1.500000e+000
      vertex  6.250000e+001  5.000000e-001  1.500000e+000
      vertex  5.250000e+001  1.800000e+000  1.500000e+000
    endloop
  endfacet
  facet normal  -0.000000e+000  0.000000e+000  1.000000e+000
    outer loop
      vertex  5.250000e+001  1.800000e+000  1.500000e+000
      vertex  6.250000e+001  5.000000e-001  1.500000e+000
      vertex  6.250000e+001  1.800000e+000  1.500000e+000
    endloop
  endfacet
  facet normal  0.000000e+000  0.000000e+000  1.000000e+000
    outer loop
      vertex  3.750000e+001  5.000000e-001  1.500000e+000
      vertex  4.750000e+001  5.000000e-001  1.500000e+000
      vertex  3.750000e+001  1.800000e+000  1.500000e+000
    endloop
  endfacet
  facet normal  -0.000000e+000  0.000000e+000  1.000000e+000
    outer loop
      vertex  3.750000e+001  1.800000e+000  1.500000e+000
      vertex  4.750000e+001  5.000000e-001  1.500000e+000
      vertex  4.750000e+001  1.800000e+000  1.500000e+000
    endloop
  endfacet
  facet normal  0.000000e+000  0.000000e+000  9.999999e-001
    outer loop
      vertex  6.750000e+001 -7.180000e+001  1.500000e+000
      vertex  7.750000e+001 -7.180000e+001  1.500000e+000
      vertex  6.750000e+001 -7.050000e+001  1.500000e+000
    endloop
  endfacet
  facet normal  -0.000000e+000  0.000000e+000  9.999999e-001
    outer loop
      vertex  6.750000e+001 -7.050000e+001  1.500000e+000
      vertex  7.750000e+001 -7.180000e+001  1.500000e+000
      vertex  7.750000e+001 -7.050000e+001  1.500000e+000
    endloop
  endfacet
  facet normal  0.000000e+000  0.000000e+000  9.999999e-001
    outer loop
      vertex  5.250000e+001 -7.180000e+001  1.500000e+000
      vertex  6.250000e+001 -7.180000e+001  1.500000e+000
      vertex  5.250000e+001 -7.050000e+001  1.500000e+000
    endloop
  endfacet
  facet normal  -0.000000e+000  0.000000e+000  9.999999e-001
    outer loop
      vertex  5.250000e+001 -7.050000e+001  1.500000e+000
      vertex  6.250000e+001 -7.180000e+001  1.500000e+000
      vertex  6.250000e+001 -7.050000e+001  1.500000e+000
    endloop
  endfacet
  facet normal  0.000000e+000  0.000000e+000  9.999999e-001
    outer loop
      vertex  3.750000e+001 -7.180000e+001  1.500000e+000
      vertex  4.750000e+001 -7.180000e+001  1.500000e+000
      vertex  3.750000e+001 -7.050000e+001  1.500000e+000
    endloop
  endfacet
  facet normal  -0.000000e+000  0.000000e+000  9.999999e-001
    outer loop
      vertex  3.750000e+001 -7.050000e+001  1.500000e+000
      vertex  4.750000e+001 -7.180000e+001  1.500000e+000
      vertex  4.750000e+001 -7.050000e+001  1.500000e+000
    endloop
  endfacet
  facet normal  6.439680e-001  2.942469e-001 -7.062040e-001
    outer loop
      vertex  1.709065e+000 -6.779784e+001 -4.000000e+000
      vertex  1.486702e+000 -6.731120e+001 -4.000000e+000
      vertex  3.464231e+000 -6.683900e+001 -2.000000e+000
    endloop
  endfacet
  facet normal  6.514617e-001  2.718160e-001 -7.083175e-001
    outer loop
      vertex  1.486702e+000 -6.731120e+001 -4.000000e+000
      vertex  3.323354e+000 -6.650136e+001 -2.000000e+000
      vertex  3.464231e+000 -6.683900e+001 -2.000000e+000
    endloop
  endfacet
  facet normal -5.807132e-001 -4.013214e-001 -7.083173e-001
    outer loop
      vertex  6.327773e+000 -6.486003e+001 -2.000000e+000
      vertex  8.001577e+000 -6.375211e+001 -4.000000e+000
      vertex  6.535769e+000 -6.516100e+001 -2.000000e+000
    endloop
  endfacet
  facet normal -5.955380e-001 -3.828976e-001 -7.062039e-001
    outer loop
      vertex  8.001577e+000 -6.375211e+001 -4.000000e+000
      vertex  8.290935e+000 -6.420216e+001 -4.000000e+000
      vertex  6.535769e+000 -6.516100e+001 -2.000000e+000
    endloop
  endfacet
  facet normal  6.800427e-001  1.998288e-001 -7.054152e-001
    outer loop
      vertex  1.486702e+000 -6.731120e+001 -4.000000e+000
      vertex  1.335860e+000 -6.679786e+001 -4.000000e+000
      vertex  3.323354e+000 -6.650136e+001 -2.000000e+000
    endloop
  endfacet
  facet normal  7.009760e-001  1.009282e-001 -7.060073e-001
    outer loop
      vertex  1.335860e+000 -6.679786e+001 -4.000000e+000
      vertex  1.259609e+000 -6.626827e+001 -4.000000e+000
      vertex  3.255755e+000 -6.614181e+001 -2.000000e+000
    endloop
  endfacet
  facet normal  6.935329e-001  1.303911e-001 -7.085269e-001
    outer loop
      vertex  3.323354e+000 -6.650136e+001 -2.000000e+000
      vertex  1.335860e+000 -6.679786e+001 -4.000000e+000
      vertex  3.255755e+000 -6.614181e+001 -2.000000e+000
    endloop
  endfacet
  facet normal  7.015721e-001 -1.007274e-001 -7.054435e-001
    outer loop
      vertex  1.259501e+000 -6.573323e+001 -4.000000e+000
      vertex  1.335539e+000 -6.520362e+001 -4.000000e+000
      vertex  3.264388e+000 -6.577606e+001 -2.000000e+000
    endloop
  endfacet
  facet normal  7.059669e-001 -1.666265e-002 -7.080488e-001
    outer loop
      vertex  3.255755e+000 -6.614181e+001 -2.000000e+000
      vertex  1.259501e+000 -6.573323e+001 -4.000000e+000
      vertex  3.264388e+000 -6.577606e+001 -2.000000e+000
    endloop
  endfacet
  facet normal  7.077839e-001  1.424003e-004 -7.064291e-001
    outer loop
      vertex  1.259609e+000 -6.626827e+001 -4.000000e+000
      vertex  1.259501e+000 -6.573323e+001 -4.000000e+000
      vertex  3.255755e+000 -6.614181e+001 -2.000000e+000
    endloop
  endfacet
  facet normal  6.797196e-001 -1.994337e-001 -7.058383e-001
    outer loop
      vertex  1.335539e+000 -6.520362e+001 -4.000000e+000
      vertex  1.486175e+000 -6.469022e+001 -4.000000e+000
      vertex  3.348875e+000 -6.542010e+001 -2.000000e+000
    endloop
  endfacet
  facet normal  6.864633e-001 -1.629308e-001 -7.086760e-001
    outer loop
      vertex  3.264388e+000 -6.577606e+001 -2.000000e+000
      vertex  1.335539e+000 -6.520362e+001 -4.000000e+000
      vertex  3.348875e+000 -6.542010e+001 -2.000000e+000
    endloop
  endfacet
  facet normal  5.962811e-001 -3.830379e-001 -7.055004e-001
    outer loop
      vertex  1.708342e+000 -6.420348e+001 -4.000000e+000
      vertex  1.997518e+000 -6.375331e+001 -4.000000e+000
      vertex  3.505525e+000 -6.508949e+001 -2.000000e+000
    endloop
  endfacet
  facet normal  6.384517e-001 -3.025091e-001 -7.077200e-001
    outer loop
      vertex  3.348875e+000 -6.542010e+001 -2.000000e+000
      vertex  1.708342e+000 -6.420348e+001 -4.000000e+000
      vertex  3.505525e+000 -6.508949e+001 -2.000000e+000
    endloop
  endfacet
  facet normal  6.436530e-001 -2.937886e-001 -7.066817e-001
    outer loop
      vertex  1.486175e+000 -6.469022e+001 -4.000000e+000
      vertex  1.708342e+000 -6.420348e+001 -4.000000e+000
      vertex  3.348875e+000 -6.542010e+001 -2.000000e+000
    endloop
  endfacet
  facet normal  5.355502e-001 -4.638719e-001 -7.056973e-001
    outer loop
      vertex  1.997518e+000 -6.375331e+001 -4.000000e+000
      vertex  2.347816e+000 -6.334888e+001 -4.000000e+000
      vertex  3.727490e+000 -6.479866e+001 -2.000000e+000
    endloop
  endfacet
  facet normal  5.607750e-001 -4.279980e-001 -7.087659e-001
    outer loop
      vertex  3.505525e+000 -6.508949e+001 -2.000000e+000
      vertex  1.997518e+000 -6.375331e+001 -4.000000e+000
      vertex  3.727490e+000 -6.479866e+001 -2.000000e+000
    endloop
  endfacet
  facet normal  3.832313e-001 -5.960573e-001 -7.055846e-001
    outer loop
      vertex  2.752105e+000 -6.299842e+001 -4.000000e+000
      vertex  3.202154e+000 -6.270906e+001 -4.000000e+000
      vertex  4.005070e+000 -6.456034e+001 -2.000000e+000
    endloop
  endfacet
  facet normal  4.604721e-001 -5.363300e-001 -7.073300e-001
    outer loop
      vertex  3.727490e+000 -6.479866e+001 -2.000000e+000
      vertex  2.752105e+000 -6.299842e+001 -4.000000e+000
      vertex  4.005070e+000 -6.456034e+001 -2.000000e+000
    endloop
  endfacet
  facet normal  4.632613e-001 -5.344098e-001 -7.069618e-001
    outer loop
      vertex  2.347816e+000 -6.334888e+001 -4.000000e+000
      vertex  2.752105e+000 -6.299842e+001 -4.000000e+000
      vertex  3.727490e+000 -6.479866e+001 -2.000000e+000
    endloop
  endfacet
  facet normal  2.945029e-001 -6.445302e-001 -7.055842e-001
    outer loop
      vertex  3.202154e+000 -6.270906e+001 -4.000000e+000
      vertex  3.688802e+000 -6.248670e+001 -4.000000e+000
      vertex  4.326133e+000 -6.438494e+001 -2.000000e+000
    endloop
  endfacet
  facet normal  3.381966e-001 -6.190577e-001 -7.087951e-001
    outer loop
      vertex  4.005070e+000 -6.456034e+001 -2.000000e+000
      vertex  3.202154e+000 -6.270906e+001 -4.000000e+000
      vertex  4.326133e+000 -6.438494e+001 -2.000000e+000
    endloop
  endfacet
  facet normal  1.009740e-001 -7.012810e-001 -7.056977e-001
    outer loop
      vertex  4.202143e+000 -6.233586e+001 -4.000000e+000
      vertex  4.731726e+000 -6.225961e+001 -4.000000e+000
      vertex  4.676648e+000 -6.428014e+001 -2.000000e+000
    endloop
  endfacet
  facet normal  2.026310e-001 -6.776878e-001 -7.068804e-001
    outer loop
      vertex  4.326133e+000 -6.438494e+001 -2.000000e+000
      vertex  4.202143e+000 -6.233586e+001 -4.000000e+000
      vertex  4.676648e+000 -6.428014e+001 -2.000000e+000
    endloop
  endfacet
  facet normal  1.993034e-001 -6.782687e-001 -7.072692e-001
    outer loop
      vertex  3.688802e+000 -6.248670e+001 -4.000000e+000
      vertex  4.202143e+000 -6.233586e+001 -4.000000e+000
      vertex  4.326133e+000 -6.438494e+001 -2.000000e+000
    endloop
  endfacet
  facet normal  1.414808e-004 -7.087100e-001 -7.054999e-001
    outer loop
      vertex  4.731726e+000 -6.225961e+001 -4.000000e+000
      vertex  5.266769e+000 -6.225950e+001 -4.000000e+000
      vertex  5.041294e+000 -6.425049e+001 -2.000000e+000
    endloop
  endfacet
  facet normal  5.716795e-002 -7.031237e-001 -7.087658e-001
    outer loop
      vertex  4.676648e+000 -6.428014e+001 -2.000000e+000
      vertex  4.731726e+000 -6.225961e+001 -4.000000e+000
      vertex  5.041294e+000 -6.425049e+001 -2.000000e+000
    endloop
  endfacet
  facet normal -1.994337e-001 -6.797199e-001 -7.058378e-001
    outer loop
      vertex  5.796383e+000 -6.233554e+001 -4.000000e+000
      vertex  6.309784e+000 -6.248618e+001 -4.000000e+000
      vertex  5.404136e+000 -6.429730e+001 -2.000000e+000
    endloop
  endfacet
  facet normal -9.057567e-002 -7.020260e-001 -7.063679e-001
    outer loop
      vertex  5.041294e+000 -6.425049e+001 -2.000000e+000
      vertex  5.796383e+000 -6.233554e+001 -4.000000e+000
      vertex  5.404136e+000 -6.429730e+001 -2.000000e+000
    endloop
  endfacet
  facet normal -1.004204e-001 -6.994362e-001 -7.076050e-001
    outer loop
      vertex  5.266769e+000 -6.225950e+001 -4.000000e+000
      vertex  5.796383e+000 -6.233554e+001 -4.000000e+000
      vertex  5.041294e+000 -6.425049e+001 -2.000000e+000
    endloop
  endfacet
  facet normal -2.943034e-001 -6.447759e-001 -7.054428e-001
    outer loop
      vertex  6.309784e+000 -6.248618e+001 -4.000000e+000
      vertex  6.796522e+000 -6.270834e+001 -4.000000e+000
      vertex  5.749315e+000 -6.441853e+001 -2.000000e+000
    endloop
  endfacet
  facet normal -2.337923e-001 -6.656727e-001 -7.086755e-001
    outer loop
      vertex  5.404136e+000 -6.429730e+001 -2.000000e+000
      vertex  6.309784e+000 -6.248618e+001 -4.000000e+000
      vertex  5.749315e+000 -6.441853e+001 -2.000000e+000
    endloop
  endfacet
  facet normal -4.636692e-001 -5.353171e-001 -7.060075e-001
    outer loop
      vertex  7.246687e+000 -6.299752e+001 -4.000000e+000
      vertex  7.651117e+000 -6.334782e+001 -4.000000e+000
      vertex  6.061745e+000 -6.460889e+001 -2.000000e+000
    endloop
  endfacet
  facet normal -3.685899e-001 -6.049731e-001 -7.057967e-001
    outer loop
      vertex  5.749315e+000 -6.441853e+001 -2.000000e+000
      vertex  7.246687e+000 -6.299752e+001 -4.000000e+000
      vertex  6.061745e+000 -6.460889e+001 -2.000000e+000
    endloop
  endfacet
  facet normal -3.817030e-001 -5.942101e-001 -7.079670e-001
    outer loop
      vertex  6.796522e+000 -6.270834e+001 -4.000000e+000
      vertex  7.246687e+000 -6.299752e+001 -4.000000e+000
      vertex  5.749315e+000 -6.441853e+001 -2.000000e+000
    endloop
  endfacet
  facet normal -5.355784e-001 -4.642693e-001 -7.054147e-001
    outer loop
      vertex  7.651117e+000 -6.334782e+001 -4.000000e+000
      vertex  8.001577e+000 -6.375211e+001 -4.000000e+000
      vertex  6.327773e+000 -6.486003e+001 -2.000000e+000
    endloop
  endfacet
  facet normal -4.844337e-001 -5.131416e-001 -7.085264e-001
    outer loop
      vertex  6.061745e+000 -6.460889e+001 -2.000000e+000
      vertex  7.651117e+000 -6.334782e+001 -4.000000e+000
      vertex  6.327773e+000 -6.486003e+001 -2.000000e+000
    endloop
  endfacet
  facet normal -6.514118e-001  7.587245e-001  0.000000e+000
    outer loop
      vertex  5.994930e+000 -6.743966e+001 -2.000000e+000
      vertex  6.272510e+000 -6.720134e+001  0.000000e+000
      vertex  6.272510e+000 -6.720134e+001 -2.000000e+000
    endloop
  endfacet
  facet normal -7.949249e-001  6.067079e-001  0.000000e+000
    outer loop
      vertex  6.272510e+000 -6.720134e+001 -2.000000e+000
      vertex  6.272510e+000 -6.720134e+001  0.000000e+000
      vertex  6.494475e+000 -6.691051e+001  0.000000e+000
    endloop
  endfacet
  facet normal -7.949249e-001  6.067079e-001  0.000000e+000
    outer loop
      vertex  6.272510e+000 -6.720134e+001 -2.000000e+000
      vertex  6.494475e+000 -6.691051e+001  0.000000e+000
      vertex  6.494475e+000 -6.691051e+001 -2.000000e+000
    endloop
  endfacet
  facet normal -9.036914e-001  4.281842e-001  0.000000e+000
    outer loop
      vertex  6.494475e+000 -6.691051e+001 -2.000000e+000
      vertex  6.494475e+000 -6.691051e+001  0.000000e+000
      vertex  6.651125e+000 -6.657990e+001  0.000000e+000
    endloop
  endfacet
  facet normal -9.036914e-001  4.281842e-001  0.000000e+000
    outer loop
      vertex  6.494475e+000 -6.691051e+001 -2.000000e+000
      vertex  6.651125e+000 -6.657990e+001  0.000000e+000
      vertex  6.651125e+000 -6.657990e+001 -2.000000e+000
    endloop
  endfacet
  facet normal -9.729698e-001  2.309323e-001  0.000000e+000
    outer loop
      vertex  6.651125e+000 -6.657990e+001 -2.000000e+000
      vertex  6.651125e+000 -6.657990e+001  0.000000e+000
      vertex  6.735612e+000 -6.622394e+001  0.000000e+000
    endloop
  endfacet
  facet normal -9.729698e-001  2.309323e-001  0.000000e+000
    outer loop
      vertex  6.651125e+000 -6.657990e+001 -2.000000e+000
      vertex  6.735612e+000 -6.622394e+001  0.000000e+000
      vertex  6.735612e+000 -6.622394e+001 -2.000000e+000
    endloop
  endfacet
  facet normal -9.997216e-001  2.359634e-002  0.000000e+000
    outer loop
      vertex  6.735612e+000 -6.622394e+001 -2.000000e+000
      vertex  6.735612e+000 -6.622394e+001  0.000000e+000
      vertex  6.744245e+000 -6.585819e+001  0.000000e+000
    endloop
  endfacet
  facet normal -9.997216e-001  2.359634e-002  0.000000e+000
    outer loop
      vertex  6.735612e+000 -6.622394e+001 -2.000000e+000
      vertex  6.744245e+000 -6.585819e+001  0.000000e+000
      vertex  6.744245e+000 -6.585819e+001 -2.000000e+000
    endloop
  endfacet
  facet normal -9.827814e-001 -1.847720e-001  0.000000e+000
    outer loop
      vertex  6.744245e+000 -6.585819e+001 -2.000000e+000
      vertex  6.744245e+000 -6.585819e+001  0.000000e+000
      vertex  6.676646e+000 -6.549864e+001  0.000000e+000
    endloop
  endfacet
  facet normal -9.827814e-001 -1.847720e-001  -0.000000e+000
    outer loop
      vertex  6.744245e+000 -6.585819e+001 -2.000000e+000
      vertex  6.676646e+000 -6.549864e+001  0.000000e+000
      vertex  6.676646e+000 -6.549864e+001 -2.000000e+000
    endloop
  endfacet
  facet normal -9.228886e-001 -3.850670e-001  0.000000e+000
    outer loop
      vertex  6.676646e+000 -6.549864e+001 -2.000000e+000
      vertex  6.676646e+000 -6.549864e+001  0.000000e+000
      vertex  6.535769e+000 -6.516100e+001  0.000000e+000
    endloop
  endfacet
  facet normal -9.228886e-001 -3.850670e-001  -0.000000e+000
    outer loop
      vertex  6.676646e+000 -6.549864e+001 -2.000000e+000
      vertex  6.535769e+000 -6.516100e+001  0.000000e+000
      vertex  6.535769e+000 -6.516100e+001 -2.000000e+000
    endloop
  endfacet
  facet normal -6.514118e-001  7.587245e-001  0.000000e+000
    outer loop
      vertex  6.272510e+000 -6.720134e+001  0.000000e+000
      vertex  5.994930e+000 -6.743966e+001 -2.000000e+000
      vertex  5.994930e+000 -6.743966e+001  0.000000e+000
    endloop
  endfacet
  facet normal -4.794297e-001  8.775803e-001  0.000000e+000
    outer loop
      vertex  5.994930e+000 -6.743966e+001  0.000000e+000
      vertex  5.994930e+000 -6.743966e+001 -2.000000e+000
      vertex  5.673867e+000 -6.761506e+001 -2.000000e+000
    endloop
  endfacet
  facet normal -4.794297e-001  8.775803e-001  0.000000e+000
    outer loop
      vertex  5.994930e+000 -6.743966e+001  0.000000e+000
      vertex  5.673867e+000 -6.761506e+001 -2.000000e+000
      vertex  5.673867e+000 -6.761506e+001  0.000000e+000
    endloop
  endfacet
  facet normal -2.864718e-001  9.580887e-001  0.000000e+000
    outer loop
      vertex  5.673867e+000 -6.761506e+001  0.000000e+000
      vertex  5.673867e+000 -6.761506e+001 -2.000000e+000
      vertex  5.323352e+000 -6.771986e+001 -2.000000e+000
    endloop
  endfacet
  facet normal -2.864718e-001  9.580887e-001  0.000000e+000
    outer loop
      vertex  5.673867e+000 -6.761506e+001  0.000000e+000
      vertex  5.323352e+000 -6.771986e+001 -2.000000e+000
      vertex  5.323352e+000 -6.771986e+001  0.000000e+000
    endloop
  endfacet
  facet normal -8.103827e-002  9.967110e-001  0.000000e+000
    outer loop
      vertex  5.323352e+000 -6.771986e+001  0.000000e+000
      vertex  5.323352e+000 -6.771986e+001 -2.000000e+000
      vertex  4.958706e+000 -6.774951e+001 -2.000000e+000
    endloop
  endfacet
  facet normal -8.103827e-002  9.967110e-001  0.000000e+000
    outer loop
      vertex  5.323352e+000 -6.771986e+001  0.000000e+000
      vertex  4.958706e+000 -6.774951e+001 -2.000000e+000
      vertex  4.958706e+000 -6.774951e+001  0.000000e+000
    endloop
  endfacet
  facet normal  1.279598e-001  9.917794e-001  0.000000e+000
    outer loop
      vertex  4.958706e+000 -6.774951e+001  0.000000e+000
      vertex  4.958706e+000 -6.774951e+001 -2.000000e+000
      vertex  4.595864e+000 -6.770270e+001 -2.000000e+000
    endloop
  endfacet
  facet normal  1.279598e-001  9.917794e-001  -0.000000e+000
    outer loop
      vertex  4.958706e+000 -6.774951e+001  0.000000e+000
      vertex  4.595864e+000 -6.770270e+001 -2.000000e+000
      vertex  4.595864e+000 -6.770270e+001  0.000000e+000
    endloop
  endfacet
  facet normal  3.313691e-001  9.435012e-001  0.000000e+000
    outer loop
      vertex  4.595864e+000 -6.770270e+001  0.000000e+000
      vertex  4.595864e+000 -6.770270e+001 -2.000000e+000
      vertex  4.250685e+000 -6.758147e+001 -2.000000e+000
    endloop
  endfacet
  facet normal  3.313691e-001  9.435012e-001  -0.000000e+000
    outer loop
      vertex  4.595864e+000 -6.770270e+001  0.000000e+000
      vertex  4.250685e+000 -6.758147e+001 -2.000000e+000
      vertex  4.250685e+000 -6.758147e+001  0.000000e+000
    endloop
  endfacet
  facet normal  5.203024e-001  8.539821e-001  0.000000e+000
    outer loop
      vertex  4.250685e+000 -6.758147e+001  0.000000e+000
      vertex  4.250685e+000 -6.758147e+001 -2.000000e+000
      vertex  3.938255e+000 -6.739111e+001 -2.000000e+000
    endloop
  endfacet
  facet normal  5.203024e-001  8.539821e-001  -0.000000e+000
    outer loop
      vertex  4.250685e+000 -6.758147e+001  0.000000e+000
      vertex  3.938255e+000 -6.739111e+001 -2.000000e+000
      vertex  3.938255e+000 -6.739111e+001  0.000000e+000
    endloop
  endfacet
  facet normal  6.864743e-001  7.271540e-001  0.000000e+000
    outer loop
      vertex  3.938255e+000 -6.739111e+001  0.000000e+000
      vertex  3.938255e+000 -6.739111e+001 -2.000000e+000
      vertex  3.672228e+000 -6.713997e+001 -2.000000e+000
    endloop
  endfacet
  facet normal  6.864743e-001  7.271540e-001  -0.000000e+000
    outer loop
      vertex  3.938255e+000 -6.739111e+001  0.000000e+000
      vertex  3.672228e+000 -6.713997e+001 -2.000000e+000
      vertex  3.672228e+000 -6.713997e+001  0.000000e+000
    endloop
  endfacet
  facet normal  8.226629e-001  5.685296e-001  0.000000e+000
    outer loop
      vertex  3.672228e+000 -6.713997e+001  0.000000e+000
      vertex  3.672228e+000 -6.713997e+001 -2.000000e+000
      vertex  3.464231e+000 -6.683900e+001 -2.000000e+000
    endloop
  endfacet
  facet normal  8.226629e-001  5.685296e-001  -0.000000e+000
    outer loop
      vertex  3.672228e+000 -6.713997e+001  0.000000e+000
      vertex  3.464231e+000 -6.683900e+001 -2.000000e+000
      vertex  3.464231e+000 -6.683900e+001  0.000000e+000
    endloop
  endfacet
  facet normal  6.514114e-001 -7.587246e-001  0.000000e+000
    outer loop
      vertex  4.005070e+000 -6.456034e+001 -2.000000e+000
      vertex  3.727490e+000 -6.479866e+001  0.000000e+000
      vertex  3.727490e+000 -6.479866e+001 -2.000000e+000
    endloop
  endfacet
  facet normal  7.949252e-001 -6.067075e-001  0.000000e+000
    outer loop
      vertex  3.727490e+000 -6.479866e+001 -2.000000e+000
      vertex  3.727490e+000 -6.479866e+001  0.000000e+000
      vertex  3.505525e+000 -6.508949e+001  0.000000e+000
    endloop
  endfacet
  facet normal  7.949252e-001 -6.067075e-001  0.000000e+000
    outer loop
      vertex  3.727490e+000 -6.479866e+001 -2.000000e+000
      vertex  3.505525e+000 -6.508949e+001  0.000000e+000
      vertex  3.505525e+000 -6.508949e+001 -2.000000e+000
    endloop
  endfacet
  facet normal  9.036914e-001 -4.281842e-001  0.000000e+000
    outer loop
      vertex  3.505525e+000 -6.508949e+001 -2.000000e+000
      vertex  3.505525e+000 -6.508949e+001  0.000000e+000
      vertex  3.348875e+000 -6.542010e+001  0.000000e+000
    endloop
  endfacet
  facet normal  9.036914e-001 -4.281842e-001  0.000000e+000
    outer loop
      vertex  3.505525e+000 -6.508949e+001 -2.000000e+000
      vertex  3.348875e+000 -6.542010e+001  0.000000e+000
      vertex  3.348875e+000 -6.542010e+001 -2.000000e+000
    endloop
  endfacet
  facet normal  9.729698e-001 -2.309323e-001  0.000000e+000
    outer loop
      vertex  3.348875e+000 -6.542010e+001 -2.000000e+000
      vertex  3.348875e+000 -6.542010e+001  0.000000e+000
      vertex  3.264388e+000 -6.577606e+001  0.000000e+000
    endloop
  endfacet
  facet normal  9.729698e-001 -2.309323e-001  0.000000e+000
    outer loop
      vertex  3.348875e+000 -6.542010e+001 -2.000000e+000
      vertex  3.264388e+000 -6.577606e+001  0.000000e+000
      vertex  3.264388e+000 -6.577606e+001 -2.000000e+000
    endloop
  endfacet
  facet normal  9.997216e-001 -2.359634e-002  0.000000e+000
    outer loop
      vertex  3.264388e+000 -6.577606e+001 -2.000000e+000
      vertex  3.264388e+000 -6.577606e+001  0.000000e+000
      vertex  3.255755e+000 -6.614181e+001  0.000000e+000
    endloop
  endfacet
  facet normal  9.997216e-001 -2.359634e-002  0.000000e+000
    outer loop
      vertex  3.264388e+000 -6.577606e+001 -2.000000e+000
      vertex  3.255755e+000 -6.614181e+001  0.000000e+000
      vertex  3.255755e+000 -6.614181e+001 -2.000000e+000
    endloop
  endfacet
  facet normal  9.827812e-001  1.847726e-001  -0.000000e+000
    outer loop
      vertex  3.255755e+000 -6.614181e+001 -2.000000e+000
      vertex  3.255755e+000 -6.614181e+001  0.000000e+000
      vertex  3.323354e+000 -6.650136e+001  0.000000e+000
    endloop
  endfacet
  facet normal  9.827812e-001  1.847726e-001  0.000000e+000
    outer loop
      vertex  3.255755e+000 -6.614181e+001 -2.000000e+000
      vertex  3.323354e+000 -6.650136e+001  0.000000e+000
      vertex  3.323354e+000 -6.650136e+001 -2.000000e+000
    endloop
  endfacet
  facet normal  9.228888e-001  3.850664e-001  -0.000000e+000
    outer loop
      vertex  3.323354e+000 -6.650136e+001 -2.000000e+000
      vertex  3.323354e+000 -6.650136e+001  0.000000e+000
      vertex  3.464231e+000 -6.683900e+001  0.000000e+000
    endloop
  endfacet
  facet normal  9.228888e-001  3.850664e-001  0.000000e+000
    outer loop
      vertex  3.323354e+000 -6.650136e+001 -2.000000e+000
      vertex  3.464231e+000 -6.683900e+001  0.000000e+000
      vertex  3.464231e+000 -6.683900e+001 -2.000000e+000
    endloop
  endfacet
  facet normal  6.514114e-001 -7.587246e-001  0.000000e+000
    outer loop
      vertex  3.727490e+000 -6.479866e+001  0.000000e+000
      vertex  4.005070e+000 -6.456034e+001 -2.000000e+000
      vertex  4.005070e+000 -6.456034e+001  0.000000e+000
    endloop
  endfacet
  facet normal  4.794297e-001 -8.775803e-001  0.000000e+000
    outer loop
      vertex  4.005070e+000 -6.456034e+001  0.000000e+000
      vertex  4.005070e+000 -6.456034e+001 -2.000000e+000
      vertex  4.326133e+000 -6.438494e+001 -2.000000e+000
    endloop
  endfacet
  facet normal  4.794297e-001 -8.775803e-001  0.000000e+000
    outer loop
      vertex  4.005070e+000 -6.456034e+001  0.000000e+000
      vertex  4.326133e+000 -6.438494e+001 -2.000000e+000
      vertex  4.326133e+000 -6.438494e+001  0.000000e+000
    endloop
  endfacet
  facet normal  2.864718e-001 -9.580887e-001  0.000000e+000
    outer loop
      vertex  4.326133e+000 -6.438494e+001  0.000000e+000
      vertex  4.326133e+000 -6.438494e+001 -2.000000e+000
      vertex  4.676648e+000 -6.428014e+001 -2.000000e+000
    endloop
  endfacet
  facet normal  2.864718e-001 -9.580887e-001  0.000000e+000
    outer loop
      vertex  4.326133e+000 -6.438494e+001  0.000000e+000
      vertex  4.676648e+000 -6.428014e+001 -2.000000e+000
      vertex  4.676648e+000 -6.428014e+001  0.000000e+000
    endloop
  endfacet
  facet normal  8.103827e-002 -9.967110e-001  0.000000e+000
    outer loop
      vertex  4.676648e+000 -6.428014e+001  0.000000e+000
      vertex  4.676648e+000 -6.428014e+001 -2.000000e+000
      vertex  5.041294e+000 -6.425049e+001 -2.000000e+000
    endloop
  endfacet
  facet normal  8.103827e-002 -9.967110e-001  0.000000e+000
    outer loop
      vertex  4.676648e+000 -6.428014e+001  0.000000e+000
      vertex  5.041294e+000 -6.425049e+001 -2.000000e+000
      vertex  5.041294e+000 -6.425049e+001  0.000000e+000
    endloop
  endfacet
  facet normal -1.279598e-001 -9.917794e-001  -0.000000e+000
    outer loop
      vertex  5.041294e+000 -6.425049e+001  0.000000e+000
      vertex  5.041294e+000 -6.425049e+001 -2.000000e+000
      vertex  5.404136e+000 -6.429730e+001 -2.000000e+000
    endloop
  endfacet
  facet normal -1.279598e-001 -9.917794e-001  0.000000e+000
    outer loop
      vertex  5.041294e+000 -6.425049e+001  0.000000e+000
      vertex  5.404136e+000 -6.429730e+001 -2.000000e+000
      vertex  5.404136e+000 -6.429730e+001  0.000000e+000
    endloop
  endfacet
  facet normal -3.313691e-001 -9.435012e-001  -0.000000e+000
    outer loop
      vertex  5.404136e+000 -6.429730e+001  0.000000e+000
      vertex  5.404136e+000 -6.429730e+001 -2.000000e+000
      vertex  5.749315e+000 -6.441853e+001 -2.000000e+000
    endloop
  endfacet
  facet normal -3.313691e-001 -9.435012e-001  0.000000e+000
    outer loop
      vertex  5.404136e+000 -6.429730e+001  0.000000e+000
      vertex  5.749315e+000 -6.441853e+001 -2.000000e+000
      vertex  5.749315e+000 -6.441853e+001  0.000000e+000
    endloop
  endfacet
  facet normal -5.203027e-001 -8.539819e-001  -0.000000e+000
    outer loop
      vertex  5.749315e+000 -6.441853e+001  0.000000e+000
      vertex  5.749315e+000 -6.441853e+001 -2.000000e+000
      vertex  6.061745e+000 -6.460889e+001 -2.000000e+000
    endloop
  endfacet
  facet normal -5.203027e-001 -8.539819e-001  0.000000e+000
    outer loop
      vertex  5.749315e+000 -6.441853e+001  0.000000e+000
      vertex  6.061745e+000 -6.460889e+001 -2.000000e+000
      vertex  6.061745e+000 -6.460889e+001  0.000000e+000
    endloop
  endfacet
  facet normal -6.864736e-001 -7.271546e-001  -0.000000e+000
    outer loop
      vertex  6.061745e+000 -6.460889e+001  0.000000e+000
      vertex  6.061745e+000 -6.460889e+001 -2.000000e+000
      vertex  6.327773e+000 -6.486003e+001 -2.000000e+000
    endloop
  endfacet
  facet normal -6.864736e-001 -7.271546e-001  0.000000e+000
    outer loop
      vertex  6.061745e+000 -6.460889e+001  0.000000e+000
      vertex  6.327773e+000 -6.486003e+001 -2.000000e+000
      vertex  6.327773e+000 -6.486003e+001  0.000000e+000
    endloop
  endfacet
  facet normal -8.226631e-001 -5.685291e-001  -0.000000e+000
    outer loop
      vertex  6.327773e+000 -6.486003e+001  0.000000e+000
      vertex  6.327773e+000 -6.486003e+001 -2.000000e+000
      vertex  6.535769e+000 -6.516100e+001 -2.000000e+000
    endloop
  endfacet
  facet normal -8.226631e-001 -5.685291e-001  0.000000e+000
    outer loop
      vertex  6.327773e+000 -6.486003e+001  0.000000e+000
      vertex  6.535769e+000 -6.516100e+001 -2.000000e+000
      vertex  6.535769e+000 -6.516100e+001  0.000000e+000
    endloop
  endfacet
  facet normal -6.439679e-001 -2.942471e-001 -7.062039e-001
    outer loop
      vertex  8.290935e+000 -6.420216e+001 -4.000000e+000
      vertex  8.513298e+000 -6.468880e+001 -4.000000e+000
      vertex  6.535769e+000 -6.516100e+001 -2.000000e+000
    endloop
  endfacet
  facet normal -6.514615e-001 -2.718164e-001 -7.083175e-001
    outer loop
      vertex  8.513298e+000 -6.468880e+001 -4.000000e+000
      vertex  6.676646e+000 -6.549864e+001 -2.000000e+000
      vertex  6.535769e+000 -6.516100e+001 -2.000000e+000
    endloop
  endfacet
  facet normal  5.807129e-001  4.013217e-001 -7.083173e-001
    outer loop
      vertex  3.672228e+000 -6.713997e+001 -2.000000e+000
      vertex  1.998423e+000 -6.824789e+001 -4.000000e+000
      vertex  3.464231e+000 -6.683900e+001 -2.000000e+000
    endloop
  endfacet
  facet normal  5.955381e-001  3.828975e-001 -7.062039e-001
    outer loop
      vertex  1.998423e+000 -6.824789e+001 -4.000000e+000
      vertex  1.709065e+000 -6.779784e+001 -4.000000e+000
      vertex  3.464231e+000 -6.683900e+001 -2.000000e+000
    endloop
  endfacet
  facet normal -6.800425e-001 -1.998289e-001 -7.054151e-001
    outer loop
      vertex  8.513298e+000 -6.468880e+001 -4.000000e+000
      vertex  8.664141e+000 -6.520214e+001 -4.000000e+000
      vertex  6.676646e+000 -6.549864e+001 -2.000000e+000
    endloop
  endfacet
  facet normal -7.009759e-001 -1.009280e-001 -7.060073e-001
    outer loop
      vertex  8.664141e+000 -6.520214e+001 -4.000000e+000
      vertex  8.740392e+000 -6.573173e+001 -4.000000e+000
      vertex  6.744245e+000 -6.585819e+001 -2.000000e+000
    endloop
  endfacet
  facet normal -6.935329e-001 -1.303906e-001 -7.085270e-001
    outer loop
      vertex  6.676646e+000 -6.549864e+001 -2.000000e+000
      vertex  8.664141e+000 -6.520214e+001 -4.000000e+000
      vertex  6.744245e+000 -6.585819e+001 -2.000000e+000
    endloop
  endfacet
  facet normal -7.015721e-001  1.007277e-001 -7.054435e-001
    outer loop
      vertex  8.740499e+000 -6.626677e+001 -4.000000e+000
      vertex  8.664461e+000 -6.679638e+001 -4.000000e+000
      vertex  6.735612e+000 -6.622394e+001 -2.000000e+000
    endloop
  endfacet
  facet normal -7.059669e-001  1.666287e-002 -7.080488e-001
    outer loop
      vertex  6.744245e+000 -6.585819e+001 -2.000000e+000
      vertex  8.740499e+000 -6.626677e+001 -4.000000e+000
      vertex  6.735612e+000 -6.622394e+001 -2.000000e+000
    endloop
  endfacet
  facet normal -7.077838e-001 -1.425579e-004 -7.064291e-001
    outer loop
      vertex  8.740392e+000 -6.573173e+001 -4.000000e+000
      vertex  8.740499e+000 -6.626677e+001 -4.000000e+000
      vertex  6.744245e+000 -6.585819e+001 -2.000000e+000
    endloop
  endfacet
  facet normal -6.797196e-001  1.994333e-001 -7.058383e-001
    outer loop
      vertex  8.664461e+000 -6.679638e+001 -4.000000e+000
      vertex  8.513825e+000 -6.730978e+001 -4.000000e+000
      vertex  6.651125e+000 -6.657990e+001 -2.000000e+000
    endloop
  endfacet
  facet normal -6.864633e-001  1.629306e-001 -7.086760e-001
    outer loop
      vertex  6.735612e+000 -6.622394e+001 -2.000000e+000
      vertex  8.664461e+000 -6.679638e+001 -4.000000e+000
      vertex  6.651125e+000 -6.657990e+001 -2.000000e+000
    endloop
  endfacet
  facet normal -5.962811e-001  3.830379e-001 -7.055004e-001
    outer loop
      vertex  8.291657e+000 -6.779652e+001 -4.000000e+000
      vertex  8.002481e+000 -6.824669e+001 -4.000000e+000
      vertex  6.494475e+000 -6.691051e+001 -2.000000e+000
    endloop
  endfacet
  facet normal -6.384517e-001  3.025091e-001 -7.077200e-001
    outer loop
      vertex  6.651125e+000 -6.657990e+001 -2.000000e+000
      vertex  8.291657e+000 -6.779652e+001 -4.000000e+000
      vertex  6.494475e+000 -6.691051e+001 -2.000000e+000
    endloop
  endfacet
  facet normal -6.436526e-001  2.937892e-001 -7.066817e-001
    outer loop
      vertex  8.513825e+000 -6.730978e+001 -4.000000e+000
      vertex  8.291657e+000 -6.779652e+001 -4.000000e+000
      vertex  6.651125e+000 -6.657990e+001 -2.000000e+000
    endloop
  endfacet
  facet normal -5.355505e-001  4.638715e-001 -7.056974e-001
    outer loop
      vertex  8.002481e+000 -6.824669e+001 -4.000000e+000
      vertex  7.652184e+000 -6.865112e+001 -4.000000e+000
      vertex  6.272510e+000 -6.720134e+001 -2.000000e+000
    endloop
  endfacet
  facet normal -5.607748e-001  4.279983e-001 -7.087659e-001
    outer loop
      vertex  6.494475e+000 -6.691051e+001 -2.000000e+000
      vertex  8.002481e+000 -6.824669e+001 -4.000000e+000
      vertex  6.272510e+000 -6.720134e+001 -2.000000e+000
    endloop
  endfacet
  facet normal -3.832276e-001  5.960599e-001 -7.055843e-001
    outer loop
      vertex  7.247895e+000 -6.900158e+001 -4.000000e+000
      vertex  6.797846e+000 -6.929093e+001 -4.000000e+000
      vertex  5.994930e+000 -6.743966e+001 -2.000000e+000
    endloop
  endfacet
  facet normal -4.604722e-001  5.363297e-001 -7.073300e-001
    outer loop
      vertex  6.272510e+000 -6.720134e+001 -2.000000e+000
      vertex  7.247895e+000 -6.900158e+001 -4.000000e+000
      vertex  5.994930e+000 -6.743966e+001 -2.000000e+000
    endloop
  endfacet
  facet normal -4.632613e-001  5.344098e-001 -7.069619e-001
    outer loop
      vertex  7.652184e+000 -6.865112e+001 -4.000000e+000
      vertex  7.247895e+000 -6.900158e+001 -4.000000e+000
      vertex  6.272510e+000 -6.720134e+001 -2.000000e+000
    endloop
  endfacet
  facet normal -2.945071e-001  6.445286e-001 -7.055839e-001
    outer loop
      vertex  6.797846e+000 -6.929093e+001 -4.000000e+000
      vertex  6.311197e+000 -6.951330e+001 -4.000000e+000
      vertex  5.673867e+000 -6.761506e+001 -2.000000e+000
    endloop
  endfacet
  facet normal -3.381969e-001  6.190582e-001 -7.087945e-001
    outer loop
      vertex  5.994930e+000 -6.743966e+001 -2.000000e+000
      vertex  6.797846e+000 -6.929093e+001 -4.000000e+000
      vertex  5.673867e+000 -6.761506e+001 -2.000000e+000
    endloop
  endfacet
  facet normal -1.009789e-001  7.012800e-001 -7.056981e-001
    outer loop
      vertex  5.797857e+000 -6.966414e+001 -4.000000e+000
      vertex  5.268274e+000 -6.974039e+001 -4.000000e+000
      vertex  5.323352e+000 -6.771986e+001 -2.000000e+000
    endloop
  endfacet
  facet normal -2.026310e-001  6.776878e-001 -7.068804e-001
    outer loop
      vertex  5.673867e+000 -6.761506e+001 -2.000000e+000
      vertex  5.797857e+000 -6.966414e+001 -4.000000e+000
      vertex  5.323352e+000 -6.771986e+001 -2.000000e+000
    endloop
  endfacet
  facet normal -1.993035e-001  6.782687e-001 -7.072692e-001
    outer loop
      vertex  6.311197e+000 -6.951330e+001 -4.000000e+000
      vertex  5.797857e+000 -6.966414e+001 -4.000000e+000
      vertex  5.673867e+000 -6.761506e+001 -2.000000e+000
    endloop
  endfacet
  facet normal -1.414806e-004  7.087094e-001 -7.055006e-001
    outer loop
      vertex  5.268274e+000 -6.974039e+001 -4.000000e+000
      vertex  4.733231e+000 -6.974050e+001 -4.000000e+000
      vertex  4.958706e+000 -6.774951e+001 -2.000000e+000
    endloop
  endfacet
  facet normal -5.716789e-002  7.031230e-001 -7.087664e-001
    outer loop
      vertex  5.323352e+000 -6.771986e+001 -2.000000e+000
      vertex  5.268274e+000 -6.974039e+001 -4.000000e+000
      vertex  4.958706e+000 -6.774951e+001 -2.000000e+000
    endloop
  endfacet
  facet normal  1.994337e-001  6.797199e-001 -7.058378e-001
    outer loop
      vertex  4.203617e+000 -6.966446e+001 -4.000000e+000
      vertex  3.690216e+000 -6.951382e+001 -4.000000e+000
      vertex  4.595864e+000 -6.770270e+001 -2.000000e+000
    endloop
  endfacet
  facet normal  9.057567e-002  7.020260e-001 -7.063679e-001
    outer loop
      vertex  4.958706e+000 -6.774951e+001 -2.000000e+000
      vertex  4.203617e+000 -6.966446e+001 -4.000000e+000
      vertex  4.595864e+000 -6.770270e+001 -2.000000e+000
    endloop
  endfacet
  facet normal  1.004252e-001  6.994349e-001 -7.076055e-001
    outer loop
      vertex  4.733231e+000 -6.974050e+001 -4.000000e+000
      vertex  4.203617e+000 -6.966446e+001 -4.000000e+000
      vertex  4.958706e+000 -6.774951e+001 -2.000000e+000
    endloop
  endfacet
  facet normal  2.943034e-001  6.447759e-001 -7.054428e-001
    outer loop
      vertex  3.690216e+000 -6.951382e+001 -4.000000e+000
      vertex  3.203478e+000 -6.929166e+001 -4.000000e+000
      vertex  4.250685e+000 -6.758147e+001 -2.000000e+000
    endloop
  endfacet
  facet normal  2.337923e-001  6.656727e-001 -7.086755e-001
    outer loop
      vertex  4.595864e+000 -6.770270e+001 -2.000000e+000
      vertex  3.690216e+000 -6.951382e+001 -4.000000e+000
      vertex  4.250685e+000 -6.758147e+001 -2.000000e+000
    endloop
  endfacet
  facet normal  4.636664e-001  5.353200e-001 -7.060071e-001
    outer loop
      vertex  2.753313e+000 -6.900248e+001 -4.000000e+000
      vertex  2.348883e+000 -6.865218e+001 -4.000000e+000
      vertex  3.938255e+000 -6.739111e+001 -2.000000e+000
    endloop
  endfacet
  facet normal  3.685901e-001  6.049739e-001 -7.057961e-001
    outer loop
      vertex  4.250685e+000 -6.758147e+001 -2.000000e+000
      vertex  2.753313e+000 -6.900248e+001 -4.000000e+000
      vertex  3.938255e+000 -6.739111e+001 -2.000000e+000
    endloop
  endfacet
  facet normal  3.817067e-001  5.942077e-001 -7.079669e-001
    outer loop
      vertex  3.203478e+000 -6.929166e+001 -4.000000e+000
      vertex  2.753313e+000 -6.900248e+001 -4.000000e+000
      vertex  4.250685e+000 -6.758147e+001 -2.000000e+000
    endloop
  endfacet
  facet normal  5.355782e-001  4.642693e-001 -7.054147e-001
    outer loop
      vertex  2.348883e+000 -6.865218e+001 -4.000000e+000
      vertex  1.998423e+000 -6.824789e+001 -4.000000e+000
      vertex  3.672228e+000 -6.713997e+001 -2.000000e+000
    endloop
  endfacet
  facet normal  4.844341e-001  5.131412e-001 -7.085264e-001
    outer loop
      vertex  3.938255e+000 -6.739111e+001 -2.000000e+000
      vertex  2.348883e+000 -6.865218e+001 -4.000000e+000
      vertex  3.672228e+000 -6.713997e+001 -2.000000e+000
    endloop
  endfacet
  facet normal  6.439664e-001  2.942502e-001 -7.062041e-001
    outer loop
      vertex  8.170907e+001 -6.779784e+001 -4.000000e+000
      vertex  8.148670e+001 -6.731120e+001 -4.000000e+000
      vertex  8.346423e+001 -6.683900e+001 -2.000000e+000
    endloop
  endfacet
  facet normal  6.514611e-001  2.718163e-001 -7.083181e-001
    outer loop
      vertex  8.148670e+001 -6.731120e+001 -4.000000e+000
      vertex  8.332336e+001 -6.650136e+001 -2.000000e+000
      vertex  8.346423e+001 -6.683900e+001 -2.000000e+000
    endloop
  endfacet
  facet normal -5.807168e-001 -4.013157e-001 -7.083174e-001
    outer loop
      vertex  8.632777e+001 -6.486003e+001 -2.000000e+000
      vertex  8.800158e+001 -6.375211e+001 -4.000000e+000
      vertex  8.653577e+001 -6.516100e+001 -2.000000e+000
    endloop
  endfacet
  facet normal -5.955407e-001 -3.828930e-001 -7.062041e-001
    outer loop
      vertex  8.800158e+001 -6.375211e+001 -4.000000e+000
      vertex  8.829093e+001 -6.420216e+001 -4.000000e+000
      vertex  8.653577e+001 -6.516100e+001 -2.000000e+000
    endloop
  endfacet
  facet normal  6.800429e-001  1.998265e-001 -7.054154e-001
    outer loop
      vertex  8.148670e+001 -6.731120e+001 -4.000000e+000
      vertex  8.133586e+001 -6.679786e+001 -4.000000e+000
      vertex  8.332336e+001 -6.650136e+001 -2.000000e+000
    endloop
  endfacet
  facet normal  7.009752e-001  1.009342e-001 -7.060071e-001
    outer loop
      vertex  8.133586e+001 -6.679786e+001 -4.000000e+000
      vertex  8.125961e+001 -6.626827e+001 -4.000000e+000
      vertex  8.325575e+001 -6.614181e+001 -2.000000e+000
    endloop
  endfacet
  facet normal  6.935310e-001  1.304004e-001 -7.085268e-001
    outer loop
      vertex  8.332336e+001 -6.650136e+001 -2.000000e+000
      vertex  8.133586e+001 -6.679786e+001 -4.000000e+000
      vertex  8.325575e+001 -6.614181e+001 -2.000000e+000
    endloop
  endfacet
  facet normal  7.015711e-001 -1.007327e-001 -7.054439e-001
    outer loop
      vertex  8.125950e+001 -6.573323e+001 -4.000000e+000
      vertex  8.133554e+001 -6.520362e+001 -4.000000e+000
      vertex  8.326439e+001 -6.577606e+001 -2.000000e+000
    endloop
  endfacet
  facet normal  7.059661e-001 -1.667022e-002 -7.080494e-001
    outer loop
      vertex  8.325575e+001 -6.614181e+001 -2.000000e+000
      vertex  8.125950e+001 -6.573323e+001 -4.000000e+000
      vertex  8.326439e+001 -6.577606e+001 -2.000000e+000
    endloop
  endfacet
  facet normal  7.077838e-001  1.412964e-004 -7.064292e-001
    outer loop
      vertex  8.125961e+001 -6.626827e+001 -4.000000e+000
      vertex  8.125950e+001 -6.573323e+001 -4.000000e+000
      vertex  8.325575e+001 -6.614181e+001 -2.000000e+000
    endloop
  endfacet
  facet normal  6.797197e-001 -1.994321e-001 -7.058384e-001
    outer loop
      vertex  8.133554e+001 -6.520362e+001 -4.000000e+000
      vertex  8.148618e+001 -6.469022e+001 -4.000000e+000
      vertex  8.334888e+001 -6.542010e+001 -2.000000e+000
    endloop
  endfacet
  facet normal  6.864631e-001 -1.629315e-001 -7.086759e-001
    outer loop
      vertex  8.326439e+001 -6.577606e+001 -2.000000e+000
      vertex  8.133554e+001 -6.520362e+001 -4.000000e+000
      vertex  8.334888e+001 -6.542010e+001 -2.000000e+000
    endloop
  endfacet
  facet normal  5.962808e-001 -3.830390e-001 -7.055001e-001
    outer loop
      vertex  8.170834e+001 -6.420348e+001 -4.000000e+000
      vertex  8.199752e+001 -6.375331e+001 -4.000000e+000
      vertex  8.350552e+001 -6.508949e+001 -2.000000e+000
    endloop
  endfacet
  facet normal  6.384542e-001 -3.025047e-001 -7.077196e-001
    outer loop
      vertex  8.334888e+001 -6.542010e+001 -2.000000e+000
      vertex  8.170834e+001 -6.420348e+001 -4.000000e+000
      vertex  8.350552e+001 -6.508949e+001 -2.000000e+000
    endloop
  endfacet
  facet normal  6.436525e-001 -2.937892e-001 -7.066818e-001
    outer loop
      vertex  8.148618e+001 -6.469022e+001 -4.000000e+000
      vertex  8.170834e+001 -6.420348e+001 -4.000000e+000
      vertex  8.334888e+001 -6.542010e+001 -2.000000e+000
    endloop
  endfacet
  facet normal  5.355512e-001 -4.638703e-001 -7.056977e-001
    outer loop
      vertex  8.199752e+001 -6.375331e+001 -4.000000e+000
      vertex  8.234782e+001 -6.334888e+001 -4.000000e+000
      vertex  8.372749e+001 -6.479866e+001 -2.000000e+000
    endloop
  endfacet
  facet normal  5.607709e-001 -4.280036e-001 -7.087657e-001
    outer loop
      vertex  8.350552e+001 -6.508949e+001 -2.000000e+000
      vertex  8.199752e+001 -6.375331e+001 -4.000000e+000
      vertex  8.372749e+001 -6.479866e+001 -2.000000e+000
    endloop
  endfacet
  facet normal  3.832304e-001 -5.960575e-001 -7.055848e-001
    outer loop
      vertex  8.275211e+001 -6.299842e+001 -4.000000e+000
      vertex  8.320216e+001 -6.270906e+001 -4.000000e+000
      vertex  8.400507e+001 -6.456034e+001 -2.000000e+000
    endloop
  endfacet
  facet normal  4.604716e-001 -5.363299e-001 -7.073302e-001
    outer loop
      vertex  8.372749e+001 -6.479866e+001 -2.000000e+000
      vertex  8.275211e+001 -6.299842e+001 -4.000000e+000
      vertex  8.400507e+001 -6.456034e+001 -2.000000e+000
    endloop
  endfacet
  facet normal  4.632608e-001 -5.344099e-001 -7.069622e-001
    outer loop
      vertex  8.234782e+001 -6.334888e+001 -4.000000e+000
      vertex  8.275211e+001 -6.299842e+001 -4.000000e+000
      vertex  8.372749e+001 -6.479866e+001 -2.000000e+000
    endloop
  endfacet
  facet normal  2.945029e-001 -6.445303e-001 -7.055840e-001
    outer loop
      vertex  8.320216e+001 -6.270906e+001 -4.000000e+000
      vertex  8.368880e+001 -6.248670e+001 -4.000000e+000
      vertex  8.432613e+001 -6.438494e+001 -2.000000e+000
    endloop
  endfacet
  facet normal  3.381993e-001 -6.190562e-001 -7.087952e-001
    outer loop
      vertex  8.400507e+001 -6.456034e+001 -2.000000e+000
      vertex  8.320216e+001 -6.270906e+001 -4.000000e+000
      vertex  8.432613e+001 -6.438494e+001 -2.000000e+000
    endloop
  endfacet
  facet normal  1.009732e-001 -7.012810e-001 -7.056978e-001
    outer loop
      vertex  8.420214e+001 -6.233586e+001 -4.000000e+000
      vertex  8.473173e+001 -6.225961e+001 -4.000000e+000
      vertex  8.467665e+001 -6.428014e+001 -2.000000e+000
    endloop
  endfacet
  facet normal  2.026293e-001 -6.776880e-001 -7.068807e-001
    outer loop
      vertex  8.432613e+001 -6.438494e+001 -2.000000e+000
      vertex  8.420214e+001 -6.233586e+001 -4.000000e+000
      vertex  8.467665e+001 -6.428014e+001 -2.000000e+000
    endloop
  endfacet
  facet normal  1.993051e-001 -6.782683e-001 -7.072691e-001
    outer loop
      vertex  8.368880e+001 -6.248670e+001 -4.000000e+000
      vertex  8.420214e+001 -6.233586e+001 -4.000000e+000
      vertex  8.432613e+001 -6.438494e+001 -2.000000e+000
    endloop
  endfacet
  facet normal  1.414813e-004 -7.087101e-001 -7.054999e-001
    outer loop
      vertex  8.473173e+001 -6.225961e+001 -4.000000e+000
      vertex  8.526677e+001 -6.225950e+001 -4.000000e+000
      vertex  8.504129e+001 -6.425049e+001 -2.000000e+000
    endloop
  endfacet
  facet normal  5.716907e-002 -7.031236e-001 -7.087657e-001
    outer loop
      vertex  8.467665e+001 -6.428014e+001 -2.000000e+000
      vertex  8.473173e+001 -6.225961e+001 -4.000000e+000
      vertex  8.504129e+001 -6.425049e+001 -2.000000e+000
    endloop
  endfacet
  facet normal -1.994324e-001 -6.797205e-001 -7.058377e-001
    outer loop
      vertex  8.579638e+001 -6.233554e+001 -4.000000e+000
      vertex  8.630978e+001 -6.248618e+001 -4.000000e+000
      vertex  8.540414e+001 -6.429730e+001 -2.000000e+000
    endloop
  endfacet
  facet normal -9.057453e-002 -7.020264e-001 -7.063677e-001
    outer loop
      vertex  8.504129e+001 -6.425049e+001 -2.000000e+000
      vertex  8.579638e+001 -6.233554e+001 -4.000000e+000
      vertex  8.540414e+001 -6.429730e+001 -2.000000e+000
    endloop
  endfacet
  facet normal -1.004211e-001 -6.994360e-001 -7.076050e-001
    outer loop
      vertex  8.526677e+001 -6.225950e+001 -4.000000e+000
      vertex  8.579638e+001 -6.233554e+001 -4.000000e+000
      vertex  8.504129e+001 -6.425049e+001 -2.000000e+000
    endloop
  endfacet
  facet normal -2.943021e-001 -6.447763e-001 -7.054431e-001
    outer loop
      vertex  8.630978e+001 -6.248618e+001 -4.000000e+000
      vertex  8.679652e+001 -6.270834e+001 -4.000000e+000
      vertex  8.574931e+001 -6.441853e+001 -2.000000e+000
    endloop
  endfacet
  facet normal -2.337937e-001 -6.656721e-001 -7.086757e-001
    outer loop
      vertex  8.540414e+001 -6.429730e+001 -2.000000e+000
      vertex  8.630978e+001 -6.248618e+001 -4.000000e+000
      vertex  8.574931e+001 -6.441853e+001 -2.000000e+000
    endloop
  endfacet
  facet normal -4.636709e-001 -5.353153e-001 -7.060076e-001
    outer loop
      vertex  8.724669e+001 -6.299752e+001 -4.000000e+000
      vertex  8.765112e+001 -6.334782e+001 -4.000000e+000
      vertex  8.606174e+001 -6.460889e+001 -2.000000e+000
    endloop
  endfacet
  facet normal -3.685890e-001 -6.049735e-001 -7.057968e-001
    outer loop
      vertex  8.574931e+001 -6.441853e+001 -2.000000e+000
      vertex  8.724669e+001 -6.299752e+001 -4.000000e+000
      vertex  8.606174e+001 -6.460889e+001 -2.000000e+000
    endloop
  endfacet
  facet normal -3.817033e-001 -5.942094e-001 -7.079673e-001
    outer loop
      vertex  8.679652e+001 -6.270834e+001 -4.000000e+000
      vertex  8.724669e+001 -6.299752e+001 -4.000000e+000
      vertex  8.574931e+001 -6.441853e+001 -2.000000e+000
    endloop
  endfacet
  facet normal -5.355763e-001 -4.642719e-001 -7.054145e-001
    outer loop
      vertex  8.765112e+001 -6.334782e+001 -4.000000e+000
      vertex  8.800158e+001 -6.375211e+001 -4.000000e+000
      vertex  8.632777e+001 -6.486003e+001 -2.000000e+000
    endloop
  endfacet
  facet normal -4.844320e-001 -5.131436e-001 -7.085261e-001
    outer loop
      vertex  8.606174e+001 -6.460889e+001 -2.000000e+000
      vertex  8.765112e+001 -6.334782e+001 -4.000000e+000
      vertex  8.632777e+001 -6.486003e+001 -2.000000e+000
    endloop
  endfacet
  facet normal -6.514111e-001  7.587249e-001  0.000000e+000
    outer loop
      vertex  8.599493e+001 -6.743966e+001 -2.000000e+000
      vertex  8.627251e+001 -6.720134e+001  0.000000e+000
      vertex  8.627251e+001 -6.720134e+001 -2.000000e+000
    endloop
  endfacet
  facet normal -7.949192e-001  6.067153e-001  0.000000e+000
    outer loop
      vertex  8.627251e+001 -6.720134e+001 -2.000000e+000
      vertex  8.627251e+001 -6.720134e+001  0.000000e+000
      vertex  8.649448e+001 -6.691051e+001  0.000000e+000
    endloop
  endfacet
  facet normal -7.949192e-001  6.067153e-001  0.000000e+000
    outer loop
      vertex  8.627251e+001 -6.720134e+001 -2.000000e+000
      vertex  8.649448e+001 -6.691051e+001  0.000000e+000
      vertex  8.649448e+001 -6.691051e+001 -2.000000e+000
    endloop
  endfacet
  facet normal -9.036945e-001  4.281778e-001  0.000000e+000
    outer loop
      vertex  8.649448e+001 -6.691051e+001 -2.000000e+000
      vertex  8.649448e+001 -6.691051e+001  0.000000e+000
      vertex  8.665112e+001 -6.657990e+001  0.000000e+000
    endloop
  endfacet
  facet normal -9.036945e-001  4.281778e-001  0.000000e+000
    outer loop
      vertex  8.649448e+001 -6.691051e+001 -2.000000e+000
      vertex  8.665112e+001 -6.657990e+001  0.000000e+000
      vertex  8.665112e+001 -6.657990e+001 -2.000000e+000
    endloop
  endfacet
  facet normal -9.729695e-001  2.309335e-001  0.000000e+000
    outer loop
      vertex  8.665112e+001 -6.657990e+001 -2.000000e+000
      vertex  8.665112e+001 -6.657990e+001  0.000000e+000
      vertex  8.673561e+001 -6.622394e+001  0.000000e+000
    endloop
  endfacet
  facet normal -9.729695e-001  2.309335e-001  0.000000e+000
    outer loop
      vertex  8.665112e+001 -6.657990e+001 -2.000000e+000
      vertex  8.673561e+001 -6.622394e+001  0.000000e+000
      vertex  8.673561e+001 -6.622394e+001 -2.000000e+000
    endloop
  endfacet
  facet normal -9.997212e-001  2.360676e-002  0.000000e+000
    outer loop
      vertex  8.673561e+001 -6.622394e+001 -2.000000e+000
      vertex  8.673561e+001 -6.622394e+001  0.000000e+000
      vertex  8.674425e+001 -6.585819e+001  0.000000e+000
    endloop
  endfacet
  facet normal -9.997212e-001  2.360676e-002  0.000000e+000
    outer loop
      vertex  8.673561e+001 -6.622394e+001 -2.000000e+000
      vertex  8.674425e+001 -6.585819e+001  0.000000e+000
      vertex  8.674425e+001 -6.585819e+001 -2.000000e+000
    endloop
  endfacet
  facet normal -9.827788e-001 -1.847858e-001  0.000000e+000
    outer loop
      vertex  8.674425e+001 -6.585819e+001 -2.000000e+000
      vertex  8.674425e+001 -6.585819e+001  0.000000e+000
      vertex  8.667664e+001 -6.549864e+001  0.000000e+000
    endloop
  endfacet
  facet normal -9.827788e-001 -1.847858e-001  -0.000000e+000
    outer loop
      vertex  8.674425e+001 -6.585819e+001 -2.000000e+000
      vertex  8.667664e+001 -6.549864e+001  0.000000e+000
      vertex  8.667664e+001 -6.549864e+001 -2.000000e+000
    endloop
  endfacet
  facet normal -9.228886e-001 -3.850670e-001  0.000000e+000
    outer loop
      vertex  8.667664e+001 -6.549864e+001 -2.000000e+000
      vertex  8.667664e+001 -6.549864e+001  0.000000e+000
      vertex  8.653577e+001 -6.516100e+001  0.000000e+000
    endloop
  endfacet
  facet normal -9.228886e-001 -3.850670e-001  -0.000000e+000
    outer loop
      vertex  8.667664e+001 -6.549864e+001 -2.000000e+000
      vertex  8.653577e+001 -6.516100e+001  0.000000e+000
      vertex  8.653577e+001 -6.516100e+001 -2.000000e+000
    endloop
  endfacet
  facet normal -6.514111e-001  7.587249e-001  0.000000e+000
    outer loop
      vertex  8.627251e+001 -6.720134e+001  0.000000e+000
      vertex  8.599493e+001 -6.743966e+001 -2.000000e+000
      vertex  8.599493e+001 -6.743966e+001  0.000000e+000
    endloop
  endfacet
  facet normal -4.794336e-001  8.775782e-001  0.000000e+000
    outer loop
      vertex  8.599493e+001 -6.743966e+001  0.000000e+000
      vertex  8.599493e+001 -6.743966e+001 -2.000000e+000
      vertex  8.567387e+001 -6.761506e+001 -2.000000e+000
    endloop
  endfacet
  facet normal -4.794336e-001  8.775782e-001  0.000000e+000
    outer loop
      vertex  8.599493e+001 -6.743966e+001  0.000000e+000
      vertex  8.567387e+001 -6.761506e+001 -2.000000e+000
      vertex  8.567387e+001 -6.761506e+001  0.000000e+000
    endloop
  endfacet
  facet normal -2.864696e-001  9.580894e-001  0.000000e+000
    outer loop
      vertex  8.567387e+001 -6.761506e+001  0.000000e+000
      vertex  8.567387e+001 -6.761506e+001 -2.000000e+000
      vertex  8.532335e+001 -6.771986e+001 -2.000000e+000
    endloop
  endfacet
  facet normal -2.864696e-001  9.580894e-001  0.000000e+000
    outer loop
      vertex  8.567387e+001 -6.761506e+001  0.000000e+000
      vertex  8.532335e+001 -6.771986e+001 -2.000000e+000
      vertex  8.532335e+001 -6.771986e+001  0.000000e+000
    endloop
  endfacet
  facet normal -8.103985e-002  9.967109e-001  0.000000e+000
    outer loop
      vertex  8.532335e+001 -6.771986e+001  0.000000e+000
      vertex  8.532335e+001 -6.771986e+001 -2.000000e+000
      vertex  8.495871e+001 -6.774951e+001 -2.000000e+000
    endloop
  endfacet
  facet normal -8.103985e-002  9.967109e-001  0.000000e+000
    outer loop
      vertex  8.532335e+001 -6.771986e+001  0.000000e+000
      vertex  8.495871e+001 -6.774951e+001 -2.000000e+000
      vertex  8.495871e+001 -6.774951e+001  0.000000e+000
    endloop
  endfacet
  facet normal  1.279581e-001  9.917796e-001  0.000000e+000
    outer loop
      vertex  8.495871e+001 -6.774951e+001  0.000000e+000
      vertex  8.495871e+001 -6.774951e+001 -2.000000e+000
      vertex  8.459586e+001 -6.770270e+001 -2.000000e+000
    endloop
  endfacet
  facet normal  1.279581e-001  9.917796e-001  -0.000000e+000
    outer loop
      vertex  8.495871e+001 -6.774951e+001  0.000000e+000
      vertex  8.459586e+001 -6.770270e+001 -2.000000e+000
      vertex  8.459586e+001 -6.770270e+001  0.000000e+000
    endloop
  endfacet
  facet normal  3.313711e-001  9.435005e-001  0.000000e+000
    outer loop
      vertex  8.459586e+001 -6.770270e+001  0.000000e+000
      vertex  8.459586e+001 -6.770270e+001 -2.000000e+000
      vertex  8.425069e+001 -6.758147e+001 -2.000000e+000
    endloop
  endfacet
  facet normal  3.313711e-001  9.435005e-001  -0.000000e+000
    outer loop
      vertex  8.459586e+001 -6.770270e+001  0.000000e+000
      vertex  8.425069e+001 -6.758147e+001 -2.000000e+000
      vertex  8.425069e+001 -6.758147e+001  0.000000e+000
    endloop
  endfacet
  facet normal  5.203015e-001  8.539826e-001  0.000000e+000
    outer loop
      vertex  8.425069e+001 -6.758147e+001  0.000000e+000
      vertex  8.425069e+001 -6.758147e+001 -2.000000e+000
      vertex  8.393826e+001 -6.739111e+001 -2.000000e+000
    endloop
  endfacet
  facet normal  5.203015e-001  8.539826e-001  -0.000000e+000
    outer loop
      vertex  8.425069e+001 -6.758147e+001  0.000000e+000
      vertex  8.393826e+001 -6.739111e+001 -2.000000e+000
      vertex  8.393826e+001 -6.739111e+001  0.000000e+000
    endloop
  endfacet
  facet normal  6.864710e-001  7.271571e-001  0.000000e+000
    outer loop
      vertex  8.393826e+001 -6.739111e+001  0.000000e+000
      vertex  8.393826e+001 -6.739111e+001 -2.000000e+000
      vertex  8.367223e+001 -6.713997e+001 -2.000000e+000
    endloop
  endfacet
  facet normal  6.864710e-001  7.271571e-001  -0.000000e+000
    outer loop
      vertex  8.393826e+001 -6.739111e+001  0.000000e+000
      vertex  8.367223e+001 -6.713997e+001 -2.000000e+000
      vertex  8.367223e+001 -6.713997e+001  0.000000e+000
    endloop
  endfacet
  facet normal  8.226687e-001  5.685212e-001  0.000000e+000
    outer loop
      vertex  8.367223e+001 -6.713997e+001  0.000000e+000
      vertex  8.367223e+001 -6.713997e+001 -2.000000e+000
      vertex  8.346423e+001 -6.683900e+001 -2.000000e+000
    endloop
  endfacet
  facet normal  8.226687e-001  5.685212e-001  -0.000000e+000
    outer loop
      vertex  8.367223e+001 -6.713997e+001  0.000000e+000
      vertex  8.346423e+001 -6.683900e+001 -2.000000e+000
      vertex  8.346423e+001 -6.683900e+001  0.000000e+000
    endloop
  endfacet
  facet normal  6.514111e-001 -7.587249e-001  0.000000e+000
    outer loop
      vertex  8.400507e+001 -6.456034e+001 -2.000000e+000
      vertex  8.372749e+001 -6.479866e+001  0.000000e+000
      vertex  8.372749e+001 -6.479866e+001 -2.000000e+000
    endloop
  endfacet
  facet normal  7.949192e-001 -6.067153e-001  0.000000e+000
    outer loop
      vertex  8.372749e+001 -6.479866e+001 -2.000000e+000
      vertex  8.372749e+001 -6.479866e+001  0.000000e+000
      vertex  8.350552e+001 -6.508949e+001  0.000000e+000
    endloop
  endfacet
  facet normal  7.949192e-001 -6.067153e-001  0.000000e+000
    outer loop
      vertex  8.372749e+001 -6.479866e+001 -2.000000e+000
      vertex  8.350552e+001 -6.508949e+001  0.000000e+000
      vertex  8.350552e+001 -6.508949e+001 -2.000000e+000
    endloop
  endfacet
  facet normal  9.036945e-001 -4.281778e-001  0.000000e+000
    outer loop
      vertex  8.350552e+001 -6.508949e+001 -2.000000e+000
      vertex  8.350552e+001 -6.508949e+001  0.000000e+000
      vertex  8.334888e+001 -6.542010e+001  0.000000e+000
    endloop
  endfacet
  facet normal  9.036945e-001 -4.281778e-001  0.000000e+000
    outer loop
      vertex  8.350552e+001 -6.508949e+001 -2.000000e+000
      vertex  8.334888e+001 -6.542010e+001  0.000000e+000
      vertex  8.334888e+001 -6.542010e+001 -2.000000e+000
    endloop
  endfacet
  facet normal  9.729695e-001 -2.309335e-001  0.000000e+000
    outer loop
      vertex  8.334888e+001 -6.542010e+001 -2.000000e+000
      vertex  8.334888e+001 -6.542010e+001  0.000000e+000
      vertex  8.326439e+001 -6.577606e+001  0.000000e+000
    endloop
  endfacet
  facet normal  9.729695e-001 -2.309335e-001  0.000000e+000
    outer loop
      vertex  8.334888e+001 -6.542010e+001 -2.000000e+000
      vertex  8.326439e+001 -6.577606e+001  0.000000e+000
      vertex  8.326439e+001 -6.577606e+001 -2.000000e+000
    endloop
  endfacet
  facet normal  9.997212e-001 -2.360676e-002  0.000000e+000
    outer loop
      vertex  8.326439e+001 -6.577606e+001 -2.000000e+000
      vertex  8.326439e+001 -6.577606e+001  0.000000e+000
      vertex  8.325575e+001 -6.614181e+001  0.000000e+000
    endloop
  endfacet
  facet normal  9.997212e-001 -2.360676e-002  0.000000e+000
    outer loop
      vertex  8.326439e+001 -6.577606e+001 -2.000000e+000
      vertex  8.325575e+001 -6.614181e+001  0.000000e+000
      vertex  8.325575e+001 -6.614181e+001 -2.000000e+000
    endloop
  endfacet
  facet normal  9.827788e-001  1.847858e-001  -0.000000e+000
    outer loop
      vertex  8.325575e+001 -6.614181e+001 -2.000000e+000
      vertex  8.325575e+001 -6.614181e+001  0.000000e+000
      vertex  8.332336e+001 -6.650136e+001  0.000000e+000
    endloop
  endfacet
  facet normal  9.827788e-001  1.847858e-001  0.000000e+000
    outer loop
      vertex  8.325575e+001 -6.614181e+001 -2.000000e+000
      vertex  8.332336e+001 -6.650136e+001  0.000000e+000
      vertex  8.332336e+001 -6.650136e+001 -2.000000e+000
    endloop
  endfacet
  facet normal  9.228886e-001  3.850670e-001  -0.000000e+000
    outer loop
      vertex  8.332336e+001 -6.650136e+001 -2.000000e+000
      vertex  8.332336e+001 -6.650136e+001  0.000000e+000
      vertex  8.346423e+001 -6.683900e+001  0.000000e+000
    endloop
  endfacet
  facet normal  9.228886e-001  3.850670e-001  0.000000e+000
    outer loop
      vertex  8.332336e+001 -6.650136e+001 -2.000000e+000
      vertex  8.346423e+001 -6.683900e+001  0.000000e+000
      vertex  8.346423e+001 -6.683900e+001 -2.000000e+000
    endloop
  endfacet
  facet normal  6.514111e-001 -7.587249e-001  0.000000e+000
    outer loop
      vertex  8.372749e+001 -6.479866e+001  0.000000e+000
      vertex  8.400507e+001 -6.456034e+001 -2.000000e+000
      vertex  8.400507e+001 -6.456034e+001  0.000000e+000
    endloop
  endfacet
  facet normal  4.794336e-001 -8.775782e-001  0.000000e+000
    outer loop
      vertex  8.400507e+001 -6.456034e+001  0.000000e+000
      vertex  8.400507e+001 -6.456034e+001 -2.000000e+000
      vertex  8.432613e+001 -6.438494e+001 -2.000000e+000
    endloop
  endfacet
  facet normal  4.794336e-001 -8.775782e-001  0.000000e+000
    outer loop
      vertex  8.400507e+001 -6.456034e+001  0.000000e+000
      vertex  8.432613e+001 -6.438494e+001 -2.000000e+000
      vertex  8.432613e+001 -6.438494e+001  0.000000e+000
    endloop
  endfacet
  facet normal  2.864696e-001 -9.580894e-001  0.000000e+000
    outer loop
      vertex  8.432613e+001 -6.438494e+001  0.000000e+000
      vertex  8.432613e+001 -6.438494e+001 -2.000000e+000
      vertex  8.467665e+001 -6.428014e+001 -2.000000e+000
    endloop
  endfacet
  facet normal  2.864696e-001 -9.580894e-001  0.000000e+000
    outer loop
      vertex  8.432613e+001 -6.438494e+001  0.000000e+000
      vertex  8.467665e+001 -6.428014e+001 -2.000000e+000
      vertex  8.467665e+001 -6.428014e+001  0.000000e+000
    endloop
  endfacet
  facet normal  8.103985e-002 -9.967109e-001  0.000000e+000
    outer loop
      vertex  8.467665e+001 -6.428014e+001  0.000000e+000
      vertex  8.467665e+001 -6.428014e+001 -2.000000e+000
      vertex  8.504129e+001 -6.425049e+001 -2.000000e+000
    endloop
  endfacet
  facet normal  8.103985e-002 -9.967109e-001  0.000000e+000
    outer loop
      vertex  8.467665e+001 -6.428014e+001  0.000000e+000
      vertex  8.504129e+001 -6.425049e+001 -2.000000e+000
      vertex  8.504129e+001 -6.425049e+001  0.000000e+000
    endloop
  endfacet
  facet normal -1.279581e-001 -9.917796e-001  -0.000000e+000
    outer loop
      vertex  8.504129e+001 -6.425049e+001  0.000000e+000
      vertex  8.504129e+001 -6.425049e+001 -2.000000e+000
      vertex  8.540414e+001 -6.429730e+001 -2.000000e+000
    endloop
  endfacet
  facet normal -1.279581e-001 -9.917796e-001  0.000000e+000
    outer loop
      vertex  8.504129e+001 -6.425049e+001  0.000000e+000
      vertex  8.540414e+001 -6.429730e+001 -2.000000e+000
      vertex  8.540414e+001 -6.429730e+001  0.000000e+000
    endloop
  endfacet
  facet normal -3.313711e-001 -9.435005e-001  -0.000000e+000
    outer loop
      vertex  8.540414e+001 -6.429730e+001  0.000000e+000
      vertex  8.540414e+001 -6.429730e+001 -2.000000e+000
      vertex  8.574931e+001 -6.441853e+001 -2.000000e+000
    endloop
  endfacet
  facet normal -3.313711e-001 -9.435005e-001  0.000000e+000
    outer loop
      vertex  8.540414e+001 -6.429730e+001  0.000000e+000
      vertex  8.574931e+001 -6.441853e+001 -2.000000e+000
      vertex  8.574931e+001 -6.441853e+001  0.000000e+000
    endloop
  endfacet
  facet normal -5.203015e-001 -8.539826e-001  -0.000000e+000
    outer loop
      vertex  8.574931e+001 -6.441853e+001  0.000000e+000
      vertex  8.574931e+001 -6.441853e+001 -2.000000e+000
      vertex  8.606174e+001 -6.460889e+001 -2.000000e+000
    endloop
  endfacet
  facet normal -5.203015e-001 -8.539826e-001  0.000000e+000
    outer loop
      vertex  8.574931e+001 -6.441853e+001  0.000000e+000
      vertex  8.606174e+001 -6.460889e+001 -2.000000e+000
      vertex  8.606174e+001 -6.460889e+001  0.000000e+000
    endloop
  endfacet
  facet normal -6.864710e-001 -7.271571e-001  -0.000000e+000
    outer loop
      vertex  8.606174e+001 -6.460889e+001  0.000000e+000
      vertex  8.606174e+001 -6.460889e+001 -2.000000e+000
      vertex  8.632777e+001 -6.486003e+001 -2.000000e+000
    endloop
  endfacet
  facet normal -6.864710e-001 -7.271571e-001  0.000000e+000
    outer loop
      vertex  8.606174e+001 -6.460889e+001  0.000000e+000
      vertex  8.632777e+001 -6.486003e+001 -2.000000e+000
      vertex  8.632777e+001 -6.486003e+001  0.000000e+000
    endloop
  endfacet
  facet normal -8.226687e-001 -5.685212e-001  -0.000000e+000
    outer loop
      vertex  8.632777e+001 -6.486003e+001  0.000000e+000
      vertex  8.632777e+001 -6.486003e+001 -2.000000e+000
      vertex  8.653577e+001 -6.516100e+001 -2.000000e+000
    endloop
  endfacet
  facet normal -8.226687e-001 -5.685212e-001  0.000000e+000
    outer loop
      vertex  8.632777e+001 -6.486003e+001  0.000000e+000
      vertex  8.653577e+001 -6.516100e+001 -2.000000e+000
      vertex  8.653577e+001 -6.516100e+001  0.000000e+000
    endloop
  endfacet
  facet normal -6.439664e-001 -2.942502e-001 -7.062041e-001
    outer loop
      vertex  8.829093e+001 -6.420216e+001 -4.000000e+000
      vertex  8.851330e+001 -6.468880e+001 -4.000000e+000
      vertex  8.653577e+001 -6.516100e+001 -2.000000e+000
    endloop
  endfacet
  facet normal -6.514611e-001 -2.718163e-001 -7.083181e-001
    outer loop
      vertex  8.851330e+001 -6.468880e+001 -4.000000e+000
      vertex  8.667664e+001 -6.549864e+001 -2.000000e+000
      vertex  8.653577e+001 -6.516100e+001 -2.000000e+000
    endloop
  endfacet
  facet normal  5.807168e-001  4.013157e-001 -7.083174e-001
    outer loop
      vertex  8.367223e+001 -6.713997e+001 -2.000000e+000
      vertex  8.199842e+001 -6.824789e+001 -4.000000e+000
      vertex  8.346423e+001 -6.683900e+001 -2.000000e+000
    endloop
  endfacet
  facet normal  5.955407e-001  3.828930e-001 -7.062041e-001
    outer loop
      vertex  8.199842e+001 -6.824789e+001 -4.000000e+000
      vertex  8.170907e+001 -6.779784e+001 -4.000000e+000
      vertex  8.346423e+001 -6.683900e+001 -2.000000e+000
    endloop
  endfacet
  facet normal -6.800429e-001 -1.998265e-001 -7.054154e-001
    outer loop
      vertex  8.851330e+001 -6.468880e+001 -4.000000e+000
      vertex  8.866414e+001 -6.520214e+001 -4.000000e+000
      vertex  8.667664e+001 -6.549864e+001 -2.000000e+000
    endloop
  endfacet
  facet normal -7.009752e-001 -1.009342e-001 -7.060071e-001
    outer loop
      vertex  8.866414e+001 -6.520214e+001 -4.000000e+000
      vertex  8.874039e+001 -6.573173e+001 -4.000000e+000
      vertex  8.674425e+001 -6.585819e+001 -2.000000e+000
    endloop
  endfacet
  facet normal -6.935310e-001 -1.304004e-001 -7.085268e-001
    outer loop
      vertex  8.667664e+001 -6.549864e+001 -2.000000e+000
      vertex  8.866414e+001 -6.520214e+001 -4.000000e+000
      vertex  8.674425e+001 -6.585819e+001 -2.000000e+000
    endloop
  endfacet
  facet normal -7.015711e-001  1.007327e-001 -7.054439e-001
    outer loop
      vertex  8.874050e+001 -6.626677e+001 -4.000000e+000
      vertex  8.866446e+001 -6.679638e+001 -4.000000e+000
      vertex  8.673561e+001 -6.622394e+001 -2.000000e+000
    endloop
  endfacet
  facet normal -7.059661e-001  1.667022e-002 -7.080494e-001
    outer loop
      vertex  8.674425e+001 -6.585819e+001 -2.000000e+000
      vertex  8.874050e+001 -6.626677e+001 -4.000000e+000
      vertex  8.673561e+001 -6.622394e+001 -2.000000e+000
    endloop
  endfacet
  facet normal -7.077838e-001 -1.412964e-004 -7.064292e-001
    outer loop
      vertex  8.874039e+001 -6.573173e+001 -4.000000e+000
      vertex  8.874050e+001 -6.626677e+001 -4.000000e+000
      vertex  8.674425e+001 -6.585819e+001 -2.000000e+000
    endloop
  endfacet
  facet normal -6.797197e-001  1.994321e-001 -7.058384e-001
    outer loop
      vertex  8.866446e+001 -6.679638e+001 -4.000000e+000
      vertex  8.851382e+001 -6.730978e+001 -4.000000e+000
      vertex  8.665112e+001 -6.657990e+001 -2.000000e+000
    endloop
  endfacet
  facet normal -6.864631e-001  1.629315e-001 -7.086759e-001
    outer loop
      vertex  8.673561e+001 -6.622394e+001 -2.000000e+000
      vertex  8.866446e+001 -6.679638e+001 -4.000000e+000
      vertex  8.665112e+001 -6.657990e+001 -2.000000e+000
    endloop
  endfacet
  facet normal -5.962808e-001  3.830390e-001 -7.055001e-001
    outer loop
      vertex  8.829166e+001 -6.779652e+001 -4.000000e+000
      vertex  8.800248e+001 -6.824669e+001 -4.000000e+000
      vertex  8.649448e+001 -6.691051e+001 -2.000000e+000
    endloop
  endfacet
  facet normal -6.384542e-001  3.025047e-001 -7.077196e-001
    outer loop
      vertex  8.665112e+001 -6.657990e+001 -2.000000e+000
      vertex  8.829166e+001 -6.779652e+001 -4.000000e+000
      vertex  8.649448e+001 -6.691051e+001 -2.000000e+000
    endloop
  endfacet
  facet normal -6.436525e-001  2.937892e-001 -7.066818e-001
    outer loop
      vertex  8.851382e+001 -6.730978e+001 -4.000000e+000
      vertex  8.829166e+001 -6.779652e+001 -4.000000e+000
      vertex  8.665112e+001 -6.657990e+001 -2.000000e+000
    endloop
  endfacet
  facet normal -5.355512e-001  4.638703e-001 -7.056977e-001
    outer loop
      vertex  8.800248e+001 -6.824669e+001 -4.000000e+000
      vertex  8.765218e+001 -6.865112e+001 -4.000000e+000
      vertex  8.627251e+001 -6.720134e+001 -2.000000e+000
    endloop
  endfacet
  facet normal -5.607709e-001  4.280036e-001 -7.087657e-001
    outer loop
      vertex  8.649448e+001 -6.691051e+001 -2.000000e+000
      vertex  8.800248e+001 -6.824669e+001 -4.000000e+000
      vertex  8.627251e+001 -6.720134e+001 -2.000000e+000
    endloop
  endfacet
  facet normal -3.832269e-001  5.960600e-001 -7.055846e-001
    outer loop
      vertex  8.724789e+001 -6.900158e+001 -4.000000e+000
      vertex  8.679784e+001 -6.929093e+001 -4.000000e+000
      vertex  8.599493e+001 -6.743966e+001 -2.000000e+000
    endloop
  endfacet
  facet normal -4.604716e-001  5.363299e-001 -7.073302e-001
    outer loop
      vertex  8.627251e+001 -6.720134e+001 -2.000000e+000
      vertex  8.724789e+001 -6.900158e+001 -4.000000e+000
      vertex  8.599493e+001 -6.743966e+001 -2.000000e+000
    endloop
  endfacet
  facet normal -4.632608e-001  5.344099e-001 -7.069622e-001
    outer loop
      vertex  8.765218e+001 -6.865112e+001 -4.000000e+000
      vertex  8.724789e+001 -6.900158e+001 -4.000000e+000
      vertex  8.627251e+001 -6.720134e+001 -2.000000e+000
    endloop
  endfacet
  facet normal -2.945071e-001  6.445286e-001 -7.055836e-001
    outer loop
      vertex  8.679784e+001 -6.929093e+001 -4.000000e+000
      vertex  8.631120e+001 -6.951330e+001 -4.000000e+000
      vertex  8.567387e+001 -6.761506e+001 -2.000000e+000
    endloop
  endfacet
  facet normal -3.381996e-001  6.190568e-001 -7.087947e-001
    outer loop
      vertex  8.599493e+001 -6.743966e+001 -2.000000e+000
      vertex  8.679784e+001 -6.929093e+001 -4.000000e+000
      vertex  8.567387e+001 -6.761506e+001 -2.000000e+000
    endloop
  endfacet
  facet normal -1.009781e-001  7.012799e-001 -7.056981e-001
    outer loop
      vertex  8.579786e+001 -6.966414e+001 -4.000000e+000
      vertex  8.526827e+001 -6.974039e+001 -4.000000e+000
      vertex  8.532335e+001 -6.771986e+001 -2.000000e+000
    endloop
  endfacet
  facet normal -2.026293e-001  6.776880e-001 -7.068807e-001
    outer loop
      vertex  8.567387e+001 -6.761506e+001 -2.000000e+000
      vertex  8.579786e+001 -6.966414e+001 -4.000000e+000
      vertex  8.532335e+001 -6.771986e+001 -2.000000e+000
    endloop
  endfacet
  facet normal -1.993051e-001  6.782683e-001 -7.072691e-001
    outer loop
      vertex  8.631120e+001 -6.951330e+001 -4.000000e+000
      vertex  8.579786e+001 -6.966414e+001 -4.000000e+000
      vertex  8.567387e+001 -6.761506e+001 -2.000000e+000
    endloop
  endfacet
  facet normal -1.414811e-004  7.087094e-001 -7.055005e-001
    outer loop
      vertex  8.526827e+001 -6.974039e+001 -4.000000e+000
      vertex  8.473323e+001 -6.974050e+001 -4.000000e+000
      vertex  8.495871e+001 -6.774951e+001 -2.000000e+000
    endloop
  endfacet
  facet normal -5.716901e-002  7.031229e-001 -7.087664e-001
    outer loop
      vertex  8.532335e+001 -6.771986e+001 -2.000000e+000
      vertex  8.526827e+001 -6.974039e+001 -4.000000e+000
      vertex  8.495871e+001 -6.774951e+001 -2.000000e+000
    endloop
  endfacet
  facet normal  1.994324e-001  6.797205e-001 -7.058377e-001
    outer loop
      vertex  8.420362e+001 -6.966446e+001 -4.000000e+000
      vertex  8.369022e+001 -6.951382e+001 -4.000000e+000
      vertex  8.459586e+001 -6.770270e+001 -2.000000e+000
    endloop
  endfacet
  facet normal  9.057453e-002  7.020264e-001 -7.063677e-001
    outer loop
      vertex  8.495871e+001 -6.774951e+001 -2.000000e+000
      vertex  8.420362e+001 -6.966446e+001 -4.000000e+000
      vertex  8.459586e+001 -6.770270e+001 -2.000000e+000
    endloop
  endfacet
  facet normal  1.004259e-001  6.994347e-001 -7.076056e-001
    outer loop
      vertex  8.473323e+001 -6.974050e+001 -4.000000e+000
      vertex  8.420362e+001 -6.966446e+001 -4.000000e+000
      vertex  8.495871e+001 -6.774951e+001 -2.000000e+000
    endloop
  endfacet
  facet normal  2.943021e-001  6.447763e-001 -7.054431e-001
    outer loop
      vertex  8.369022e+001 -6.951382e+001 -4.000000e+000
      vertex  8.320348e+001 -6.929166e+001 -4.000000e+000
      vertex  8.425069e+001 -6.758147e+001 -2.000000e+000
    endloop
  endfacet
  facet normal  2.337937e-001  6.656721e-001 -7.086757e-001
    outer loop
      vertex  8.459586e+001 -6.770270e+001 -2.000000e+000
      vertex  8.369022e+001 -6.951382e+001 -4.000000e+000
      vertex  8.425069e+001 -6.758147e+001 -2.000000e+000
    endloop
  endfacet
  facet normal  4.636683e-001  5.353181e-001 -7.060072e-001
    outer loop
      vertex  8.275331e+001 -6.900248e+001 -4.000000e+000
      vertex  8.234888e+001 -6.865218e+001 -4.000000e+000
      vertex  8.393826e+001 -6.739111e+001 -2.000000e+000
    endloop
  endfacet
  facet normal  3.685893e-001  6.049740e-001 -7.057962e-001
    outer loop
      vertex  8.425069e+001 -6.758147e+001 -2.000000e+000
      vertex  8.275331e+001 -6.900248e+001 -4.000000e+000
      vertex  8.393826e+001 -6.739111e+001 -2.000000e+000
    endloop
  endfacet
  facet normal  3.817069e-001  5.942072e-001 -7.079673e-001
    outer loop
      vertex  8.320348e+001 -6.929166e+001 -4.000000e+000
      vertex  8.275331e+001 -6.900248e+001 -4.000000e+000
      vertex  8.425069e+001 -6.758147e+001 -2.000000e+000
    endloop
  endfacet
  facet normal  5.355763e-001  4.642719e-001 -7.054145e-001
    outer loop
      vertex  8.234888e+001 -6.865218e+001 -4.000000e+000
      vertex  8.199842e+001 -6.824789e+001 -4.000000e+000
      vertex  8.367223e+001 -6.713997e+001 -2.000000e+000
    endloop
  endfacet
  facet normal  4.844320e-001  5.131436e-001 -7.085261e-001
    outer loop
      vertex  8.393826e+001 -6.739111e+001 -2.000000e+000
      vertex  8.234888e+001 -6.865218e+001 -4.000000e+000
      vertex  8.367223e+001 -6.713997e+001 -2.000000e+000
    endloop
  endfacet
  facet normal  6.439660e-001  2.942500e-001 -7.062044e-001
    outer loop
      vertex  8.170907e+001 -5.797846e+000 -4.000000e+000
      vertex  8.148670e+001 -5.311197e+000 -4.000000e+000
      vertex  8.346423e+001 -4.838995e+000 -2.000000e+000
    endloop
  endfacet
  facet normal  6.514607e-001  2.718165e-001 -7.083183e-001
    outer loop
      vertex  8.148670e+001 -5.311197e+000 -4.000000e+000
      vertex  8.332336e+001 -4.501356e+000 -2.000000e+000
      vertex  8.346423e+001 -4.838995e+000 -2.000000e+000
    endloop
  endfacet
  facet normal -5.807154e-001 -4.013169e-001 -7.083178e-001
    outer loop
      vertex  8.632777e+001 -2.860035e+000 -2.000000e+000
      vertex  8.800158e+001 -1.752105e+000 -4.000000e+000
      vertex  8.653577e+001 -3.161005e+000 -2.000000e+000
    endloop
  endfacet
  facet normal -5.955400e-001 -3.828935e-001 -7.062044e-001
    outer loop
      vertex  8.800158e+001 -1.752105e+000 -4.000000e+000
      vertex  8.829093e+001 -2.202154e+000 -4.000000e+000
      vertex  8.653577e+001 -3.161005e+000 -2.000000e+000
    endloop
  endfacet
  facet normal  6.800433e-001  1.998250e-001 -7.054156e-001
    outer loop
      vertex  8.148670e+001 -5.311197e+000 -4.000000e+000
      vertex  8.133586e+001 -4.797857e+000 -4.000000e+000
      vertex  8.332336e+001 -4.501356e+000 -2.000000e+000
    endloop
  endfacet
  facet normal  7.009750e-001  1.009350e-001 -7.060071e-001
    outer loop
      vertex  8.133586e+001 -4.797857e+000 -4.000000e+000
      vertex  8.125961e+001 -4.268274e+000 -4.000000e+000
      vertex  8.325575e+001 -4.141806e+000 -2.000000e+000
    endloop
  endfacet
  facet normal  6.935310e-001  1.304006e-001 -7.085268e-001
    outer loop
      vertex  8.332336e+001 -4.501356e+000 -2.000000e+000
      vertex  8.133586e+001 -4.797857e+000 -4.000000e+000
      vertex  8.325575e+001 -4.141806e+000 -2.000000e+000
    endloop
  endfacet
  facet normal  7.015712e-001 -1.007320e-001 -7.054438e-001
    outer loop
      vertex  8.125950e+001 -3.733231e+000 -4.000000e+000
      vertex  8.133554e+001 -3.203617e+000 -4.000000e+000
      vertex  8.326439e+001 -3.776058e+000 -2.000000e+000
    endloop
  endfacet
  facet normal  7.059661e-001 -1.667011e-002 -7.080494e-001
    outer loop
      vertex  8.325575e+001 -4.141806e+000 -2.000000e+000
      vertex  8.125950e+001 -3.733231e+000 -4.000000e+000
      vertex  8.326439e+001 -3.776058e+000 -2.000000e+000
    endloop
  endfacet
  facet normal  7.077837e-001  1.412959e-004 -7.064292e-001
    outer loop
      vertex  8.125961e+001 -4.268274e+000 -4.000000e+000
      vertex  8.125950e+001 -3.733231e+000 -4.000000e+000
      vertex  8.325575e+001 -4.141806e+000 -2.000000e+000
    endloop
  endfacet
  facet normal  6.797193e-001 -1.994334e-001 -7.058384e-001
    outer loop
      vertex  8.133554e+001 -3.203617e+000 -4.000000e+000
      vertex  8.148618e+001 -2.690216e+000 -4.000000e+000
      vertex  8.334888e+001 -3.420098e+000 -2.000000e+000
    endloop
  endfacet
  facet normal  6.864627e-001 -1.629333e-001 -7.086760e-001
    outer loop
      vertex  8.326439e+001 -3.776058e+000 -2.000000e+000
      vertex  8.133554e+001 -3.203617e+000 -4.000000e+000
      vertex  8.334888e+001 -3.420098e+000 -2.000000e+000
    endloop
  endfacet
  facet normal  5.962815e-001 -3.830387e-001 -7.054996e-001
    outer loop
      vertex  8.170834e+001 -2.203478e+000 -4.000000e+000
      vertex  8.199752e+001 -1.753313e+000 -4.000000e+000
      vertex  8.350552e+001 -3.089482e+000 -2.000000e+000
    endloop
  endfacet
  facet normal  6.384560e-001 -3.025023e-001 -7.077192e-001
    outer loop
      vertex  8.334888e+001 -3.420098e+000 -2.000000e+000
      vertex  8.170834e+001 -2.203478e+000 -4.000000e+000
      vertex  8.350552e+001 -3.089482e+000 -2.000000e+000
    endloop
  endfacet
  facet normal  6.436520e-001 -2.937904e-001 -7.066818e-001
    outer loop
      vertex  8.148618e+001 -2.690216e+000 -4.000000e+000
      vertex  8.170834e+001 -2.203478e+000 -4.000000e+000
      vertex  8.334888e+001 -3.420098e+000 -2.000000e+000
    endloop
  endfacet
  facet normal  5.355530e-001 -4.638682e-001 -7.056977e-001
    outer loop
      vertex  8.199752e+001 -1.753313e+000 -4.000000e+000
      vertex  8.234782e+001 -1.348883e+000 -4.000000e+000
      vertex  8.372749e+001 -2.798660e+000 -2.000000e+000
    endloop
  endfacet
  facet normal  5.607691e-001 -4.280064e-001 -7.087654e-001
    outer loop
      vertex  8.350552e+001 -3.089482e+000 -2.000000e+000
      vertex  8.199752e+001 -1.753313e+000 -4.000000e+000
      vertex  8.372749e+001 -2.798660e+000 -2.000000e+000
    endloop
  endfacet
  facet normal  3.832312e-001 -5.960570e-001 -7.055848e-001
    outer loop
      vertex  8.275211e+001 -9.984225e-001 -4.000000e+000
      vertex  8.320216e+001 -7.090654e-001 -4.000000e+000
      vertex  8.400507e+001 -2.560343e+000 -2.000000e+000
    endloop
  endfacet
  facet normal  4.604694e-001 -5.363317e-001 -7.073303e-001
    outer loop
      vertex  8.372749e+001 -2.798660e+000 -2.000000e+000
      vertex  8.275211e+001 -9.984225e-001 -4.000000e+000
      vertex  8.400507e+001 -2.560343e+000 -2.000000e+000
    endloop
  endfacet
  facet normal  4.632581e-001 -5.344119e-001 -7.069624e-001
    outer loop
      vertex  8.234782e+001 -1.348883e+000 -4.000000e+000
      vertex  8.275211e+001 -9.984225e-001 -4.000000e+000
      vertex  8.372749e+001 -2.798660e+000 -2.000000e+000
    endloop
  endfacet
  facet normal  2.945033e-001 -6.445295e-001 -7.055845e-001
    outer loop
      vertex  8.320216e+001 -7.090654e-001 -4.000000e+000
      vertex  8.368880e+001 -4.867022e-001 -4.000000e+000
      vertex  8.432613e+001 -2.384945e+000 -2.000000e+000
    endloop
  endfacet
  facet normal  3.381960e-001 -6.190578e-001 -7.087954e-001
    outer loop
      vertex  8.400507e+001 -2.560343e+000 -2.000000e+000
      vertex  8.320216e+001 -7.090654e-001 -4.000000e+000
      vertex  8.432613e+001 -2.384945e+000 -2.000000e+000
    endloop
  endfacet
  facet normal  1.009722e-001 -7.012814e-001 -7.056974e-001
    outer loop
      vertex  8.420214e+001 -3.358597e-001 -4.000000e+000
      vertex  8.473173e+001 -2.596085e-001 -4.000000e+000
      vertex  8.467665e+001 -2.280133e+000 -2.000000e+000
    endloop
  endfacet
  facet normal  2.026420e-001 -6.776849e-001 -7.068801e-001
    outer loop
      vertex  8.432613e+001 -2.384945e+000 -2.000000e+000
      vertex  8.420214e+001 -3.358597e-001 -4.000000e+000
      vertex  8.467665e+001 -2.280133e+000 -2.000000e+000
    endloop
  endfacet
  facet normal  1.993071e-001 -6.782670e-001 -7.072698e-001
    outer loop
      vertex  8.368880e+001 -4.867022e-001 -4.000000e+000
      vertex  8.420214e+001 -3.358597e-001 -4.000000e+000
      vertex  8.432613e+001 -2.384945e+000 -2.000000e+000
    endloop
  endfacet
  facet normal  1.425866e-004 -7.087101e-001 -7.054999e-001
    outer loop
      vertex  8.473173e+001 -2.596085e-001 -4.000000e+000
      vertex  8.526677e+001 -2.595008e-001 -4.000000e+000
      vertex  8.504129e+001 -2.250487e+000 -2.000000e+000
    endloop
  endfacet
  facet normal  5.716451e-002 -7.031241e-001 -7.087655e-001
    outer loop
      vertex  8.467665e+001 -2.280133e+000 -2.000000e+000
      vertex  8.473173e+001 -2.596085e-001 -4.000000e+000
      vertex  8.504129e+001 -2.250487e+000 -2.000000e+000
    endloop
  endfacet
  facet normal -1.994337e-001 -6.797196e-001 -7.058382e-001
    outer loop
      vertex  8.579638e+001 -3.355390e-001 -4.000000e+000
      vertex  8.630978e+001 -4.861750e-001 -4.000000e+000
      vertex  8.540414e+001 -2.297304e+000 -2.000000e+000
    endloop
  endfacet
  facet normal -9.057941e-002 -7.020249e-001 -7.063684e-001
    outer loop
      vertex  8.504129e+001 -2.250487e+000 -2.000000e+000
      vertex  8.579638e+001 -3.355390e-001 -4.000000e+000
      vertex  8.540414e+001 -2.297304e+000 -2.000000e+000
    endloop
  endfacet
  facet normal -1.004208e-001 -6.994359e-001 -7.076051e-001
    outer loop
      vertex  8.526677e+001 -2.595008e-001 -4.000000e+000
      vertex  8.579638e+001 -3.355390e-001 -4.000000e+000
      vertex  8.504129e+001 -2.250487e+000 -2.000000e+000
    endloop
  endfacet
  facet normal -2.943011e-001 -6.447759e-001 -7.054436e-001
    outer loop
      vertex  8.630978e+001 -4.861750e-001 -4.000000e+000
      vertex  8.679652e+001 -7.083423e-001 -4.000000e+000
      vertex  8.574931e+001 -2.418536e+000 -2.000000e+000
    endloop
  endfacet
  facet normal -2.337960e-001 -6.656708e-001 -7.086762e-001
    outer loop
      vertex  8.540414e+001 -2.297304e+000 -2.000000e+000
      vertex  8.630978e+001 -4.861750e-001 -4.000000e+000
      vertex  8.574931e+001 -2.418536e+000 -2.000000e+000
    endloop
  endfacet
  facet normal -4.636696e-001 -5.353167e-001 -7.060075e-001
    outer loop
      vertex  8.724669e+001 -9.975183e-001 -4.000000e+000
      vertex  8.765112e+001 -1.347816e+000 -4.000000e+000
      vertex  8.606174e+001 -2.608886e+000 -2.000000e+000
    endloop
  endfacet
  facet normal -3.685846e-001 -6.049768e-001 -7.057962e-001
    outer loop
      vertex  8.574931e+001 -2.418536e+000 -2.000000e+000
      vertex  8.724669e+001 -9.975183e-001 -4.000000e+000
      vertex  8.606174e+001 -2.608886e+000 -2.000000e+000
    endloop
  endfacet
  facet normal -3.817057e-001 -5.942072e-001 -7.079680e-001
    outer loop
      vertex  8.679652e+001 -7.083423e-001 -4.000000e+000
      vertex  8.724669e+001 -9.975183e-001 -4.000000e+000
      vertex  8.574931e+001 -2.418536e+000 -2.000000e+000
    endloop
  endfacet
  facet normal -5.355755e-001 -4.642719e-001 -7.054150e-001
    outer loop
      vertex  8.765112e+001 -1.347816e+000 -4.000000e+000
      vertex  8.800158e+001 -1.752105e+000 -4.000000e+000
      vertex  8.632777e+001 -2.860035e+000 -2.000000e+000
    endloop
  endfacet
  facet normal -4.844359e-001 -5.131394e-001 -7.085266e-001
    outer loop
      vertex  8.606174e+001 -2.608886e+000 -2.000000e+000
      vertex  8.765112e+001 -1.347816e+000 -4.000000e+000
      vertex  8.632777e+001 -2.860035e+000 -2.000000e+000
    endloop
  endfacet
  facet normal -6.514089e-001  7.587270e-001  0.000000e+000
    outer loop
      vertex  8.599493e+001 -5.439658e+000 -2.000000e+000
      vertex  8.627251e+001 -5.201340e+000  0.000000e+000
      vertex  8.627251e+001 -5.201340e+000 -2.000000e+000
    endloop
  endfacet
  facet normal -7.949159e-001  6.067197e-001  0.000000e+000
    outer loop
      vertex  8.627251e+001 -5.201340e+000 -2.000000e+000
      vertex  8.627251e+001 -5.201340e+000  0.000000e+000
      vertex  8.649448e+001 -4.910518e+000  0.000000e+000
    endloop
  endfacet
  facet normal -7.949159e-001  6.067197e-001  0.000000e+000
    outer loop
      vertex  8.627251e+001 -5.201340e+000 -2.000000e+000
      vertex  8.649448e+001 -4.910518e+000  0.000000e+000
      vertex  8.649448e+001 -4.910518e+000 -2.000000e+000
    endloop
  endfacet
  facet normal -9.036964e-001  4.281738e-001  0.000000e+000
    outer loop
      vertex  8.649448e+001 -4.910518e+000 -2.000000e+000
      vertex  8.649448e+001 -4.910518e+000  0.000000e+000
      vertex  8.665112e+001 -4.579902e+000  0.000000e+000
    endloop
  endfacet
  facet normal -9.036964e-001  4.281738e-001  0.000000e+000
    outer loop
      vertex  8.649448e+001 -4.910518e+000 -2.000000e+000
      vertex  8.665112e+001 -4.579902e+000  0.000000e+000
      vertex  8.665112e+001 -4.579902e+000 -2.000000e+000
    endloop
  endfacet
  facet normal -9.729689e-001  2.309362e-001  0.000000e+000
    outer loop
      vertex  8.665112e+001 -4.579902e+000 -2.000000e+000
      vertex  8.665112e+001 -4.579902e+000  0.000000e+000
      vertex  8.673561e+001 -4.223942e+000  0.000000e+000
    endloop
  endfacet
  facet normal -9.729689e-001  2.309362e-001  0.000000e+000
    outer loop
      vertex  8.665112e+001 -4.579902e+000 -2.000000e+000
      vertex  8.673561e+001 -4.223942e+000  0.000000e+000
      vertex  8.673561e+001 -4.223942e+000 -2.000000e+000
    endloop
  endfacet
  facet normal -9.997212e-001  2.360661e-002  0.000000e+000
    outer loop
      vertex  8.673561e+001 -4.223942e+000 -2.000000e+000
      vertex  8.673561e+001 -4.223942e+000  0.000000e+000
      vertex  8.674425e+001 -3.858194e+000  0.000000e+000
    endloop
  endfacet
  facet normal -9.997212e-001  2.360661e-002  0.000000e+000
    outer loop
      vertex  8.673561e+001 -4.223942e+000 -2.000000e+000
      vertex  8.674425e+001 -3.858194e+000  0.000000e+000
      vertex  8.674425e+001 -3.858194e+000 -2.000000e+000
    endloop
  endfacet
  facet normal -9.827787e-001 -1.847861e-001  0.000000e+000
    outer loop
      vertex  8.674425e+001 -3.858194e+000 -2.000000e+000
      vertex  8.674425e+001 -3.858194e+000  0.000000e+000
      vertex  8.667664e+001 -3.498644e+000  0.000000e+000
    endloop
  endfacet
  facet normal -9.827787e-001 -1.847861e-001  -0.000000e+000
    outer loop
      vertex  8.674425e+001 -3.858194e+000 -2.000000e+000
      vertex  8.667664e+001 -3.498644e+000  0.000000e+000
      vertex  8.667664e+001 -3.498644e+000 -2.000000e+000
    endloop
  endfacet
  facet normal -9.228885e-001 -3.850672e-001  0.000000e+000
    outer loop
      vertex  8.667664e+001 -3.498644e+000 -2.000000e+000
      vertex  8.667664e+001 -3.498644e+000  0.000000e+000
      vertex  8.653577e+001 -3.161005e+000  0.000000e+000
    endloop
  endfacet
  facet normal -9.228885e-001 -3.850672e-001  -0.000000e+000
    outer loop
      vertex  8.667664e+001 -3.498644e+000 -2.000000e+000
      vertex  8.653577e+001 -3.161005e+000  0.000000e+000
      vertex  8.653577e+001 -3.161005e+000 -2.000000e+000
    endloop
  endfacet
  facet normal -6.514089e-001  7.587270e-001  0.000000e+000
    outer loop
      vertex  8.627251e+001 -5.201340e+000  0.000000e+000
      vertex  8.599493e+001 -5.439658e+000 -2.000000e+000
      vertex  8.599493e+001 -5.439658e+000  0.000000e+000
    endloop
  endfacet
  facet normal -4.794285e-001  8.775809e-001  0.000000e+000
    outer loop
      vertex  8.599493e+001 -5.439658e+000  0.000000e+000
      vertex  8.599493e+001 -5.439658e+000 -2.000000e+000
      vertex  8.567387e+001 -5.615055e+000 -2.000000e+000
    endloop
  endfacet
  facet normal -4.794285e-001  8.775809e-001  0.000000e+000
    outer loop
      vertex  8.599493e+001 -5.439658e+000  0.000000e+000
      vertex  8.567387e+001 -5.615055e+000 -2.000000e+000
      vertex  8.567387e+001 -5.615055e+000  0.000000e+000
    endloop
  endfacet
  facet normal -2.864875e-001  9.580840e-001  0.000000e+000
    outer loop
      vertex  8.567387e+001 -5.615055e+000  0.000000e+000
      vertex  8.567387e+001 -5.615055e+000 -2.000000e+000
      vertex  8.532335e+001 -5.719867e+000 -2.000000e+000
    endloop
  endfacet
  facet normal -2.864875e-001  9.580840e-001  0.000000e+000
    outer loop
      vertex  8.567387e+001 -5.615055e+000  0.000000e+000
      vertex  8.532335e+001 -5.719867e+000 -2.000000e+000
      vertex  8.532335e+001 -5.719867e+000  0.000000e+000
    endloop
  endfacet
  facet normal -8.103337e-002  9.967114e-001  0.000000e+000
    outer loop
      vertex  8.532335e+001 -5.719867e+000  0.000000e+000
      vertex  8.532335e+001 -5.719867e+000 -2.000000e+000
      vertex  8.495871e+001 -5.749513e+000 -2.000000e+000
    endloop
  endfacet
  facet normal -8.103337e-002  9.967114e-001  0.000000e+000
    outer loop
      vertex  8.532335e+001 -5.719867e+000  0.000000e+000
      vertex  8.495871e+001 -5.749513e+000 -2.000000e+000
      vertex  8.495871e+001 -5.749513e+000  0.000000e+000
    endloop
  endfacet
  facet normal  1.279645e-001  9.917788e-001  0.000000e+000
    outer loop
      vertex  8.495871e+001 -5.749513e+000  0.000000e+000
      vertex  8.495871e+001 -5.749513e+000 -2.000000e+000
      vertex  8.459586e+001 -5.702696e+000 -2.000000e+000
    endloop
  endfacet
  facet normal  1.279645e-001  9.917788e-001  -0.000000e+000
    outer loop
      vertex  8.495871e+001 -5.749513e+000  0.000000e+000
      vertex  8.459586e+001 -5.702696e+000 -2.000000e+000
      vertex  8.459586e+001 -5.702696e+000  0.000000e+000
    endloop
  endfacet
  facet normal  3.313746e-001  9.434993e-001  0.000000e+000
    outer loop
      vertex  8.459586e+001 -5.702696e+000  0.000000e+000
      vertex  8.459586e+001 -5.702696e+000 -2.000000e+000
      vertex  8.425069e+001 -5.581464e+000 -2.000000e+000
    endloop
  endfacet
  facet normal  3.313746e-001  9.434993e-001  -0.000000e+000
    outer loop
      vertex  8.459586e+001 -5.702696e+000  0.000000e+000
      vertex  8.425069e+001 -5.581464e+000 -2.000000e+000
      vertex  8.425069e+001 -5.581464e+000  0.000000e+000
    endloop
  endfacet
  facet normal  5.202958e-001  8.539861e-001  0.000000e+000
    outer loop
      vertex  8.425069e+001 -5.581464e+000  0.000000e+000
      vertex  8.425069e+001 -5.581464e+000 -2.000000e+000
      vertex  8.393826e+001 -5.391113e+000 -2.000000e+000
    endloop
  endfacet
  facet normal  5.202958e-001  8.539861e-001  -0.000000e+000
    outer loop
      vertex  8.425069e+001 -5.581464e+000  0.000000e+000
      vertex  8.393826e+001 -5.391113e+000 -2.000000e+000
      vertex  8.393826e+001 -5.391113e+000  0.000000e+000
    endloop
  endfacet
  facet normal  6.864765e-001  7.271519e-001  0.000000e+000
    outer loop
      vertex  8.393826e+001 -5.391113e+000  0.000000e+000
      vertex  8.393826e+001 -5.391113e+000 -2.000000e+000
      vertex  8.367223e+001 -5.139965e+000 -2.000000e+000
    endloop
  endfacet
  facet normal  6.864765e-001  7.271519e-001  -0.000000e+000
    outer loop
      vertex  8.393826e+001 -5.391113e+000  0.000000e+000
      vertex  8.367223e+001 -5.139965e+000 -2.000000e+000
      vertex  8.367223e+001 -5.139965e+000  0.000000e+000
    endloop
  endfacet
  facet normal  8.226674e-001  5.685230e-001  0.000000e+000
    outer loop
      vertex  8.367223e+001 -5.139965e+000  0.000000e+000
      vertex  8.367223e+001 -5.139965e+000 -2.000000e+000
      vertex  8.346423e+001 -4.838995e+000 -2.000000e+000
    endloop
  endfacet
  facet normal  8.226674e-001  5.685230e-001  -0.000000e+000
    outer loop
      vertex  8.367223e+001 -5.139965e+000  0.000000e+000
      vertex  8.346423e+001 -4.838995e+000 -2.000000e+000
      vertex  8.346423e+001 -4.838995e+000  0.000000e+000
    endloop
  endfacet
  facet normal  6.514081e-001 -7.587276e-001  0.000000e+000
    outer loop
      vertex  8.400507e+001 -2.560343e+000 -2.000000e+000
      vertex  8.372749e+001 -2.798660e+000  0.000000e+000
      vertex  8.372749e+001 -2.798660e+000 -2.000000e+000
    endloop
  endfacet
  facet normal  7.949163e-001 -6.067190e-001  0.000000e+000
    outer loop
      vertex  8.372749e+001 -2.798660e+000 -2.000000e+000
      vertex  8.372749e+001 -2.798660e+000  0.000000e+000
      vertex  8.350552e+001 -3.089482e+000  0.000000e+000
    endloop
  endfacet
  facet normal  7.949163e-001 -6.067190e-001  0.000000e+000
    outer loop
      vertex  8.372749e+001 -2.798660e+000 -2.000000e+000
      vertex  8.350552e+001 -3.089482e+000  0.000000e+000
      vertex  8.350552e+001 -3.089482e+000 -2.000000e+000
    endloop
  endfacet
  facet normal  9.036963e-001 -4.281740e-001  0.000000e+000
    outer loop
      vertex  8.350552e+001 -3.089482e+000 -2.000000e+000
      vertex  8.350552e+001 -3.089482e+000  0.000000e+000
      vertex  8.334888e+001 -3.420098e+000  0.000000e+000
    endloop
  endfacet
  facet normal  9.036963e-001 -4.281740e-001  0.000000e+000
    outer loop
      vertex  8.350552e+001 -3.089482e+000 -2.000000e+000
      vertex  8.334888e+001 -3.420098e+000  0.000000e+000
      vertex  8.334888e+001 -3.420098e+000 -2.000000e+000
    endloop
  endfacet
  facet normal  9.729689e-001 -2.309362e-001  0.000000e+000
    outer loop
      vertex  8.334888e+001 -3.420098e+000 -2.000000e+000
      vertex  8.334888e+001 -3.420098e+000  0.000000e+000
      vertex  8.326439e+001 -3.776058e+000  0.000000e+000
    endloop
  endfacet
  facet normal  9.729689e-001 -2.309362e-001  0.000000e+000
    outer loop
      vertex  8.334888e+001 -3.420098e+000 -2.000000e+000
      vertex  8.326439e+001 -3.776058e+000  0.000000e+000
      vertex  8.326439e+001 -3.776058e+000 -2.000000e+000
    endloop
  endfacet
  facet normal  9.997212e-001 -2.360661e-002  0.000000e+000
    outer loop
      vertex  8.326439e+001 -3.776058e+000 -2.000000e+000
      vertex  8.326439e+001 -3.776058e+000  0.000000e+000
      vertex  8.325575e+001 -4.141806e+000  0.000000e+000
    endloop
  endfacet
  facet normal  9.997212e-001 -2.360661e-002  0.000000e+000
    outer loop
      vertex  8.326439e+001 -3.776058e+000 -2.000000e+000
      vertex  8.325575e+001 -4.141806e+000  0.000000e+000
      vertex  8.325575e+001 -4.141806e+000 -2.000000e+000
    endloop
  endfacet
  facet normal  9.827787e-001  1.847861e-001  -0.000000e+000
    outer loop
      vertex  8.325575e+001 -4.141806e+000 -2.000000e+000
      vertex  8.325575e+001 -4.141806e+000  0.000000e+000
      vertex  8.332336e+001 -4.501356e+000  0.000000e+000
    endloop
  endfacet
  facet normal  9.827787e-001  1.847861e-001  0.000000e+000
    outer loop
      vertex  8.325575e+001 -4.141806e+000 -2.000000e+000
      vertex  8.332336e+001 -4.501356e+000  0.000000e+000
      vertex  8.332336e+001 -4.501356e+000 -2.000000e+000
    endloop
  endfacet
  facet normal  9.228885e-001  3.850674e-001  -0.000000e+000
    outer loop
      vertex  8.332336e+001 -4.501356e+000 -2.000000e+000
      vertex  8.332336e+001 -4.501356e+000  0.000000e+000
      vertex  8.346423e+001 -4.838995e+000  0.000000e+000
    endloop
  endfacet
  facet normal  9.228885e-001  3.850674e-001  0.000000e+000
    outer loop
      vertex  8.332336e+001 -4.501356e+000 -2.000000e+000
      vertex  8.346423e+001 -4.838995e+000  0.000000e+000
      vertex  8.346423e+001 -4.838995e+000 -2.000000e+000
    endloop
  endfacet
  facet normal  6.514081e-001 -7.587276e-001  0.000000e+000
    outer loop
      vertex  8.372749e+001 -2.798660e+000  0.000000e+000
      vertex  8.400507e+001 -2.560343e+000 -2.000000e+000
      vertex  8.400507e+001 -2.560343e+000  0.000000e+000
    endloop
  endfacet
  facet normal  4.794290e-001 -8.775806e-001  0.000000e+000
    outer loop
      vertex  8.400507e+001 -2.560343e+000  0.000000e+000
      vertex  8.400507e+001 -2.560343e+000 -2.000000e+000
      vertex  8.432613e+001 -2.384945e+000 -2.000000e+000
    endloop
  endfacet
  facet normal  4.794290e-001 -8.775806e-001  0.000000e+000
    outer loop
      vertex  8.400507e+001 -2.560343e+000  0.000000e+000
      vertex  8.432613e+001 -2.384945e+000 -2.000000e+000
      vertex  8.432613e+001 -2.384945e+000  0.000000e+000
    endloop
  endfacet
  facet normal  2.864875e-001 -9.580840e-001  0.000000e+000
    outer loop
      vertex  8.432613e+001 -2.384945e+000  0.000000e+000
      vertex  8.432613e+001 -2.384945e+000 -2.000000e+000
      vertex  8.467665e+001 -2.280133e+000 -2.000000e+000
    endloop
  endfacet
  facet normal  2.864875e-001 -9.580840e-001  0.000000e+000
    outer loop
      vertex  8.432613e+001 -2.384945e+000  0.000000e+000
      vertex  8.467665e+001 -2.280133e+000 -2.000000e+000
      vertex  8.467665e+001 -2.280133e+000  0.000000e+000
    endloop
  endfacet
  facet normal  8.103337e-002 -9.967114e-001  0.000000e+000
    outer loop
      vertex  8.467665e+001 -2.280133e+000  0.000000e+000
      vertex  8.467665e+001 -2.280133e+000 -2.000000e+000
      vertex  8.504129e+001 -2.250487e+000 -2.000000e+000
    endloop
  endfacet
  facet normal  8.103337e-002 -9.967114e-001  0.000000e+000
    outer loop
      vertex  8.467665e+001 -2.280133e+000  0.000000e+000
      vertex  8.504129e+001 -2.250487e+000 -2.000000e+000
      vertex  8.504129e+001 -2.250487e+000  0.000000e+000
    endloop
  endfacet
  facet normal -1.279652e-001 -9.917786e-001  -0.000000e+000
    outer loop
      vertex  8.504129e+001 -2.250487e+000  0.000000e+000
      vertex  8.504129e+001 -2.250487e+000 -2.000000e+000
      vertex  8.540414e+001 -2.297304e+000 -2.000000e+000
    endloop
  endfacet
  facet normal -1.279652e-001 -9.917786e-001  0.000000e+000
    outer loop
      vertex  8.504129e+001 -2.250487e+000  0.000000e+000
      vertex  8.540414e+001 -2.297304e+000 -2.000000e+000
      vertex  8.540414e+001 -2.297304e+000  0.000000e+000
    endloop
  endfacet
  facet normal -3.313746e-001 -9.434993e-001  -0.000000e+000
    outer loop
      vertex  8.540414e+001 -2.297304e+000  0.000000e+000
      vertex  8.540414e+001 -2.297304e+000 -2.000000e+000
      vertex  8.574931e+001 -2.418536e+000 -2.000000e+000
    endloop
  endfacet
  facet normal -3.313746e-001 -9.434993e-001  0.000000e+000
    outer loop
      vertex  8.540414e+001 -2.297304e+000  0.000000e+000
      vertex  8.574931e+001 -2.418536e+000 -2.000000e+000
      vertex  8.574931e+001 -2.418536e+000  0.000000e+000
    endloop
  endfacet
  facet normal -5.202948e-001 -8.539867e-001  -0.000000e+000
    outer loop
      vertex  8.574931e+001 -2.418536e+000  0.000000e+000
      vertex  8.574931e+001 -2.418536e+000 -2.000000e+000
      vertex  8.606174e+001 -2.608886e+000 -2.000000e+000
    endloop
  endfacet
  facet normal -5.202948e-001 -8.539867e-001  0.000000e+000
    outer loop
      vertex  8.574931e+001 -2.418536e+000  0.000000e+000
      vertex  8.606174e+001 -2.608886e+000 -2.000000e+000
      vertex  8.606174e+001 -2.608886e+000  0.000000e+000
    endloop
  endfacet
  facet normal -6.864768e-001 -7.271516e-001  -0.000000e+000
    outer loop
      vertex  8.606174e+001 -2.608886e+000  0.000000e+000
      vertex  8.606174e+001 -2.608886e+000 -2.000000e+000
      vertex  8.632777e+001 -2.860035e+000 -2.000000e+000
    endloop
  endfacet
  facet normal -6.864768e-001 -7.271516e-001  0.000000e+000
    outer loop
      vertex  8.606174e+001 -2.608886e+000  0.000000e+000
      vertex  8.632777e+001 -2.860035e+000 -2.000000e+000
      vertex  8.632777e+001 -2.860035e+000  0.000000e+000
    endloop
  endfacet
  facet normal -8.226671e-001 -5.685233e-001  -0.000000e+000
    outer loop
      vertex  8.632777e+001 -2.860035e+000  0.000000e+000
      vertex  8.632777e+001 -2.860035e+000 -2.000000e+000
      vertex  8.653577e+001 -3.161005e+000 -2.000000e+000
    endloop
  endfacet
  facet normal -8.226671e-001 -5.685233e-001  0.000000e+000
    outer loop
      vertex  8.632777e+001 -2.860035e+000  0.000000e+000
      vertex  8.653577e+001 -3.161005e+000 -2.000000e+000
      vertex  8.653577e+001 -3.161005e+000  0.000000e+000
    endloop
  endfacet
  facet normal -6.439661e-001 -2.942502e-001 -7.062044e-001
    outer loop
      vertex  8.829093e+001 -2.202154e+000 -4.000000e+000
      vertex  8.851330e+001 -2.688802e+000 -4.000000e+000
      vertex  8.653577e+001 -3.161005e+000 -2.000000e+000
    endloop
  endfacet
  facet normal -6.514608e-001 -2.718163e-001 -7.083183e-001
    outer loop
      vertex  8.851330e+001 -2.688802e+000 -4.000000e+000
      vertex  8.667664e+001 -3.498644e+000 -2.000000e+000
      vertex  8.653577e+001 -3.161005e+000 -2.000000e+000
    endloop
  endfacet
  facet normal  5.807157e-001  4.013168e-001 -7.083179e-001
    outer loop
      vertex  8.367223e+001 -5.139965e+000 -2.000000e+000
      vertex  8.199842e+001 -6.247895e+000 -4.000000e+000
      vertex  8.346423e+001 -4.838995e+000 -2.000000e+000
    endloop
  endfacet
  facet normal  5.955400e-001  3.828934e-001 -7.062045e-001
    outer loop
      vertex  8.199842e+001 -6.247895e+000 -4.000000e+000
      vertex  8.170907e+001 -5.797846e+000 -4.000000e+000
      vertex  8.346423e+001 -4.838995e+000 -2.000000e+000
    endloop
  endfacet
  facet normal -6.800432e-001 -1.998249e-001 -7.054155e-001
    outer loop
      vertex  8.851330e+001 -2.688802e+000 -4.000000e+000
      vertex  8.866414e+001 -3.202143e+000 -4.000000e+000
      vertex  8.667664e+001 -3.498644e+000 -2.000000e+000
    endloop
  endfacet
  facet normal -7.009751e-001 -1.009350e-001 -7.060072e-001
    outer loop
      vertex  8.866414e+001 -3.202143e+000 -4.000000e+000
      vertex  8.874039e+001 -3.731726e+000 -4.000000e+000
      vertex  8.674425e+001 -3.858194e+000 -2.000000e+000
    endloop
  endfacet
  facet normal -6.935310e-001 -1.304006e-001 -7.085268e-001
    outer loop
      vertex  8.667664e+001 -3.498644e+000 -2.000000e+000
      vertex  8.866414e+001 -3.202143e+000 -4.000000e+000
      vertex  8.674425e+001 -3.858194e+000 -2.000000e+000
    endloop
  endfacet
  facet normal -7.015712e-001  1.007320e-001 -7.054438e-001
    outer loop
      vertex  8.874050e+001 -4.266769e+000 -4.000000e+000
      vertex  8.866446e+001 -4.796383e+000 -4.000000e+000
      vertex  8.673561e+001 -4.223942e+000 -2.000000e+000
    endloop
  endfacet
  facet normal -7.059661e-001  1.667011e-002 -7.080494e-001
    outer loop
      vertex  8.674425e+001 -3.858194e+000 -2.000000e+000
      vertex  8.874050e+001 -4.266769e+000 -4.000000e+000
      vertex  8.673561e+001 -4.223942e+000 -2.000000e+000
    endloop
  endfacet
  facet normal -7.077837e-001 -1.412959e-004 -7.064292e-001
    outer loop
      vertex  8.874039e+001 -3.731726e+000 -4.000000e+000
      vertex  8.874050e+001 -4.266769e+000 -4.000000e+000
      vertex  8.674425e+001 -3.858194e+000 -2.000000e+000
    endloop
  endfacet
  facet normal -6.797193e-001  1.994335e-001 -7.058385e-001
    outer loop
      vertex  8.866446e+001 -4.796383e+000 -4.000000e+000
      vertex  8.851382e+001 -5.309784e+000 -4.000000e+000
      vertex  8.665112e+001 -4.579902e+000 -2.000000e+000
    endloop
  endfacet
  facet normal -6.864627e-001  1.629333e-001 -7.086760e-001
    outer loop
      vertex  8.673561e+001 -4.223942e+000 -2.000000e+000
      vertex  8.866446e+001 -4.796383e+000 -4.000000e+000
      vertex  8.665112e+001 -4.579902e+000 -2.000000e+000
    endloop
  endfacet
  facet normal -5.962815e-001  3.830386e-001 -7.054995e-001
    outer loop
      vertex  8.829166e+001 -5.796522e+000 -4.000000e+000
      vertex  8.800248e+001 -6.246687e+000 -4.000000e+000
      vertex  8.649448e+001 -4.910518e+000 -2.000000e+000
    endloop
  endfacet
  facet normal -6.384560e-001  3.025022e-001 -7.077191e-001
    outer loop
      vertex  8.665112e+001 -4.579902e+000 -2.000000e+000
      vertex  8.829166e+001 -5.796522e+000 -4.000000e+000
      vertex  8.649448e+001 -4.910518e+000 -2.000000e+000
    endloop
  endfacet
  facet normal -6.436520e-001  2.937904e-001 -7.066818e-001
    outer loop
      vertex  8.851382e+001 -5.309784e+000 -4.000000e+000
      vertex  8.829166e+001 -5.796522e+000 -4.000000e+000
      vertex  8.665112e+001 -4.579902e+000 -2.000000e+000
    endloop
  endfacet
  facet normal -5.355528e-001  4.638683e-001 -7.056978e-001
    outer loop
      vertex  8.800248e+001 -6.246687e+000 -4.000000e+000
      vertex  8.765218e+001 -6.651117e+000 -4.000000e+000
      vertex  8.627251e+001 -5.201340e+000 -2.000000e+000
    endloop
  endfacet
  facet normal -5.607687e-001  4.280069e-001 -7.087654e-001
    outer loop
      vertex  8.649448e+001 -4.910518e+000 -2.000000e+000
      vertex  8.800248e+001 -6.246687e+000 -4.000000e+000
      vertex  8.627251e+001 -5.201340e+000 -2.000000e+000
    endloop
  endfacet
  facet normal -3.832313e-001  5.960570e-001 -7.055848e-001
    outer loop
      vertex  8.724789e+001 -7.001577e+000 -4.000000e+000
      vertex  8.679784e+001 -7.290935e+000 -4.000000e+000
      vertex  8.599493e+001 -5.439658e+000 -2.000000e+000
    endloop
  endfacet
  facet normal -4.604701e-001  5.363314e-001 -7.073302e-001
    outer loop
      vertex  8.627251e+001 -5.201340e+000 -2.000000e+000
      vertex  8.724789e+001 -7.001577e+000 -4.000000e+000
      vertex  8.599493e+001 -5.439658e+000 -2.000000e+000
    endloop
  endfacet
  facet normal -4.632581e-001  5.344119e-001 -7.069624e-001
    outer loop
      vertex  8.765218e+001 -6.651117e+000 -4.000000e+000
      vertex  8.724789e+001 -7.001577e+000 -4.000000e+000
      vertex  8.627251e+001 -5.201340e+000 -2.000000e+000
    endloop
  endfacet
  facet normal -2.945032e-001  6.445296e-001 -7.055845e-001
    outer loop
      vertex  8.679784e+001 -7.290935e+000 -4.000000e+000
      vertex  8.631120e+001 -7.513298e+000 -4.000000e+000
      vertex  8.567387e+001 -5.615055e+000 -2.000000e+000
    endloop
  endfacet
  facet normal -3.381957e-001  6.190580e-001 -7.087954e-001
    outer loop
      vertex  8.599493e+001 -5.439658e+000 -2.000000e+000
      vertex  8.679784e+001 -7.290935e+000 -4.000000e+000
      vertex  8.567387e+001 -5.615055e+000 -2.000000e+000
    endloop
  endfacet
  facet normal -1.009726e-001  7.012814e-001 -7.056975e-001
    outer loop
      vertex  8.579786e+001 -7.664140e+000 -4.000000e+000
      vertex  8.526827e+001 -7.740392e+000 -4.000000e+000
      vertex  8.532335e+001 -5.719867e+000 -2.000000e+000
    endloop
  endfacet
  facet normal -2.026422e-001  6.776848e-001 -7.068801e-001
    outer loop
      vertex  8.567387e+001 -5.615055e+000 -2.000000e+000
      vertex  8.579786e+001 -7.664140e+000 -4.000000e+000
      vertex  8.532335e+001 -5.719867e+000 -2.000000e+000
    endloop
  endfacet
  facet normal -1.993072e-001  6.782670e-001 -7.072698e-001
    outer loop
      vertex  8.631120e+001 -7.513298e+000 -4.000000e+000
      vertex  8.579786e+001 -7.664140e+000 -4.000000e+000
      vertex  8.567387e+001 -5.615055e+000 -2.000000e+000
    endloop
  endfacet
  facet normal -1.421129e-004  7.087101e-001 -7.054999e-001
    outer loop
      vertex  8.526827e+001 -7.740392e+000 -4.000000e+000
      vertex  8.473323e+001 -7.740499e+000 -4.000000e+000
      vertex  8.495871e+001 -5.749513e+000 -2.000000e+000
    endloop
  endfacet
  facet normal -5.716451e-002  7.031241e-001 -7.087655e-001
    outer loop
      vertex  8.532335e+001 -5.719867e+000 -2.000000e+000
      vertex  8.526827e+001 -7.740392e+000 -4.000000e+000
      vertex  8.495871e+001 -5.749513e+000 -2.000000e+000
    endloop
  endfacet
  facet normal  1.994340e-001  6.797196e-001 -7.058382e-001
    outer loop
      vertex  8.420362e+001 -7.664461e+000 -4.000000e+000
      vertex  8.369022e+001 -7.513825e+000 -4.000000e+000
      vertex  8.459586e+001 -5.702696e+000 -2.000000e+000
    endloop
  endfacet
  facet normal  9.057896e-002  7.020250e-001 -7.063684e-001
    outer loop
      vertex  8.495871e+001 -5.749513e+000 -2.000000e+000
      vertex  8.420362e+001 -7.664461e+000 -4.000000e+000
      vertex  8.459586e+001 -5.702696e+000 -2.000000e+000
    endloop
  endfacet
  facet normal  1.004204e-001  6.994359e-001 -7.076051e-001
    outer loop
      vertex  8.473323e+001 -7.740499e+000 -4.000000e+000
      vertex  8.420362e+001 -7.664461e+000 -4.000000e+000
      vertex  8.495871e+001 -5.749513e+000 -2.000000e+000
    endloop
  endfacet
  facet normal  2.943013e-001  6.447759e-001 -7.054436e-001
    outer loop
      vertex  8.369022e+001 -7.513825e+000 -4.000000e+000
      vertex  8.320348e+001 -7.291657e+000 -4.000000e+000
      vertex  8.425069e+001 -5.581464e+000 -2.000000e+000
    endloop
  endfacet
  facet normal  2.337960e-001  6.656709e-001 -7.086762e-001
    outer loop
      vertex  8.459586e+001 -5.702696e+000 -2.000000e+000
      vertex  8.369022e+001 -7.513825e+000 -4.000000e+000
      vertex  8.425069e+001 -5.581464e+000 -2.000000e+000
    endloop
  endfacet
  facet normal  4.636693e-001  5.353169e-001 -7.060075e-001
    outer loop
      vertex  8.275331e+001 -7.002481e+000 -4.000000e+000
      vertex  8.234888e+001 -6.652184e+000 -4.000000e+000
      vertex  8.393826e+001 -5.391113e+000 -2.000000e+000
    endloop
  endfacet
  facet normal  3.685853e-001  6.049764e-001 -7.057963e-001
    outer loop
      vertex  8.425069e+001 -5.581464e+000 -2.000000e+000
      vertex  8.275331e+001 -7.002481e+000 -4.000000e+000
      vertex  8.393826e+001 -5.391113e+000 -2.000000e+000
    endloop
  endfacet
  facet normal  3.817057e-001  5.942072e-001 -7.079679e-001
    outer loop
      vertex  8.320348e+001 -7.291657e+000 -4.000000e+000
      vertex  8.275331e+001 -7.002481e+000 -4.000000e+000
      vertex  8.425069e+001 -5.581464e+000 -2.000000e+000
    endloop
  endfacet
  facet normal  5.355756e-001  4.642719e-001 -7.054151e-001
    outer loop
      vertex  8.234888e+001 -6.652184e+000 -4.000000e+000
      vertex  8.199842e+001 -6.247895e+000 -4.000000e+000
      vertex  8.367223e+001 -5.139965e+000 -2.000000e+000
    endloop
  endfacet
  facet normal  4.844356e-001  5.131396e-001 -7.085266e-001
    outer loop
      vertex  8.393826e+001 -5.391113e+000 -2.000000e+000
      vertex  8.234888e+001 -6.652184e+000 -4.000000e+000
      vertex  8.367223e+001 -5.139965e+000 -2.000000e+000
    endloop
  endfacet
  facet normal  6.514085e-001 -7.587273e-001  0.000000e+000
    outer loop
      vertex  4.005070e+000 -2.560343e+000 -2.000000e+000
      vertex  3.727490e+000 -2.798660e+000  0.000000e+000
      vertex  3.727490e+000 -2.798660e+000 -2.000000e+000
    endloop
  endfacet
  facet normal  7.949223e-001 -6.067112e-001  0.000000e+000
    outer loop
      vertex  3.727490e+000 -2.798660e+000 -2.000000e+000
      vertex  3.727490e+000 -2.798660e+000  0.000000e+000
      vertex  3.505525e+000 -3.089482e+000  0.000000e+000
    endloop
  endfacet
  facet normal  7.949223e-001 -6.067112e-001  0.000000e+000
    outer loop
      vertex  3.727490e+000 -2.798660e+000 -2.000000e+000
      vertex  3.505525e+000 -3.089482e+000  0.000000e+000
      vertex  3.505525e+000 -3.089482e+000 -2.000000e+000
    endloop
  endfacet
  facet normal  9.036933e-001 -4.281804e-001  0.000000e+000
    outer loop
      vertex  3.505525e+000 -3.089482e+000 -2.000000e+000
      vertex  3.505525e+000 -3.089482e+000  0.000000e+000
      vertex  3.348875e+000 -3.420098e+000  0.000000e+000
    endloop
  endfacet
  facet normal  9.036933e-001 -4.281804e-001  0.000000e+000
    outer loop
      vertex  3.505525e+000 -3.089482e+000 -2.000000e+000
      vertex  3.348875e+000 -3.420098e+000  0.000000e+000
      vertex  3.348875e+000 -3.420098e+000 -2.000000e+000
    endloop
  endfacet
  facet normal  9.729692e-001 -2.309349e-001  0.000000e+000
    outer loop
      vertex  3.348875e+000 -3.420098e+000 -2.000000e+000
      vertex  3.348875e+000 -3.420098e+000  0.000000e+000
      vertex  3.264388e+000 -3.776058e+000  0.000000e+000
    endloop
  endfacet
  facet normal  9.729692e-001 -2.309349e-001  0.000000e+000
    outer loop
      vertex  3.348875e+000 -3.420098e+000 -2.000000e+000
      vertex  3.264388e+000 -3.776058e+000  0.000000e+000
      vertex  3.264388e+000 -3.776058e+000 -2.000000e+000
    endloop
  endfacet
  facet normal  9.997216e-001 -2.359619e-002  0.000000e+000
    outer loop
      vertex  3.264388e+000 -3.776058e+000 -2.000000e+000
      vertex  3.264388e+000 -3.776058e+000  0.000000e+000
      vertex  3.255755e+000 -4.141806e+000  0.000000e+000
    endloop
  endfacet
  facet normal  9.997216e-001 -2.359619e-002  0.000000e+000
    outer loop
      vertex  3.264388e+000 -3.776058e+000 -2.000000e+000
      vertex  3.255755e+000 -4.141806e+000  0.000000e+000
      vertex  3.255755e+000 -4.141806e+000 -2.000000e+000
    endloop
  endfacet
  facet normal  9.827812e-001  1.847729e-001  -0.000000e+000
    outer loop
      vertex  3.255755e+000 -4.141806e+000 -2.000000e+000
      vertex  3.255755e+000 -4.141806e+000  0.000000e+000
      vertex  3.323354e+000 -4.501356e+000  0.000000e+000
    endloop
  endfacet
  facet normal  9.827812e-001  1.847729e-001  0.000000e+000
    outer loop
      vertex  3.255755e+000 -4.141806e+000 -2.000000e+000
      vertex  3.323354e+000 -4.501356e+000  0.000000e+000
      vertex  3.323354e+000 -4.501356e+000 -2.000000e+000
    endloop
  endfacet
  facet normal  9.228886e-001  3.850669e-001  -0.000000e+000
    outer loop
      vertex  3.323354e+000 -4.501356e+000 -2.000000e+000
      vertex  3.323354e+000 -4.501356e+000  0.000000e+000
      vertex  3.464231e+000 -4.838995e+000  0.000000e+000
    endloop
  endfacet
  facet normal  9.228886e-001  3.850669e-001  0.000000e+000
    outer loop
      vertex  3.323354e+000 -4.501356e+000 -2.000000e+000
      vertex  3.464231e+000 -4.838995e+000  0.000000e+000
      vertex  3.464231e+000 -4.838995e+000 -2.000000e+000
    endloop
  endfacet
  facet normal  6.514085e-001 -7.587273e-001  0.000000e+000
    outer loop
      vertex  3.727490e+000 -2.798660e+000  0.000000e+000
      vertex  4.005070e+000 -2.560343e+000 -2.000000e+000
      vertex  4.005070e+000 -2.560343e+000  0.000000e+000
    endloop
  endfacet
  facet normal  4.794252e-001 -8.775827e-001  0.000000e+000
    outer loop
      vertex  4.005070e+000 -2.560343e+000  0.000000e+000
      vertex  4.005070e+000 -2.560343e+000 -2.000000e+000
      vertex  4.326133e+000 -2.384945e+000 -2.000000e+000
    endloop
  endfacet
  facet normal  4.794252e-001 -8.775827e-001  0.000000e+000
    outer loop
      vertex  4.005070e+000 -2.560343e+000  0.000000e+000
      vertex  4.326133e+000 -2.384945e+000 -2.000000e+000
      vertex  4.326133e+000 -2.384945e+000  0.000000e+000
    endloop
  endfacet
  facet normal  2.864897e-001 -9.580833e-001  0.000000e+000
    outer loop
      vertex  4.326133e+000 -2.384945e+000  0.000000e+000
      vertex  4.326133e+000 -2.384945e+000 -2.000000e+000
      vertex  4.676648e+000 -2.280133e+000 -2.000000e+000
    endloop
  endfacet
  facet normal  2.864897e-001 -9.580833e-001  0.000000e+000
    outer loop
      vertex  4.326133e+000 -2.384945e+000  0.000000e+000
      vertex  4.676648e+000 -2.280133e+000 -2.000000e+000
      vertex  4.676648e+000 -2.280133e+000  0.000000e+000
    endloop
  endfacet
  facet normal  8.103179e-002 -9.967115e-001  0.000000e+000
    outer loop
      vertex  4.676648e+000 -2.280133e+000  0.000000e+000
      vertex  4.676648e+000 -2.280133e+000 -2.000000e+000
      vertex  5.041294e+000 -2.250487e+000 -2.000000e+000
    endloop
  endfacet
  facet normal  8.103179e-002 -9.967115e-001  0.000000e+000
    outer loop
      vertex  4.676648e+000 -2.280133e+000  0.000000e+000
      vertex  5.041294e+000 -2.250487e+000 -2.000000e+000
      vertex  5.041294e+000 -2.250487e+000  0.000000e+000
    endloop
  endfacet
  facet normal -1.279668e-001 -9.917784e-001  -0.000000e+000
    outer loop
      vertex  5.041294e+000 -2.250487e+000  0.000000e+000
      vertex  5.041294e+000 -2.250487e+000 -2.000000e+000
      vertex  5.404136e+000 -2.297304e+000 -2.000000e+000
    endloop
  endfacet
  facet normal -1.279668e-001 -9.917784e-001  0.000000e+000
    outer loop
      vertex  5.041294e+000 -2.250487e+000  0.000000e+000
      vertex  5.404136e+000 -2.297304e+000 -2.000000e+000
      vertex  5.404136e+000 -2.297304e+000  0.000000e+000
    endloop
  endfacet
  facet normal -3.313726e-001 -9.435000e-001  -0.000000e+000
    outer loop
      vertex  5.404136e+000 -2.297304e+000  0.000000e+000
      vertex  5.404136e+000 -2.297304e+000 -2.000000e+000
      vertex  5.749315e+000 -2.418536e+000 -2.000000e+000
    endloop
  endfacet
  facet normal -3.313726e-001 -9.435000e-001  0.000000e+000
    outer loop
      vertex  5.404136e+000 -2.297304e+000  0.000000e+000
      vertex  5.749315e+000 -2.418536e+000 -2.000000e+000
      vertex  5.749315e+000 -2.418536e+000  0.000000e+000
    endloop
  endfacet
  facet normal -5.202960e-001 -8.539860e-001  -0.000000e+000
    outer loop
      vertex  5.749315e+000 -2.418536e+000  0.000000e+000
      vertex  5.749315e+000 -2.418536e+000 -2.000000e+000
      vertex  6.061745e+000 -2.608886e+000 -2.000000e+000
    endloop
  endfacet
  facet normal -5.202960e-001 -8.539860e-001  0.000000e+000
    outer loop
      vertex  5.749315e+000 -2.418536e+000  0.000000e+000
      vertex  6.061745e+000 -2.608886e+000 -2.000000e+000
      vertex  6.061745e+000 -2.608886e+000  0.000000e+000
    endloop
  endfacet
  facet normal -6.864794e-001 -7.271491e-001  -0.000000e+000
    outer loop
      vertex  6.061745e+000 -2.608886e+000  0.000000e+000
      vertex  6.061745e+000 -2.608886e+000 -2.000000e+000
      vertex  6.327773e+000 -2.860035e+000 -2.000000e+000
    endloop
  endfacet
  facet normal -6.864794e-001 -7.271491e-001  0.000000e+000
    outer loop
      vertex  6.061745e+000 -2.608886e+000  0.000000e+000
      vertex  6.327773e+000 -2.860035e+000 -2.000000e+000
      vertex  6.327773e+000 -2.860035e+000  0.000000e+000
    endloop
  endfacet
  facet normal -8.226616e-001 -5.685312e-001  -0.000000e+000
    outer loop
      vertex  6.327773e+000 -2.860035e+000  0.000000e+000
      vertex  6.327773e+000 -2.860035e+000 -2.000000e+000
      vertex  6.535769e+000 -3.161005e+000 -2.000000e+000
    endloop
  endfacet
  facet normal -8.226616e-001 -5.685312e-001  0.000000e+000
    outer loop
      vertex  6.327773e+000 -2.860035e+000  0.000000e+000
      vertex  6.535769e+000 -3.161005e+000 -2.000000e+000
      vertex  6.535769e+000 -3.161005e+000  0.000000e+000
    endloop
  endfacet
  facet normal -6.514096e-001  7.587264e-001  0.000000e+000
    outer loop
      vertex  5.994930e+000 -5.439658e+000 -2.000000e+000
      vertex  6.272510e+000 -5.201340e+000  0.000000e+000
      vertex  6.272510e+000 -5.201340e+000 -2.000000e+000
    endloop
  endfacet
  facet normal -7.949215e-001  6.067123e-001  0.000000e+000
    outer loop
      vertex  6.272510e+000 -5.201340e+000 -2.000000e+000
      vertex  6.272510e+000 -5.201340e+000  0.000000e+000
      vertex  6.494475e+000 -4.910518e+000  0.000000e+000
    endloop
  endfacet
  facet normal -7.949215e-001  6.067123e-001  0.000000e+000
    outer loop
      vertex  6.272510e+000 -5.201340e+000 -2.000000e+000
      vertex  6.494475e+000 -4.910518e+000  0.000000e+000
      vertex  6.494475e+000 -4.910518e+000 -2.000000e+000
    endloop
  endfacet
  facet normal -9.036934e-001  4.281801e-001  0.000000e+000
    outer loop
      vertex  6.494475e+000 -4.910518e+000 -2.000000e+000
      vertex  6.494475e+000 -4.910518e+000  0.000000e+000
      vertex  6.651125e+000 -4.579902e+000  0.000000e+000
    endloop
  endfacet
  facet normal -9.036934e-001  4.281801e-001  0.000000e+000
    outer loop
      vertex  6.494475e+000 -4.910518e+000 -2.000000e+000
      vertex  6.651125e+000 -4.579902e+000  0.000000e+000
      vertex  6.651125e+000 -4.579902e+000 -2.000000e+000
    endloop
  endfacet
  facet normal -9.729692e-001  2.309349e-001  0.000000e+000
    outer loop
      vertex  6.651125e+000 -4.579902e+000 -2.000000e+000
      vertex  6.651125e+000 -4.579902e+000  0.000000e+000
      vertex  6.735612e+000 -4.223942e+000  0.000000e+000
    endloop
  endfacet
  facet normal -9.729692e-001  2.309349e-001  0.000000e+000
    outer loop
      vertex  6.651125e+000 -4.579902e+000 -2.000000e+000
      vertex  6.735612e+000 -4.223942e+000  0.000000e+000
      vertex  6.735612e+000 -4.223942e+000 -2.000000e+000
    endloop
  endfacet
  facet normal -9.997216e-001  2.359619e-002  0.000000e+000
    outer loop
      vertex  6.735612e+000 -4.223942e+000 -2.000000e+000
      vertex  6.735612e+000 -4.223942e+000  0.000000e+000
      vertex  6.744245e+000 -3.858194e+000  0.000000e+000
    endloop
  endfacet
  facet normal -9.997216e-001  2.359619e-002  0.000000e+000
    outer loop
      vertex  6.735612e+000 -4.223942e+000 -2.000000e+000
      vertex  6.744245e+000 -3.858194e+000  0.000000e+000
      vertex  6.744245e+000 -3.858194e+000 -2.000000e+000
    endloop
  endfacet
  facet normal -9.827813e-001 -1.847722e-001  0.000000e+000
    outer loop
      vertex  6.744245e+000 -3.858194e+000 -2.000000e+000
      vertex  6.744245e+000 -3.858194e+000  0.000000e+000
      vertex  6.676646e+000 -3.498644e+000  0.000000e+000
    endloop
  endfacet
  facet normal -9.827813e-001 -1.847722e-001  -0.000000e+000
    outer loop
      vertex  6.744245e+000 -3.858194e+000 -2.000000e+000
      vertex  6.676646e+000 -3.498644e+000  0.000000e+000
      vertex  6.676646e+000 -3.498644e+000 -2.000000e+000
    endloop
  endfacet
  facet normal -9.228885e-001 -3.850672e-001  0.000000e+000
    outer loop
      vertex  6.676646e+000 -3.498644e+000 -2.000000e+000
      vertex  6.676646e+000 -3.498644e+000  0.000000e+000
      vertex  6.535769e+000 -3.161005e+000  0.000000e+000
    endloop
  endfacet
  facet normal -9.228885e-001 -3.850672e-001  -0.000000e+000
    outer loop
      vertex  6.676646e+000 -3.498644e+000 -2.000000e+000
      vertex  6.535769e+000 -3.161005e+000  0.000000e+000
      vertex  6.535769e+000 -3.161005e+000 -2.000000e+000
    endloop
  endfacet
  facet normal -6.514096e-001  7.587264e-001  0.000000e+000
    outer loop
      vertex  6.272510e+000 -5.201340e+000  0.000000e+000
      vertex  5.994930e+000 -5.439658e+000 -2.000000e+000
      vertex  5.994930e+000 -5.439658e+000  0.000000e+000
    endloop
  endfacet
  facet normal -4.794247e-001  8.775830e-001  0.000000e+000
    outer loop
      vertex  5.994930e+000 -5.439658e+000  0.000000e+000
      vertex  5.994930e+000 -5.439658e+000 -2.000000e+000
      vertex  5.673867e+000 -5.615055e+000 -2.000000e+000
    endloop
  endfacet
  facet normal -4.794247e-001  8.775830e-001  0.000000e+000
    outer loop
      vertex  5.994930e+000 -5.439658e+000  0.000000e+000
      vertex  5.673867e+000 -5.615055e+000 -2.000000e+000
      vertex  5.673867e+000 -5.615055e+000  0.000000e+000
    endloop
  endfacet
  facet normal -2.864897e-001  9.580833e-001  0.000000e+000
    outer loop
      vertex  5.673867e+000 -5.615055e+000  0.000000e+000
      vertex  5.673867e+000 -5.615055e+000 -2.000000e+000
      vertex  5.323352e+000 -5.719867e+000 -2.000000e+000
    endloop
  endfacet
  facet normal -2.864897e-001  9.580833e-001  0.000000e+000
    outer loop
      vertex  5.673867e+000 -5.615055e+000  0.000000e+000
      vertex  5.323352e+000 -5.719867e+000 -2.000000e+000
      vertex  5.323352e+000 -5.719867e+000  0.000000e+000
    endloop
  endfacet
  facet normal -8.103179e-002  9.967115e-001  0.000000e+000
    outer loop
      vertex  5.323352e+000 -5.719867e+000  0.000000e+000
      vertex  5.323352e+000 -5.719867e+000 -2.000000e+000
      vertex  4.958706e+000 -5.749513e+000 -2.000000e+000
    endloop
  endfacet
  facet normal -8.103179e-002  9.967115e-001  0.000000e+000
    outer loop
      vertex  5.323352e+000 -5.719867e+000  0.000000e+000
      vertex  4.958706e+000 -5.749513e+000 -2.000000e+000
      vertex  4.958706e+000 -5.749513e+000  0.000000e+000
    endloop
  endfacet
  facet normal  1.279662e-001  9.917786e-001  0.000000e+000
    outer loop
      vertex  4.958706e+000 -5.749513e+000  0.000000e+000
      vertex  4.958706e+000 -5.749513e+000 -2.000000e+000
      vertex  4.595864e+000 -5.702696e+000 -2.000000e+000
    endloop
  endfacet
  facet normal  1.279662e-001  9.917786e-001  -0.000000e+000
    outer loop
      vertex  4.958706e+000 -5.749513e+000  0.000000e+000
      vertex  4.595864e+000 -5.702696e+000 -2.000000e+000
      vertex  4.595864e+000 -5.702696e+000  0.000000e+000
    endloop
  endfacet
  facet normal  3.313726e-001  9.435000e-001  0.000000e+000
    outer loop
      vertex  4.595864e+000 -5.702696e+000  0.000000e+000
      vertex  4.595864e+000 -5.702696e+000 -2.000000e+000
      vertex  4.250685e+000 -5.581464e+000 -2.000000e+000
    endloop
  endfacet
  facet normal  3.313726e-001  9.435000e-001  -0.000000e+000
    outer loop
      vertex  4.595864e+000 -5.702696e+000  0.000000e+000
      vertex  4.250685e+000 -5.581464e+000 -2.000000e+000
      vertex  4.250685e+000 -5.581464e+000  0.000000e+000
    endloop
  endfacet
  facet normal  5.202967e-001  8.539856e-001  0.000000e+000
    outer loop
      vertex  4.250685e+000 -5.581464e+000  0.000000e+000
      vertex  4.250685e+000 -5.581464e+000 -2.000000e+000
      vertex  3.938255e+000 -5.391113e+000 -2.000000e+000
    endloop
  endfacet
  facet normal  5.202967e-001  8.539856e-001  -0.000000e+000
    outer loop
      vertex  4.250685e+000 -5.581464e+000  0.000000e+000
      vertex  3.938255e+000 -5.391113e+000 -2.000000e+000
      vertex  3.938255e+000 -5.391113e+000  0.000000e+000
    endloop
  endfacet
  facet normal  6.864799e-001  7.271489e-001  0.000000e+000
    outer loop
      vertex  3.938255e+000 -5.391113e+000  0.000000e+000
      vertex  3.938255e+000 -5.391113e+000 -2.000000e+000
      vertex  3.672228e+000 -5.139965e+000 -2.000000e+000
    endloop
  endfacet
  facet normal  6.864799e-001  7.271489e-001  -0.000000e+000
    outer loop
      vertex  3.938255e+000 -5.391113e+000  0.000000e+000
      vertex  3.672228e+000 -5.139965e+000 -2.000000e+000
      vertex  3.672228e+000 -5.139965e+000  0.000000e+000
    endloop
  endfacet
  facet normal  8.226616e-001  5.685314e-001  0.000000e+000
    outer loop
      vertex  3.672228e+000 -5.139965e+000  0.000000e+000
      vertex  3.672228e+000 -5.139965e+000 -2.000000e+000
      vertex  3.464231e+000 -4.838995e+000 -2.000000e+000
    endloop
  endfacet
  facet normal  8.226616e-001  5.685314e-001  -0.000000e+000
    outer loop
      vertex  3.672228e+000 -5.139965e+000  0.000000e+000
      vertex  3.464231e+000 -4.838995e+000 -2.000000e+000
      vertex  3.464231e+000 -4.838995e+000  0.000000e+000
    endloop
  endfacet
  facet normal  6.439677e-001  2.942467e-001 -7.062042e-001
    outer loop
      vertex  1.709065e+000 -5.797846e+000 -4.000000e+000
      vertex  1.486702e+000 -5.311197e+000 -4.000000e+000
      vertex  3.464231e+000 -4.838995e+000 -2.000000e+000
    endloop
  endfacet
  facet normal  6.514612e-001  2.718163e-001 -7.083178e-001
    outer loop
      vertex  1.486702e+000 -5.311197e+000 -4.000000e+000
      vertex  3.323354e+000 -4.501356e+000 -2.000000e+000
      vertex  3.464231e+000 -4.838995e+000 -2.000000e+000
    endloop
  endfacet
  facet normal -5.807117e-001 -4.013226e-001 -7.083176e-001
    outer loop
      vertex  6.327773e+000 -2.860035e+000 -2.000000e+000
      vertex  8.001577e+000 -1.752105e+000 -4.000000e+000
      vertex  6.535769e+000 -3.161005e+000 -2.000000e+000
    endloop
  endfacet
  facet normal -5.955373e-001 -3.828981e-001 -7.062042e-001
    outer loop
      vertex  8.001577e+000 -1.752105e+000 -4.000000e+000
      vertex  8.290935e+000 -2.202154e+000 -4.000000e+000
      vertex  6.535769e+000 -3.161005e+000 -2.000000e+000
    endloop
  endfacet
  facet normal  6.800429e-001  1.998272e-001 -7.054152e-001
    outer loop
      vertex  1.486702e+000 -5.311197e+000 -4.000000e+000
      vertex  1.335860e+000 -4.797857e+000 -4.000000e+000
      vertex  3.323354e+000 -4.501356e+000 -2.000000e+000
    endloop
  endfacet
  facet normal  7.009758e-001  1.009290e-001 -7.060074e-001
    outer loop
      vertex  1.335860e+000 -4.797857e+000 -4.000000e+000
      vertex  1.259609e+000 -4.268274e+000 -4.000000e+000
      vertex  3.255755e+000 -4.141806e+000 -2.000000e+000
    endloop
  endfacet
  facet normal  6.935328e-001  1.303912e-001 -7.085268e-001
    outer loop
      vertex  3.323354e+000 -4.501356e+000 -2.000000e+000
      vertex  1.335860e+000 -4.797857e+000 -4.000000e+000
      vertex  3.255755e+000 -4.141806e+000 -2.000000e+000
    endloop
  endfacet
  facet normal  7.015723e-001 -1.007268e-001 -7.054435e-001
    outer loop
      vertex  1.259501e+000 -3.733231e+000 -4.000000e+000
      vertex  1.335539e+000 -3.203617e+000 -4.000000e+000
      vertex  3.264388e+000 -3.776058e+000 -2.000000e+000
    endloop
  endfacet
  facet normal  7.059670e-001 -1.666254e-002 -7.080487e-001
    outer loop
      vertex  3.255755e+000 -4.141806e+000 -2.000000e+000
      vertex  1.259501e+000 -3.733231e+000 -4.000000e+000
      vertex  3.264388e+000 -3.776058e+000 -2.000000e+000
    endloop
  endfacet
  facet normal  7.077839e-001  1.423997e-004 -7.064291e-001
    outer loop
      vertex  1.259609e+000 -4.268274e+000 -4.000000e+000
      vertex  1.259501e+000 -3.733231e+000 -4.000000e+000
      vertex  3.255755e+000 -4.141806e+000 -2.000000e+000
    endloop
  endfacet
  facet normal  6.797190e-001 -1.994349e-001 -7.058383e-001
    outer loop
      vertex  1.335539e+000 -3.203617e+000 -4.000000e+000
      vertex  1.486175e+000 -2.690216e+000 -4.000000e+000
      vertex  3.348875e+000 -3.420098e+000 -2.000000e+000
    endloop
  endfacet
  facet normal  6.864628e-001 -1.629326e-001 -7.086761e-001
    outer loop
      vertex  3.264388e+000 -3.776058e+000 -2.000000e+000
      vertex  1.335539e+000 -3.203617e+000 -4.000000e+000
      vertex  3.348875e+000 -3.420098e+000 -2.000000e+000
    endloop
  endfacet
  facet normal  5.962818e-001 -3.830376e-001 -7.054999e-001
    outer loop
      vertex  1.708342e+000 -2.203478e+000 -4.000000e+000
      vertex  1.997518e+000 -1.753313e+000 -4.000000e+000
      vertex  3.505525e+000 -3.089482e+000 -2.000000e+000
    endloop
  endfacet
  facet normal  6.384534e-001 -3.025067e-001 -7.077195e-001
    outer loop
      vertex  3.348875e+000 -3.420098e+000 -2.000000e+000
      vertex  1.708342e+000 -2.203478e+000 -4.000000e+000
      vertex  3.505525e+000 -3.089482e+000 -2.000000e+000
    endloop
  endfacet
  facet normal  6.436525e-001 -2.937898e-001 -7.066817e-001
    outer loop
      vertex  1.486175e+000 -2.690216e+000 -4.000000e+000
      vertex  1.708342e+000 -2.203478e+000 -4.000000e+000
      vertex  3.348875e+000 -3.420098e+000 -2.000000e+000
    endloop
  endfacet
  facet normal  5.355520e-001 -4.638699e-001 -7.056974e-001
    outer loop
      vertex  1.997518e+000 -1.753313e+000 -4.000000e+000
      vertex  2.347816e+000 -1.348883e+000 -4.000000e+000
      vertex  3.727490e+000 -2.798660e+000 -2.000000e+000
    endloop
  endfacet
  facet normal  5.607733e-001 -4.280008e-001 -7.087657e-001
    outer loop
      vertex  3.505525e+000 -3.089482e+000 -2.000000e+000
      vertex  1.997518e+000 -1.753313e+000 -4.000000e+000
      vertex  3.727490e+000 -2.798660e+000 -2.000000e+000
    endloop
  endfacet
  facet normal  3.832321e-001 -5.960567e-001 -7.055845e-001
    outer loop
      vertex  2.752105e+000 -9.984225e-001 -4.000000e+000
      vertex  3.202154e+000 -7.090654e-001 -4.000000e+000
      vertex  4.005070e+000 -2.560343e+000 -2.000000e+000
    endloop
  endfacet
  facet normal  4.604699e-001 -5.363318e-001 -7.073299e-001
    outer loop
      vertex  3.727490e+000 -2.798660e+000 -2.000000e+000
      vertex  2.752105e+000 -9.984225e-001 -4.000000e+000
      vertex  4.005070e+000 -2.560343e+000 -2.000000e+000
    endloop
  endfacet
  facet normal  4.632587e-001 -5.344120e-001 -7.069620e-001
    outer loop
      vertex  2.347816e+000 -1.348883e+000 -4.000000e+000
      vertex  2.752105e+000 -9.984225e-001 -4.000000e+000
      vertex  3.727490e+000 -2.798660e+000 -2.000000e+000
    endloop
  endfacet
  facet normal  2.945034e-001 -6.445294e-001 -7.055847e-001
    outer loop
      vertex  3.202154e+000 -7.090654e-001 -4.000000e+000
      vertex  3.688802e+000 -4.867022e-001 -4.000000e+000
      vertex  4.326133e+000 -2.384945e+000 -2.000000e+000
    endloop
  endfacet
  facet normal  3.381933e-001 -6.190593e-001 -7.087954e-001
    outer loop
      vertex  4.005070e+000 -2.560343e+000 -2.000000e+000
      vertex  3.202154e+000 -7.090654e-001 -4.000000e+000
      vertex  4.326133e+000 -2.384945e+000 -2.000000e+000
    endloop
  endfacet
  facet normal  1.009730e-001 -7.012814e-001 -7.056974e-001
    outer loop
      vertex  4.202143e+000 -3.358597e-001 -4.000000e+000
      vertex  4.731726e+000 -2.596085e-001 -4.000000e+000
      vertex  4.676648e+000 -2.280133e+000 -2.000000e+000
    endloop
  endfacet
  facet normal  2.026436e-001 -6.776847e-001 -7.068798e-001
    outer loop
      vertex  4.326133e+000 -2.384945e+000 -2.000000e+000
      vertex  4.202143e+000 -3.358597e-001 -4.000000e+000
      vertex  4.676648e+000 -2.280133e+000 -2.000000e+000
    endloop
  endfacet
  facet normal  1.993054e-001 -6.782675e-001 -7.072698e-001
    outer loop
      vertex  3.688802e+000 -4.867022e-001 -4.000000e+000
      vertex  4.202143e+000 -3.358597e-001 -4.000000e+000
      vertex  4.326133e+000 -2.384945e+000 -2.000000e+000
    endloop
  endfacet
  facet normal  1.425861e-004 -7.087100e-001 -7.054999e-001
    outer loop
      vertex  4.731726e+000 -2.596085e-001 -4.000000e+000
      vertex  5.266769e+000 -2.595008e-001 -4.000000e+000
      vertex  5.041294e+000 -2.250487e+000 -2.000000e+000
    endloop
  endfacet
  facet normal  5.716340e-002 -7.031243e-001 -7.087656e-001
    outer loop
      vertex  4.676648e+000 -2.280133e+000 -2.000000e+000
      vertex  4.731726e+000 -2.596085e-001 -4.000000e+000
      vertex  5.041294e+000 -2.250487e+000 -2.000000e+000
    endloop
  endfacet
  facet normal -1.994350e-001 -6.797190e-001 -7.058383e-001
    outer loop
      vertex  5.796383e+000 -3.355390e-001 -4.000000e+000
      vertex  6.309784e+000 -4.861750e-001 -4.000000e+000
      vertex  5.404136e+000 -2.297304e+000 -2.000000e+000
    endloop
  endfacet
  facet normal -9.058057e-002 -7.020246e-001 -7.063687e-001
    outer loop
      vertex  5.041294e+000 -2.250487e+000 -2.000000e+000
      vertex  5.796383e+000 -3.355390e-001 -4.000000e+000
      vertex  5.404136e+000 -2.297304e+000 -2.000000e+000
    endloop
  endfacet
  facet normal -1.004201e-001 -6.994361e-001 -7.076051e-001
    outer loop
      vertex  5.266769e+000 -2.595008e-001 -4.000000e+000
      vertex  5.796383e+000 -3.355390e-001 -4.000000e+000
      vertex  5.041294e+000 -2.250487e+000 -2.000000e+000
    endloop
  endfacet
  facet normal -2.943024e-001 -6.447756e-001 -7.054434e-001
    outer loop
      vertex  6.309784e+000 -4.861750e-001 -4.000000e+000
      vertex  6.796522e+000 -7.083423e-001 -4.000000e+000
      vertex  5.749315e+000 -2.418536e+000 -2.000000e+000
    endloop
  endfacet
  facet normal -2.337946e-001 -6.656712e-001 -7.086761e-001
    outer loop
      vertex  5.404136e+000 -2.297304e+000 -2.000000e+000
      vertex  6.309784e+000 -4.861750e-001 -4.000000e+000
      vertex  5.749315e+000 -2.418536e+000 -2.000000e+000
    endloop
  endfacet
  facet normal -4.636678e-001 -5.353184e-001 -7.060074e-001
    outer loop
      vertex  7.246687e+000 -9.975183e-001 -4.000000e+000
      vertex  7.651117e+000 -1.347816e+000 -4.000000e+000
      vertex  6.061745e+000 -2.608886e+000 -2.000000e+000
    endloop
  endfacet
  facet normal -3.685855e-001 -6.049765e-001 -7.057962e-001
    outer loop
      vertex  5.749315e+000 -2.418536e+000 -2.000000e+000
      vertex  7.246687e+000 -9.975183e-001 -4.000000e+000
      vertex  6.061745e+000 -2.608886e+000 -2.000000e+000
    endloop
  endfacet
  facet normal -3.817053e-001 -5.942079e-001 -7.079676e-001
    outer loop
      vertex  6.796522e+000 -7.083423e-001 -4.000000e+000
      vertex  7.246687e+000 -9.975183e-001 -4.000000e+000
      vertex  5.749315e+000 -2.418536e+000 -2.000000e+000
    endloop
  endfacet
  facet normal -5.355777e-001 -4.642693e-001 -7.054152e-001
    outer loop
      vertex  7.651117e+000 -1.347816e+000 -4.000000e+000
      vertex  8.001577e+000 -1.752105e+000 -4.000000e+000
      vertex  6.327773e+000 -2.860035e+000 -2.000000e+000
    endloop
  endfacet
  facet normal -4.844375e-001 -5.131375e-001 -7.085269e-001
    outer loop
      vertex  6.061745e+000 -2.608886e+000 -2.000000e+000
      vertex  7.651117e+000 -1.347816e+000 -4.000000e+000
      vertex  6.327773e+000 -2.860035e+000 -2.000000e+000
    endloop
  endfacet
  facet normal -6.439675e-001 -2.942471e-001 -7.062042e-001
    outer loop
      vertex  8.290935e+000 -2.202154e+000 -4.000000e+000
      vertex  8.513298e+000 -2.688802e+000 -4.000000e+000
      vertex  6.535769e+000 -3.161005e+000 -2.000000e+000
    endloop
  endfacet
  facet normal -6.514612e-001 -2.718165e-001 -7.083178e-001
    outer loop
      vertex  8.513298e+000 -2.688802e+000 -4.000000e+000
      vertex  6.676646e+000 -3.498644e+000 -2.000000e+000
      vertex  6.535769e+000 -3.161005e+000 -2.000000e+000
    endloop
  endfacet
  facet normal  5.807115e-001  4.013227e-001 -7.083178e-001
    outer loop
      vertex  3.672228e+000 -5.139965e+000 -2.000000e+000
      vertex  1.998423e+000 -6.247895e+000 -4.000000e+000
      vertex  3.464231e+000 -4.838995e+000 -2.000000e+000
    endloop
  endfacet
  facet normal  5.955374e-001  3.828979e-001 -7.062042e-001
    outer loop
      vertex  1.998423e+000 -6.247895e+000 -4.000000e+000
      vertex  1.709065e+000 -5.797846e+000 -4.000000e+000
      vertex  3.464231e+000 -4.838995e+000 -2.000000e+000
    endloop
  endfacet
  facet normal -6.800429e-001 -1.998274e-001 -7.054152e-001
    outer loop
      vertex  8.513298e+000 -2.688802e+000 -4.000000e+000
      vertex  8.664141e+000 -3.202143e+000 -4.000000e+000
      vertex  6.676646e+000 -3.498644e+000 -2.000000e+000
    endloop
  endfacet
  facet normal -7.009758e-001 -1.009287e-001 -7.060074e-001
    outer loop
      vertex  8.664141e+000 -3.202143e+000 -4.000000e+000
      vertex  8.740392e+000 -3.731726e+000 -4.000000e+000
      vertex  6.744245e+000 -3.858194e+000 -2.000000e+000
    endloop
  endfacet
  facet normal -6.935328e-001 -1.303908e-001 -7.085268e-001
    outer loop
      vertex  6.676646e+000 -3.498644e+000 -2.000000e+000
      vertex  8.664141e+000 -3.202143e+000 -4.000000e+000
      vertex  6.744245e+000 -3.858194e+000 -2.000000e+000
    endloop
  endfacet
  facet normal -7.015722e-001  1.007270e-001 -7.054434e-001
    outer loop
      vertex  8.740499e+000 -4.266769e+000 -4.000000e+000
      vertex  8.664461e+000 -4.796383e+000 -4.000000e+000
      vertex  6.735612e+000 -4.223942e+000 -2.000000e+000
    endloop
  endfacet
  facet normal -7.059669e-001  1.666277e-002 -7.080488e-001
    outer loop
      vertex  6.744245e+000 -3.858194e+000 -2.000000e+000
      vertex  8.740499e+000 -4.266769e+000 -4.000000e+000
      vertex  6.735612e+000 -4.223942e+000 -2.000000e+000
    endloop
  endfacet
  facet normal -7.077838e-001 -1.425574e-004 -7.064292e-001
    outer loop
      vertex  8.740392e+000 -3.731726e+000 -4.000000e+000
      vertex  8.740499e+000 -4.266769e+000 -4.000000e+000
      vertex  6.744245e+000 -3.858194e+000 -2.000000e+000
    endloop
  endfacet
  facet normal -6.797190e-001  1.994347e-001 -7.058383e-001
    outer loop
      vertex  8.664461e+000 -4.796383e+000 -4.000000e+000
      vertex  8.513825e+000 -5.309784e+000 -4.000000e+000
      vertex  6.651125e+000 -4.579902e+000 -2.000000e+000
    endloop
  endfacet
  facet normal -6.864628e-001  1.629324e-001 -7.086761e-001
    outer loop
      vertex  6.735612e+000 -4.223942e+000 -2.000000e+000
      vertex  8.664461e+000 -4.796383e+000 -4.000000e+000
      vertex  6.651125e+000 -4.579902e+000 -2.000000e+000
    endloop
  endfacet
  facet normal -5.962819e-001  3.830376e-001 -7.054999e-001
    outer loop
      vertex  8.291657e+000 -5.796522e+000 -4.000000e+000
      vertex  8.002481e+000 -6.246687e+000 -4.000000e+000
      vertex  6.494475e+000 -4.910518e+000 -2.000000e+000
    endloop
  endfacet
  facet normal -6.384535e-001  3.025065e-001 -7.077194e-001
    outer loop
      vertex  6.651125e+000 -4.579902e+000 -2.000000e+000
      vertex  8.291657e+000 -5.796522e+000 -4.000000e+000
      vertex  6.494475e+000 -4.910518e+000 -2.000000e+000
    endloop
  endfacet
  facet normal -6.436521e-001  2.937904e-001 -7.066817e-001
    outer loop
      vertex  8.513825e+000 -5.309784e+000 -4.000000e+000
      vertex  8.291657e+000 -5.796522e+000 -4.000000e+000
      vertex  6.651125e+000 -4.579902e+000 -2.000000e+000
    endloop
  endfacet
  facet normal -5.355521e-001  4.638697e-001 -7.056975e-001
    outer loop
      vertex  8.002481e+000 -6.246687e+000 -4.000000e+000
      vertex  7.652184e+000 -6.651117e+000 -4.000000e+000
      vertex  6.272510e+000 -5.201340e+000 -2.000000e+000
    endloop
  endfacet
  facet normal -5.607727e-001  4.280016e-001 -7.087656e-001
    outer loop
      vertex  6.494475e+000 -4.910518e+000 -2.000000e+000
      vertex  8.002481e+000 -6.246687e+000 -4.000000e+000
      vertex  6.272510e+000 -5.201340e+000 -2.000000e+000
    endloop
  endfacet
  facet normal -3.832320e-001  5.960568e-001 -7.055845e-001
    outer loop
      vertex  7.247895e+000 -7.001577e+000 -4.000000e+000
      vertex  6.797846e+000 -7.290935e+000 -4.000000e+000
      vertex  5.994930e+000 -5.439658e+000 -2.000000e+000
    endloop
  endfacet
  facet normal -4.604707e-001  5.363311e-001 -7.073299e-001
    outer loop
      vertex  6.272510e+000 -5.201340e+000 -2.000000e+000
      vertex  7.247895e+000 -7.001577e+000 -4.000000e+000
      vertex  5.994930e+000 -5.439658e+000 -2.000000e+000
    endloop
  endfacet
  facet normal -4.632587e-001  5.344119e-001 -7.069620e-001
    outer loop
      vertex  7.652184e+000 -6.651117e+000 -4.000000e+000
      vertex  7.247895e+000 -7.001577e+000 -4.000000e+000
      vertex  6.272510e+000 -5.201340e+000 -2.000000e+000
    endloop
  endfacet
  facet normal -2.945031e-001  6.445295e-001 -7.055846e-001
    outer loop
      vertex  6.797846e+000 -7.290935e+000 -4.000000e+000
      vertex  6.311197e+000 -7.513298e+000 -4.000000e+000
      vertex  5.673867e+000 -5.615055e+000 -2.000000e+000
    endloop
  endfacet
  facet normal -3.381929e-001  6.190594e-001 -7.087954e-001
    outer loop
      vertex  5.994930e+000 -5.439658e+000 -2.000000e+000
      vertex  6.797846e+000 -7.290935e+000 -4.000000e+000
      vertex  5.673867e+000 -5.615055e+000 -2.000000e+000
    endloop
  endfacet
  facet normal -1.009734e-001  7.012814e-001 -7.056974e-001
    outer loop
      vertex  5.797857e+000 -7.664140e+000 -4.000000e+000
      vertex  5.268274e+000 -7.740392e+000 -4.000000e+000
      vertex  5.323352e+000 -5.719867e+000 -2.000000e+000
    endloop
  endfacet
  facet normal -2.026438e-001  6.776847e-001 -7.068797e-001
    outer loop
      vertex  5.673867e+000 -5.615055e+000 -2.000000e+000
      vertex  5.797857e+000 -7.664140e+000 -4.000000e+000
      vertex  5.323352e+000 -5.719867e+000 -2.000000e+000
    endloop
  endfacet
  facet normal -1.993057e-001  6.782674e-001 -7.072698e-001
    outer loop
      vertex  6.311197e+000 -7.513298e+000 -4.000000e+000
      vertex  5.797857e+000 -7.664140e+000 -4.000000e+000
      vertex  5.673867e+000 -5.615055e+000 -2.000000e+000
    endloop
  endfacet
  facet normal -1.421124e-004  7.087100e-001 -7.054999e-001
    outer loop
      vertex  5.268274e+000 -7.740392e+000 -4.000000e+000
      vertex  4.733231e+000 -7.740499e+000 -4.000000e+000
      vertex  4.958706e+000 -5.749513e+000 -2.000000e+000
    endloop
  endfacet
  facet normal -5.716339e-002  7.031242e-001 -7.087656e-001
    outer loop
      vertex  5.323352e+000 -5.719867e+000 -2.000000e+000
      vertex  5.268274e+000 -7.740392e+000 -4.000000e+000
      vertex  4.958706e+000 -5.749513e+000 -2.000000e+000
    endloop
  endfacet
  facet normal  1.994353e-001  6.797190e-001 -7.058383e-001
    outer loop
      vertex  4.203617e+000 -7.664461e+000 -4.000000e+000
      vertex  3.690216e+000 -7.513825e+000 -4.000000e+000
      vertex  4.595864e+000 -5.702696e+000 -2.000000e+000
    endloop
  endfacet
  facet normal  9.058012e-002  7.020248e-001 -7.063687e-001
    outer loop
      vertex  4.958706e+000 -5.749513e+000 -2.000000e+000
      vertex  4.203617e+000 -7.664461e+000 -4.000000e+000
      vertex  4.595864e+000 -5.702696e+000 -2.000000e+000
    endloop
  endfacet
  facet normal  1.004197e-001  6.994362e-001 -7.076051e-001
    outer loop
      vertex  4.733231e+000 -7.740499e+000 -4.000000e+000
      vertex  4.203617e+000 -7.664461e+000 -4.000000e+000
      vertex  4.958706e+000 -5.749513e+000 -2.000000e+000
    endloop
  endfacet
  facet normal  2.943026e-001  6.447756e-001 -7.054434e-001
    outer loop
      vertex  3.690216e+000 -7.513825e+000 -4.000000e+000
      vertex  3.203478e+000 -7.291657e+000 -4.000000e+000
      vertex  4.250685e+000 -5.581464e+000 -2.000000e+000
    endloop
  endfacet
  facet normal  2.337946e-001  6.656713e-001 -7.086760e-001
    outer loop
      vertex  4.595864e+000 -5.702696e+000 -2.000000e+000
      vertex  3.690216e+000 -7.513825e+000 -4.000000e+000
      vertex  4.250685e+000 -5.581464e+000 -2.000000e+000
    endloop
  endfacet
  facet normal  4.636673e-001  5.353189e-001 -7.060073e-001
    outer loop
      vertex  2.753313e+000 -7.002481e+000 -4.000000e+000
      vertex  2.348883e+000 -6.652184e+000 -4.000000e+000
      vertex  3.938255e+000 -5.391113e+000 -2.000000e+000
    endloop
  endfacet
  facet normal  3.685859e-001  6.049761e-001 -7.057961e-001
    outer loop
      vertex  4.250685e+000 -5.581464e+000 -2.000000e+000
      vertex  2.753313e+000 -7.002481e+000 -4.000000e+000
      vertex  3.938255e+000 -5.391113e+000 -2.000000e+000
    endloop
  endfacet
  facet normal  3.817055e-001  5.942078e-001 -7.079675e-001
    outer loop
      vertex  3.203478e+000 -7.291657e+000 -4.000000e+000
      vertex  2.753313e+000 -7.002481e+000 -4.000000e+000
      vertex  4.250685e+000 -5.581464e+000 -2.000000e+000
    endloop
  endfacet
  facet normal  5.355776e-001  4.642693e-001 -7.054152e-001
    outer loop
      vertex  2.348883e+000 -6.652184e+000 -4.000000e+000
      vertex  1.998423e+000 -6.247895e+000 -4.000000e+000
      vertex  3.672228e+000 -5.139965e+000 -2.000000e+000
    endloop
  endfacet
  facet normal  4.844377e-001  5.131372e-001 -7.085269e-001
    outer loop
      vertex  3.938255e+000 -5.391113e+000 -2.000000e+000
      vertex  2.348883e+000 -6.652184e+000 -4.000000e+000
      vertex  3.672228e+000 -5.139965e+000 -2.000000e+000
    endloop
  endfacet
endsolid CATIA STL
