solid CATIA STL
  facet normal  0.000000e+000  0.000000e+000 -1.000000e+000
    outer loop
      vertex -1.800000e+000 -4.380000e+001  5.200000e+000
      vertex -1.800000e+000 -3.670000e+001  5.200000e+000
      vertex -6.000000e-001 -4.380000e+001  5.200000e+000
    endloop
  endfacet
  facet normal  0.000000e+000  0.000000e+000 -1.000000e+000
    outer loop
      vertex -6.000000e-001 -4.380000e+001  5.200000e+000
      vertex -1.800000e+000 -3.670000e+001  5.200000e+000
      vertex -6.000000e-001 -3.670000e+001  5.200000e+000
    endloop
  endfacet
  facet normal  0.000000e+000 -9.999999e-001  0.000000e+000
    outer loop
      vertex -1.800000e+000 -3.550000e+001  4.000000e+000
      vertex -1.800000e+000 -3.550000e+001 -3.700000e+000
      vertex -1.500000e+000 -3.550000e+001 -4.000000e+000
    endloop
  endfacet
  facet normal  0.000000e+000 -1.000000e+000  0.000000e+000
    outer loop
      vertex -1.800000e+000 -3.550000e+001  4.000000e+000
      vertex -1.500000e+000 -3.550000e+001 -4.000000e+000
      vertex -6.000000e-001 -3.550000e+001  4.000000e+000
    endloop
  endfacet
  facet normal  0.000000e+000 -1.000000e+000  0.000000e+000
    outer loop
      vertex -6.000000e-001 -3.550000e+001  4.000000e+000
      vertex -1.500000e+000 -3.550000e+001 -4.000000e+000
      vertex -9.000000e-001 -3.550000e+001 -4.000000e+000
    endloop
  endfacet
  facet normal  0.000000e+000 -1.000000e+000  0.000000e+000
    outer loop
      vertex -6.000000e-001 -3.550000e+001  4.000000e+000
      vertex -9.000000e-001 -3.550000e+001 -4.000000e+000
      vertex -6.000000e-001 -3.550000e+001 -3.700000e+000
    endloop
  endfacet
  facet normal -1.000000e+000  0.000000e+000  0.000000e+000
    outer loop
      vertex -1.800000e+000 -4.500000e+001  4.000000e+000
      vertex -1.800000e+000 -5.025000e+001 -3.700000e+000
      vertex -1.800000e+000 -4.496991e+001  4.267025e+000
    endloop
  endfacet
  facet normal -1.000000e+000  0.000000e+000  0.000000e+000
    outer loop
      vertex -1.800000e+000 -4.500000e+001  4.000000e+000
      vertex -1.800000e+000 -4.500000e+001 -3.700000e+000
      vertex -1.800000e+000 -5.025000e+001 -3.700000e+000
    endloop
  endfacet
  facet normal -9.999999e-001  0.000000e+000  0.000000e+000
    outer loop
      vertex -1.800000e+000 -5.975000e+001  1.280000e+001
      vertex -1.800000e+000 -5.975000e+001 -3.700000e+000
      vertex -1.800000e+000 -7.060000e+001 -3.700000e+000
    endloop
  endfacet
  facet normal -1.000000e+000  0.000000e+000  0.000000e+000
    outer loop
      vertex -1.800000e+000 -5.975000e+001  1.280000e+001
      vertex -1.800000e+000 -7.060000e+001 -3.700000e+000
      vertex -1.800000e+000 -7.060000e+001  1.500000e+001
    endloop
  endfacet
  facet normal -1.000000e+000  0.000000e+000  0.000000e+000
    outer loop
      vertex -1.800000e+000 -5.975000e+001  1.280000e+001
      vertex -1.800000e+000 -7.060000e+001  1.500000e+001
      vertex -1.800000e+000  6.000000e-001  1.500000e+001
    endloop
  endfacet
  facet normal -1.000000e+000  0.000000e+000  0.000000e+000
    outer loop
      vertex -1.800000e+000 -5.025000e+001  1.280000e+001
      vertex -1.800000e+000 -5.975000e+001  1.280000e+001
      vertex -1.800000e+000  6.000000e-001  1.500000e+001
    endloop
  endfacet
  facet normal -1.000000e+000  0.000000e+000  0.000000e+000
    outer loop
      vertex -1.800000e+000 -5.025000e+001  1.280000e+001
      vertex -1.800000e+000  6.000000e-001  1.500000e+001
      vertex -1.800000e+000 -4.406702e+001  5.169913e+000
    endloop
  endfacet
  facet normal -1.000000e+000  -0.000000e+000  0.000000e+000
    outer loop
      vertex -1.800000e+000 -5.025000e+001  1.280000e+001
      vertex -1.800000e+000 -4.406702e+001  5.169913e+000
      vertex -1.800000e+000 -4.432066e+001  5.081162e+000
    endloop
  endfacet
  facet normal -9.999999e-001  -0.000000e+000  0.000000e+000
    outer loop
      vertex -1.800000e+000 -5.025000e+001  1.280000e+001
      vertex -1.800000e+000 -4.432066e+001  5.081162e+000
      vertex -1.800000e+000 -4.454819e+001  4.938198e+000
    endloop
  endfacet
  facet normal -1.000000e+000  -0.000000e+000  0.000000e+000
    outer loop
      vertex -1.800000e+000 -5.025000e+001  1.280000e+001
      vertex -1.800000e+000 -4.454819e+001  4.938198e+000
      vertex -1.800000e+000 -4.473820e+001  4.748188e+000
    endloop
  endfacet
  facet normal -1.000000e+000  0.000000e+000  0.000000e+000
    outer loop
      vertex -1.800000e+000 -5.025000e+001 -3.700000e+000
      vertex -1.800000e+000 -5.025000e+001  1.280000e+001
      vertex -1.800000e+000 -4.473820e+001  4.748188e+000
    endloop
  endfacet
  facet normal -1.000000e+000  0.000000e+000  0.000000e+000
    outer loop
      vertex -1.800000e+000 -5.025000e+001 -3.700000e+000
      vertex -1.800000e+000 -4.473820e+001  4.748188e+000
      vertex -1.800000e+000 -4.488116e+001  4.520660e+000
    endloop
  endfacet
  facet normal -1.000000e+000  0.000000e+000  0.000000e+000
    outer loop
      vertex -1.800000e+000 -5.025000e+001 -3.700000e+000
      vertex -1.800000e+000 -4.488116e+001  4.520660e+000
      vertex -1.800000e+000 -4.496991e+001  4.267025e+000
    endloop
  endfacet
  facet normal -1.000000e+000  0.000000e+000  0.000000e+000
    outer loop
      vertex -1.800000e+000  6.000000e-001  1.500000e+001
      vertex -1.800000e+000  6.000000e-001 -3.700000e+000
      vertex -1.800000e+000 -3.550000e+001 -3.700000e+000
    endloop
  endfacet
  facet normal -1.000000e+000  0.000000e+000  0.000000e+000
    outer loop
      vertex -1.800000e+000  6.000000e-001  1.500000e+001
      vertex -1.800000e+000 -3.550000e+001 -3.700000e+000
      vertex -1.800000e+000 -3.550000e+001  4.000000e+000
    endloop
  endfacet
  facet normal -1.000000e+000  0.000000e+000  0.000000e+000
    outer loop
      vertex -1.800000e+000  6.000000e-001  1.500000e+001
      vertex -1.800000e+000 -3.550000e+001  4.000000e+000
      vertex -1.800000e+000 -3.553009e+001  4.267025e+000
    endloop
  endfacet
  facet normal -1.000000e+000  0.000000e+000  0.000000e+000
    outer loop
      vertex -1.800000e+000  6.000000e-001  1.500000e+001
      vertex -1.800000e+000 -3.553009e+001  4.267025e+000
      vertex -1.800000e+000 -3.561884e+001  4.520660e+000
    endloop
  endfacet
  facet normal -1.000000e+000  0.000000e+000  0.000000e+000
    outer loop
      vertex -1.800000e+000  6.000000e-001  1.500000e+001
      vertex -1.800000e+000 -3.561884e+001  4.520660e+000
      vertex -1.800000e+000 -3.576180e+001  4.748188e+000
    endloop
  endfacet
  facet normal -1.000000e+000  0.000000e+000  0.000000e+000
    outer loop
      vertex -1.800000e+000  6.000000e-001  1.500000e+001
      vertex -1.800000e+000 -3.576180e+001  4.748188e+000
      vertex -1.800000e+000 -3.595181e+001  4.938198e+000
    endloop
  endfacet
  facet normal -1.000000e+000  0.000000e+000  0.000000e+000
    outer loop
      vertex -1.800000e+000  6.000000e-001  1.500000e+001
      vertex -1.800000e+000 -3.595181e+001  4.938198e+000
      vertex -1.800000e+000 -3.617934e+001  5.081162e+000
    endloop
  endfacet
  facet normal -1.000000e+000  0.000000e+000  0.000000e+000
    outer loop
      vertex -1.800000e+000  6.000000e-001  1.500000e+001
      vertex -1.800000e+000 -3.617934e+001  5.081162e+000
      vertex -1.800000e+000 -3.643298e+001  5.169913e+000
    endloop
  endfacet
  facet normal -1.000000e+000  0.000000e+000  0.000000e+000
    outer loop
      vertex -1.800000e+000  6.000000e-001  1.500000e+001
      vertex -1.800000e+000 -3.643298e+001  5.169913e+000
      vertex -1.800000e+000 -3.670000e+001  5.200000e+000
    endloop
  endfacet
  facet normal -1.000000e+000  0.000000e+000  0.000000e+000
    outer loop
      vertex -1.800000e+000  6.000000e-001  1.500000e+001
      vertex -1.800000e+000 -3.670000e+001  5.200000e+000
      vertex -1.800000e+000 -4.380000e+001  5.200000e+000
    endloop
  endfacet
  facet normal -1.000000e+000  -0.000000e+000  0.000000e+000
    outer loop
      vertex -1.800000e+000  6.000000e-001  1.500000e+001
      vertex -1.800000e+000 -4.380000e+001  5.200000e+000
      vertex -1.800000e+000 -4.406702e+001  5.169913e+000
    endloop
  endfacet
  facet normal  1.000000e+000  0.000000e+000  0.000000e+000
    outer loop
      vertex -6.000000e-001 -4.496991e+001  4.267025e+000
      vertex -6.000000e-001 -5.025000e+001 -3.700000e+000
      vertex -6.000000e-001 -4.500000e+001  4.000000e+000
    endloop
  endfacet
  facet normal  1.000000e+000  0.000000e+000  -0.000000e+000
    outer loop
      vertex -6.000000e-001 -5.025000e+001 -3.700000e+000
      vertex -6.000000e-001 -4.500000e+001 -3.700000e+000
      vertex -6.000000e-001 -4.500000e+001  4.000000e+000
    endloop
  endfacet
  facet normal  1.000000e+000  0.000000e+000  0.000000e+000
    outer loop
      vertex -6.000000e-001 -5.975000e+001 -3.700000e+000
      vertex -6.000000e-001 -5.975000e+001  1.280000e+001
      vertex -6.000000e-001 -6.160000e+001  1.380000e+001
    endloop
  endfacet
  facet normal  1.000000e+000  0.000000e+000  0.000000e+000
    outer loop
      vertex -6.000000e-001 -5.975000e+001 -3.700000e+000
      vertex -6.000000e-001 -6.160000e+001  1.380000e+001
      vertex -6.000000e-001 -6.160000e+001  1.700000e+000
    endloop
  endfacet
  facet normal  1.000000e+000  0.000000e+000  0.000000e+000
    outer loop
      vertex -6.000000e-001 -5.975000e+001 -3.700000e+000
      vertex -6.000000e-001 -6.160000e+001  1.700000e+000
      vertex -6.000000e-001 -7.060000e+001  1.700000e+000
    endloop
  endfacet
  facet normal  1.000000e+000  0.000000e+000  0.000000e+000
    outer loop
      vertex -6.000000e-001 -5.975000e+001 -3.700000e+000
      vertex -6.000000e-001 -7.060000e+001  1.700000e+000
      vertex -6.000000e-001 -7.060000e+001 -3.700000e+000
    endloop
  endfacet
  facet normal  1.000000e+000  0.000000e+000  -0.000000e+000
    outer loop
      vertex -6.000000e-001 -5.025000e+001  1.280000e+001
      vertex -6.000000e-001 -4.473820e+001  4.748188e+000
      vertex -6.000000e-001 -4.454819e+001  4.938198e+000
    endloop
  endfacet
  facet normal  9.999999e-001  0.000000e+000  -0.000000e+000
    outer loop
      vertex -6.000000e-001 -5.025000e+001  1.280000e+001
      vertex -6.000000e-001 -4.454819e+001  4.938198e+000
      vertex -6.000000e-001 -4.432066e+001  5.081162e+000
    endloop
  endfacet
  facet normal  1.000000e+000  0.000000e+000  -0.000000e+000
    outer loop
      vertex -6.000000e-001 -5.025000e+001  1.280000e+001
      vertex -6.000000e-001 -4.432066e+001  5.081162e+000
      vertex -6.000000e-001 -4.406702e+001  5.169913e+000
    endloop
  endfacet
  facet normal  1.000000e+000  0.000000e+000  -0.000000e+000
    outer loop
      vertex -6.000000e-001 -5.025000e+001  1.280000e+001
      vertex -6.000000e-001 -4.406702e+001  5.169913e+000
      vertex -6.000000e-001 -8.400000e+000  1.380000e+001
    endloop
  endfacet
  facet normal  1.000000e+000  0.000000e+000  0.000000e+000
    outer loop
      vertex -6.000000e-001 -5.025000e+001  1.280000e+001
      vertex -6.000000e-001 -8.400000e+000  1.380000e+001
      vertex -6.000000e-001 -6.160000e+001  1.380000e+001
    endloop
  endfacet
  facet normal  1.000000e+000  0.000000e+000  0.000000e+000
    outer loop
      vertex -6.000000e-001 -5.025000e+001  1.280000e+001
      vertex -6.000000e-001 -6.160000e+001  1.380000e+001
      vertex -6.000000e-001 -5.975000e+001  1.280000e+001
    endloop
  endfacet
  facet normal  1.000000e+000  0.000000e+000  -0.000000e+000
    outer loop
      vertex -6.000000e-001 -5.025000e+001 -3.700000e+000
      vertex -6.000000e-001 -4.496991e+001  4.267025e+000
      vertex -6.000000e-001 -4.488116e+001  4.520660e+000
    endloop
  endfacet
  facet normal  1.000000e+000  0.000000e+000  -0.000000e+000
    outer loop
      vertex -6.000000e-001 -5.025000e+001 -3.700000e+000
      vertex -6.000000e-001 -4.488116e+001  4.520660e+000
      vertex -6.000000e-001 -4.473820e+001  4.748188e+000
    endloop
  endfacet
  facet normal  1.000000e+000  0.000000e+000  0.000000e+000
    outer loop
      vertex -6.000000e-001 -5.025000e+001 -3.700000e+000
      vertex -6.000000e-001 -4.473820e+001  4.748188e+000
      vertex -6.000000e-001 -5.025000e+001  1.280000e+001
    endloop
  endfacet
  facet normal  1.000000e+000  0.000000e+000  0.000000e+000
    outer loop
      vertex -6.000000e-001 -8.400000e+000  1.380000e+001
      vertex -6.000000e-001 -4.406702e+001  5.169913e+000
      vertex -6.000000e-001 -4.380000e+001  5.200000e+000
    endloop
  endfacet
  facet normal  1.000000e+000  0.000000e+000  0.000000e+000
    outer loop
      vertex -6.000000e-001 -8.400000e+000  1.380000e+001
      vertex -6.000000e-001 -4.380000e+001  5.200000e+000
      vertex -6.000000e-001 -3.670000e+001  5.200000e+000
    endloop
  endfacet
  facet normal  1.000000e+000  -0.000000e+000  0.000000e+000
    outer loop
      vertex -6.000000e-001 -8.400000e+000  1.380000e+001
      vertex -6.000000e-001 -3.670000e+001  5.200000e+000
      vertex -6.000000e-001 -3.643298e+001  5.169913e+000
    endloop
  endfacet
  facet normal  1.000000e+000  -0.000000e+000  0.000000e+000
    outer loop
      vertex -6.000000e-001 -8.400000e+000  1.380000e+001
      vertex -6.000000e-001 -3.643298e+001  5.169913e+000
      vertex -6.000000e-001 -3.617934e+001  5.081162e+000
    endloop
  endfacet
  facet normal  1.000000e+000  -0.000000e+000  0.000000e+000
    outer loop
      vertex -6.000000e-001 -8.400000e+000  1.380000e+001
      vertex -6.000000e-001 -3.617934e+001  5.081162e+000
      vertex -6.000000e-001 -3.595181e+001  4.938198e+000
    endloop
  endfacet
  facet normal  1.000000e+000  -0.000000e+000  0.000000e+000
    outer loop
      vertex -6.000000e-001 -8.400000e+000  1.380000e+001
      vertex -6.000000e-001 -3.595181e+001  4.938198e+000
      vertex -6.000000e-001 -3.576180e+001  4.748188e+000
    endloop
  endfacet
  facet normal  1.000000e+000  -0.000000e+000  0.000000e+000
    outer loop
      vertex -6.000000e-001 -8.400000e+000  1.380000e+001
      vertex -6.000000e-001 -3.576180e+001  4.748188e+000
      vertex -6.000000e-001 -3.561884e+001  4.520660e+000
    endloop
  endfacet
  facet normal  1.000000e+000  -0.000000e+000  0.000000e+000
    outer loop
      vertex -6.000000e-001 -8.400000e+000  1.380000e+001
      vertex -6.000000e-001 -3.561884e+001  4.520660e+000
      vertex -6.000000e-001 -3.553009e+001  4.267025e+000
    endloop
  endfacet
  facet normal  9.999999e-001  -0.000000e+000  0.000000e+000
    outer loop
      vertex -6.000000e-001 -8.400000e+000  1.380000e+001
      vertex -6.000000e-001 -3.553009e+001  4.267025e+000
      vertex -6.000000e-001 -3.550000e+001  4.000000e+000
    endloop
  endfacet
  facet normal  1.000000e+000  -0.000000e+000  0.000000e+000
    outer loop
      vertex -6.000000e-001 -8.400000e+000  1.380000e+001
      vertex -6.000000e-001 -3.550000e+001  4.000000e+000
      vertex -6.000000e-001 -3.550000e+001 -3.700000e+000
    endloop
  endfacet
  facet normal  1.000000e+000  0.000000e+000  0.000000e+000
    outer loop
      vertex -6.000000e-001 -8.400000e+000  1.380000e+001
      vertex -6.000000e-001 -3.550000e+001 -3.700000e+000
      vertex -6.000000e-001 -8.400000e+000  1.700000e+000
    endloop
  endfacet
  facet normal  1.000000e+000  0.000000e+000  0.000000e+000
    outer loop
      vertex -6.000000e-001 -8.400000e+000  1.700000e+000
      vertex -6.000000e-001 -3.550000e+001 -3.700000e+000
      vertex -6.000000e-001  6.000000e-001  1.700000e+000
    endloop
  endfacet
  facet normal  1.000000e+000  0.000000e+000  0.000000e+000
    outer loop
      vertex -6.000000e-001  6.000000e-001  1.700000e+000
      vertex -6.000000e-001 -3.550000e+001 -3.700000e+000
      vertex -6.000000e-001  6.000000e-001 -3.700000e+000
    endloop
  endfacet
  facet normal  -0.000000e+000 -5.320315e-001 -8.467246e-001
    outer loop
      vertex -1.800000e+000 -3.595181e+001  4.938198e+000
      vertex -6.000000e-001 -3.617934e+001  5.081162e+000
      vertex -1.800000e+000 -3.617934e+001  5.081162e+000
    endloop
  endfacet
  facet normal  0.000000e+000 -3.302790e-001 -9.438834e-001
    outer loop
      vertex -1.800000e+000 -3.617934e+001  5.081162e+000
      vertex -6.000000e-001 -3.617934e+001  5.081162e+000
      vertex -6.000000e-001 -3.643298e+001  5.169913e+000
    endloop
  endfacet
  facet normal  -0.000000e+000 -3.302790e-001 -9.438834e-001
    outer loop
      vertex -1.800000e+000 -3.617934e+001  5.081162e+000
      vertex -6.000000e-001 -3.643298e+001  5.169913e+000
      vertex -1.800000e+000 -3.643298e+001  5.169913e+000
    endloop
  endfacet
  facet normal  0.000000e+000 -1.119646e-001 -9.937122e-001
    outer loop
      vertex -1.800000e+000 -3.643298e+001  5.169913e+000
      vertex -6.000000e-001 -3.643298e+001  5.169913e+000
      vertex -6.000000e-001 -3.670000e+001  5.200000e+000
    endloop
  endfacet
  facet normal  -0.000000e+000 -1.119646e-001 -9.937122e-001
    outer loop
      vertex -1.800000e+000 -3.643298e+001  5.169913e+000
      vertex -6.000000e-001 -3.670000e+001  5.200000e+000
      vertex -1.800000e+000 -3.670000e+001  5.200000e+000
    endloop
  endfacet
  facet normal  0.000000e+000 -5.320315e-001 -8.467246e-001
    outer loop
      vertex -6.000000e-001 -3.617934e+001  5.081162e+000
      vertex -1.800000e+000 -3.595181e+001  4.938198e+000
      vertex -6.000000e-001 -3.595181e+001  4.938198e+000
    endloop
  endfacet
  facet normal  -0.000000e+000 -7.071068e-001 -7.071068e-001
    outer loop
      vertex -6.000000e-001 -3.595181e+001  4.938198e+000
      vertex -1.800000e+000 -3.595181e+001  4.938198e+000
      vertex -1.800000e+000 -3.576180e+001  4.748188e+000
    endloop
  endfacet
  facet normal  0.000000e+000 -7.071068e-001 -7.071068e-001
    outer loop
      vertex -6.000000e-001 -3.595181e+001  4.938198e+000
      vertex -1.800000e+000 -3.576180e+001  4.748188e+000
      vertex -6.000000e-001 -3.576180e+001  4.748188e+000
    endloop
  endfacet
  facet normal  -0.000000e+000 -8.467265e-001 -5.320284e-001
    outer loop
      vertex -6.000000e-001 -3.576180e+001  4.748188e+000
      vertex -1.800000e+000 -3.576180e+001  4.748188e+000
      vertex -1.800000e+000 -3.561884e+001  4.520660e+000
    endloop
  endfacet
  facet normal  0.000000e+000 -8.467265e-001 -5.320284e-001
    outer loop
      vertex -6.000000e-001 -3.576180e+001  4.748188e+000
      vertex -1.800000e+000 -3.561884e+001  4.520660e+000
      vertex -6.000000e-001 -3.561884e+001  4.520660e+000
    endloop
  endfacet
  facet normal  -0.000000e+000 -9.438812e-001 -3.302853e-001
    outer loop
      vertex -6.000000e-001 -3.561884e+001  4.520660e+000
      vertex -1.800000e+000 -3.561884e+001  4.520660e+000
      vertex -1.800000e+000 -3.553009e+001  4.267025e+000
    endloop
  endfacet
  facet normal  0.000000e+000 -9.438812e-001 -3.302853e-001
    outer loop
      vertex -6.000000e-001 -3.561884e+001  4.520660e+000
      vertex -1.800000e+000 -3.553009e+001  4.267025e+000
      vertex -6.000000e-001 -3.553009e+001  4.267025e+000
    endloop
  endfacet
  facet normal  -0.000000e+000 -9.937122e-001 -1.119646e-001
    outer loop
      vertex -6.000000e-001 -3.553009e+001  4.267025e+000
      vertex -1.800000e+000 -3.553009e+001  4.267025e+000
      vertex -1.800000e+000 -3.550000e+001  4.000000e+000
    endloop
  endfacet
  facet normal  0.000000e+000 -9.937122e-001 -1.119646e-001
    outer loop
      vertex -6.000000e-001 -3.553009e+001  4.267025e+000
      vertex -1.800000e+000 -3.550000e+001  4.000000e+000
      vertex -6.000000e-001 -3.550000e+001  4.000000e+000
    endloop
  endfacet
  facet normal  0.000000e+000  9.999999e-001  -0.000000e+000
    outer loop
      vertex -6.000000e-001 -4.500000e+001  4.000000e+000
      vertex -6.000000e-001 -4.500000e+001 -3.700000e+000
      vertex -9.000000e-001 -4.500000e+001 -4.000000e+000
    endloop
  endfacet
  facet normal  0.000000e+000  1.000000e+000  -0.000000e+000
    outer loop
      vertex -6.000000e-001 -4.500000e+001  4.000000e+000
      vertex -9.000000e-001 -4.500000e+001 -4.000000e+000
      vertex -1.800000e+000 -4.500000e+001  4.000000e+000
    endloop
  endfacet
  facet normal  0.000000e+000  1.000000e+000  0.000000e+000
    outer loop
      vertex -1.800000e+000 -4.500000e+001  4.000000e+000
      vertex -9.000000e-001 -4.500000e+001 -4.000000e+000
      vertex -1.500000e+000 -4.500000e+001 -4.000000e+000
    endloop
  endfacet
  facet normal  0.000000e+000  1.000000e+000  0.000000e+000
    outer loop
      vertex -1.800000e+000 -4.500000e+001  4.000000e+000
      vertex -1.500000e+000 -4.500000e+001 -4.000000e+000
      vertex -1.800000e+000 -4.500000e+001 -3.700000e+000
    endloop
  endfacet
  facet normal  0.000000e+000  8.467265e-001 -5.320284e-001
    outer loop
      vertex -1.800000e+000 -4.473820e+001  4.748188e+000
      vertex -6.000000e-001 -4.488116e+001  4.520660e+000
      vertex -1.800000e+000 -4.488116e+001  4.520660e+000
    endloop
  endfacet
  facet normal  0.000000e+000  9.438812e-001 -3.302853e-001
    outer loop
      vertex -1.800000e+000 -4.488116e+001  4.520660e+000
      vertex -6.000000e-001 -4.488116e+001  4.520660e+000
      vertex -6.000000e-001 -4.496991e+001  4.267025e+000
    endloop
  endfacet
  facet normal  0.000000e+000  9.438812e-001 -3.302853e-001
    outer loop
      vertex -1.800000e+000 -4.488116e+001  4.520660e+000
      vertex -6.000000e-001 -4.496991e+001  4.267025e+000
      vertex -1.800000e+000 -4.496991e+001  4.267025e+000
    endloop
  endfacet
  facet normal  0.000000e+000  9.937122e-001 -1.119646e-001
    outer loop
      vertex -1.800000e+000 -4.496991e+001  4.267025e+000
      vertex -6.000000e-001 -4.496991e+001  4.267025e+000
      vertex -6.000000e-001 -4.500000e+001  4.000000e+000
    endloop
  endfacet
  facet normal  0.000000e+000  9.937122e-001 -1.119646e-001
    outer loop
      vertex -1.800000e+000 -4.496991e+001  4.267025e+000
      vertex -6.000000e-001 -4.500000e+001  4.000000e+000
      vertex -1.800000e+000 -4.500000e+001  4.000000e+000
    endloop
  endfacet
  facet normal  0.000000e+000  8.467265e-001 -5.320284e-001
    outer loop
      vertex -6.000000e-001 -4.488116e+001  4.520660e+000
      vertex -1.800000e+000 -4.473820e+001  4.748188e+000
      vertex -6.000000e-001 -4.473820e+001  4.748188e+000
    endloop
  endfacet
  facet normal  0.000000e+000  7.071068e-001 -7.071068e-001
    outer loop
      vertex -6.000000e-001 -4.473820e+001  4.748188e+000
      vertex -1.800000e+000 -4.473820e+001  4.748188e+000
      vertex -1.800000e+000 -4.454819e+001  4.938198e+000
    endloop
  endfacet
  facet normal  0.000000e+000  7.071068e-001 -7.071068e-001
    outer loop
      vertex -6.000000e-001 -4.473820e+001  4.748188e+000
      vertex -1.800000e+000 -4.454819e+001  4.938198e+000
      vertex -6.000000e-001 -4.454819e+001  4.938198e+000
    endloop
  endfacet
  facet normal  0.000000e+000  5.320315e-001 -8.467246e-001
    outer loop
      vertex -6.000000e-001 -4.454819e+001  4.938198e+000
      vertex -1.800000e+000 -4.454819e+001  4.938198e+000
      vertex -1.800000e+000 -4.432066e+001  5.081162e+000
    endloop
  endfacet
  facet normal  0.000000e+000  5.320315e-001 -8.467246e-001
    outer loop
      vertex -6.000000e-001 -4.454819e+001  4.938198e+000
      vertex -1.800000e+000 -4.432066e+001  5.081162e+000
      vertex -6.000000e-001 -4.432066e+001  5.081162e+000
    endloop
  endfacet
  facet normal  0.000000e+000  3.302790e-001 -9.438834e-001
    outer loop
      vertex -6.000000e-001 -4.432066e+001  5.081162e+000
      vertex -1.800000e+000 -4.432066e+001  5.081162e+000
      vertex -1.800000e+000 -4.406702e+001  5.169913e+000
    endloop
  endfacet
  facet normal  0.000000e+000  3.302790e-001 -9.438834e-001
    outer loop
      vertex -6.000000e-001 -4.432066e+001  5.081162e+000
      vertex -1.800000e+000 -4.406702e+001  5.169913e+000
      vertex -6.000000e-001 -4.406702e+001  5.169913e+000
    endloop
  endfacet
  facet normal  0.000000e+000  1.119646e-001 -9.937122e-001
    outer loop
      vertex -6.000000e-001 -4.406702e+001  5.169913e+000
      vertex -1.800000e+000 -4.406702e+001  5.169913e+000
      vertex -1.800000e+000 -4.380000e+001  5.200000e+000
    endloop
  endfacet
  facet normal  0.000000e+000  1.119646e-001 -9.937122e-001
    outer loop
      vertex -6.000000e-001 -4.406702e+001  5.169913e+000
      vertex -1.800000e+000 -4.380000e+001  5.200000e+000
      vertex -6.000000e-001 -4.380000e+001  5.200000e+000
    endloop
  endfacet
  facet normal  7.071068e-001  0.000000e+000 -7.071068e-001
    outer loop
      vertex -6.000000e-001 -4.500000e+001 -3.700000e+000
      vertex -6.000000e-001 -5.025000e+001 -3.700000e+000
      vertex -9.000000e-001 -4.500000e+001 -4.000000e+000
    endloop
  endfacet
  facet normal  7.071068e-001  0.000000e+000 -7.071068e-001
    outer loop
      vertex -9.000000e-001 -4.500000e+001 -4.000000e+000
      vertex -6.000000e-001 -5.025000e+001 -3.700000e+000
      vertex -9.000000e-001 -5.025000e+001 -4.000000e+000
    endloop
  endfacet
  facet normal  7.071068e-001  0.000000e+000 -7.071068e-001
    outer loop
      vertex -6.000000e-001  6.000000e-001 -3.700000e+000
      vertex -6.000000e-001 -3.550000e+001 -3.700000e+000
      vertex -9.000000e-001  9.000000e-001 -4.000000e+000
    endloop
  endfacet
  facet normal  7.071068e-001  0.000000e+000 -7.071068e-001
    outer loop
      vertex -9.000000e-001  9.000000e-001 -4.000000e+000
      vertex -6.000000e-001 -3.550000e+001 -3.700000e+000
      vertex -9.000000e-001 -3.550000e+001 -4.000000e+000
    endloop
  endfacet
  facet normal  0.000000e+000  0.000000e+000 -1.000000e+000
    outer loop
      vertex -1.500000e+000 -5.025000e+001 -4.000000e+000
      vertex -1.500000e+000 -4.500000e+001 -4.000000e+000
      vertex -9.000000e-001 -5.025000e+001 -4.000000e+000
    endloop
  endfacet
  facet normal  0.000000e+000  0.000000e+000 -1.000000e+000
    outer loop
      vertex -9.000000e-001 -5.025000e+001 -4.000000e+000
      vertex -1.500000e+000 -4.500000e+001 -4.000000e+000
      vertex -9.000000e-001 -4.500000e+001 -4.000000e+000
    endloop
  endfacet
  facet normal  0.000000e+000  0.000000e+000 -1.000000e+000
    outer loop
      vertex -9.000000e-001  9.000000e-001 -4.000000e+000
      vertex -9.000000e-001 -3.550000e+001 -4.000000e+000
      vertex -1.500000e+000 -3.550000e+001 -4.000000e+000
    endloop
  endfacet
  facet normal  0.000000e+000  0.000000e+000 -1.000000e+000
    outer loop
      vertex -9.000000e-001  9.000000e-001 -4.000000e+000
      vertex -1.500000e+000 -3.550000e+001 -4.000000e+000
      vertex -1.500000e+000  6.000003e-001 -4.000000e+000
    endloop
  endfacet
  facet normal  0.000000e+000  0.000000e+000 -1.000000e+000
    outer loop
      vertex -9.000000e-001  9.000000e-001 -4.000000e+000
      vertex -1.500000e+000  6.000003e-001 -4.000000e+000
      vertex -1.469333e+000  8.329374e-001 -4.000000e+000
    endloop
  endfacet
  facet normal  0.000000e+000  0.000000e+000 -9.999999e-001
    outer loop
      vertex -9.000000e-001  9.000000e-001 -4.000000e+000
      vertex -1.469333e+000  8.329374e-001 -4.000000e+000
      vertex -1.379423e+000  1.050000e+000 -4.000000e+000
    endloop
  endfacet
  facet normal  0.000000e+000  0.000000e+000 -1.000000e+000
    outer loop
      vertex -9.000000e-001  9.000000e-001 -4.000000e+000
      vertex -1.379423e+000  1.050000e+000 -4.000000e+000
      vertex  3.740000e+001  9.000000e-001 -4.000000e+000
    endloop
  endfacet
  facet normal  0.000000e+000  0.000000e+000 -1.000000e+000
    outer loop
      vertex  3.740000e+001  9.000000e-001 -4.000000e+000
      vertex -1.379423e+000  1.050000e+000 -4.000000e+000
      vertex -1.236396e+000  1.236396e+000 -4.000000e+000
    endloop
  endfacet
  facet normal  0.000000e+000  0.000000e+000 -9.999999e-001
    outer loop
      vertex  3.740000e+001  9.000000e-001 -4.000000e+000
      vertex -1.236396e+000  1.236396e+000 -4.000000e+000
      vertex -1.050000e+000  1.379423e+000 -4.000000e+000
    endloop
  endfacet
  facet normal  0.000000e+000  0.000000e+000 -1.000000e+000
    outer loop
      vertex  3.740000e+001  9.000000e-001 -4.000000e+000
      vertex -1.050000e+000  1.379423e+000 -4.000000e+000
      vertex -8.329371e-001  1.469333e+000 -4.000000e+000
    endloop
  endfacet
  facet normal  0.000000e+000  0.000000e+000 -1.000000e+000
    outer loop
      vertex  3.740000e+001  9.000000e-001 -4.000000e+000
      vertex -8.329371e-001  1.469333e+000 -4.000000e+000
      vertex -6.000000e-001  1.500000e+000 -4.000000e+000
    endloop
  endfacet
  facet normal  0.000000e+000  0.000000e+000 -1.000000e+000
    outer loop
      vertex  3.740000e+001  9.000000e-001 -4.000000e+000
      vertex -6.000000e-001  1.500000e+000 -4.000000e+000
      vertex  3.740000e+001  1.500000e+000 -4.000000e+000
    endloop
  endfacet
  facet normal -7.071068e-001  0.000000e+000 -7.071068e-001
    outer loop
      vertex -1.800000e+000 -4.500000e+001 -3.700000e+000
      vertex -1.500000e+000 -4.500000e+001 -4.000000e+000
      vertex -1.800000e+000 -5.025000e+001 -3.700000e+000
    endloop
  endfacet
  facet normal -7.071068e-001  0.000000e+000 -7.071068e-001
    outer loop
      vertex -1.800000e+000 -5.025000e+001 -3.700000e+000
      vertex -1.500000e+000 -4.500000e+001 -4.000000e+000
      vertex -1.500000e+000 -5.025000e+001 -4.000000e+000
    endloop
  endfacet
  facet normal -7.071068e-001  0.000000e+000 -7.071068e-001
    outer loop
      vertex -1.800000e+000  6.000000e-001 -3.700000e+000
      vertex -1.500000e+000  6.000003e-001 -4.000000e+000
      vertex -1.800000e+000 -3.550000e+001 -3.700000e+000
    endloop
  endfacet
  facet normal -7.071068e-001  0.000000e+000 -7.071068e-001
    outer loop
      vertex -1.800000e+000 -3.550000e+001 -3.700000e+000
      vertex -1.500000e+000  6.000003e-001 -4.000000e+000
      vertex -1.500000e+000 -3.550000e+001 -4.000000e+000
    endloop
  endfacet
  facet normal  -0.000000e+000  -0.000000e+000 -1.000000e+000
    outer loop
      vertex -9.000000e-001 -7.090000e+001 -4.000000e+000
      vertex  3.740000e+001 -7.090000e+001 -4.000000e+000
      vertex  3.740000e+001 -7.150000e+001 -4.000000e+000
    endloop
  endfacet
  facet normal  0.000000e+000  0.000000e+000 -1.000000e+000
    outer loop
      vertex -9.000000e-001 -7.090000e+001 -4.000000e+000
      vertex  3.740000e+001 -7.150000e+001 -4.000000e+000
      vertex -1.379423e+000 -7.105000e+001 -4.000000e+000
    endloop
  endfacet
  facet normal  0.000000e+000  0.000000e+000 -1.000000e+000
    outer loop
      vertex -9.000000e-001 -7.090000e+001 -4.000000e+000
      vertex -1.379423e+000 -7.105000e+001 -4.000000e+000
      vertex -1.469333e+000 -7.083294e+001 -4.000000e+000
    endloop
  endfacet
  facet normal  0.000000e+000  0.000000e+000 -1.000000e+000
    outer loop
      vertex -9.000000e-001 -7.090000e+001 -4.000000e+000
      vertex -1.469333e+000 -7.083294e+001 -4.000000e+000
      vertex -1.500000e+000 -7.060000e+001 -4.000000e+000
    endloop
  endfacet
  facet normal  0.000000e+000  0.000000e+000 -9.999999e-001
    outer loop
      vertex -9.000000e-001 -7.090000e+001 -4.000000e+000
      vertex -1.500000e+000 -7.060000e+001 -4.000000e+000
      vertex -1.500000e+000 -5.975000e+001 -4.000000e+000
    endloop
  endfacet
  facet normal  0.000000e+000  0.000000e+000 -1.000000e+000
    outer loop
      vertex -9.000000e-001 -7.090000e+001 -4.000000e+000
      vertex -1.500000e+000 -5.975000e+001 -4.000000e+000
      vertex -9.000000e-001 -5.975000e+001 -4.000000e+000
    endloop
  endfacet
  facet normal  0.000000e+000  0.000000e+000 -1.000000e+000
    outer loop
      vertex  3.740000e+001 -7.150000e+001 -4.000000e+000
      vertex -6.000003e-001 -7.150000e+001 -4.000000e+000
      vertex -8.329374e-001 -7.146933e+001 -4.000000e+000
    endloop
  endfacet
  facet normal  0.000000e+000  0.000000e+000 -9.999999e-001
    outer loop
      vertex  3.740000e+001 -7.150000e+001 -4.000000e+000
      vertex -8.329374e-001 -7.146933e+001 -4.000000e+000
      vertex -1.050000e+000 -7.137943e+001 -4.000000e+000
    endloop
  endfacet
  facet normal  0.000000e+000  0.000000e+000 -1.000000e+000
    outer loop
      vertex  3.740000e+001 -7.150000e+001 -4.000000e+000
      vertex -1.050000e+000 -7.137943e+001 -4.000000e+000
      vertex -1.236396e+000 -7.123640e+001 -4.000000e+000
    endloop
  endfacet
  facet normal  0.000000e+000  0.000000e+000 -1.000000e+000
    outer loop
      vertex  3.740000e+001 -7.150000e+001 -4.000000e+000
      vertex -1.236396e+000 -7.123640e+001 -4.000000e+000
      vertex -1.379423e+000 -7.105000e+001 -4.000000e+000
    endloop
  endfacet
  facet normal  7.071068e-001  0.000000e+000 -7.071068e-001
    outer loop
      vertex -6.000000e-001 -5.975000e+001 -3.700000e+000
      vertex -6.000000e-001 -7.060000e+001 -3.700000e+000
      vertex -9.000000e-001 -5.975000e+001 -4.000000e+000
    endloop
  endfacet
  facet normal  7.071068e-001  0.000000e+000 -7.071068e-001
    outer loop
      vertex -9.000000e-001 -5.975000e+001 -4.000000e+000
      vertex -6.000000e-001 -7.060000e+001 -3.700000e+000
      vertex -9.000000e-001 -7.090000e+001 -4.000000e+000
    endloop
  endfacet
  facet normal -7.071068e-001  0.000000e+000 -7.071068e-001
    outer loop
      vertex -1.800000e+000 -5.975000e+001 -3.700000e+000
      vertex -1.500000e+000 -5.975000e+001 -4.000000e+000
      vertex -1.800000e+000 -7.060000e+001 -3.700000e+000
    endloop
  endfacet
  facet normal -7.071068e-001  0.000000e+000 -7.071068e-001
    outer loop
      vertex -1.800000e+000 -7.060000e+001 -3.700000e+000
      vertex -1.500000e+000 -5.975000e+001 -4.000000e+000
      vertex -1.500000e+000 -7.060000e+001 -4.000000e+000
    endloop
  endfacet
  facet normal  0.000000e+000  1.000000e+000  -0.000000e+000
    outer loop
      vertex -6.000000e-001 -5.975000e+001  1.280000e+001
      vertex -6.000000e-001 -5.975000e+001 -3.700000e+000
      vertex -9.000000e-001 -5.975000e+001 -4.000000e+000
    endloop
  endfacet
  facet normal  0.000000e+000  1.000000e+000  -0.000000e+000
    outer loop
      vertex -6.000000e-001 -5.975000e+001  1.280000e+001
      vertex -9.000000e-001 -5.975000e+001 -4.000000e+000
      vertex -1.800000e+000 -5.975000e+001  1.280000e+001
    endloop
  endfacet
  facet normal  0.000000e+000  1.000000e+000  0.000000e+000
    outer loop
      vertex -1.800000e+000 -5.975000e+001  1.280000e+001
      vertex -9.000000e-001 -5.975000e+001 -4.000000e+000
      vertex -1.500000e+000 -5.975000e+001 -4.000000e+000
    endloop
  endfacet
  facet normal  0.000000e+000  1.000000e+000  0.000000e+000
    outer loop
      vertex -1.800000e+000 -5.975000e+001  1.280000e+001
      vertex -1.500000e+000 -5.975000e+001 -4.000000e+000
      vertex -1.800000e+000 -5.975000e+001 -3.700000e+000
    endloop
  endfacet
  facet normal  0.000000e+000  0.000000e+000 -1.000000e+000
    outer loop
      vertex -1.800000e+000 -5.975000e+001  1.280000e+001
      vertex -1.800000e+000 -5.025000e+001  1.280000e+001
      vertex -6.000000e-001 -5.975000e+001  1.280000e+001
    endloop
  endfacet
  facet normal  0.000000e+000  0.000000e+000 -1.000000e+000
    outer loop
      vertex -6.000000e-001 -5.975000e+001  1.280000e+001
      vertex -1.800000e+000 -5.025000e+001  1.280000e+001
      vertex -6.000000e-001 -5.025000e+001  1.280000e+001
    endloop
  endfacet
  facet normal  0.000000e+000 -1.000000e+000  0.000000e+000
    outer loop
      vertex -1.500000e+000 -5.025000e+001 -4.000000e+000
      vertex -1.800000e+000 -5.025000e+001  1.280000e+001
      vertex -1.800000e+000 -5.025000e+001 -3.700000e+000
    endloop
  endfacet
  facet normal  0.000000e+000 -1.000000e+000  0.000000e+000
    outer loop
      vertex -1.800000e+000 -5.025000e+001  1.280000e+001
      vertex -1.500000e+000 -5.025000e+001 -4.000000e+000
      vertex -6.000000e-001 -5.025000e+001  1.280000e+001
    endloop
  endfacet
  facet normal  0.000000e+000 -1.000000e+000  0.000000e+000
    outer loop
      vertex -6.000000e-001 -5.025000e+001  1.280000e+001
      vertex -1.500000e+000 -5.025000e+001 -4.000000e+000
      vertex -9.000000e-001 -5.025000e+001 -4.000000e+000
    endloop
  endfacet
  facet normal  0.000000e+000 -1.000000e+000  0.000000e+000
    outer loop
      vertex -6.000000e-001 -5.025000e+001  1.280000e+001
      vertex -9.000000e-001 -5.025000e+001 -4.000000e+000
      vertex -6.000000e-001 -5.025000e+001 -3.700000e+000
    endloop
  endfacet
  facet normal  9.999999e-001  -0.000000e+000  0.000000e+000
    outer loop
      vertex  9.180000e+001  6.000000e-001  1.500000e+001
      vertex  9.180000e+001 -7.060000e+001  1.500000e+001
      vertex  9.180000e+001 -5.010000e+001  8.000000e+000
    endloop
  endfacet
  facet normal  1.000000e+000  0.000000e+000  0.000000e+000
    outer loop
      vertex  9.180000e+001  6.000000e-001  1.500000e+001
      vertex  9.180000e+001 -5.010000e+001  8.000000e+000
      vertex  9.180000e+001 -3.740000e+001  8.000000e+000
    endloop
  endfacet
  facet normal  1.000000e+000  0.000000e+000  0.000000e+000
    outer loop
      vertex  9.180000e+001  6.000000e-001  1.500000e+001
      vertex  9.180000e+001 -3.740000e+001  8.000000e+000
      vertex  9.180000e+001 -3.260000e+001  8.000000e+000
    endloop
  endfacet
  facet normal  1.000000e+000  0.000000e+000  0.000000e+000
    outer loop
      vertex  9.180000e+001  6.000000e-001  1.500000e+001
      vertex  9.180000e+001 -3.260000e+001  8.000000e+000
      vertex  9.180000e+001 -1.990000e+001  8.000000e+000
    endloop
  endfacet
  facet normal  1.000000e+000  -0.000000e+000  0.000000e+000
    outer loop
      vertex  9.180000e+001  6.000000e-001  1.500000e+001
      vertex  9.180000e+001 -1.990000e+001  8.000000e+000
      vertex  9.180000e+001 -1.990000e+001 -3.700000e+000
    endloop
  endfacet
  facet normal  1.000000e+000  0.000000e+000  0.000000e+000
    outer loop
      vertex  9.180000e+001  6.000000e-001  1.500000e+001
      vertex  9.180000e+001 -1.990000e+001 -3.700000e+000
      vertex  9.180000e+001  6.000000e-001 -3.700000e+000
    endloop
  endfacet
  facet normal  9.999999e-001  0.000000e+000  0.000000e+000
    outer loop
      vertex  9.180000e+001 -3.740000e+001  8.000000e+000
      vertex  9.180000e+001 -3.740000e+001 -3.700000e+000
      vertex  9.180000e+001 -3.260000e+001  8.000000e+000
    endloop
  endfacet
  facet normal  9.999999e-001  0.000000e+000  0.000000e+000
    outer loop
      vertex  9.180000e+001 -3.260000e+001  8.000000e+000
      vertex  9.180000e+001 -3.740000e+001 -3.700000e+000
      vertex  9.180000e+001 -3.260000e+001 -3.700000e+000
    endloop
  endfacet
  facet normal  1.000000e+000  0.000000e+000  0.000000e+000
    outer loop
      vertex  9.180000e+001 -7.060000e+001  1.500000e+001
      vertex  9.180000e+001 -7.060000e+001 -3.700000e+000
      vertex  9.180000e+001 -5.010000e+001  8.000000e+000
    endloop
  endfacet
  facet normal  1.000000e+000  0.000000e+000  0.000000e+000
    outer loop
      vertex  9.180000e+001 -5.010000e+001  8.000000e+000
      vertex  9.180000e+001 -7.060000e+001 -3.700000e+000
      vertex  9.180000e+001 -5.010000e+001 -3.700000e+000
    endloop
  endfacet
  facet normal  7.071031e-001  0.000000e+000 -7.071104e-001
    outer loop
      vertex  9.180000e+001 -3.740000e+001 -3.700000e+000
      vertex  9.150000e+001 -3.740000e+001 -4.000000e+000
      vertex  9.180000e+001 -3.260000e+001 -3.700000e+000
    endloop
  endfacet
  facet normal  7.071031e-001  0.000000e+000 -7.071104e-001
    outer loop
      vertex  9.180000e+001 -3.260000e+001 -3.700000e+000
      vertex  9.150000e+001 -3.740000e+001 -4.000000e+000
      vertex  9.150000e+001 -3.260000e+001 -4.000000e+000
    endloop
  endfacet
  facet normal  7.071031e-001  0.000000e+000 -7.071104e-001
    outer loop
      vertex  9.180000e+001 -1.990000e+001 -3.700000e+000
      vertex  9.150000e+001 -1.990000e+001 -4.000000e+000
      vertex  9.180000e+001  6.000000e-001 -3.700000e+000
    endloop
  endfacet
  facet normal  7.071031e-001  0.000000e+000 -7.071104e-001
    outer loop
      vertex  9.180000e+001  6.000000e-001 -3.700000e+000
      vertex  9.150000e+001 -1.990000e+001 -4.000000e+000
      vertex  9.150000e+001  6.000000e-001 -4.000000e+000
    endloop
  endfacet
  facet normal  0.000000e+000  0.000000e+000 -1.000000e+000
    outer loop
      vertex  9.090000e+001 -3.740000e+001 -4.000000e+000
      vertex  9.090000e+001 -3.260000e+001 -4.000000e+000
      vertex  9.150000e+001 -3.740000e+001 -4.000000e+000
    endloop
  endfacet
  facet normal  0.000000e+000  0.000000e+000 -1.000000e+000
    outer loop
      vertex  9.150000e+001 -3.740000e+001 -4.000000e+000
      vertex  9.090000e+001 -3.260000e+001 -4.000000e+000
      vertex  9.150000e+001 -3.260000e+001 -4.000000e+000
    endloop
  endfacet
  facet normal  0.000000e+000  0.000000e+000 -1.000000e+000
    outer loop
      vertex  9.090000e+001  9.000000e-001 -4.000000e+000
      vertex  7.760000e+001  9.000000e-001 -4.000000e+000
      vertex  9.137943e+001  1.050000e+000 -4.000000e+000
    endloop
  endfacet
  facet normal  0.000000e+000  -0.000000e+000 -1.000000e+000
    outer loop
      vertex  9.090000e+001  9.000000e-001 -4.000000e+000
      vertex  9.137943e+001  1.050000e+000 -4.000000e+000
      vertex  9.146933e+001  8.329371e-001 -4.000000e+000
    endloop
  endfacet
  facet normal  -0.000000e+000  -0.000000e+000 -1.000000e+000
    outer loop
      vertex  9.090000e+001  9.000000e-001 -4.000000e+000
      vertex  9.146933e+001  8.329371e-001 -4.000000e+000
      vertex  9.150000e+001  6.000000e-001 -4.000000e+000
    endloop
  endfacet
  facet normal  -0.000000e+000  -0.000000e+000 -1.000000e+000
    outer loop
      vertex  9.090000e+001  9.000000e-001 -4.000000e+000
      vertex  9.150000e+001  6.000000e-001 -4.000000e+000
      vertex  9.150000e+001 -1.990000e+001 -4.000000e+000
    endloop
  endfacet
  facet normal  0.000000e+000  0.000000e+000 -1.000000e+000
    outer loop
      vertex  9.090000e+001  9.000000e-001 -4.000000e+000
      vertex  9.150000e+001 -1.990000e+001 -4.000000e+000
      vertex  9.090000e+001 -1.990000e+001 -4.000000e+000
    endloop
  endfacet
  facet normal  0.000000e+000  0.000000e+000 -9.999999e-001
    outer loop
      vertex  7.760000e+001  9.000000e-001 -4.000000e+000
      vertex  7.760000e+001  1.500000e+000 -4.000000e+000
      vertex  9.060000e+001  1.500000e+000 -4.000000e+000
    endloop
  endfacet
  facet normal  0.000000e+000  -0.000000e+000 -1.000000e+000
    outer loop
      vertex  7.760000e+001  9.000000e-001 -4.000000e+000
      vertex  9.060000e+001  1.500000e+000 -4.000000e+000
      vertex  9.083294e+001  1.469333e+000 -4.000000e+000
    endloop
  endfacet
  facet normal  0.000000e+000  -0.000000e+000 -1.000000e+000
    outer loop
      vertex  7.760000e+001  9.000000e-001 -4.000000e+000
      vertex  9.083294e+001  1.469333e+000 -4.000000e+000
      vertex  9.105000e+001  1.379423e+000 -4.000000e+000
    endloop
  endfacet
  facet normal  0.000000e+000  -0.000000e+000 -1.000000e+000
    outer loop
      vertex  7.760000e+001  9.000000e-001 -4.000000e+000
      vertex  9.105000e+001  1.379423e+000 -4.000000e+000
      vertex  9.123640e+001  1.236396e+000 -4.000000e+000
    endloop
  endfacet
  facet normal  0.000000e+000  -0.000000e+000 -1.000000e+000
    outer loop
      vertex  7.760000e+001  9.000000e-001 -4.000000e+000
      vertex  9.123640e+001  1.236396e+000 -4.000000e+000
      vertex  9.137943e+001  1.050000e+000 -4.000000e+000
    endloop
  endfacet
  facet normal -7.071031e-001  -0.000000e+000 -7.071104e-001
    outer loop
      vertex  9.060000e+001 -3.740000e+001 -3.700000e+000
      vertex  9.060000e+001 -3.260000e+001 -3.700000e+000
      vertex  9.090000e+001 -3.740000e+001 -4.000000e+000
    endloop
  endfacet
  facet normal -7.071031e-001  0.000000e+000 -7.071104e-001
    outer loop
      vertex  9.090000e+001 -3.740000e+001 -4.000000e+000
      vertex  9.060000e+001 -3.260000e+001 -3.700000e+000
      vertex  9.090000e+001 -3.260000e+001 -4.000000e+000
    endloop
  endfacet
  facet normal -7.071031e-001  -0.000000e+000 -7.071104e-001
    outer loop
      vertex  9.060000e+001 -1.990000e+001 -3.700000e+000
      vertex  9.060000e+001  6.000000e-001 -3.700000e+000
      vertex  9.090000e+001 -1.990000e+001 -4.000000e+000
    endloop
  endfacet
  facet normal -7.071031e-001  0.000000e+000 -7.071104e-001
    outer loop
      vertex  9.090000e+001 -1.990000e+001 -4.000000e+000
      vertex  9.060000e+001  6.000000e-001 -3.700000e+000
      vertex  9.090000e+001  9.000000e-001 -4.000000e+000
    endloop
  endfacet
  facet normal -1.000000e+000  -0.000000e+000  0.000000e+000
    outer loop
      vertex  9.060000e+001 -8.400000e+000  1.380000e+001
      vertex  9.060000e+001 -8.400000e+000  1.700000e+000
      vertex  9.060000e+001 -1.990000e+001 -3.700000e+000
    endloop
  endfacet
  facet normal -1.000000e+000  0.000000e+000  0.000000e+000
    outer loop
      vertex  9.060000e+001 -8.400000e+000  1.380000e+001
      vertex  9.060000e+001 -1.990000e+001 -3.700000e+000
      vertex  9.060000e+001 -1.990000e+001  8.000000e+000
    endloop
  endfacet
  facet normal -1.000000e+000  0.000000e+000  0.000000e+000
    outer loop
      vertex  9.060000e+001 -8.400000e+000  1.380000e+001
      vertex  9.060000e+001 -1.990000e+001  8.000000e+000
      vertex  9.060000e+001 -3.260000e+001  8.000000e+000
    endloop
  endfacet
  facet normal -1.000000e+000  0.000000e+000  0.000000e+000
    outer loop
      vertex  9.060000e+001 -8.400000e+000  1.380000e+001
      vertex  9.060000e+001 -3.260000e+001  8.000000e+000
      vertex  9.060000e+001 -3.740000e+001  8.000000e+000
    endloop
  endfacet
  facet normal -1.000000e+000  0.000000e+000  0.000000e+000
    outer loop
      vertex  9.060000e+001 -8.400000e+000  1.380000e+001
      vertex  9.060000e+001 -3.740000e+001  8.000000e+000
      vertex  9.060000e+001 -5.010000e+001  8.000000e+000
    endloop
  endfacet
  facet normal -1.000000e+000  0.000000e+000  0.000000e+000
    outer loop
      vertex  9.060000e+001 -8.400000e+000  1.380000e+001
      vertex  9.060000e+001 -5.010000e+001  8.000000e+000
      vertex  9.060000e+001 -6.160000e+001  1.380000e+001
    endloop
  endfacet
  facet normal -9.999999e-001  -0.000000e+000  0.000000e+000
    outer loop
      vertex  9.060000e+001 -3.740000e+001  8.000000e+000
      vertex  9.060000e+001 -3.260000e+001  8.000000e+000
      vertex  9.060000e+001 -3.740000e+001 -3.700000e+000
    endloop
  endfacet
  facet normal -9.999999e-001  0.000000e+000  0.000000e+000
    outer loop
      vertex  9.060000e+001 -3.740000e+001 -3.700000e+000
      vertex  9.060000e+001 -3.260000e+001  8.000000e+000
      vertex  9.060000e+001 -3.260000e+001 -3.700000e+000
    endloop
  endfacet
  facet normal -1.000000e+000  -0.000000e+000  0.000000e+000
    outer loop
      vertex  9.060000e+001 -8.400000e+000  1.700000e+000
      vertex  9.060000e+001  6.000000e-001  1.700000e+000
      vertex  9.060000e+001 -1.990000e+001 -3.700000e+000
    endloop
  endfacet
  facet normal -9.999999e-001  0.000000e+000  0.000000e+000
    outer loop
      vertex  9.060000e+001 -1.990000e+001 -3.700000e+000
      vertex  9.060000e+001  6.000000e-001  1.700000e+000
      vertex  9.060000e+001  6.000000e-001 -3.700000e+000
    endloop
  endfacet
  facet normal -1.000000e+000  0.000000e+000  0.000000e+000
    outer loop
      vertex  9.060000e+001 -5.010000e+001  8.000000e+000
      vertex  9.060000e+001 -5.010000e+001 -3.700000e+000
      vertex  9.060000e+001 -6.160000e+001  1.380000e+001
    endloop
  endfacet
  facet normal -1.000000e+000  0.000000e+000  0.000000e+000
    outer loop
      vertex  9.060000e+001 -6.160000e+001  1.380000e+001
      vertex  9.060000e+001 -5.010000e+001 -3.700000e+000
      vertex  9.060000e+001 -6.160000e+001  1.700000e+000
    endloop
  endfacet
  facet normal -9.999999e-001  0.000000e+000  0.000000e+000
    outer loop
      vertex  9.060000e+001 -5.010000e+001 -3.700000e+000
      vertex  9.060000e+001 -7.060000e+001 -3.700000e+000
      vertex  9.060000e+001 -6.160000e+001  1.700000e+000
    endloop
  endfacet
  facet normal -1.000000e+000  -0.000000e+000  0.000000e+000
    outer loop
      vertex  9.060000e+001 -6.160000e+001  1.700000e+000
      vertex  9.060000e+001 -7.060000e+001 -3.700000e+000
      vertex  9.060000e+001 -7.060000e+001  1.700000e+000
    endloop
  endfacet
  facet normal  -0.000000e+000  1.000000e+000  0.000000e+000
    outer loop
      vertex  9.090000e+001 -3.260000e+001 -4.000000e+000
      vertex  9.060000e+001 -3.260000e+001 -3.700000e+000
      vertex  9.060000e+001 -3.260000e+001  8.000000e+000
    endloop
  endfacet
  facet normal  0.000000e+000  1.000000e+000  0.000000e+000
    outer loop
      vertex  9.180000e+001 -3.260000e+001 -3.700000e+000
      vertex  9.150000e+001 -3.260000e+001 -4.000000e+000
      vertex  9.180000e+001 -3.260000e+001  8.000000e+000
    endloop
  endfacet
  facet normal  0.000000e+000  1.000000e+000  0.000000e+000
    outer loop
      vertex  9.180000e+001 -3.260000e+001  8.000000e+000
      vertex  9.150000e+001 -3.260000e+001 -4.000000e+000
      vertex  9.090000e+001 -3.260000e+001 -4.000000e+000
    endloop
  endfacet
  facet normal  0.000000e+000  1.000000e+000  -0.000000e+000
    outer loop
      vertex  9.180000e+001 -3.260000e+001  8.000000e+000
      vertex  9.090000e+001 -3.260000e+001 -4.000000e+000
      vertex  9.060000e+001 -3.260000e+001  8.000000e+000
    endloop
  endfacet
  facet normal  0.000000e+000 -1.000000e+000  -0.000000e+000
    outer loop
      vertex  9.180000e+001 -1.990000e+001 -3.700000e+000
      vertex  9.180000e+001 -1.990000e+001  8.000000e+000
      vertex  9.150000e+001 -1.990000e+001 -4.000000e+000
    endloop
  endfacet
  facet normal  0.000000e+000 -1.000000e+000  0.000000e+000
    outer loop
      vertex  9.060000e+001 -1.990000e+001 -3.700000e+000
      vertex  9.090000e+001 -1.990000e+001 -4.000000e+000
      vertex  9.060000e+001 -1.990000e+001  8.000000e+000
    endloop
  endfacet
  facet normal  0.000000e+000 -1.000000e+000  0.000000e+000
    outer loop
      vertex  9.060000e+001 -1.990000e+001  8.000000e+000
      vertex  9.090000e+001 -1.990000e+001 -4.000000e+000
      vertex  9.150000e+001 -1.990000e+001 -4.000000e+000
    endloop
  endfacet
  facet normal  0.000000e+000 -1.000000e+000  0.000000e+000
    outer loop
      vertex  9.060000e+001 -1.990000e+001  8.000000e+000
      vertex  9.150000e+001 -1.990000e+001 -4.000000e+000
      vertex  9.180000e+001 -1.990000e+001  8.000000e+000
    endloop
  endfacet
  facet normal  0.000000e+000  0.000000e+000 -1.000000e+000
    outer loop
      vertex  9.180000e+001 -1.990000e+001  8.000000e+000
      vertex  9.180000e+001 -3.260000e+001  8.000000e+000
      vertex  9.060000e+001 -1.990000e+001  8.000000e+000
    endloop
  endfacet
  facet normal  0.000000e+000  0.000000e+000 -1.000000e+000
    outer loop
      vertex  9.060000e+001 -1.990000e+001  8.000000e+000
      vertex  9.180000e+001 -3.260000e+001  8.000000e+000
      vertex  9.060000e+001 -3.260000e+001  8.000000e+000
    endloop
  endfacet
  facet normal  0.000000e+000  0.000000e+000 -1.000000e+000
    outer loop
      vertex  9.090000e+001 -7.090000e+001 -4.000000e+000
      vertex  9.090000e+001 -5.010000e+001 -4.000000e+000
      vertex  9.150000e+001 -5.010000e+001 -4.000000e+000
    endloop
  endfacet
  facet normal  0.000000e+000  -0.000000e+000 -1.000000e+000
    outer loop
      vertex  9.090000e+001 -7.090000e+001 -4.000000e+000
      vertex  9.150000e+001 -5.010000e+001 -4.000000e+000
      vertex  9.150000e+001 -7.060000e+001 -4.000000e+000
    endloop
  endfacet
  facet normal  0.000000e+000  0.000000e+000 -1.000000e+000
    outer loop
      vertex  9.090000e+001 -7.090000e+001 -4.000000e+000
      vertex  9.150000e+001 -7.060000e+001 -4.000000e+000
      vertex  9.146933e+001 -7.083294e+001 -4.000000e+000
    endloop
  endfacet
  facet normal  0.000000e+000  0.000000e+000 -1.000000e+000
    outer loop
      vertex  9.090000e+001 -7.090000e+001 -4.000000e+000
      vertex  9.146933e+001 -7.083294e+001 -4.000000e+000
      vertex  9.137943e+001 -7.105000e+001 -4.000000e+000
    endloop
  endfacet
  facet normal  -0.000000e+000  0.000000e+000 -1.000000e+000
    outer loop
      vertex  9.090000e+001 -7.090000e+001 -4.000000e+000
      vertex  9.137943e+001 -7.105000e+001 -4.000000e+000
      vertex  7.760000e+001 -7.150000e+001 -4.000000e+000
    endloop
  endfacet
  facet normal  0.000000e+000  0.000000e+000 -1.000000e+000
    outer loop
      vertex  9.090000e+001 -7.090000e+001 -4.000000e+000
      vertex  7.760000e+001 -7.150000e+001 -4.000000e+000
      vertex  7.760000e+001 -7.090000e+001 -4.000000e+000
    endloop
  endfacet
  facet normal  0.000000e+000  0.000000e+000 -1.000000e+000
    outer loop
      vertex  7.760000e+001 -7.150000e+001 -4.000000e+000
      vertex  9.137943e+001 -7.105000e+001 -4.000000e+000
      vertex  9.123640e+001 -7.123640e+001 -4.000000e+000
    endloop
  endfacet
  facet normal  0.000000e+000  0.000000e+000 -1.000000e+000
    outer loop
      vertex  7.760000e+001 -7.150000e+001 -4.000000e+000
      vertex  9.123640e+001 -7.123640e+001 -4.000000e+000
      vertex  9.105000e+001 -7.137943e+001 -4.000000e+000
    endloop
  endfacet
  facet normal  0.000000e+000  0.000000e+000 -1.000000e+000
    outer loop
      vertex  7.760000e+001 -7.150000e+001 -4.000000e+000
      vertex  9.105000e+001 -7.137943e+001 -4.000000e+000
      vertex  9.083294e+001 -7.146933e+001 -4.000000e+000
    endloop
  endfacet
  facet normal  0.000000e+000  0.000000e+000 -1.000000e+000
    outer loop
      vertex  7.760000e+001 -7.150000e+001 -4.000000e+000
      vertex  9.083294e+001 -7.146933e+001 -4.000000e+000
      vertex  9.060000e+001 -7.150000e+001 -4.000000e+000
    endloop
  endfacet
  facet normal -7.071031e-001  -0.000000e+000 -7.071104e-001
    outer loop
      vertex  9.060000e+001 -7.060000e+001 -3.700000e+000
      vertex  9.060000e+001 -5.010000e+001 -3.700000e+000
      vertex  9.090000e+001 -7.090000e+001 -4.000000e+000
    endloop
  endfacet
  facet normal -7.071031e-001  0.000000e+000 -7.071104e-001
    outer loop
      vertex  9.090000e+001 -7.090000e+001 -4.000000e+000
      vertex  9.060000e+001 -5.010000e+001 -3.700000e+000
      vertex  9.090000e+001 -5.010000e+001 -4.000000e+000
    endloop
  endfacet
  facet normal  7.071031e-001  0.000000e+000 -7.071104e-001
    outer loop
      vertex  9.180000e+001 -7.060000e+001 -3.700000e+000
      vertex  9.150000e+001 -7.060000e+001 -4.000000e+000
      vertex  9.180000e+001 -5.010000e+001 -3.700000e+000
    endloop
  endfacet
  facet normal  7.071031e-001  0.000000e+000 -7.071104e-001
    outer loop
      vertex  9.180000e+001 -5.010000e+001 -3.700000e+000
      vertex  9.150000e+001 -7.060000e+001 -4.000000e+000
      vertex  9.150000e+001 -5.010000e+001 -4.000000e+000
    endloop
  endfacet
  facet normal  0.000000e+000 -1.000000e+000  0.000000e+000
    outer loop
      vertex  9.060000e+001 -3.740000e+001  8.000000e+000
      vertex  9.060000e+001 -3.740000e+001 -3.700000e+000
      vertex  9.090000e+001 -3.740000e+001 -4.000000e+000
    endloop
  endfacet
  facet normal  0.000000e+000 -1.000000e+000  0.000000e+000
    outer loop
      vertex  9.060000e+001 -3.740000e+001  8.000000e+000
      vertex  9.090000e+001 -3.740000e+001 -4.000000e+000
      vertex  9.180000e+001 -3.740000e+001  8.000000e+000
    endloop
  endfacet
  facet normal  0.000000e+000 -1.000000e+000  0.000000e+000
    outer loop
      vertex  9.180000e+001 -3.740000e+001  8.000000e+000
      vertex  9.090000e+001 -3.740000e+001 -4.000000e+000
      vertex  9.150000e+001 -3.740000e+001 -4.000000e+000
    endloop
  endfacet
  facet normal  0.000000e+000 -1.000000e+000  0.000000e+000
    outer loop
      vertex  9.180000e+001 -3.740000e+001  8.000000e+000
      vertex  9.150000e+001 -3.740000e+001 -4.000000e+000
      vertex  9.180000e+001 -3.740000e+001 -3.700000e+000
    endloop
  endfacet
  facet normal  0.000000e+000  0.000000e+000 -1.000000e+000
    outer loop
      vertex  9.180000e+001 -3.740000e+001  8.000000e+000
      vertex  9.180000e+001 -5.010000e+001  8.000000e+000
      vertex  9.060000e+001 -3.740000e+001  8.000000e+000
    endloop
  endfacet
  facet normal  0.000000e+000  0.000000e+000 -1.000000e+000
    outer loop
      vertex  9.060000e+001 -3.740000e+001  8.000000e+000
      vertex  9.180000e+001 -5.010000e+001  8.000000e+000
      vertex  9.060000e+001 -5.010000e+001  8.000000e+000
    endloop
  endfacet
  facet normal  0.000000e+000  1.000000e+000  0.000000e+000
    outer loop
      vertex  9.150000e+001 -5.010000e+001 -4.000000e+000
      vertex  9.180000e+001 -5.010000e+001  8.000000e+000
      vertex  9.180000e+001 -5.010000e+001 -3.700000e+000
    endloop
  endfacet
  facet normal  0.000000e+000  1.000000e+000  -0.000000e+000
    outer loop
      vertex  9.180000e+001 -5.010000e+001  8.000000e+000
      vertex  9.150000e+001 -5.010000e+001 -4.000000e+000
      vertex  9.060000e+001 -5.010000e+001  8.000000e+000
    endloop
  endfacet
  facet normal  0.000000e+000  1.000000e+000  0.000000e+000
    outer loop
      vertex  9.060000e+001 -5.010000e+001  8.000000e+000
      vertex  9.150000e+001 -5.010000e+001 -4.000000e+000
      vertex  9.090000e+001 -5.010000e+001 -4.000000e+000
    endloop
  endfacet
  facet normal  0.000000e+000  1.000000e+000  0.000000e+000
    outer loop
      vertex  9.060000e+001 -5.010000e+001  8.000000e+000
      vertex  9.090000e+001 -5.010000e+001 -4.000000e+000
      vertex  9.060000e+001 -5.010000e+001 -3.700000e+000
    endloop
  endfacet
  facet normal  0.000000e+000 -1.000000e+000  -0.000000e+000
    outer loop
      vertex  3.740000e+001 -7.180000e+001 -3.700000e+000
      vertex  3.740000e+001 -7.180000e+001  8.000000e+000
      vertex -6.000000e-001 -7.180000e+001 -3.700000e+000
    endloop
  endfacet
  facet normal  0.000000e+000 -1.000000e+000  0.000000e+000
    outer loop
      vertex -6.000000e-001 -7.180000e+001  1.500000e+001
      vertex -6.000000e-001 -7.180000e+001 -3.700000e+000
      vertex  3.740000e+001 -7.180000e+001  8.000000e+000
    endloop
  endfacet
  facet normal  0.000000e+000 -1.000000e+000  0.000000e+000
    outer loop
      vertex -6.000000e-001 -7.180000e+001  1.500000e+001
      vertex  3.740000e+001 -7.180000e+001  8.000000e+000
      vertex  4.760000e+001 -7.180000e+001  8.000000e+000
    endloop
  endfacet
  facet normal  0.000000e+000 -1.000000e+000  0.000000e+000
    outer loop
      vertex -6.000000e-001 -7.180000e+001  1.500000e+001
      vertex  4.760000e+001 -7.180000e+001  8.000000e+000
      vertex  5.240000e+001 -7.180000e+001  8.000000e+000
    endloop
  endfacet
  facet normal  0.000000e+000 -1.000000e+000  0.000000e+000
    outer loop
      vertex -6.000000e-001 -7.180000e+001  1.500000e+001
      vertex  5.240000e+001 -7.180000e+001  8.000000e+000
      vertex  6.260000e+001 -7.180000e+001  8.000000e+000
    endloop
  endfacet
  facet normal  0.000000e+000 -1.000000e+000  0.000000e+000
    outer loop
      vertex -6.000000e-001 -7.180000e+001  1.500000e+001
      vertex  6.260000e+001 -7.180000e+001  8.000000e+000
      vertex  6.740000e+001 -7.180000e+001  8.000000e+000
    endloop
  endfacet
  facet normal  0.000000e+000 -1.000000e+000  0.000000e+000
    outer loop
      vertex -6.000000e-001 -7.180000e+001  1.500000e+001
      vertex  6.740000e+001 -7.180000e+001  8.000000e+000
      vertex  7.760000e+001 -7.180000e+001  8.000000e+000
    endloop
  endfacet
  facet normal  0.000000e+000 -1.000000e+000  0.000000e+000
    outer loop
      vertex -6.000000e-001 -7.180000e+001  1.500000e+001
      vertex  7.760000e+001 -7.180000e+001  8.000000e+000
      vertex  9.060000e+001 -7.180000e+001  1.500000e+001
    endloop
  endfacet
  facet normal  0.000000e+000 -9.999999e-001  0.000000e+000
    outer loop
      vertex  6.740000e+001 -7.180000e+001  8.000000e+000
      vertex  6.260000e+001 -7.180000e+001  8.000000e+000
      vertex  6.740000e+001 -7.180000e+001 -3.700000e+000
    endloop
  endfacet
  facet normal  0.000000e+000 -9.999999e-001  0.000000e+000
    outer loop
      vertex  6.740000e+001 -7.180000e+001 -3.700000e+000
      vertex  6.260000e+001 -7.180000e+001  8.000000e+000
      vertex  6.260000e+001 -7.180000e+001 -3.700000e+000
    endloop
  endfacet
  facet normal  0.000000e+000 -9.999999e-001  0.000000e+000
    outer loop
      vertex  5.240000e+001 -7.180000e+001  8.000000e+000
      vertex  4.760000e+001 -7.180000e+001  8.000000e+000
      vertex  5.240000e+001 -7.180000e+001 -3.700000e+000
    endloop
  endfacet
  facet normal  0.000000e+000 -9.999999e-001  0.000000e+000
    outer loop
      vertex  5.240000e+001 -7.180000e+001 -3.700000e+000
      vertex  4.760000e+001 -7.180000e+001  8.000000e+000
      vertex  4.760000e+001 -7.180000e+001 -3.700000e+000
    endloop
  endfacet
  facet normal  0.000000e+000 -9.999999e-001  0.000000e+000
    outer loop
      vertex  9.060000e+001 -7.180000e+001  1.500000e+001
      vertex  7.760000e+001 -7.180000e+001  8.000000e+000
      vertex  9.060000e+001 -7.180000e+001 -3.700000e+000
    endloop
  endfacet
  facet normal  0.000000e+000 -1.000000e+000  0.000000e+000
    outer loop
      vertex  9.060000e+001 -7.180000e+001 -3.700000e+000
      vertex  7.760000e+001 -7.180000e+001  8.000000e+000
      vertex  7.760000e+001 -7.180000e+001 -3.700000e+000
    endloop
  endfacet
  facet normal  0.000000e+000 -7.071031e-001 -7.071104e-001
    outer loop
      vertex  6.740000e+001 -7.180000e+001 -3.700000e+000
      vertex  6.260000e+001 -7.180000e+001 -3.700000e+000
      vertex  6.740000e+001 -7.150000e+001 -4.000000e+000
    endloop
  endfacet
  facet normal  -0.000000e+000 -7.071031e-001 -7.071104e-001
    outer loop
      vertex  6.740000e+001 -7.150000e+001 -4.000000e+000
      vertex  6.260000e+001 -7.180000e+001 -3.700000e+000
      vertex  6.260000e+001 -7.150000e+001 -4.000000e+000
    endloop
  endfacet
  facet normal  0.000000e+000 -7.071031e-001 -7.071104e-001
    outer loop
      vertex  9.060000e+001 -7.180000e+001 -3.700000e+000
      vertex  7.760000e+001 -7.180000e+001 -3.700000e+000
      vertex  9.060000e+001 -7.150000e+001 -4.000000e+000
    endloop
  endfacet
  facet normal  -0.000000e+000 -7.071031e-001 -7.071104e-001
    outer loop
      vertex  9.060000e+001 -7.150000e+001 -4.000000e+000
      vertex  7.760000e+001 -7.180000e+001 -3.700000e+000
      vertex  7.760000e+001 -7.150000e+001 -4.000000e+000
    endloop
  endfacet
  facet normal  0.000000e+000  0.000000e+000 -1.000000e+000
    outer loop
      vertex  6.260000e+001  9.000000e-001 -4.000000e+000
      vertex  6.260000e+001  1.500000e+000 -4.000000e+000
      vertex  6.740000e+001  9.000000e-001 -4.000000e+000
    endloop
  endfacet
  facet normal  0.000000e+000  0.000000e+000 -1.000000e+000
    outer loop
      vertex  6.740000e+001  9.000000e-001 -4.000000e+000
      vertex  6.260000e+001  1.500000e+000 -4.000000e+000
      vertex  6.740000e+001  1.500000e+000 -4.000000e+000
    endloop
  endfacet
  facet normal  0.000000e+000  0.000000e+000 -1.000000e+000
    outer loop
      vertex  6.260000e+001 -7.150000e+001 -4.000000e+000
      vertex  6.260000e+001 -7.090000e+001 -4.000000e+000
      vertex  6.740000e+001 -7.150000e+001 -4.000000e+000
    endloop
  endfacet
  facet normal  0.000000e+000  0.000000e+000 -1.000000e+000
    outer loop
      vertex  6.740000e+001 -7.150000e+001 -4.000000e+000
      vertex  6.260000e+001 -7.090000e+001 -4.000000e+000
      vertex  6.740000e+001 -7.090000e+001 -4.000000e+000
    endloop
  endfacet
  facet normal  0.000000e+000 -7.071068e-001 -7.071068e-001
    outer loop
      vertex  6.260000e+001  6.000000e-001 -3.700000e+000
      vertex  6.260000e+001  9.000000e-001 -4.000000e+000
      vertex  6.740000e+001  6.000000e-001 -3.700000e+000
    endloop
  endfacet
  facet normal  0.000000e+000 -7.071068e-001 -7.071068e-001
    outer loop
      vertex  6.740000e+001  6.000000e-001 -3.700000e+000
      vertex  6.260000e+001  9.000000e-001 -4.000000e+000
      vertex  6.740000e+001  9.000000e-001 -4.000000e+000
    endloop
  endfacet
  facet normal  0.000000e+000 -7.071068e-001 -7.071068e-001
    outer loop
      vertex  7.760000e+001  6.000000e-001 -3.700000e+000
      vertex  7.760000e+001  9.000000e-001 -4.000000e+000
      vertex  9.060000e+001  6.000000e-001 -3.700000e+000
    endloop
  endfacet
  facet normal  0.000000e+000 -7.071068e-001 -7.071068e-001
    outer loop
      vertex  9.060000e+001  6.000000e-001 -3.700000e+000
      vertex  7.760000e+001  9.000000e-001 -4.000000e+000
      vertex  9.090000e+001  9.000000e-001 -4.000000e+000
    endloop
  endfacet
  facet normal  0.000000e+000  7.071031e-001 -7.071104e-001
    outer loop
      vertex  6.740000e+001 -7.060000e+001 -3.700000e+000
      vertex  6.740000e+001 -7.090000e+001 -4.000000e+000
      vertex  6.260000e+001 -7.060000e+001 -3.700000e+000
    endloop
  endfacet
  facet normal  0.000000e+000  7.071031e-001 -7.071104e-001
    outer loop
      vertex  6.260000e+001 -7.060000e+001 -3.700000e+000
      vertex  6.740000e+001 -7.090000e+001 -4.000000e+000
      vertex  6.260000e+001 -7.090000e+001 -4.000000e+000
    endloop
  endfacet
  facet normal  0.000000e+000  7.071031e-001 -7.071104e-001
    outer loop
      vertex  9.060000e+001 -7.060000e+001 -3.700000e+000
      vertex  9.090000e+001 -7.090000e+001 -4.000000e+000
      vertex  7.760000e+001 -7.060000e+001 -3.700000e+000
    endloop
  endfacet
  facet normal  0.000000e+000  7.071031e-001 -7.071104e-001
    outer loop
      vertex  7.760000e+001 -7.060000e+001 -3.700000e+000
      vertex  9.090000e+001 -7.090000e+001 -4.000000e+000
      vertex  7.760000e+001 -7.090000e+001 -4.000000e+000
    endloop
  endfacet
  facet normal  0.000000e+000 -1.000000e+000  0.000000e+000
    outer loop
      vertex  8.060000e+001  6.000000e-001  1.380000e+001
      vertex  9.400000e+000  6.000000e-001  1.380000e+001
      vertex  3.740000e+001  6.000000e-001  8.000000e+000
    endloop
  endfacet
  facet normal  0.000000e+000 -9.999999e-001  0.000000e+000
    outer loop
      vertex  8.060000e+001  6.000000e-001  1.380000e+001
      vertex  3.740000e+001  6.000000e-001  8.000000e+000
      vertex  4.760000e+001  6.000000e-001  8.000000e+000
    endloop
  endfacet
  facet normal  0.000000e+000 -1.000000e+000  0.000000e+000
    outer loop
      vertex  8.060000e+001  6.000000e-001  1.380000e+001
      vertex  4.760000e+001  6.000000e-001  8.000000e+000
      vertex  5.240000e+001  6.000000e-001  8.000000e+000
    endloop
  endfacet
  facet normal  0.000000e+000 -9.999999e-001  0.000000e+000
    outer loop
      vertex  8.060000e+001  6.000000e-001  1.380000e+001
      vertex  5.240000e+001  6.000000e-001  8.000000e+000
      vertex  6.260000e+001  6.000000e-001  8.000000e+000
    endloop
  endfacet
  facet normal  0.000000e+000 -1.000000e+000  0.000000e+000
    outer loop
      vertex  8.060000e+001  6.000000e-001  1.380000e+001
      vertex  6.260000e+001  6.000000e-001  8.000000e+000
      vertex  6.740000e+001  6.000000e-001  8.000000e+000
    endloop
  endfacet
  facet normal  0.000000e+000 -9.999999e-001  0.000000e+000
    outer loop
      vertex  8.060000e+001  6.000000e-001  1.380000e+001
      vertex  6.740000e+001  6.000000e-001  8.000000e+000
      vertex  7.760000e+001  6.000000e-001  8.000000e+000
    endloop
  endfacet
  facet normal  0.000000e+000 -1.000000e+000  0.000000e+000
    outer loop
      vertex  8.060000e+001  6.000000e-001  1.380000e+001
      vertex  7.760000e+001  6.000000e-001  8.000000e+000
      vertex  8.060000e+001  6.000000e-001  1.700000e+000
    endloop
  endfacet
  facet normal  0.000000e+000 -1.000000e+000  -0.000000e+000
    outer loop
      vertex  9.060000e+001  6.000000e-001 -3.700000e+000
      vertex  9.060000e+001  6.000000e-001  1.700000e+000
      vertex  7.760000e+001  6.000000e-001 -3.700000e+000
    endloop
  endfacet
  facet normal  0.000000e+000 -1.000000e+000  0.000000e+000
    outer loop
      vertex  7.760000e+001  6.000000e-001 -3.700000e+000
      vertex  9.060000e+001  6.000000e-001  1.700000e+000
      vertex  8.060000e+001  6.000000e-001  1.700000e+000
    endloop
  endfacet
  facet normal  -0.000000e+000 -1.000000e+000  0.000000e+000
    outer loop
      vertex  7.760000e+001  6.000000e-001 -3.700000e+000
      vertex  8.060000e+001  6.000000e-001  1.700000e+000
      vertex  7.760000e+001  6.000000e-001  8.000000e+000
    endloop
  endfacet
  facet normal  0.000000e+000 -9.999999e-001  0.000000e+000
    outer loop
      vertex  4.760000e+001  6.000000e-001  8.000000e+000
      vertex  4.760000e+001  6.000000e-001 -3.700000e+000
      vertex  5.240000e+001  6.000000e-001  8.000000e+000
    endloop
  endfacet
  facet normal  0.000000e+000 -9.999999e-001  -0.000000e+000
    outer loop
      vertex  5.240000e+001  6.000000e-001  8.000000e+000
      vertex  4.760000e+001  6.000000e-001 -3.700000e+000
      vertex  5.240000e+001  6.000000e-001 -3.700000e+000
    endloop
  endfacet
  facet normal  0.000000e+000 -9.999999e-001  0.000000e+000
    outer loop
      vertex  6.260000e+001  6.000000e-001  8.000000e+000
      vertex  6.260000e+001  6.000000e-001 -3.700000e+000
      vertex  6.740000e+001  6.000000e-001  8.000000e+000
    endloop
  endfacet
  facet normal  0.000000e+000 -9.999999e-001  -0.000000e+000
    outer loop
      vertex  6.740000e+001  6.000000e-001  8.000000e+000
      vertex  6.260000e+001  6.000000e-001 -3.700000e+000
      vertex  6.740000e+001  6.000000e-001 -3.700000e+000
    endloop
  endfacet
  facet normal  0.000000e+000 -1.000000e+000  0.000000e+000
    outer loop
      vertex  3.740000e+001  6.000000e-001  8.000000e+000
      vertex  9.400000e+000  6.000000e-001  1.380000e+001
      vertex  3.740000e+001  6.000000e-001 -3.700000e+000
    endloop
  endfacet
  facet normal  0.000000e+000 -9.999999e-001  0.000000e+000
    outer loop
      vertex  3.740000e+001  6.000000e-001 -3.700000e+000
      vertex  9.400000e+000  6.000000e-001  1.380000e+001
      vertex  9.400000e+000  6.000000e-001  1.700000e+000
    endloop
  endfacet
  facet normal  0.000000e+000 -1.000000e+000  -0.000000e+000
    outer loop
      vertex  3.740000e+001  6.000000e-001 -3.700000e+000
      vertex  9.400000e+000  6.000000e-001  1.700000e+000
      vertex -6.000000e-001  6.000000e-001 -3.700000e+000
    endloop
  endfacet
  facet normal  0.000000e+000 -1.000000e+000  0.000000e+000
    outer loop
      vertex -6.000000e-001  6.000000e-001 -3.700000e+000
      vertex  9.400000e+000  6.000000e-001  1.700000e+000
      vertex -6.000000e-001  6.000000e-001  1.700000e+000
    endloop
  endfacet
  facet normal  0.000000e+000  1.000000e+000  0.000000e+000
    outer loop
      vertex  7.760000e+001  1.800000e+000  8.000000e+000
      vertex  9.060000e+001  1.800000e+000 -3.700000e+000
      vertex  7.760000e+001  1.800000e+000 -3.700000e+000
    endloop
  endfacet
  facet normal  0.000000e+000  1.000000e+000  -0.000000e+000
    outer loop
      vertex  9.060000e+001  1.800000e+000  1.500000e+001
      vertex  9.060000e+001  1.800000e+000 -3.700000e+000
      vertex  7.760000e+001  1.800000e+000  8.000000e+000
    endloop
  endfacet
  facet normal  0.000000e+000  1.000000e+000  -0.000000e+000
    outer loop
      vertex  9.060000e+001  1.800000e+000  1.500000e+001
      vertex  7.760000e+001  1.800000e+000  8.000000e+000
      vertex  6.740000e+001  1.800000e+000  8.000000e+000
    endloop
  endfacet
  facet normal  0.000000e+000  1.000000e+000  -0.000000e+000
    outer loop
      vertex  9.060000e+001  1.800000e+000  1.500000e+001
      vertex  6.740000e+001  1.800000e+000  8.000000e+000
      vertex  6.260000e+001  1.800000e+000  8.000000e+000
    endloop
  endfacet
  facet normal  0.000000e+000  1.000000e+000  -0.000000e+000
    outer loop
      vertex  9.060000e+001  1.800000e+000  1.500000e+001
      vertex  6.260000e+001  1.800000e+000  8.000000e+000
      vertex  5.240000e+001  1.800000e+000  8.000000e+000
    endloop
  endfacet
  facet normal  0.000000e+000  1.000000e+000  -0.000000e+000
    outer loop
      vertex  9.060000e+001  1.800000e+000  1.500000e+001
      vertex  5.240000e+001  1.800000e+000  8.000000e+000
      vertex  4.760000e+001  1.800000e+000  8.000000e+000
    endloop
  endfacet
  facet normal  0.000000e+000  1.000000e+000  -0.000000e+000
    outer loop
      vertex  9.060000e+001  1.800000e+000  1.500000e+001
      vertex  4.760000e+001  1.800000e+000  8.000000e+000
      vertex  3.740000e+001  1.800000e+000  8.000000e+000
    endloop
  endfacet
  facet normal  0.000000e+000  1.000000e+000  -0.000000e+000
    outer loop
      vertex  9.060000e+001  1.800000e+000  1.500000e+001
      vertex  3.740000e+001  1.800000e+000  8.000000e+000
      vertex -6.000000e-001  1.800000e+000  1.500000e+001
    endloop
  endfacet
  facet normal  0.000000e+000  9.999999e-001  0.000000e+000
    outer loop
      vertex  4.760000e+001  1.800000e+000  8.000000e+000
      vertex  5.240000e+001  1.800000e+000  8.000000e+000
      vertex  4.760000e+001  1.800000e+000 -3.700000e+000
    endloop
  endfacet
  facet normal  0.000000e+000  9.999999e-001  0.000000e+000
    outer loop
      vertex  4.760000e+001  1.800000e+000 -3.700000e+000
      vertex  5.240000e+001  1.800000e+000  8.000000e+000
      vertex  5.240000e+001  1.800000e+000 -3.700000e+000
    endloop
  endfacet
  facet normal  0.000000e+000  9.999999e-001  0.000000e+000
    outer loop
      vertex  6.260000e+001  1.800000e+000  8.000000e+000
      vertex  6.740000e+001  1.800000e+000  8.000000e+000
      vertex  6.260000e+001  1.800000e+000 -3.700000e+000
    endloop
  endfacet
  facet normal  0.000000e+000  9.999999e-001  0.000000e+000
    outer loop
      vertex  6.260000e+001  1.800000e+000 -3.700000e+000
      vertex  6.740000e+001  1.800000e+000  8.000000e+000
      vertex  6.740000e+001  1.800000e+000 -3.700000e+000
    endloop
  endfacet
  facet normal  0.000000e+000  9.999999e-001  0.000000e+000
    outer loop
      vertex -6.000000e-001  1.800000e+000  1.500000e+001
      vertex  3.740000e+001  1.800000e+000  8.000000e+000
      vertex -6.000000e-001  1.800000e+000 -3.700000e+000
    endloop
  endfacet
  facet normal  0.000000e+000  1.000000e+000  0.000000e+000
    outer loop
      vertex -6.000000e-001  1.800000e+000 -3.700000e+000
      vertex  3.740000e+001  1.800000e+000  8.000000e+000
      vertex  3.740000e+001  1.800000e+000 -3.700000e+000
    endloop
  endfacet
  facet normal  0.000000e+000  7.071068e-001 -7.071068e-001
    outer loop
      vertex  6.260000e+001  1.800000e+000 -3.700000e+000
      vertex  6.740000e+001  1.800000e+000 -3.700000e+000
      vertex  6.260000e+001  1.500000e+000 -4.000000e+000
    endloop
  endfacet
  facet normal  0.000000e+000  7.071068e-001 -7.071068e-001
    outer loop
      vertex  6.260000e+001  1.500000e+000 -4.000000e+000
      vertex  6.740000e+001  1.800000e+000 -3.700000e+000
      vertex  6.740000e+001  1.500000e+000 -4.000000e+000
    endloop
  endfacet
  facet normal  0.000000e+000  7.071068e-001 -7.071068e-001
    outer loop
      vertex  7.760000e+001  1.800000e+000 -3.700000e+000
      vertex  9.060000e+001  1.800000e+000 -3.700000e+000
      vertex  7.760000e+001  1.500000e+000 -4.000000e+000
    endloop
  endfacet
  facet normal  0.000000e+000  7.071068e-001 -7.071068e-001
    outer loop
      vertex  7.760000e+001  1.500000e+000 -4.000000e+000
      vertex  9.060000e+001  1.800000e+000 -3.700000e+000
      vertex  9.060000e+001  1.500000e+000 -4.000000e+000
    endloop
  endfacet
  facet normal  0.000000e+000  1.000000e+000  0.000000e+000
    outer loop
      vertex  9.400000e+000 -7.060000e+001  1.380000e+001
      vertex  8.060000e+001 -7.060000e+001  1.380000e+001
      vertex  7.760000e+001 -7.060000e+001  8.000000e+000
    endloop
  endfacet
  facet normal  0.000000e+000  9.999999e-001  0.000000e+000
    outer loop
      vertex  9.400000e+000 -7.060000e+001  1.380000e+001
      vertex  7.760000e+001 -7.060000e+001  8.000000e+000
      vertex  6.740000e+001 -7.060000e+001  8.000000e+000
    endloop
  endfacet
  facet normal  0.000000e+000  1.000000e+000  0.000000e+000
    outer loop
      vertex  9.400000e+000 -7.060000e+001  1.380000e+001
      vertex  6.740000e+001 -7.060000e+001  8.000000e+000
      vertex  6.260000e+001 -7.060000e+001  8.000000e+000
    endloop
  endfacet
  facet normal  0.000000e+000  9.999999e-001  0.000000e+000
    outer loop
      vertex  9.400000e+000 -7.060000e+001  1.380000e+001
      vertex  6.260000e+001 -7.060000e+001  8.000000e+000
      vertex  5.240000e+001 -7.060000e+001  8.000000e+000
    endloop
  endfacet
  facet normal  0.000000e+000  1.000000e+000  0.000000e+000
    outer loop
      vertex  9.400000e+000 -7.060000e+001  1.380000e+001
      vertex  5.240000e+001 -7.060000e+001  8.000000e+000
      vertex  4.760000e+001 -7.060000e+001  8.000000e+000
    endloop
  endfacet
  facet normal  0.000000e+000  9.999999e-001  0.000000e+000
    outer loop
      vertex  9.400000e+000 -7.060000e+001  1.380000e+001
      vertex  4.760000e+001 -7.060000e+001  8.000000e+000
      vertex  3.740000e+001 -7.060000e+001  8.000000e+000
    endloop
  endfacet
  facet normal  0.000000e+000  1.000000e+000  0.000000e+000
    outer loop
      vertex  9.400000e+000 -7.060000e+001  1.380000e+001
      vertex  3.740000e+001 -7.060000e+001  8.000000e+000
      vertex  3.740000e+001 -7.060000e+001 -3.700000e+000
    endloop
  endfacet
  facet normal  0.000000e+000  9.999999e-001  0.000000e+000
    outer loop
      vertex  9.400000e+000 -7.060000e+001  1.380000e+001
      vertex  3.740000e+001 -7.060000e+001 -3.700000e+000
      vertex  9.400000e+000 -7.060000e+001  1.700000e+000
    endloop
  endfacet
  facet normal  0.000000e+000  9.999999e-001  -0.000000e+000
    outer loop
      vertex  6.740000e+001 -7.060000e+001  8.000000e+000
      vertex  6.740000e+001 -7.060000e+001 -3.700000e+000
      vertex  6.260000e+001 -7.060000e+001  8.000000e+000
    endloop
  endfacet
  facet normal  0.000000e+000  9.999999e-001  0.000000e+000
    outer loop
      vertex  6.260000e+001 -7.060000e+001  8.000000e+000
      vertex  6.740000e+001 -7.060000e+001 -3.700000e+000
      vertex  6.260000e+001 -7.060000e+001 -3.700000e+000
    endloop
  endfacet
  facet normal  0.000000e+000  9.999999e-001  -0.000000e+000
    outer loop
      vertex  5.240000e+001 -7.060000e+001  8.000000e+000
      vertex  5.240000e+001 -7.060000e+001 -3.700000e+000
      vertex  4.760000e+001 -7.060000e+001  8.000000e+000
    endloop
  endfacet
  facet normal  0.000000e+000  9.999999e-001  0.000000e+000
    outer loop
      vertex  4.760000e+001 -7.060000e+001  8.000000e+000
      vertex  5.240000e+001 -7.060000e+001 -3.700000e+000
      vertex  4.760000e+001 -7.060000e+001 -3.700000e+000
    endloop
  endfacet
  facet normal  0.000000e+000  1.000000e+000  0.000000e+000
    outer loop
      vertex  9.400000e+000 -7.060000e+001  1.700000e+000
      vertex  3.740000e+001 -7.060000e+001 -3.700000e+000
      vertex -6.000000e-001 -7.060000e+001  1.700000e+000
    endloop
  endfacet
  facet normal  0.000000e+000  1.000000e+000  0.000000e+000
    outer loop
      vertex -6.000000e-001 -7.060000e+001  1.700000e+000
      vertex  3.740000e+001 -7.060000e+001 -3.700000e+000
      vertex -6.000000e-001 -7.060000e+001 -3.700000e+000
    endloop
  endfacet
  facet normal  0.000000e+000  1.000000e+000  0.000000e+000
    outer loop
      vertex  7.760000e+001 -7.060000e+001  8.000000e+000
      vertex  8.060000e+001 -7.060000e+001  1.380000e+001
      vertex  7.760000e+001 -7.060000e+001 -3.700000e+000
    endloop
  endfacet
  facet normal  0.000000e+000  1.000000e+000  0.000000e+000
    outer loop
      vertex  7.760000e+001 -7.060000e+001 -3.700000e+000
      vertex  8.060000e+001 -7.060000e+001  1.380000e+001
      vertex  8.060000e+001 -7.060000e+001  1.700000e+000
    endloop
  endfacet
  facet normal  0.000000e+000  1.000000e+000  0.000000e+000
    outer loop
      vertex  7.760000e+001 -7.060000e+001 -3.700000e+000
      vertex  8.060000e+001 -7.060000e+001  1.700000e+000
      vertex  9.060000e+001 -7.060000e+001 -3.700000e+000
    endloop
  endfacet
  facet normal  0.000000e+000  1.000000e+000  -0.000000e+000
    outer loop
      vertex  9.060000e+001 -7.060000e+001 -3.700000e+000
      vertex  8.060000e+001 -7.060000e+001  1.700000e+000
      vertex  9.060000e+001 -7.060000e+001  1.700000e+000
    endloop
  endfacet
  facet normal -1.000000e+000  -0.000000e+000  0.000000e+000
    outer loop
      vertex  7.760000e+001 -7.060000e+001  8.000000e+000
      vertex  7.760000e+001 -7.060000e+001 -3.700000e+000
      vertex  7.760000e+001 -7.090000e+001 -4.000000e+000
    endloop
  endfacet
  facet normal -1.000000e+000  0.000000e+000  0.000000e+000
    outer loop
      vertex  7.760000e+001 -7.060000e+001  8.000000e+000
      vertex  7.760000e+001 -7.090000e+001 -4.000000e+000
      vertex  7.760000e+001 -7.180000e+001  8.000000e+000
    endloop
  endfacet
  facet normal -1.000000e+000  0.000000e+000  0.000000e+000
    outer loop
      vertex  7.760000e+001 -7.180000e+001  8.000000e+000
      vertex  7.760000e+001 -7.090000e+001 -4.000000e+000
      vertex  7.760000e+001 -7.150000e+001 -4.000000e+000
    endloop
  endfacet
  facet normal -1.000000e+000  0.000000e+000  0.000000e+000
    outer loop
      vertex  7.760000e+001 -7.180000e+001  8.000000e+000
      vertex  7.760000e+001 -7.150000e+001 -4.000000e+000
      vertex  7.760000e+001 -7.180000e+001 -3.700000e+000
    endloop
  endfacet
  facet normal -1.000000e+000  0.000000e+000  -0.000000e+000
    outer loop
      vertex  7.760000e+001  1.500000e+000 -4.000000e+000
      vertex  7.760000e+001  1.800000e+000  8.000000e+000
      vertex  7.760000e+001  1.800000e+000 -3.700000e+000
    endloop
  endfacet
  facet normal -9.999999e-001  0.000000e+000  0.000000e+000
    outer loop
      vertex  7.760000e+001  1.800000e+000  8.000000e+000
      vertex  7.760000e+001  1.500000e+000 -4.000000e+000
      vertex  7.760000e+001  6.000000e-001  8.000000e+000
    endloop
  endfacet
  facet normal -1.000000e+000  0.000000e+000  0.000000e+000
    outer loop
      vertex  7.760000e+001  6.000000e-001  8.000000e+000
      vertex  7.760000e+001  1.500000e+000 -4.000000e+000
      vertex  7.760000e+001  9.000000e-001 -4.000000e+000
    endloop
  endfacet
  facet normal -1.000000e+000  0.000000e+000  0.000000e+000
    outer loop
      vertex  7.760000e+001  6.000000e-001  8.000000e+000
      vertex  7.760000e+001  9.000000e-001 -4.000000e+000
      vertex  7.760000e+001  6.000000e-001 -3.700000e+000
    endloop
  endfacet
  facet normal  0.000000e+000  0.000000e+000 -9.999999e-001
    outer loop
      vertex  7.760000e+001 -7.060000e+001  8.000000e+000
      vertex  7.760000e+001 -7.180000e+001  8.000000e+000
      vertex  6.740000e+001 -7.060000e+001  8.000000e+000
    endloop
  endfacet
  facet normal  0.000000e+000  0.000000e+000 -9.999999e-001
    outer loop
      vertex  6.740000e+001 -7.060000e+001  8.000000e+000
      vertex  7.760000e+001 -7.180000e+001  8.000000e+000
      vertex  6.740000e+001 -7.180000e+001  8.000000e+000
    endloop
  endfacet
  facet normal  0.000000e+000  0.000000e+000 -1.000000e+000
    outer loop
      vertex  7.760000e+001  1.800000e+000  8.000000e+000
      vertex  7.760000e+001  6.000000e-001  8.000000e+000
      vertex  6.740000e+001  1.800000e+000  8.000000e+000
    endloop
  endfacet
  facet normal  0.000000e+000  0.000000e+000 -1.000000e+000
    outer loop
      vertex  6.740000e+001  1.800000e+000  8.000000e+000
      vertex  7.760000e+001  6.000000e-001  8.000000e+000
      vertex  6.740000e+001  6.000000e-001  8.000000e+000
    endloop
  endfacet
  facet normal  1.000000e+000  0.000000e+000  0.000000e+000
    outer loop
      vertex  6.740000e+001 -7.150000e+001 -4.000000e+000
      vertex  6.740000e+001 -7.180000e+001  8.000000e+000
      vertex  6.740000e+001 -7.180000e+001 -3.700000e+000
    endloop
  endfacet
  facet normal  1.000000e+000  0.000000e+000  -0.000000e+000
    outer loop
      vertex  6.740000e+001 -7.180000e+001  8.000000e+000
      vertex  6.740000e+001 -7.150000e+001 -4.000000e+000
      vertex  6.740000e+001 -7.060000e+001  8.000000e+000
    endloop
  endfacet
  facet normal  1.000000e+000  0.000000e+000  0.000000e+000
    outer loop
      vertex  6.740000e+001 -7.060000e+001  8.000000e+000
      vertex  6.740000e+001 -7.150000e+001 -4.000000e+000
      vertex  6.740000e+001 -7.090000e+001 -4.000000e+000
    endloop
  endfacet
  facet normal  1.000000e+000  0.000000e+000  0.000000e+000
    outer loop
      vertex  6.740000e+001 -7.060000e+001  8.000000e+000
      vertex  6.740000e+001 -7.090000e+001 -4.000000e+000
      vertex  6.740000e+001 -7.060000e+001 -3.700000e+000
    endloop
  endfacet
  facet normal  1.000000e+000  -0.000000e+000  0.000000e+000
    outer loop
      vertex  6.740000e+001  6.000000e-001  8.000000e+000
      vertex  6.740000e+001  6.000000e-001 -3.700000e+000
      vertex  6.740000e+001  9.000000e-001 -4.000000e+000
    endloop
  endfacet
  facet normal  9.999999e-001  0.000000e+000  -0.000000e+000
    outer loop
      vertex  6.740000e+001  6.000000e-001  8.000000e+000
      vertex  6.740000e+001  9.000000e-001 -4.000000e+000
      vertex  6.740000e+001  1.800000e+000  8.000000e+000
    endloop
  endfacet
  facet normal  1.000000e+000  0.000000e+000  0.000000e+000
    outer loop
      vertex  6.740000e+001  1.800000e+000  8.000000e+000
      vertex  6.740000e+001  9.000000e-001 -4.000000e+000
      vertex  6.740000e+001  1.500000e+000 -4.000000e+000
    endloop
  endfacet
  facet normal  1.000000e+000  0.000000e+000  0.000000e+000
    outer loop
      vertex  6.740000e+001  1.800000e+000  8.000000e+000
      vertex  6.740000e+001  1.500000e+000 -4.000000e+000
      vertex  6.740000e+001  1.800000e+000 -3.700000e+000
    endloop
  endfacet
  facet normal  0.000000e+000 -7.071031e-001 -7.071104e-001
    outer loop
      vertex  5.240000e+001 -7.180000e+001 -3.700000e+000
      vertex  4.760000e+001 -7.180000e+001 -3.700000e+000
      vertex  5.240000e+001 -7.150000e+001 -4.000000e+000
    endloop
  endfacet
  facet normal  -0.000000e+000 -7.071031e-001 -7.071104e-001
    outer loop
      vertex  5.240000e+001 -7.150000e+001 -4.000000e+000
      vertex  4.760000e+001 -7.180000e+001 -3.700000e+000
      vertex  4.760000e+001 -7.150000e+001 -4.000000e+000
    endloop
  endfacet
  facet normal  0.000000e+000  0.000000e+000 -1.000000e+000
    outer loop
      vertex  4.760000e+001  9.000000e-001 -4.000000e+000
      vertex  4.760000e+001  1.500000e+000 -4.000000e+000
      vertex  5.240000e+001  9.000000e-001 -4.000000e+000
    endloop
  endfacet
  facet normal  0.000000e+000  0.000000e+000 -1.000000e+000
    outer loop
      vertex  5.240000e+001  9.000000e-001 -4.000000e+000
      vertex  4.760000e+001  1.500000e+000 -4.000000e+000
      vertex  5.240000e+001  1.500000e+000 -4.000000e+000
    endloop
  endfacet
  facet normal  0.000000e+000  0.000000e+000 -1.000000e+000
    outer loop
      vertex  4.760000e+001 -7.150000e+001 -4.000000e+000
      vertex  4.760000e+001 -7.090000e+001 -4.000000e+000
      vertex  5.240000e+001 -7.150000e+001 -4.000000e+000
    endloop
  endfacet
  facet normal  0.000000e+000  0.000000e+000 -1.000000e+000
    outer loop
      vertex  5.240000e+001 -7.150000e+001 -4.000000e+000
      vertex  4.760000e+001 -7.090000e+001 -4.000000e+000
      vertex  5.240000e+001 -7.090000e+001 -4.000000e+000
    endloop
  endfacet
  facet normal  0.000000e+000 -7.071068e-001 -7.071068e-001
    outer loop
      vertex  4.760000e+001  6.000000e-001 -3.700000e+000
      vertex  4.760000e+001  9.000000e-001 -4.000000e+000
      vertex  5.240000e+001  6.000000e-001 -3.700000e+000
    endloop
  endfacet
  facet normal  0.000000e+000 -7.071068e-001 -7.071068e-001
    outer loop
      vertex  5.240000e+001  6.000000e-001 -3.700000e+000
      vertex  4.760000e+001  9.000000e-001 -4.000000e+000
      vertex  5.240000e+001  9.000000e-001 -4.000000e+000
    endloop
  endfacet
  facet normal  0.000000e+000  7.071031e-001 -7.071104e-001
    outer loop
      vertex  5.240000e+001 -7.060000e+001 -3.700000e+000
      vertex  5.240000e+001 -7.090000e+001 -4.000000e+000
      vertex  4.760000e+001 -7.060000e+001 -3.700000e+000
    endloop
  endfacet
  facet normal  0.000000e+000  7.071031e-001 -7.071104e-001
    outer loop
      vertex  4.760000e+001 -7.060000e+001 -3.700000e+000
      vertex  5.240000e+001 -7.090000e+001 -4.000000e+000
      vertex  4.760000e+001 -7.090000e+001 -4.000000e+000
    endloop
  endfacet
  facet normal  0.000000e+000  7.071068e-001 -7.071068e-001
    outer loop
      vertex  4.760000e+001  1.800000e+000 -3.700000e+000
      vertex  5.240000e+001  1.800000e+000 -3.700000e+000
      vertex  4.760000e+001  1.500000e+000 -4.000000e+000
    endloop
  endfacet
  facet normal  0.000000e+000  7.071068e-001 -7.071068e-001
    outer loop
      vertex  4.760000e+001  1.500000e+000 -4.000000e+000
      vertex  5.240000e+001  1.800000e+000 -3.700000e+000
      vertex  5.240000e+001  1.500000e+000 -4.000000e+000
    endloop
  endfacet
  facet normal -1.000000e+000  -0.000000e+000  0.000000e+000
    outer loop
      vertex  6.260000e+001 -7.060000e+001  8.000000e+000
      vertex  6.260000e+001 -7.060000e+001 -3.700000e+000
      vertex  6.260000e+001 -7.090000e+001 -4.000000e+000
    endloop
  endfacet
  facet normal -1.000000e+000  0.000000e+000  0.000000e+000
    outer loop
      vertex  6.260000e+001 -7.060000e+001  8.000000e+000
      vertex  6.260000e+001 -7.090000e+001 -4.000000e+000
      vertex  6.260000e+001 -7.180000e+001  8.000000e+000
    endloop
  endfacet
  facet normal -1.000000e+000  0.000000e+000  0.000000e+000
    outer loop
      vertex  6.260000e+001 -7.180000e+001  8.000000e+000
      vertex  6.260000e+001 -7.090000e+001 -4.000000e+000
      vertex  6.260000e+001 -7.150000e+001 -4.000000e+000
    endloop
  endfacet
  facet normal -1.000000e+000  0.000000e+000  0.000000e+000
    outer loop
      vertex  6.260000e+001 -7.180000e+001  8.000000e+000
      vertex  6.260000e+001 -7.150000e+001 -4.000000e+000
      vertex  6.260000e+001 -7.180000e+001 -3.700000e+000
    endloop
  endfacet
  facet normal -1.000000e+000  0.000000e+000  -0.000000e+000
    outer loop
      vertex  6.260000e+001  1.500000e+000 -4.000000e+000
      vertex  6.260000e+001  1.800000e+000  8.000000e+000
      vertex  6.260000e+001  1.800000e+000 -3.700000e+000
    endloop
  endfacet
  facet normal -9.999999e-001  0.000000e+000  0.000000e+000
    outer loop
      vertex  6.260000e+001  1.800000e+000  8.000000e+000
      vertex  6.260000e+001  1.500000e+000 -4.000000e+000
      vertex  6.260000e+001  6.000000e-001  8.000000e+000
    endloop
  endfacet
  facet normal -1.000000e+000  0.000000e+000  0.000000e+000
    outer loop
      vertex  6.260000e+001  6.000000e-001  8.000000e+000
      vertex  6.260000e+001  1.500000e+000 -4.000000e+000
      vertex  6.260000e+001  9.000000e-001 -4.000000e+000
    endloop
  endfacet
  facet normal -1.000000e+000  0.000000e+000  0.000000e+000
    outer loop
      vertex  6.260000e+001  6.000000e-001  8.000000e+000
      vertex  6.260000e+001  9.000000e-001 -4.000000e+000
      vertex  6.260000e+001  6.000000e-001 -3.700000e+000
    endloop
  endfacet
  facet normal  0.000000e+000  0.000000e+000 -9.999999e-001
    outer loop
      vertex  6.260000e+001 -7.060000e+001  8.000000e+000
      vertex  6.260000e+001 -7.180000e+001  8.000000e+000
      vertex  5.240000e+001 -7.060000e+001  8.000000e+000
    endloop
  endfacet
  facet normal  0.000000e+000  0.000000e+000 -9.999999e-001
    outer loop
      vertex  5.240000e+001 -7.060000e+001  8.000000e+000
      vertex  6.260000e+001 -7.180000e+001  8.000000e+000
      vertex  5.240000e+001 -7.180000e+001  8.000000e+000
    endloop
  endfacet
  facet normal  0.000000e+000  0.000000e+000 -1.000000e+000
    outer loop
      vertex  6.260000e+001  1.800000e+000  8.000000e+000
      vertex  6.260000e+001  6.000000e-001  8.000000e+000
      vertex  5.240000e+001  1.800000e+000  8.000000e+000
    endloop
  endfacet
  facet normal  0.000000e+000  0.000000e+000 -1.000000e+000
    outer loop
      vertex  5.240000e+001  1.800000e+000  8.000000e+000
      vertex  6.260000e+001  6.000000e-001  8.000000e+000
      vertex  5.240000e+001  6.000000e-001  8.000000e+000
    endloop
  endfacet
  facet normal  1.000000e+000  0.000000e+000  0.000000e+000
    outer loop
      vertex  5.240000e+001 -7.150000e+001 -4.000000e+000
      vertex  5.240000e+001 -7.180000e+001  8.000000e+000
      vertex  5.240000e+001 -7.180000e+001 -3.700000e+000
    endloop
  endfacet
  facet normal  1.000000e+000  0.000000e+000  -0.000000e+000
    outer loop
      vertex  5.240000e+001 -7.180000e+001  8.000000e+000
      vertex  5.240000e+001 -7.150000e+001 -4.000000e+000
      vertex  5.240000e+001 -7.060000e+001  8.000000e+000
    endloop
  endfacet
  facet normal  1.000000e+000  0.000000e+000  0.000000e+000
    outer loop
      vertex  5.240000e+001 -7.060000e+001  8.000000e+000
      vertex  5.240000e+001 -7.150000e+001 -4.000000e+000
      vertex  5.240000e+001 -7.090000e+001 -4.000000e+000
    endloop
  endfacet
  facet normal  1.000000e+000  0.000000e+000  0.000000e+000
    outer loop
      vertex  5.240000e+001 -7.060000e+001  8.000000e+000
      vertex  5.240000e+001 -7.090000e+001 -4.000000e+000
      vertex  5.240000e+001 -7.060000e+001 -3.700000e+000
    endloop
  endfacet
  facet normal  1.000000e+000  -0.000000e+000  0.000000e+000
    outer loop
      vertex  5.240000e+001  6.000000e-001  8.000000e+000
      vertex  5.240000e+001  6.000000e-001 -3.700000e+000
      vertex  5.240000e+001  9.000000e-001 -4.000000e+000
    endloop
  endfacet
  facet normal  9.999999e-001  0.000000e+000  -0.000000e+000
    outer loop
      vertex  5.240000e+001  6.000000e-001  8.000000e+000
      vertex  5.240000e+001  9.000000e-001 -4.000000e+000
      vertex  5.240000e+001  1.800000e+000  8.000000e+000
    endloop
  endfacet
  facet normal  1.000000e+000  0.000000e+000  0.000000e+000
    outer loop
      vertex  5.240000e+001  1.800000e+000  8.000000e+000
      vertex  5.240000e+001  9.000000e-001 -4.000000e+000
      vertex  5.240000e+001  1.500000e+000 -4.000000e+000
    endloop
  endfacet
  facet normal  1.000000e+000  0.000000e+000  0.000000e+000
    outer loop
      vertex  5.240000e+001  1.800000e+000  8.000000e+000
      vertex  5.240000e+001  1.500000e+000 -4.000000e+000
      vertex  5.240000e+001  1.800000e+000 -3.700000e+000
    endloop
  endfacet
  facet normal  0.000000e+000  7.071068e-001 -7.071068e-001
    outer loop
      vertex -6.000000e-001  1.800000e+000 -3.700000e+000
      vertex  3.740000e+001  1.800000e+000 -3.700000e+000
      vertex -6.000000e-001  1.500000e+000 -4.000000e+000
    endloop
  endfacet
  facet normal  0.000000e+000  7.071068e-001 -7.071068e-001
    outer loop
      vertex -6.000000e-001  1.500000e+000 -4.000000e+000
      vertex  3.740000e+001  1.800000e+000 -3.700000e+000
      vertex  3.740000e+001  1.500000e+000 -4.000000e+000
    endloop
  endfacet
  facet normal  0.000000e+000 -7.071031e-001 -7.071104e-001
    outer loop
      vertex  3.740000e+001 -7.180000e+001 -3.700000e+000
      vertex -6.000000e-001 -7.180000e+001 -3.700000e+000
      vertex  3.740000e+001 -7.150000e+001 -4.000000e+000
    endloop
  endfacet
  facet normal  -0.000000e+000 -7.071031e-001 -7.071104e-001
    outer loop
      vertex  3.740000e+001 -7.150000e+001 -4.000000e+000
      vertex -6.000000e-001 -7.180000e+001 -3.700000e+000
      vertex -6.000003e-001 -7.150000e+001 -4.000000e+000
    endloop
  endfacet
  facet normal  0.000000e+000  7.071031e-001 -7.071104e-001
    outer loop
      vertex  3.740000e+001 -7.060000e+001 -3.700000e+000
      vertex  3.740000e+001 -7.090000e+001 -4.000000e+000
      vertex -6.000000e-001 -7.060000e+001 -3.700000e+000
    endloop
  endfacet
  facet normal  0.000000e+000  7.071031e-001 -7.071105e-001
    outer loop
      vertex -6.000000e-001 -7.060000e+001 -3.700000e+000
      vertex  3.740000e+001 -7.090000e+001 -4.000000e+000
      vertex -9.000000e-001 -7.090000e+001 -4.000000e+000
    endloop
  endfacet
  facet normal  0.000000e+000 -7.071067e-001 -7.071067e-001
    outer loop
      vertex -6.000000e-001  6.000000e-001 -3.700000e+000
      vertex -9.000000e-001  9.000000e-001 -4.000000e+000
      vertex  3.740000e+001  6.000000e-001 -3.700000e+000
    endloop
  endfacet
  facet normal  0.000000e+000 -7.071068e-001 -7.071068e-001
    outer loop
      vertex  3.740000e+001  6.000000e-001 -3.700000e+000
      vertex -9.000000e-001  9.000000e-001 -4.000000e+000
      vertex  3.740000e+001  9.000000e-001 -4.000000e+000
    endloop
  endfacet
  facet normal -1.000000e+000  -0.000000e+000  0.000000e+000
    outer loop
      vertex  4.760000e+001 -7.060000e+001  8.000000e+000
      vertex  4.760000e+001 -7.060000e+001 -3.700000e+000
      vertex  4.760000e+001 -7.090000e+001 -4.000000e+000
    endloop
  endfacet
  facet normal -1.000000e+000  0.000000e+000  0.000000e+000
    outer loop
      vertex  4.760000e+001 -7.060000e+001  8.000000e+000
      vertex  4.760000e+001 -7.090000e+001 -4.000000e+000
      vertex  4.760000e+001 -7.180000e+001  8.000000e+000
    endloop
  endfacet
  facet normal -1.000000e+000  0.000000e+000  0.000000e+000
    outer loop
      vertex  4.760000e+001 -7.180000e+001  8.000000e+000
      vertex  4.760000e+001 -7.090000e+001 -4.000000e+000
      vertex  4.760000e+001 -7.150000e+001 -4.000000e+000
    endloop
  endfacet
  facet normal -1.000000e+000  0.000000e+000  0.000000e+000
    outer loop
      vertex  4.760000e+001 -7.180000e+001  8.000000e+000
      vertex  4.760000e+001 -7.150000e+001 -4.000000e+000
      vertex  4.760000e+001 -7.180000e+001 -3.700000e+000
    endloop
  endfacet
  facet normal -1.000000e+000  0.000000e+000  -0.000000e+000
    outer loop
      vertex  4.760000e+001  1.500000e+000 -4.000000e+000
      vertex  4.760000e+001  1.800000e+000  8.000000e+000
      vertex  4.760000e+001  1.800000e+000 -3.700000e+000
    endloop
  endfacet
  facet normal -9.999999e-001  0.000000e+000  0.000000e+000
    outer loop
      vertex  4.760000e+001  1.800000e+000  8.000000e+000
      vertex  4.760000e+001  1.500000e+000 -4.000000e+000
      vertex  4.760000e+001  6.000000e-001  8.000000e+000
    endloop
  endfacet
  facet normal -1.000000e+000  0.000000e+000  0.000000e+000
    outer loop
      vertex  4.760000e+001  6.000000e-001  8.000000e+000
      vertex  4.760000e+001  1.500000e+000 -4.000000e+000
      vertex  4.760000e+001  9.000000e-001 -4.000000e+000
    endloop
  endfacet
  facet normal -1.000000e+000  0.000000e+000  0.000000e+000
    outer loop
      vertex  4.760000e+001  6.000000e-001  8.000000e+000
      vertex  4.760000e+001  9.000000e-001 -4.000000e+000
      vertex  4.760000e+001  6.000000e-001 -3.700000e+000
    endloop
  endfacet
  facet normal  0.000000e+000  0.000000e+000 -9.999999e-001
    outer loop
      vertex  4.760000e+001 -7.060000e+001  8.000000e+000
      vertex  4.760000e+001 -7.180000e+001  8.000000e+000
      vertex  3.740000e+001 -7.060000e+001  8.000000e+000
    endloop
  endfacet
  facet normal  0.000000e+000  0.000000e+000 -9.999999e-001
    outer loop
      vertex  3.740000e+001 -7.060000e+001  8.000000e+000
      vertex  4.760000e+001 -7.180000e+001  8.000000e+000
      vertex  3.740000e+001 -7.180000e+001  8.000000e+000
    endloop
  endfacet
  facet normal  0.000000e+000  0.000000e+000 -1.000000e+000
    outer loop
      vertex  4.760000e+001  1.800000e+000  8.000000e+000
      vertex  4.760000e+001  6.000000e-001  8.000000e+000
      vertex  3.740000e+001  1.800000e+000  8.000000e+000
    endloop
  endfacet
  facet normal  0.000000e+000  0.000000e+000 -1.000000e+000
    outer loop
      vertex  3.740000e+001  1.800000e+000  8.000000e+000
      vertex  4.760000e+001  6.000000e-001  8.000000e+000
      vertex  3.740000e+001  6.000000e-001  8.000000e+000
    endloop
  endfacet
  facet normal  1.000000e+000  0.000000e+000  0.000000e+000
    outer loop
      vertex  3.740000e+001 -7.150000e+001 -4.000000e+000
      vertex  3.740000e+001 -7.180000e+001  8.000000e+000
      vertex  3.740000e+001 -7.180000e+001 -3.700000e+000
    endloop
  endfacet
  facet normal  1.000000e+000  0.000000e+000  -0.000000e+000
    outer loop
      vertex  3.740000e+001 -7.180000e+001  8.000000e+000
      vertex  3.740000e+001 -7.150000e+001 -4.000000e+000
      vertex  3.740000e+001 -7.060000e+001  8.000000e+000
    endloop
  endfacet
  facet normal  1.000000e+000  0.000000e+000  0.000000e+000
    outer loop
      vertex  3.740000e+001 -7.060000e+001  8.000000e+000
      vertex  3.740000e+001 -7.150000e+001 -4.000000e+000
      vertex  3.740000e+001 -7.090000e+001 -4.000000e+000
    endloop
  endfacet
  facet normal  1.000000e+000  0.000000e+000  0.000000e+000
    outer loop
      vertex  3.740000e+001 -7.060000e+001  8.000000e+000
      vertex  3.740000e+001 -7.090000e+001 -4.000000e+000
      vertex  3.740000e+001 -7.060000e+001 -3.700000e+000
    endloop
  endfacet
  facet normal  1.000000e+000  -0.000000e+000  0.000000e+000
    outer loop
      vertex  3.740000e+001  6.000000e-001  8.000000e+000
      vertex  3.740000e+001  6.000000e-001 -3.700000e+000
      vertex  3.740000e+001  9.000000e-001 -4.000000e+000
    endloop
  endfacet
  facet normal  9.999999e-001  0.000000e+000  -0.000000e+000
    outer loop
      vertex  3.740000e+001  6.000000e-001  8.000000e+000
      vertex  3.740000e+001  9.000000e-001 -4.000000e+000
      vertex  3.740000e+001  1.800000e+000  8.000000e+000
    endloop
  endfacet
  facet normal  1.000000e+000  0.000000e+000  0.000000e+000
    outer loop
      vertex  3.740000e+001  1.800000e+000  8.000000e+000
      vertex  3.740000e+001  9.000000e-001 -4.000000e+000
      vertex  3.740000e+001  1.500000e+000 -4.000000e+000
    endloop
  endfacet
  facet normal  1.000000e+000  0.000000e+000  0.000000e+000
    outer loop
      vertex  3.740000e+001  1.800000e+000  8.000000e+000
      vertex  3.740000e+001  1.500000e+000 -4.000000e+000
      vertex  3.740000e+001  1.800000e+000 -3.700000e+000
    endloop
  endfacet
  facet normal  0.000000e+000  0.000000e+000 -9.999999e-001
    outer loop
      vertex  8.431853e+001 -5.023366e+000  1.700000e+000
      vertex  8.173772e+001 -4.957891e+000  1.700000e+000
      vertex  8.409343e+001 -4.830544e+000  1.700000e+000
    endloop
  endfacet
  facet normal  0.000000e+000  0.000000e+000 -1.000000e+000
    outer loop
      vertex  8.160000e+001 -4.000000e-001  1.700000e+000
      vertex  8.156593e+001 -1.411810e-001  1.700000e+000
      vertex  8.483147e+001 -2.782106e+000  1.700000e+000
    endloop
  endfacet
  facet normal  -0.000000e+000  0.000000e+000 -1.000000e+000
    outer loop
      vertex  8.160000e+001 -4.000000e-001  1.700000e+000
      vertex  8.483147e+001 -2.782106e+000  1.700000e+000
      vertex  8.454490e+001 -2.857828e+000  1.700000e+000
    endloop
  endfacet
  facet normal  -0.000000e+000  0.000000e+000 -1.000000e+000
    outer loop
      vertex  8.160000e+001 -4.000000e-001  1.700000e+000
      vertex  8.454490e+001 -2.857828e+000  1.700000e+000
      vertex  8.160000e+001 -4.000000e+000  1.700000e+000
    endloop
  endfacet
  facet normal  0.000000e+000  0.000000e+000 -1.000000e+000
    outer loop
      vertex  9.060000e+001  6.000000e-001  1.700000e+000
      vertex  9.060000e+001 -8.400000e+000  1.700000e+000
      vertex  9.056593e+001 -8.141181e+000  1.700000e+000
    endloop
  endfacet
  facet normal  0.000000e+000  0.000000e+000 -9.999999e-001
    outer loop
      vertex  9.060000e+001  6.000000e-001  1.700000e+000
      vertex  9.056593e+001 -8.141181e+000  1.700000e+000
      vertex  9.046603e+001 -7.900000e+000  1.700000e+000
    endloop
  endfacet
  facet normal  0.000000e+000  0.000000e+000 -1.000000e+000
    outer loop
      vertex  9.060000e+001  6.000000e-001  1.700000e+000
      vertex  9.046603e+001 -7.900000e+000  1.700000e+000
      vertex  9.030711e+001 -7.692893e+000  1.700000e+000
    endloop
  endfacet
  facet normal  0.000000e+000  0.000000e+000 -1.000000e+000
    outer loop
      vertex  9.060000e+001  6.000000e-001  1.700000e+000
      vertex  9.030711e+001 -7.692893e+000  1.700000e+000
      vertex  8.590657e+001 -3.169456e+000  1.700000e+000
    endloop
  endfacet
  facet normal  0.000000e+000  0.000000e+000 -1.000000e+000
    outer loop
      vertex  9.060000e+001  6.000000e-001  1.700000e+000
      vertex  8.590657e+001 -3.169456e+000  1.700000e+000
      vertex  8.568147e+001 -2.976634e+000  1.700000e+000
    endloop
  endfacet
  facet normal  0.000000e+000  0.000000e+000 -1.000000e+000
    outer loop
      vertex  9.060000e+001  6.000000e-001  1.700000e+000
      vertex  8.568147e+001 -2.976634e+000  1.700000e+000
      vertex  8.541676e+001 -2.843286e+000  1.700000e+000
    endloop
  endfacet
  facet normal  0.000000e+000  0.000000e+000 -1.000000e+000
    outer loop
      vertex  9.060000e+001  6.000000e-001  1.700000e+000
      vertex  8.541676e+001 -2.843286e+000  1.700000e+000
      vertex  8.512782e+001 -2.777163e+000  1.700000e+000
    endloop
  endfacet
  facet normal  0.000000e+000  0.000000e+000 -9.999999e-001
    outer loop
      vertex  9.060000e+001  6.000000e-001  1.700000e+000
      vertex  8.512782e+001 -2.777163e+000  1.700000e+000
      vertex  8.130711e+001  3.071068e-001  1.700000e+000
    endloop
  endfacet
  facet normal  0.000000e+000  0.000000e+000 -1.000000e+000
    outer loop
      vertex  9.060000e+001  6.000000e-001  1.700000e+000
      vertex  8.130711e+001  3.071068e-001  1.700000e+000
      vertex  8.110000e+001  4.660254e-001  1.700000e+000
    endloop
  endfacet
  facet normal  0.000000e+000  0.000000e+000 -1.000000e+000
    outer loop
      vertex  9.060000e+001  6.000000e-001  1.700000e+000
      vertex  8.110000e+001  4.660254e-001  1.700000e+000
      vertex  8.085882e+001  5.659258e-001  1.700000e+000
    endloop
  endfacet
  facet normal  0.000000e+000  0.000000e+000 -1.000000e+000
    outer loop
      vertex  9.060000e+001  6.000000e-001  1.700000e+000
      vertex  8.085882e+001  5.659258e-001  1.700000e+000
      vertex  8.060000e+001  6.000000e-001  1.700000e+000
    endloop
  endfacet
  facet normal  0.000000e+000  0.000000e+000 -1.000000e+000
    outer loop
      vertex  8.160000e+001 -4.000000e+000  1.700000e+000
      vertex  8.454490e+001 -2.857828e+000  1.700000e+000
      vertex  8.428479e+001 -2.999930e+000  1.700000e+000
    endloop
  endfacet
  facet normal  0.000000e+000  0.000000e+000 -1.000000e+000
    outer loop
      vertex  8.160000e+001 -4.000000e+000  1.700000e+000
      vertex  8.428479e+001 -2.999930e+000  1.700000e+000
      vertex  8.406624e+001 -3.200152e+000  1.700000e+000
    endloop
  endfacet
  facet normal  0.000000e+000  0.000000e+000 -1.000000e+000
    outer loop
      vertex  8.160000e+001 -4.000000e+000  1.700000e+000
      vertex  8.406624e+001 -3.200152e+000  1.700000e+000
      vertex  8.390195e+001 -3.446858e+000  1.700000e+000
    endloop
  endfacet
  facet normal  0.000000e+000  0.000000e+000 -1.000000e+000
    outer loop
      vertex  8.160000e+001 -4.000000e+000  1.700000e+000
      vertex  8.390195e+001 -3.446858e+000  1.700000e+000
      vertex  8.380148e+001 -3.725711e+000  1.700000e+000
    endloop
  endfacet
  facet normal  0.000000e+000  0.000000e+000 -1.000000e+000
    outer loop
      vertex  8.160000e+001 -4.000000e+000  1.700000e+000
      vertex  8.380148e+001 -3.725711e+000  1.700000e+000
      vertex  8.377067e+001 -4.020505e+000  1.700000e+000
    endloop
  endfacet
  facet normal  -0.000000e+000  -0.000000e+000 -1.000000e+000
    outer loop
      vertex  8.160000e+001 -4.000000e+000  1.700000e+000
      vertex  8.377067e+001 -4.020505e+000  1.700000e+000
      vertex  8.381130e+001 -4.314106e+000  1.700000e+000
    endloop
  endfacet
  facet normal  -0.000000e+000  0.000000e+000 -1.000000e+000
    outer loop
      vertex  8.160000e+001 -4.000000e+000  1.700000e+000
      vertex  8.381130e+001 -4.314106e+000  1.700000e+000
      vertex  8.163461e+001 -4.483871e+000  1.700000e+000
    endloop
  endfacet
  facet normal  0.000000e+000  0.000000e+000 -1.000000e+000
    outer loop
      vertex  8.190725e+001 -5.412411e+000  1.700000e+000
      vertex  8.173772e+001 -4.957891e+000  1.700000e+000
      vertex  8.431853e+001 -5.023366e+000  1.700000e+000
    endloop
  endfacet
  facet normal  0.000000e+000  -0.000000e+000 -1.000000e+000
    outer loop
      vertex  8.190725e+001 -5.412411e+000  1.700000e+000
      vertex  8.431853e+001 -5.023366e+000  1.700000e+000
      vertex  8.458324e+001 -5.156713e+000  1.700000e+000
    endloop
  endfacet
  facet normal  0.000000e+000  -0.000000e+000 -1.000000e+000
    outer loop
      vertex  8.190725e+001 -5.412411e+000  1.700000e+000
      vertex  8.458324e+001 -5.156713e+000  1.700000e+000
      vertex  8.487218e+001 -5.222837e+000  1.700000e+000
    endloop
  endfacet
  facet normal  0.000000e+000  -0.000000e+000 -1.000000e+000
    outer loop
      vertex  8.190725e+001 -5.412411e+000  1.700000e+000
      vertex  8.487218e+001 -5.222837e+000  1.700000e+000
      vertex  8.500000e+001 -7.400000e+000  1.700000e+000
    endloop
  endfacet
  facet normal  0.000000e+000  0.000000e+000 -1.000000e+000
    outer loop
      vertex  8.500000e+001 -7.400000e+000  1.700000e+000
      vertex  8.451613e+001 -7.365393e+000  1.700000e+000
      vertex  8.404211e+001 -7.262276e+000  1.700000e+000
    endloop
  endfacet
  facet normal  0.000000e+000  0.000000e+000 -1.000000e+000
    outer loop
      vertex  8.500000e+001 -7.400000e+000  1.700000e+000
      vertex  8.404211e+001 -7.262276e+000  1.700000e+000
      vertex  8.358759e+001 -7.092749e+000  1.700000e+000
    endloop
  endfacet
  facet normal  0.000000e+000  0.000000e+000 -1.000000e+000
    outer loop
      vertex  8.500000e+001 -7.400000e+000  1.700000e+000
      vertex  8.358759e+001 -7.092749e+000  1.700000e+000
      vertex  8.316182e+001 -6.860262e+000  1.700000e+000
    endloop
  endfacet
  facet normal  0.000000e+000  0.000000e+000 -1.000000e+000
    outer loop
      vertex  8.500000e+001 -7.400000e+000  1.700000e+000
      vertex  8.316182e+001 -6.860262e+000  1.700000e+000
      vertex  8.277348e+001 -6.569549e+000  1.700000e+000
    endloop
  endfacet
  facet normal  0.000000e+000  0.000000e+000 -9.999999e-001
    outer loop
      vertex  8.500000e+001 -7.400000e+000  1.700000e+000
      vertex  8.277348e+001 -6.569549e+000  1.700000e+000
      vertex  8.243045e+001 -6.226526e+000  1.700000e+000
    endloop
  endfacet
  facet normal  0.000000e+000  0.000000e+000 -1.000000e+000
    outer loop
      vertex  8.500000e+001 -7.400000e+000  1.700000e+000
      vertex  8.243045e+001 -6.226526e+000  1.700000e+000
      vertex  8.213974e+001 -5.838179e+000  1.700000e+000
    endloop
  endfacet
  facet normal  0.000000e+000  0.000000e+000 -9.999999e-001
    outer loop
      vertex  8.500000e+001 -7.400000e+000  1.700000e+000
      vertex  8.213974e+001 -5.838179e+000  1.700000e+000
      vertex  8.190725e+001 -5.412411e+000  1.700000e+000
    endloop
  endfacet
  facet normal  0.000000e+000  0.000000e+000 -9.999999e-001
    outer loop
      vertex  9.010000e+001 -7.533975e+000  1.700000e+000
      vertex  8.985882e+001 -7.434074e+000  1.700000e+000
      vertex  8.516853e+001 -5.217894e+000  1.700000e+000
    endloop
  endfacet
  facet normal  0.000000e+000  0.000000e+000 -1.000000e+000
    outer loop
      vertex  9.010000e+001 -7.533975e+000  1.700000e+000
      vertex  8.516853e+001 -5.217894e+000  1.700000e+000
      vertex  8.545510e+001 -5.142171e+000  1.700000e+000
    endloop
  endfacet
  facet normal  0.000000e+000  0.000000e+000 -1.000000e+000
    outer loop
      vertex  9.010000e+001 -7.533975e+000  1.700000e+000
      vertex  8.545510e+001 -5.142171e+000  1.700000e+000
      vertex  8.571521e+001 -5.000070e+000  1.700000e+000
    endloop
  endfacet
  facet normal  0.000000e+000  0.000000e+000 -1.000000e+000
    outer loop
      vertex  9.010000e+001 -7.533975e+000  1.700000e+000
      vertex  8.571521e+001 -5.000070e+000  1.700000e+000
      vertex  8.593376e+001 -4.799848e+000  1.700000e+000
    endloop
  endfacet
  facet normal  0.000000e+000  0.000000e+000 -1.000000e+000
    outer loop
      vertex  9.010000e+001 -7.533975e+000  1.700000e+000
      vertex  8.593376e+001 -4.799848e+000  1.700000e+000
      vertex  8.609805e+001 -4.553142e+000  1.700000e+000
    endloop
  endfacet
  facet normal  0.000000e+000  0.000000e+000 -9.999999e-001
    outer loop
      vertex  9.010000e+001 -7.533975e+000  1.700000e+000
      vertex  8.609805e+001 -4.553142e+000  1.700000e+000
      vertex  8.619852e+001 -4.274289e+000  1.700000e+000
    endloop
  endfacet
  facet normal  0.000000e+000  0.000000e+000 -1.000000e+000
    outer loop
      vertex  9.030711e+001 -7.692893e+000  1.700000e+000
      vertex  9.010000e+001 -7.533975e+000  1.700000e+000
      vertex  8.619852e+001 -4.274289e+000  1.700000e+000
    endloop
  endfacet
  facet normal  0.000000e+000  0.000000e+000 -1.000000e+000
    outer loop
      vertex  9.030711e+001 -7.692893e+000  1.700000e+000
      vertex  8.619852e+001 -4.274289e+000  1.700000e+000
      vertex  8.622933e+001 -3.979495e+000  1.700000e+000
    endloop
  endfacet
  facet normal  0.000000e+000  0.000000e+000 -1.000000e+000
    outer loop
      vertex  9.030711e+001 -7.692893e+000  1.700000e+000
      vertex  8.622933e+001 -3.979495e+000  1.700000e+000
      vertex  8.618870e+001 -3.685894e+000  1.700000e+000
    endloop
  endfacet
  facet normal  0.000000e+000  0.000000e+000 -1.000000e+000
    outer loop
      vertex  9.030711e+001 -7.692893e+000  1.700000e+000
      vertex  8.618870e+001 -3.685894e+000  1.700000e+000
      vertex  8.607899e+001 -3.410546e+000  1.700000e+000
    endloop
  endfacet
  facet normal  0.000000e+000  0.000000e+000 -1.000000e+000
    outer loop
      vertex  9.030711e+001 -7.692893e+000  1.700000e+000
      vertex  8.607899e+001 -3.410546e+000  1.700000e+000
      vertex  8.590657e+001 -3.169456e+000  1.700000e+000
    endloop
  endfacet
  facet normal  0.000000e+000  0.000000e+000 -1.000000e+000
    outer loop
      vertex  8.985882e+001 -7.434074e+000  1.700000e+000
      vertex  8.960000e+001 -7.400000e+000  1.700000e+000
      vertex  8.516853e+001 -5.217894e+000  1.700000e+000
    endloop
  endfacet
  facet normal  0.000000e+000  -0.000000e+000 -9.999999e-001
    outer loop
      vertex  8.516853e+001 -5.217894e+000  1.700000e+000
      vertex  8.960000e+001 -7.400000e+000  1.700000e+000
      vertex  8.500000e+001 -7.400000e+000  1.700000e+000
    endloop
  endfacet
  facet normal  0.000000e+000  0.000000e+000 -1.000000e+000
    outer loop
      vertex  8.516853e+001 -5.217894e+000  1.700000e+000
      vertex  8.500000e+001 -7.400000e+000  1.700000e+000
      vertex  8.487218e+001 -5.222837e+000  1.700000e+000
    endloop
  endfacet
  facet normal  0.000000e+000  0.000000e+000 -1.000000e+000
    outer loop
      vertex  8.156593e+001 -1.411810e-001  1.700000e+000
      vertex  8.146603e+001  1.000000e-001  1.700000e+000
      vertex  8.483147e+001 -2.782106e+000  1.700000e+000
    endloop
  endfacet
  facet normal  0.000000e+000  0.000000e+000 -1.000000e+000
    outer loop
      vertex  8.483147e+001 -2.782106e+000  1.700000e+000
      vertex  8.146603e+001  1.000000e-001  1.700000e+000
      vertex  8.130711e+001  3.071068e-001  1.700000e+000
    endloop
  endfacet
  facet normal  0.000000e+000  0.000000e+000 -1.000000e+000
    outer loop
      vertex  8.483147e+001 -2.782106e+000  1.700000e+000
      vertex  8.130711e+001  3.071068e-001  1.700000e+000
      vertex  8.512782e+001 -2.777163e+000  1.700000e+000
    endloop
  endfacet
  facet normal  0.000000e+000  0.000000e+000 -9.999999e-001
    outer loop
      vertex  8.381130e+001 -4.314106e+000  1.700000e+000
      vertex  8.392101e+001 -4.589454e+000  1.700000e+000
      vertex  8.163461e+001 -4.483871e+000  1.700000e+000
    endloop
  endfacet
  facet normal  0.000000e+000  0.000000e+000 -1.000000e+000
    outer loop
      vertex  8.163461e+001 -4.483871e+000  1.700000e+000
      vertex  8.392101e+001 -4.589454e+000  1.700000e+000
      vertex  8.409343e+001 -4.830544e+000  1.700000e+000
    endloop
  endfacet
  facet normal  -0.000000e+000  0.000000e+000 -1.000000e+000
    outer loop
      vertex  8.163461e+001 -4.483871e+000  1.700000e+000
      vertex  8.409343e+001 -4.830544e+000  1.700000e+000
      vertex  8.173772e+001 -4.957891e+000  1.700000e+000
    endloop
  endfacet
  facet normal  0.000000e+000  0.000000e+000 -1.000000e+000
    outer loop
      vertex  8.146603e+001 -7.010000e+001  1.700000e+000
      vertex  8.487218e+001 -6.722284e+001  1.700000e+000
      vertex  8.130711e+001 -7.030711e+001  1.700000e+000
    endloop
  endfacet
  facet normal  0.000000e+000  0.000000e+000 -1.000000e+000
    outer loop
      vertex  8.156593e+001 -6.985882e+001  1.700000e+000
      vertex  8.487218e+001 -6.722284e+001  1.700000e+000
      vertex  8.146603e+001 -7.010000e+001  1.700000e+000
    endloop
  endfacet
  facet normal  -0.000000e+000  0.000000e+000 -1.000000e+000
    outer loop
      vertex  8.406624e+001 -6.520015e+001  1.700000e+000
      vertex  8.390195e+001 -6.544686e+001  1.700000e+000
      vertex  8.163461e+001 -6.551613e+001  1.700000e+000
    endloop
  endfacet
  facet normal  0.000000e+000  0.000000e+000 -1.000000e+000
    outer loop
      vertex  8.500000e+001 -6.260000e+001  1.700000e+000
      vertex  8.590657e+001 -6.516946e+001  1.700000e+000
      vertex  8.568147e+001 -6.497663e+001  1.700000e+000
    endloop
  endfacet
  facet normal  0.000000e+000  0.000000e+000 -1.000000e+000
    outer loop
      vertex  8.500000e+001 -6.260000e+001  1.700000e+000
      vertex  8.568147e+001 -6.497663e+001  1.700000e+000
      vertex  8.541676e+001 -6.484328e+001  1.700000e+000
    endloop
  endfacet
  facet normal  0.000000e+000  0.000000e+000 -1.000000e+000
    outer loop
      vertex  8.500000e+001 -6.260000e+001  1.700000e+000
      vertex  8.541676e+001 -6.484328e+001  1.700000e+000
      vertex  8.512782e+001 -6.477716e+001  1.700000e+000
    endloop
  endfacet
  facet normal  -0.000000e+000  0.000000e+000 -1.000000e+000
    outer loop
      vertex  8.500000e+001 -6.260000e+001  1.700000e+000
      vertex  8.512782e+001 -6.477716e+001  1.700000e+000
      vertex  8.483147e+001 -6.478210e+001  1.700000e+000
    endloop
  endfacet
  facet normal  0.000000e+000  0.000000e+000 -1.000000e+000
    outer loop
      vertex  8.500000e+001 -6.260000e+001  1.700000e+000
      vertex  8.483147e+001 -6.478210e+001  1.700000e+000
      vertex  8.451613e+001 -6.263461e+001  1.700000e+000
    endloop
  endfacet
  facet normal  0.000000e+000  0.000000e+000 -1.000000e+000
    outer loop
      vertex  9.060000e+001 -7.060000e+001  1.700000e+000
      vertex  8.060000e+001 -7.060000e+001  1.700000e+000
      vertex  8.085882e+001 -7.056593e+001  1.700000e+000
    endloop
  endfacet
  facet normal  0.000000e+000  0.000000e+000 -1.000000e+000
    outer loop
      vertex  9.060000e+001 -7.060000e+001  1.700000e+000
      vertex  8.085882e+001 -7.056593e+001  1.700000e+000
      vertex  8.110000e+001 -7.046603e+001  1.700000e+000
    endloop
  endfacet
  facet normal  0.000000e+000  0.000000e+000 -1.000000e+000
    outer loop
      vertex  9.060000e+001 -7.060000e+001  1.700000e+000
      vertex  8.110000e+001 -7.046603e+001  1.700000e+000
      vertex  8.130711e+001 -7.030711e+001  1.700000e+000
    endloop
  endfacet
  facet normal  0.000000e+000  0.000000e+000 -9.999999e-001
    outer loop
      vertex  9.060000e+001 -7.060000e+001  1.700000e+000
      vertex  8.130711e+001 -7.030711e+001  1.700000e+000
      vertex  8.487218e+001 -6.722284e+001  1.700000e+000
    endloop
  endfacet
  facet normal  0.000000e+000  0.000000e+000 -1.000000e+000
    outer loop
      vertex  9.060000e+001 -7.060000e+001  1.700000e+000
      vertex  8.487218e+001 -6.722284e+001  1.700000e+000
      vertex  8.516853e+001 -6.721790e+001  1.700000e+000
    endloop
  endfacet
  facet normal  0.000000e+000  0.000000e+000 -1.000000e+000
    outer loop
      vertex  9.060000e+001 -7.060000e+001  1.700000e+000
      vertex  8.516853e+001 -6.721790e+001  1.700000e+000
      vertex  8.545510e+001 -6.714217e+001  1.700000e+000
    endloop
  endfacet
  facet normal  0.000000e+000  0.000000e+000 -1.000000e+000
    outer loop
      vertex  9.060000e+001 -7.060000e+001  1.700000e+000
      vertex  8.545510e+001 -6.714217e+001  1.700000e+000
      vertex  8.571521e+001 -6.700007e+001  1.700000e+000
    endloop
  endfacet
  facet normal  0.000000e+000  0.000000e+000 -1.000000e+000
    outer loop
      vertex  9.060000e+001 -7.060000e+001  1.700000e+000
      vertex  8.571521e+001 -6.700007e+001  1.700000e+000
      vertex  8.593376e+001 -6.679985e+001  1.700000e+000
    endloop
  endfacet
  facet normal  0.000000e+000  0.000000e+000 -9.999999e-001
    outer loop
      vertex  9.060000e+001 -7.060000e+001  1.700000e+000
      vertex  8.593376e+001 -6.679985e+001  1.700000e+000
      vertex  8.609805e+001 -6.655314e+001  1.700000e+000
    endloop
  endfacet
  facet normal  0.000000e+000  0.000000e+000 -1.000000e+000
    outer loop
      vertex  9.060000e+001 -7.060000e+001  1.700000e+000
      vertex  8.609805e+001 -6.655314e+001  1.700000e+000
      vertex  8.619852e+001 -6.627429e+001  1.700000e+000
    endloop
  endfacet
  facet normal  0.000000e+000  0.000000e+000 -1.000000e+000
    outer loop
      vertex  9.060000e+001 -7.060000e+001  1.700000e+000
      vertex  8.619852e+001 -6.627429e+001  1.700000e+000
      vertex  8.622933e+001 -6.597949e+001  1.700000e+000
    endloop
  endfacet
  facet normal  0.000000e+000  0.000000e+000 -1.000000e+000
    outer loop
      vertex  9.060000e+001 -7.060000e+001  1.700000e+000
      vertex  8.622933e+001 -6.597949e+001  1.700000e+000
      vertex  8.618870e+001 -6.568589e+001  1.700000e+000
    endloop
  endfacet
  facet normal  0.000000e+000  0.000000e+000 -1.000000e+000
    outer loop
      vertex  9.060000e+001 -7.060000e+001  1.700000e+000
      vertex  8.618870e+001 -6.568589e+001  1.700000e+000
      vertex  8.607899e+001 -6.541055e+001  1.700000e+000
    endloop
  endfacet
  facet normal  0.000000e+000  0.000000e+000 -1.000000e+000
    outer loop
      vertex  9.060000e+001 -7.060000e+001  1.700000e+000
      vertex  8.607899e+001 -6.541055e+001  1.700000e+000
      vertex  8.590657e+001 -6.516946e+001  1.700000e+000
    endloop
  endfacet
  facet normal  0.000000e+000  0.000000e+000 -1.000000e+000
    outer loop
      vertex  9.060000e+001 -7.060000e+001  1.700000e+000
      vertex  8.590657e+001 -6.516946e+001  1.700000e+000
      vertex  8.500000e+001 -6.260000e+001  1.700000e+000
    endloop
  endfacet
  facet normal  0.000000e+000  0.000000e+000 -1.000000e+000
    outer loop
      vertex  9.060000e+001 -7.060000e+001  1.700000e+000
      vertex  8.500000e+001 -6.260000e+001  1.700000e+000
      vertex  8.960000e+001 -6.260000e+001  1.700000e+000
    endloop
  endfacet
  facet normal  0.000000e+000  0.000000e+000 -1.000000e+000
    outer loop
      vertex  9.060000e+001 -7.060000e+001  1.700000e+000
      vertex  8.960000e+001 -6.260000e+001  1.700000e+000
      vertex  8.985882e+001 -6.256593e+001  1.700000e+000
    endloop
  endfacet
  facet normal  0.000000e+000  0.000000e+000 -1.000000e+000
    outer loop
      vertex  9.060000e+001 -7.060000e+001  1.700000e+000
      vertex  8.985882e+001 -6.256593e+001  1.700000e+000
      vertex  9.010000e+001 -6.246603e+001  1.700000e+000
    endloop
  endfacet
  facet normal  0.000000e+000  0.000000e+000 -1.000000e+000
    outer loop
      vertex  9.060000e+001 -7.060000e+001  1.700000e+000
      vertex  9.010000e+001 -6.246603e+001  1.700000e+000
      vertex  9.030711e+001 -6.230711e+001  1.700000e+000
    endloop
  endfacet
  facet normal  0.000000e+000  0.000000e+000 -1.000000e+000
    outer loop
      vertex  9.060000e+001 -7.060000e+001  1.700000e+000
      vertex  9.030711e+001 -6.230711e+001  1.700000e+000
      vertex  9.046603e+001 -6.210000e+001  1.700000e+000
    endloop
  endfacet
  facet normal  0.000000e+000  0.000000e+000 -9.999999e-001
    outer loop
      vertex  9.060000e+001 -7.060000e+001  1.700000e+000
      vertex  9.046603e+001 -6.210000e+001  1.700000e+000
      vertex  9.056593e+001 -6.185882e+001  1.700000e+000
    endloop
  endfacet
  facet normal  0.000000e+000  0.000000e+000 -1.000000e+000
    outer loop
      vertex  9.060000e+001 -7.060000e+001  1.700000e+000
      vertex  9.056593e+001 -6.185882e+001  1.700000e+000
      vertex  9.060000e+001 -6.160000e+001  1.700000e+000
    endloop
  endfacet
  facet normal  0.000000e+000  -0.000000e+000 -1.000000e+000
    outer loop
      vertex  8.190725e+001 -6.458759e+001  1.700000e+000
      vertex  8.213974e+001 -6.416182e+001  1.700000e+000
      vertex  8.243045e+001 -6.377347e+001  1.700000e+000
    endloop
  endfacet
  facet normal  0.000000e+000  -0.000000e+000 -1.000000e+000
    outer loop
      vertex  8.190725e+001 -6.458759e+001  1.700000e+000
      vertex  8.243045e+001 -6.377347e+001  1.700000e+000
      vertex  8.277348e+001 -6.343045e+001  1.700000e+000
    endloop
  endfacet
  facet normal  0.000000e+000  -0.000000e+000 -1.000000e+000
    outer loop
      vertex  8.190725e+001 -6.458759e+001  1.700000e+000
      vertex  8.277348e+001 -6.343045e+001  1.700000e+000
      vertex  8.316182e+001 -6.313974e+001  1.700000e+000
    endloop
  endfacet
  facet normal  0.000000e+000  -0.000000e+000 -1.000000e+000
    outer loop
      vertex  8.190725e+001 -6.458759e+001  1.700000e+000
      vertex  8.316182e+001 -6.313974e+001  1.700000e+000
      vertex  8.358759e+001 -6.290725e+001  1.700000e+000
    endloop
  endfacet
  facet normal  0.000000e+000  -0.000000e+000 -1.000000e+000
    outer loop
      vertex  8.190725e+001 -6.458759e+001  1.700000e+000
      vertex  8.358759e+001 -6.290725e+001  1.700000e+000
      vertex  8.404211e+001 -6.273772e+001  1.700000e+000
    endloop
  endfacet
  facet normal  0.000000e+000  -0.000000e+000 -1.000000e+000
    outer loop
      vertex  8.190725e+001 -6.458759e+001  1.700000e+000
      vertex  8.404211e+001 -6.273772e+001  1.700000e+000
      vertex  8.451613e+001 -6.263461e+001  1.700000e+000
    endloop
  endfacet
  facet normal  0.000000e+000  -0.000000e+000 -1.000000e+000
    outer loop
      vertex  8.190725e+001 -6.458759e+001  1.700000e+000
      vertex  8.451613e+001 -6.263461e+001  1.700000e+000
      vertex  8.483147e+001 -6.478210e+001  1.700000e+000
    endloop
  endfacet
  facet normal  -0.000000e+000  0.000000e+000 -1.000000e+000
    outer loop
      vertex  8.190725e+001 -6.458759e+001  1.700000e+000
      vertex  8.483147e+001 -6.478210e+001  1.700000e+000
      vertex  8.454490e+001 -6.485783e+001  1.700000e+000
    endloop
  endfacet
  facet normal  -0.000000e+000  0.000000e+000 -1.000000e+000
    outer loop
      vertex  8.190725e+001 -6.458759e+001  1.700000e+000
      vertex  8.454490e+001 -6.485783e+001  1.700000e+000
      vertex  8.173772e+001 -6.504211e+001  1.700000e+000
    endloop
  endfacet
  facet normal  0.000000e+000  0.000000e+000 -9.999999e-001
    outer loop
      vertex  8.160000e+001 -6.960000e+001  1.700000e+000
      vertex  8.160000e+001 -6.600000e+001  1.700000e+000
      vertex  8.377067e+001 -6.602051e+001  1.700000e+000
    endloop
  endfacet
  facet normal  0.000000e+000  -0.000000e+000 -1.000000e+000
    outer loop
      vertex  8.160000e+001 -6.960000e+001  1.700000e+000
      vertex  8.377067e+001 -6.602051e+001  1.700000e+000
      vertex  8.381130e+001 -6.631411e+001  1.700000e+000
    endloop
  endfacet
  facet normal  0.000000e+000  -0.000000e+000 -1.000000e+000
    outer loop
      vertex  8.160000e+001 -6.960000e+001  1.700000e+000
      vertex  8.381130e+001 -6.631411e+001  1.700000e+000
      vertex  8.392101e+001 -6.658945e+001  1.700000e+000
    endloop
  endfacet
  facet normal  0.000000e+000  -0.000000e+000 -1.000000e+000
    outer loop
      vertex  8.160000e+001 -6.960000e+001  1.700000e+000
      vertex  8.392101e+001 -6.658945e+001  1.700000e+000
      vertex  8.409343e+001 -6.683054e+001  1.700000e+000
    endloop
  endfacet
  facet normal  0.000000e+000  -0.000000e+000 -1.000000e+000
    outer loop
      vertex  8.160000e+001 -6.960000e+001  1.700000e+000
      vertex  8.409343e+001 -6.683054e+001  1.700000e+000
      vertex  8.431853e+001 -6.702337e+001  1.700000e+000
    endloop
  endfacet
  facet normal  0.000000e+000  -0.000000e+000 -1.000000e+000
    outer loop
      vertex  8.160000e+001 -6.960000e+001  1.700000e+000
      vertex  8.431853e+001 -6.702337e+001  1.700000e+000
      vertex  8.458324e+001 -6.715672e+001  1.700000e+000
    endloop
  endfacet
  facet normal  0.000000e+000  -0.000000e+000 -1.000000e+000
    outer loop
      vertex  8.160000e+001 -6.960000e+001  1.700000e+000
      vertex  8.458324e+001 -6.715672e+001  1.700000e+000
      vertex  8.487218e+001 -6.722284e+001  1.700000e+000
    endloop
  endfacet
  facet normal  0.000000e+000  0.000000e+000 -1.000000e+000
    outer loop
      vertex  8.160000e+001 -6.960000e+001  1.700000e+000
      vertex  8.487218e+001 -6.722284e+001  1.700000e+000
      vertex  8.156593e+001 -6.985882e+001  1.700000e+000
    endloop
  endfacet
  facet normal  -0.000000e+000  0.000000e+000 -1.000000e+000
    outer loop
      vertex  8.454490e+001 -6.485783e+001  1.700000e+000
      vertex  8.428479e+001 -6.499993e+001  1.700000e+000
      vertex  8.173772e+001 -6.504211e+001  1.700000e+000
    endloop
  endfacet
  facet normal  0.000000e+000  0.000000e+000 -1.000000e+000
    outer loop
      vertex  8.173772e+001 -6.504211e+001  1.700000e+000
      vertex  8.428479e+001 -6.499993e+001  1.700000e+000
      vertex  8.406624e+001 -6.520015e+001  1.700000e+000
    endloop
  endfacet
  facet normal  -0.000000e+000  0.000000e+000 -1.000000e+000
    outer loop
      vertex  8.173772e+001 -6.504211e+001  1.700000e+000
      vertex  8.406624e+001 -6.520015e+001  1.700000e+000
      vertex  8.163461e+001 -6.551613e+001  1.700000e+000
    endloop
  endfacet
  facet normal  0.000000e+000  0.000000e+000 -1.000000e+000
    outer loop
      vertex  8.377067e+001 -6.602051e+001  1.700000e+000
      vertex  8.160000e+001 -6.600000e+001  1.700000e+000
      vertex  8.380148e+001 -6.572571e+001  1.700000e+000
    endloop
  endfacet
  facet normal  -0.000000e+000  0.000000e+000 -1.000000e+000
    outer loop
      vertex  8.380148e+001 -6.572571e+001  1.700000e+000
      vertex  8.160000e+001 -6.600000e+001  1.700000e+000
      vertex  8.163461e+001 -6.551613e+001  1.700000e+000
    endloop
  endfacet
  facet normal  0.000000e+000  0.000000e+000 -1.000000e+000
    outer loop
      vertex  8.380148e+001 -6.572571e+001  1.700000e+000
      vertex  8.163461e+001 -6.551613e+001  1.700000e+000
      vertex  8.390195e+001 -6.544686e+001  1.700000e+000
    endloop
  endfacet
  facet normal  0.000000e+000  0.000000e+000 -1.000000e+000
    outer loop
      vertex  6.229329e+000 -6.597949e+001  1.700000e+000
      vertex  6.188700e+000 -6.568589e+001  1.700000e+000
      vertex  8.400000e+000 -6.600000e+001  1.700000e+000
    endloop
  endfacet
  facet normal  -0.000000e+000  0.000000e+000 -1.000000e+000
    outer loop
      vertex  5.000000e+000 -6.260000e+001  1.700000e+000
      vertex  5.127824e+000 -6.477716e+001  1.700000e+000
      vertex  4.831466e+000 -6.478210e+001  1.700000e+000
    endloop
  endfacet
  facet normal  -0.000000e+000  0.000000e+000 -1.000000e+000
    outer loop
      vertex  5.000000e+000 -6.260000e+001  1.700000e+000
      vertex  4.831466e+000 -6.478210e+001  1.700000e+000
      vertex  4.544902e+000 -6.485783e+001  1.700000e+000
    endloop
  endfacet
  facet normal  -0.000000e+000  0.000000e+000 -1.000000e+000
    outer loop
      vertex  5.000000e+000 -6.260000e+001  1.700000e+000
      vertex  4.544902e+000 -6.485783e+001  1.700000e+000
      vertex  4.284787e+000 -6.499993e+001  1.700000e+000
    endloop
  endfacet
  facet normal  -0.000000e+000  0.000000e+000 -9.999999e-001
    outer loop
      vertex  5.000000e+000 -6.260000e+001  1.700000e+000
      vertex  4.284787e+000 -6.499993e+001  1.700000e+000
      vertex  4.066237e+000 -6.520015e+001  1.700000e+000
    endloop
  endfacet
  facet normal  0.000000e+000  0.000000e+000 -1.000000e+000
    outer loop
      vertex -6.000000e-001 -7.060000e+001  1.700000e+000
      vertex -6.000000e-001 -6.160000e+001  1.700000e+000
      vertex -5.659258e-001 -6.185882e+001  1.700000e+000
    endloop
  endfacet
  facet normal  0.000000e+000  -0.000000e+000 -1.000000e+000
    outer loop
      vertex -6.000000e-001 -7.060000e+001  1.700000e+000
      vertex -5.659258e-001 -6.185882e+001  1.700000e+000
      vertex -4.660254e-001 -6.210000e+001  1.700000e+000
    endloop
  endfacet
  facet normal  0.000000e+000  -0.000000e+000 -1.000000e+000
    outer loop
      vertex -6.000000e-001 -7.060000e+001  1.700000e+000
      vertex -4.660254e-001 -6.210000e+001  1.700000e+000
      vertex -3.071068e-001 -6.230711e+001  1.700000e+000
    endloop
  endfacet
  facet normal  0.000000e+000  -0.000000e+000 -1.000000e+000
    outer loop
      vertex -6.000000e-001 -7.060000e+001  1.700000e+000
      vertex -3.071068e-001 -6.230711e+001  1.700000e+000
      vertex -1.000000e-001 -6.246603e+001  1.700000e+000
    endloop
  endfacet
  facet normal  0.000000e+000  -0.000000e+000 -1.000000e+000
    outer loop
      vertex -6.000000e-001 -7.060000e+001  1.700000e+000
      vertex -1.000000e-001 -6.246603e+001  1.700000e+000
      vertex  1.411810e-001 -6.256593e+001  1.700000e+000
    endloop
  endfacet
  facet normal  0.000000e+000  -0.000000e+000 -1.000000e+000
    outer loop
      vertex -6.000000e-001 -7.060000e+001  1.700000e+000
      vertex  1.411810e-001 -6.256593e+001  1.700000e+000
      vertex  4.000000e-001 -6.260000e+001  1.700000e+000
    endloop
  endfacet
  facet normal  0.000000e+000  -0.000000e+000 -1.000000e+000
    outer loop
      vertex -6.000000e-001 -7.060000e+001  1.700000e+000
      vertex  4.000000e-001 -6.260000e+001  1.700000e+000
      vertex  5.000000e+000 -6.260000e+001  1.700000e+000
    endloop
  endfacet
  facet normal  0.000000e+000  0.000000e+000 -1.000000e+000
    outer loop
      vertex -6.000000e-001 -7.060000e+001  1.700000e+000
      vertex  5.000000e+000 -6.260000e+001  1.700000e+000
      vertex  4.066237e+000 -6.520015e+001  1.700000e+000
    endloop
  endfacet
  facet normal  0.000000e+000  0.000000e+000 -1.000000e+000
    outer loop
      vertex -6.000000e-001 -7.060000e+001  1.700000e+000
      vertex  4.066237e+000 -6.520015e+001  1.700000e+000
      vertex  3.901954e+000 -6.544686e+001  1.700000e+000
    endloop
  endfacet
  facet normal  0.000000e+000  0.000000e+000 -1.000000e+000
    outer loop
      vertex -6.000000e-001 -7.060000e+001  1.700000e+000
      vertex  3.901954e+000 -6.544686e+001  1.700000e+000
      vertex  3.801486e+000 -6.572571e+001  1.700000e+000
    endloop
  endfacet
  facet normal  0.000000e+000  0.000000e+000 -1.000000e+000
    outer loop
      vertex -6.000000e-001 -7.060000e+001  1.700000e+000
      vertex  3.801486e+000 -6.572571e+001  1.700000e+000
      vertex  3.770671e+000 -6.602051e+001  1.700000e+000
    endloop
  endfacet
  facet normal  0.000000e+000  -0.000000e+000 -1.000000e+000
    outer loop
      vertex -6.000000e-001 -7.060000e+001  1.700000e+000
      vertex  3.770671e+000 -6.602051e+001  1.700000e+000
      vertex  3.811300e+000 -6.631411e+001  1.700000e+000
    endloop
  endfacet
  facet normal  0.000000e+000  -0.000000e+000 -1.000000e+000
    outer loop
      vertex -6.000000e-001 -7.060000e+001  1.700000e+000
      vertex  3.811300e+000 -6.631411e+001  1.700000e+000
      vertex  3.921012e+000 -6.658945e+001  1.700000e+000
    endloop
  endfacet
  facet normal  0.000000e+000  -0.000000e+000 -1.000000e+000
    outer loop
      vertex -6.000000e-001 -7.060000e+001  1.700000e+000
      vertex  3.921012e+000 -6.658945e+001  1.700000e+000
      vertex  4.093431e+000 -6.683054e+001  1.700000e+000
    endloop
  endfacet
  facet normal  0.000000e+000  -0.000000e+000 -1.000000e+000
    outer loop
      vertex -6.000000e-001 -7.060000e+001  1.700000e+000
      vertex  4.093431e+000 -6.683054e+001  1.700000e+000
      vertex  4.318537e+000 -6.702337e+001  1.700000e+000
    endloop
  endfacet
  facet normal  0.000000e+000  -0.000000e+000 -1.000000e+000
    outer loop
      vertex -6.000000e-001 -7.060000e+001  1.700000e+000
      vertex  4.318537e+000 -6.702337e+001  1.700000e+000
      vertex  4.583246e+000 -6.715672e+001  1.700000e+000
    endloop
  endfacet
  facet normal  0.000000e+000  -0.000000e+000 -1.000000e+000
    outer loop
      vertex -6.000000e-001 -7.060000e+001  1.700000e+000
      vertex  4.583246e+000 -6.715672e+001  1.700000e+000
      vertex  4.872176e+000 -6.722284e+001  1.700000e+000
    endloop
  endfacet
  facet normal  0.000000e+000  -0.000000e+000 -1.000000e+000
    outer loop
      vertex -6.000000e-001 -7.060000e+001  1.700000e+000
      vertex  4.872176e+000 -6.722284e+001  1.700000e+000
      vertex  5.168534e+000 -6.721790e+001  1.700000e+000
    endloop
  endfacet
  facet normal  0.000000e+000  -0.000000e+000 -1.000000e+000
    outer loop
      vertex -6.000000e-001 -7.060000e+001  1.700000e+000
      vertex  5.168534e+000 -6.721790e+001  1.700000e+000
      vertex  8.400000e+000 -6.960000e+001  1.700000e+000
    endloop
  endfacet
  facet normal  0.000000e+000  -0.000000e+000 -1.000000e+000
    outer loop
      vertex -6.000000e-001 -7.060000e+001  1.700000e+000
      vertex  8.400000e+000 -6.960000e+001  1.700000e+000
      vertex  8.434074e+000 -6.985882e+001  1.700000e+000
    endloop
  endfacet
  facet normal  0.000000e+000  -0.000000e+000 -1.000000e+000
    outer loop
      vertex -6.000000e-001 -7.060000e+001  1.700000e+000
      vertex  8.434074e+000 -6.985882e+001  1.700000e+000
      vertex  8.533975e+000 -7.010000e+001  1.700000e+000
    endloop
  endfacet
  facet normal  0.000000e+000  -0.000000e+000 -1.000000e+000
    outer loop
      vertex -6.000000e-001 -7.060000e+001  1.700000e+000
      vertex  8.533975e+000 -7.010000e+001  1.700000e+000
      vertex  8.692893e+000 -7.030711e+001  1.700000e+000
    endloop
  endfacet
  facet normal  0.000000e+000  -0.000000e+000 -9.999999e-001
    outer loop
      vertex -6.000000e-001 -7.060000e+001  1.700000e+000
      vertex  8.692893e+000 -7.030711e+001  1.700000e+000
      vertex  8.900000e+000 -7.046603e+001  1.700000e+000
    endloop
  endfacet
  facet normal  0.000000e+000  -0.000000e+000 -1.000000e+000
    outer loop
      vertex -6.000000e-001 -7.060000e+001  1.700000e+000
      vertex  8.900000e+000 -7.046603e+001  1.700000e+000
      vertex  9.141181e+000 -7.056593e+001  1.700000e+000
    endloop
  endfacet
  facet normal  0.000000e+000  -0.000000e+000 -1.000000e+000
    outer loop
      vertex -6.000000e-001 -7.060000e+001  1.700000e+000
      vertex  9.141181e+000 -7.056593e+001  1.700000e+000
      vertex  9.400000e+000 -7.060000e+001  1.700000e+000
    endloop
  endfacet
  facet normal  0.000000e+000  0.000000e+000 -1.000000e+000
    outer loop
      vertex  5.127824e+000 -6.477716e+001  1.700000e+000
      vertex  5.000000e+000 -6.260000e+001  1.700000e+000
      vertex  5.483871e+000 -6.263461e+001  1.700000e+000
    endloop
  endfacet
  facet normal  0.000000e+000  -0.000000e+000 -1.000000e+000
    outer loop
      vertex  5.127824e+000 -6.477716e+001  1.700000e+000
      vertex  5.483871e+000 -6.263461e+001  1.700000e+000
      vertex  5.957891e+000 -6.273772e+001  1.700000e+000
    endloop
  endfacet
  facet normal  0.000000e+000  -0.000000e+000 -1.000000e+000
    outer loop
      vertex  5.127824e+000 -6.477716e+001  1.700000e+000
      vertex  5.957891e+000 -6.273772e+001  1.700000e+000
      vertex  6.412411e+000 -6.290725e+001  1.700000e+000
    endloop
  endfacet
  facet normal  0.000000e+000  -0.000000e+000 -1.000000e+000
    outer loop
      vertex  5.127824e+000 -6.477716e+001  1.700000e+000
      vertex  6.412411e+000 -6.290725e+001  1.700000e+000
      vertex  6.838179e+000 -6.313974e+001  1.700000e+000
    endloop
  endfacet
  facet normal  0.000000e+000  -0.000000e+000 -1.000000e+000
    outer loop
      vertex  5.127824e+000 -6.477716e+001  1.700000e+000
      vertex  6.838179e+000 -6.313974e+001  1.700000e+000
      vertex  7.226526e+000 -6.343045e+001  1.700000e+000
    endloop
  endfacet
  facet normal  0.000000e+000  -0.000000e+000 -1.000000e+000
    outer loop
      vertex  5.127824e+000 -6.477716e+001  1.700000e+000
      vertex  7.226526e+000 -6.343045e+001  1.700000e+000
      vertex  7.569549e+000 -6.377347e+001  1.700000e+000
    endloop
  endfacet
  facet normal  0.000000e+000  -0.000000e+000 -1.000000e+000
    outer loop
      vertex  5.127824e+000 -6.477716e+001  1.700000e+000
      vertex  7.569549e+000 -6.377347e+001  1.700000e+000
      vertex  7.860262e+000 -6.416182e+001  1.700000e+000
    endloop
  endfacet
  facet normal  0.000000e+000  -0.000000e+000 -1.000000e+000
    outer loop
      vertex  5.127824e+000 -6.477716e+001  1.700000e+000
      vertex  7.860262e+000 -6.416182e+001  1.700000e+000
      vertex  8.092749e+000 -6.458759e+001  1.700000e+000
    endloop
  endfacet
  facet normal  0.000000e+000  -0.000000e+000 -1.000000e+000
    outer loop
      vertex  5.127824e+000 -6.477716e+001  1.700000e+000
      vertex  8.092749e+000 -6.458759e+001  1.700000e+000
      vertex  8.262276e+000 -6.504211e+001  1.700000e+000
    endloop
  endfacet
  facet normal  0.000000e+000  0.000000e+000 -1.000000e+000
    outer loop
      vertex  5.127824e+000 -6.477716e+001  1.700000e+000
      vertex  8.262276e+000 -6.504211e+001  1.700000e+000
      vertex  5.416754e+000 -6.484328e+001  1.700000e+000
    endloop
  endfacet
  facet normal  0.000000e+000  0.000000e+000 -1.000000e+000
    outer loop
      vertex  8.400000e+000 -6.960000e+001  1.700000e+000
      vertex  5.168534e+000 -6.721790e+001  1.700000e+000
      vertex  5.455098e+000 -6.714217e+001  1.700000e+000
    endloop
  endfacet
  facet normal  0.000000e+000  0.000000e+000 -1.000000e+000
    outer loop
      vertex  8.400000e+000 -6.960000e+001  1.700000e+000
      vertex  5.455098e+000 -6.714217e+001  1.700000e+000
      vertex  5.715213e+000 -6.700007e+001  1.700000e+000
    endloop
  endfacet
  facet normal  0.000000e+000  0.000000e+000 -1.000000e+000
    outer loop
      vertex  8.400000e+000 -6.960000e+001  1.700000e+000
      vertex  5.715213e+000 -6.700007e+001  1.700000e+000
      vertex  5.933763e+000 -6.679985e+001  1.700000e+000
    endloop
  endfacet
  facet normal  0.000000e+000  0.000000e+000 -1.000000e+000
    outer loop
      vertex  8.400000e+000 -6.960000e+001  1.700000e+000
      vertex  5.933763e+000 -6.679985e+001  1.700000e+000
      vertex  6.098046e+000 -6.655314e+001  1.700000e+000
    endloop
  endfacet
  facet normal  0.000000e+000  0.000000e+000 -1.000000e+000
    outer loop
      vertex  8.400000e+000 -6.960000e+001  1.700000e+000
      vertex  6.098046e+000 -6.655314e+001  1.700000e+000
      vertex  6.198514e+000 -6.627429e+001  1.700000e+000
    endloop
  endfacet
  facet normal  0.000000e+000  0.000000e+000 -9.999999e-001
    outer loop
      vertex  8.400000e+000 -6.960000e+001  1.700000e+000
      vertex  6.198514e+000 -6.627429e+001  1.700000e+000
      vertex  6.229329e+000 -6.597949e+001  1.700000e+000
    endloop
  endfacet
  facet normal  0.000000e+000  0.000000e+000 -9.999999e-001
    outer loop
      vertex  8.400000e+000 -6.960000e+001  1.700000e+000
      vertex  6.229329e+000 -6.597949e+001  1.700000e+000
      vertex  8.400000e+000 -6.600000e+001  1.700000e+000
    endloop
  endfacet
  facet normal  0.000000e+000  0.000000e+000 -1.000000e+000
    outer loop
      vertex  5.416754e+000 -6.484328e+001  1.700000e+000
      vertex  8.262276e+000 -6.504211e+001  1.700000e+000
      vertex  5.681463e+000 -6.497663e+001  1.700000e+000
    endloop
  endfacet
  facet normal  0.000000e+000  0.000000e+000 -1.000000e+000
    outer loop
      vertex  5.681463e+000 -6.497663e+001  1.700000e+000
      vertex  8.262276e+000 -6.504211e+001  1.700000e+000
      vertex  8.365393e+000 -6.551613e+001  1.700000e+000
    endloop
  endfacet
  facet normal  0.000000e+000  0.000000e+000 -1.000000e+000
    outer loop
      vertex  5.681463e+000 -6.497663e+001  1.700000e+000
      vertex  8.365393e+000 -6.551613e+001  1.700000e+000
      vertex  5.906569e+000 -6.516946e+001  1.700000e+000
    endloop
  endfacet
  facet normal  0.000000e+000  0.000000e+000 -1.000000e+000
    outer loop
      vertex  5.906569e+000 -6.516946e+001  1.700000e+000
      vertex  8.365393e+000 -6.551613e+001  1.700000e+000
      vertex  6.078988e+000 -6.541055e+001  1.700000e+000
    endloop
  endfacet
  facet normal  0.000000e+000  0.000000e+000 -1.000000e+000
    outer loop
      vertex  6.078988e+000 -6.541055e+001  1.700000e+000
      vertex  8.365393e+000 -6.551613e+001  1.700000e+000
      vertex  8.400000e+000 -6.600000e+001  1.700000e+000
    endloop
  endfacet
  facet normal  0.000000e+000  0.000000e+000 -1.000000e+000
    outer loop
      vertex  6.078988e+000 -6.541055e+001  1.700000e+000
      vertex  8.400000e+000 -6.600000e+001  1.700000e+000
      vertex  6.188700e+000 -6.568589e+001  1.700000e+000
    endloop
  endfacet
  facet normal -6.755031e-001  7.373571e-001  0.000000e+000
    outer loop
      vertex  8.571521e+001 -6.700007e+001  1.700000e+000
      vertex  8.593376e+001 -6.679985e+001  1.480000e+001
      vertex  8.593376e+001 -6.679985e+001  1.700000e+000
    endloop
  endfacet
  facet normal -8.323472e-001  5.542547e-001  0.000000e+000
    outer loop
      vertex  8.593376e+001 -6.679985e+001  1.700000e+000
      vertex  8.593376e+001 -6.679985e+001  1.480000e+001
      vertex  8.609805e+001 -6.655314e+001  1.480000e+001
    endloop
  endfacet
  facet normal -8.323472e-001  5.542547e-001  0.000000e+000
    outer loop
      vertex  8.593376e+001 -6.679985e+001  1.700000e+000
      vertex  8.609805e+001 -6.655314e+001  1.480000e+001
      vertex  8.609805e+001 -6.655314e+001  1.700000e+000
    endloop
  endfacet
  facet normal -9.407943e-001  3.389784e-001  0.000000e+000
    outer loop
      vertex  8.609805e+001 -6.655314e+001  1.700000e+000
      vertex  8.609805e+001 -6.655314e+001  1.480000e+001
      vertex  8.619852e+001 -6.627429e+001  1.480000e+001
    endloop
  endfacet
  facet normal -9.407943e-001  3.389784e-001  0.000000e+000
    outer loop
      vertex  8.609805e+001 -6.655314e+001  1.700000e+000
      vertex  8.619852e+001 -6.627429e+001  1.480000e+001
      vertex  8.619852e+001 -6.627429e+001  1.700000e+000
    endloop
  endfacet
  facet normal -9.945812e-001  1.039626e-001  0.000000e+000
    outer loop
      vertex  8.619852e+001 -6.627429e+001  1.700000e+000
      vertex  8.619852e+001 -6.627429e+001  1.480000e+001
      vertex  8.622933e+001 -6.597949e+001  1.480000e+001
    endloop
  endfacet
  facet normal -9.945812e-001  1.039626e-001  0.000000e+000
    outer loop
      vertex  8.619852e+001 -6.627429e+001  1.700000e+000
      vertex  8.622933e+001 -6.597949e+001  1.480000e+001
      vertex  8.622933e+001 -6.597949e+001  1.700000e+000
    endloop
  endfacet
  facet normal -9.905583e-001 -1.370921e-001  0.000000e+000
    outer loop
      vertex  8.622933e+001 -6.597949e+001  1.700000e+000
      vertex  8.622933e+001 -6.597949e+001  1.480000e+001
      vertex  8.618870e+001 -6.568589e+001  1.480000e+001
    endloop
  endfacet
  facet normal -9.905583e-001 -1.370921e-001  -0.000000e+000
    outer loop
      vertex  8.622933e+001 -6.597949e+001  1.700000e+000
      vertex  8.618870e+001 -6.568589e+001  1.480000e+001
      vertex  8.618870e+001 -6.568589e+001  1.700000e+000
    endloop
  endfacet
  facet normal -9.289730e-001 -3.701477e-001  0.000000e+000
    outer loop
      vertex  8.618870e+001 -6.568589e+001  1.700000e+000
      vertex  8.618870e+001 -6.568589e+001  1.480000e+001
      vertex  8.607899e+001 -6.541055e+001  1.480000e+001
    endloop
  endfacet
  facet normal -9.289730e-001 -3.701477e-001  -0.000000e+000
    outer loop
      vertex  8.618870e+001 -6.568589e+001  1.700000e+000
      vertex  8.607899e+001 -6.541055e+001  1.480000e+001
      vertex  8.607899e+001 -6.541055e+001  1.700000e+000
    endloop
  endfacet
  facet normal -6.755031e-001  7.373571e-001  0.000000e+000
    outer loop
      vertex  8.593376e+001 -6.679985e+001  1.480000e+001
      vertex  8.571521e+001 -6.700007e+001  1.700000e+000
      vertex  8.571521e+001 -6.700007e+001  1.480000e+001
    endloop
  endfacet
  facet normal -4.794436e-001  8.775728e-001  0.000000e+000
    outer loop
      vertex  8.571521e+001 -6.700007e+001  1.480000e+001
      vertex  8.571521e+001 -6.700007e+001  1.700000e+000
      vertex  8.545510e+001 -6.714217e+001  1.700000e+000
    endloop
  endfacet
  facet normal -4.794436e-001  8.775728e-001  0.000000e+000
    outer loop
      vertex  8.571521e+001 -6.700007e+001  1.480000e+001
      vertex  8.545510e+001 -6.714217e+001  1.700000e+000
      vertex  8.545510e+001 -6.714217e+001  1.480000e+001
    endloop
  endfacet
  facet normal -2.554687e-001  9.668173e-001  0.000000e+000
    outer loop
      vertex  8.545510e+001 -6.714217e+001  1.480000e+001
      vertex  8.545510e+001 -6.714217e+001  1.700000e+000
      vertex  8.516853e+001 -6.721790e+001  1.700000e+000
    endloop
  endfacet
  facet normal -2.554687e-001  9.668173e-001  0.000000e+000
    outer loop
      vertex  8.545510e+001 -6.714217e+001  1.480000e+001
      vertex  8.516853e+001 -6.721790e+001  1.700000e+000
      vertex  8.516853e+001 -6.721790e+001  1.480000e+001
    endloop
  endfacet
  facet normal -1.667979e-002  9.998609e-001  0.000000e+000
    outer loop
      vertex  8.516853e+001 -6.721790e+001  1.480000e+001
      vertex  8.516853e+001 -6.721790e+001  1.700000e+000
      vertex  8.487218e+001 -6.722284e+001  1.700000e+000
    endloop
  endfacet
  facet normal -1.667979e-002  9.998609e-001  0.000000e+000
    outer loop
      vertex  8.516853e+001 -6.721790e+001  1.480000e+001
      vertex  8.487218e+001 -6.722284e+001  1.700000e+000
      vertex  8.487218e+001 -6.722284e+001  1.480000e+001
    endloop
  endfacet
  facet normal  2.230883e-001  9.747983e-001  0.000000e+000
    outer loop
      vertex  8.487218e+001 -6.722284e+001  1.480000e+001
      vertex  8.487218e+001 -6.722284e+001  1.700000e+000
      vertex  8.458324e+001 -6.715672e+001  1.700000e+000
    endloop
  endfacet
  facet normal  2.230883e-001  9.747983e-001  -0.000000e+000
    outer loop
      vertex  8.487218e+001 -6.722284e+001  1.480000e+001
      vertex  8.458324e+001 -6.715672e+001  1.700000e+000
      vertex  8.458324e+001 -6.715672e+001  1.480000e+001
    endloop
  endfacet
  facet normal  4.498886e-001  8.930847e-001  0.000000e+000
    outer loop
      vertex  8.458324e+001 -6.715672e+001  1.480000e+001
      vertex  8.458324e+001 -6.715672e+001  1.700000e+000
      vertex  8.431853e+001 -6.702337e+001  1.700000e+000
    endloop
  endfacet
  facet normal  4.498886e-001  8.930847e-001  -0.000000e+000
    outer loop
      vertex  8.458324e+001 -6.715672e+001  1.480000e+001
      vertex  8.431853e+001 -6.702337e+001  1.700000e+000
      vertex  8.431853e+001 -6.702337e+001  1.480000e+001
    endloop
  endfacet
  facet normal  6.505539e-001  7.594600e-001  0.000000e+000
    outer loop
      vertex  8.431853e+001 -6.702337e+001  1.480000e+001
      vertex  8.431853e+001 -6.702337e+001  1.700000e+000
      vertex  8.409343e+001 -6.683054e+001  1.700000e+000
    endloop
  endfacet
  facet normal  6.505539e-001  7.594600e-001  -0.000000e+000
    outer loop
      vertex  8.431853e+001 -6.702337e+001  1.480000e+001
      vertex  8.409343e+001 -6.683054e+001  1.700000e+000
      vertex  8.409343e+001 -6.683054e+001  1.480000e+001
    endloop
  endfacet
  facet normal  8.133976e-001  5.817081e-001  0.000000e+000
    outer loop
      vertex  8.409343e+001 -6.683054e+001  1.480000e+001
      vertex  8.409343e+001 -6.683054e+001  1.700000e+000
      vertex  8.392101e+001 -6.658945e+001  1.700000e+000
    endloop
  endfacet
  facet normal  8.133976e-001  5.817081e-001  -0.000000e+000
    outer loop
      vertex  8.409343e+001 -6.683054e+001  1.480000e+001
      vertex  8.392101e+001 -6.658945e+001  1.700000e+000
      vertex  8.392101e+001 -6.658945e+001  1.480000e+001
    endloop
  endfacet
  facet normal  6.755031e-001 -7.373571e-001  0.000000e+000
    outer loop
      vertex  8.428479e+001 -6.499993e+001  1.700000e+000
      vertex  8.406624e+001 -6.520015e+001  1.480000e+001
      vertex  8.406624e+001 -6.520015e+001  1.700000e+000
    endloop
  endfacet
  facet normal  8.323472e-001 -5.542547e-001  0.000000e+000
    outer loop
      vertex  8.406624e+001 -6.520015e+001  1.700000e+000
      vertex  8.406624e+001 -6.520015e+001  1.480000e+001
      vertex  8.390195e+001 -6.544686e+001  1.480000e+001
    endloop
  endfacet
  facet normal  8.323472e-001 -5.542547e-001  0.000000e+000
    outer loop
      vertex  8.406624e+001 -6.520015e+001  1.700000e+000
      vertex  8.390195e+001 -6.544686e+001  1.480000e+001
      vertex  8.390195e+001 -6.544686e+001  1.700000e+000
    endloop
  endfacet
  facet normal  9.407943e-001 -3.389784e-001  0.000000e+000
    outer loop
      vertex  8.390195e+001 -6.544686e+001  1.700000e+000
      vertex  8.390195e+001 -6.544686e+001  1.480000e+001
      vertex  8.380148e+001 -6.572571e+001  1.480000e+001
    endloop
  endfacet
  facet normal  9.407943e-001 -3.389784e-001  0.000000e+000
    outer loop
      vertex  8.390195e+001 -6.544686e+001  1.700000e+000
      vertex  8.380148e+001 -6.572571e+001  1.480000e+001
      vertex  8.380148e+001 -6.572571e+001  1.700000e+000
    endloop
  endfacet
  facet normal  9.945812e-001 -1.039626e-001  0.000000e+000
    outer loop
      vertex  8.380148e+001 -6.572571e+001  1.700000e+000
      vertex  8.380148e+001 -6.572571e+001  1.480000e+001
      vertex  8.377067e+001 -6.602051e+001  1.480000e+001
    endloop
  endfacet
  facet normal  9.945812e-001 -1.039626e-001  0.000000e+000
    outer loop
      vertex  8.380148e+001 -6.572571e+001  1.700000e+000
      vertex  8.377067e+001 -6.602051e+001  1.480000e+001
      vertex  8.377067e+001 -6.602051e+001  1.700000e+000
    endloop
  endfacet
  facet normal  9.905583e-001  1.370921e-001  -0.000000e+000
    outer loop
      vertex  8.377067e+001 -6.602051e+001  1.700000e+000
      vertex  8.377067e+001 -6.602051e+001  1.480000e+001
      vertex  8.381130e+001 -6.631411e+001  1.480000e+001
    endloop
  endfacet
  facet normal  9.905583e-001  1.370921e-001  0.000000e+000
    outer loop
      vertex  8.377067e+001 -6.602051e+001  1.700000e+000
      vertex  8.381130e+001 -6.631411e+001  1.480000e+001
      vertex  8.381130e+001 -6.631411e+001  1.700000e+000
    endloop
  endfacet
  facet normal  9.289730e-001  3.701477e-001  -0.000000e+000
    outer loop
      vertex  8.381130e+001 -6.631411e+001  1.700000e+000
      vertex  8.381130e+001 -6.631411e+001  1.480000e+001
      vertex  8.392101e+001 -6.658945e+001  1.480000e+001
    endloop
  endfacet
  facet normal  9.289730e-001  3.701477e-001  0.000000e+000
    outer loop
      vertex  8.381130e+001 -6.631411e+001  1.700000e+000
      vertex  8.392101e+001 -6.658945e+001  1.480000e+001
      vertex  8.392101e+001 -6.658945e+001  1.700000e+000
    endloop
  endfacet
  facet normal  6.755031e-001 -7.373571e-001  0.000000e+000
    outer loop
      vertex  8.406624e+001 -6.520015e+001  1.480000e+001
      vertex  8.428479e+001 -6.499993e+001  1.700000e+000
      vertex  8.428479e+001 -6.499993e+001  1.480000e+001
    endloop
  endfacet
  facet normal  4.794436e-001 -8.775728e-001  0.000000e+000
    outer loop
      vertex  8.428479e+001 -6.499993e+001  1.480000e+001
      vertex  8.428479e+001 -6.499993e+001  1.700000e+000
      vertex  8.454490e+001 -6.485783e+001  1.700000e+000
    endloop
  endfacet
  facet normal  4.794436e-001 -8.775728e-001  0.000000e+000
    outer loop
      vertex  8.428479e+001 -6.499993e+001  1.480000e+001
      vertex  8.454490e+001 -6.485783e+001  1.700000e+000
      vertex  8.454490e+001 -6.485783e+001  1.480000e+001
    endloop
  endfacet
  facet normal  2.554687e-001 -9.668173e-001  0.000000e+000
    outer loop
      vertex  8.454490e+001 -6.485783e+001  1.480000e+001
      vertex  8.454490e+001 -6.485783e+001  1.700000e+000
      vertex  8.483147e+001 -6.478210e+001  1.700000e+000
    endloop
  endfacet
  facet normal  2.554687e-001 -9.668173e-001  0.000000e+000
    outer loop
      vertex  8.454490e+001 -6.485783e+001  1.480000e+001
      vertex  8.483147e+001 -6.478210e+001  1.700000e+000
      vertex  8.483147e+001 -6.478210e+001  1.480000e+001
    endloop
  endfacet
  facet normal  1.667979e-002 -9.998609e-001  0.000000e+000
    outer loop
      vertex  8.483147e+001 -6.478210e+001  1.480000e+001
      vertex  8.483147e+001 -6.478210e+001  1.700000e+000
      vertex  8.512782e+001 -6.477716e+001  1.700000e+000
    endloop
  endfacet
  facet normal  1.667979e-002 -9.998609e-001  0.000000e+000
    outer loop
      vertex  8.483147e+001 -6.478210e+001  1.480000e+001
      vertex  8.512782e+001 -6.477716e+001  1.700000e+000
      vertex  8.512782e+001 -6.477716e+001  1.480000e+001
    endloop
  endfacet
  facet normal -2.230883e-001 -9.747983e-001  -0.000000e+000
    outer loop
      vertex  8.512782e+001 -6.477716e+001  1.480000e+001
      vertex  8.512782e+001 -6.477716e+001  1.700000e+000
      vertex  8.541676e+001 -6.484328e+001  1.700000e+000
    endloop
  endfacet
  facet normal -2.230883e-001 -9.747983e-001  0.000000e+000
    outer loop
      vertex  8.512782e+001 -6.477716e+001  1.480000e+001
      vertex  8.541676e+001 -6.484328e+001  1.700000e+000
      vertex  8.541676e+001 -6.484328e+001  1.480000e+001
    endloop
  endfacet
  facet normal -4.498886e-001 -8.930847e-001  -0.000000e+000
    outer loop
      vertex  8.541676e+001 -6.484328e+001  1.480000e+001
      vertex  8.541676e+001 -6.484328e+001  1.700000e+000
      vertex  8.568147e+001 -6.497663e+001  1.700000e+000
    endloop
  endfacet
  facet normal -4.498886e-001 -8.930847e-001  0.000000e+000
    outer loop
      vertex  8.541676e+001 -6.484328e+001  1.480000e+001
      vertex  8.568147e+001 -6.497663e+001  1.700000e+000
      vertex  8.568147e+001 -6.497663e+001  1.480000e+001
    endloop
  endfacet
  facet normal -6.505539e-001 -7.594600e-001  -0.000000e+000
    outer loop
      vertex  8.568147e+001 -6.497663e+001  1.480000e+001
      vertex  8.568147e+001 -6.497663e+001  1.700000e+000
      vertex  8.590657e+001 -6.516946e+001  1.700000e+000
    endloop
  endfacet
  facet normal -6.505539e-001 -7.594600e-001  0.000000e+000
    outer loop
      vertex  8.568147e+001 -6.497663e+001  1.480000e+001
      vertex  8.590657e+001 -6.516946e+001  1.700000e+000
      vertex  8.590657e+001 -6.516946e+001  1.480000e+001
    endloop
  endfacet
  facet normal -8.133976e-001 -5.817081e-001  -0.000000e+000
    outer loop
      vertex  8.590657e+001 -6.516946e+001  1.480000e+001
      vertex  8.590657e+001 -6.516946e+001  1.700000e+000
      vertex  8.607899e+001 -6.541055e+001  1.700000e+000
    endloop
  endfacet
  facet normal -8.133976e-001 -5.817081e-001  0.000000e+000
    outer loop
      vertex  8.590657e+001 -6.516946e+001  1.480000e+001
      vertex  8.607899e+001 -6.541055e+001  1.700000e+000
      vertex  8.607899e+001 -6.541055e+001  1.480000e+001
    endloop
  endfacet
  facet normal -6.755064e-001  7.373542e-001  0.000000e+000
    outer loop
      vertex  5.715213e+000 -6.700007e+001  1.700000e+000
      vertex  5.933763e+000 -6.679985e+001  1.480000e+001
      vertex  5.933763e+000 -6.679985e+001  1.700000e+000
    endloop
  endfacet
  facet normal -8.323488e-001  5.542524e-001  0.000000e+000
    outer loop
      vertex  5.933763e+000 -6.679985e+001  1.700000e+000
      vertex  5.933763e+000 -6.679985e+001  1.480000e+001
      vertex  6.098046e+000 -6.655314e+001  1.480000e+001
    endloop
  endfacet
  facet normal -8.323488e-001  5.542524e-001  0.000000e+000
    outer loop
      vertex  5.933763e+000 -6.679985e+001  1.700000e+000
      vertex  6.098046e+000 -6.655314e+001  1.480000e+001
      vertex  6.098046e+000 -6.655314e+001  1.700000e+000
    endloop
  endfacet
  facet normal -9.407977e-001  3.389683e-001  0.000000e+000
    outer loop
      vertex  6.098046e+000 -6.655314e+001  1.700000e+000
      vertex  6.098046e+000 -6.655314e+001  1.480000e+001
      vertex  6.198514e+000 -6.627429e+001  1.480000e+001
    endloop
  endfacet
  facet normal -9.407977e-001  3.389683e-001  0.000000e+000
    outer loop
      vertex  6.098046e+000 -6.655314e+001  1.700000e+000
      vertex  6.198514e+000 -6.627429e+001  1.480000e+001
      vertex  6.198514e+000 -6.627429e+001  1.700000e+000
    endloop
  endfacet
  facet normal -9.945812e-001  1.039626e-001  0.000000e+000
    outer loop
      vertex  6.198514e+000 -6.627429e+001  1.700000e+000
      vertex  6.198514e+000 -6.627429e+001  1.480000e+001
      vertex  6.229329e+000 -6.597949e+001  1.480000e+001
    endloop
  endfacet
  facet normal -9.945812e-001  1.039626e-001  0.000000e+000
    outer loop
      vertex  6.198514e+000 -6.627429e+001  1.700000e+000
      vertex  6.229329e+000 -6.597949e+001  1.480000e+001
      vertex  6.229329e+000 -6.597949e+001  1.700000e+000
    endloop
  endfacet
  facet normal -9.905605e-001 -1.370763e-001  0.000000e+000
    outer loop
      vertex  6.229329e+000 -6.597949e+001  1.700000e+000
      vertex  6.229329e+000 -6.597949e+001  1.480000e+001
      vertex  6.188700e+000 -6.568589e+001  1.480000e+001
    endloop
  endfacet
  facet normal -9.905605e-001 -1.370763e-001  -0.000000e+000
    outer loop
      vertex  6.229329e+000 -6.597949e+001  1.700000e+000
      vertex  6.188700e+000 -6.568589e+001  1.480000e+001
      vertex  6.188700e+000 -6.568589e+001  1.700000e+000
    endloop
  endfacet
  facet normal -9.289712e-001 -3.701519e-001  0.000000e+000
    outer loop
      vertex  6.188700e+000 -6.568589e+001  1.700000e+000
      vertex  6.188700e+000 -6.568589e+001  1.480000e+001
      vertex  6.078988e+000 -6.541055e+001  1.480000e+001
    endloop
  endfacet
  facet normal -9.289712e-001 -3.701519e-001  -0.000000e+000
    outer loop
      vertex  6.188700e+000 -6.568589e+001  1.700000e+000
      vertex  6.078988e+000 -6.541055e+001  1.480000e+001
      vertex  6.078988e+000 -6.541055e+001  1.700000e+000
    endloop
  endfacet
  facet normal -6.755064e-001  7.373542e-001  0.000000e+000
    outer loop
      vertex  5.933763e+000 -6.679985e+001  1.480000e+001
      vertex  5.715213e+000 -6.700007e+001  1.700000e+000
      vertex  5.715213e+000 -6.700007e+001  1.480000e+001
    endloop
  endfacet
  facet normal -4.794348e-001  8.775775e-001  0.000000e+000
    outer loop
      vertex  5.715213e+000 -6.700007e+001  1.480000e+001
      vertex  5.715213e+000 -6.700007e+001  1.700000e+000
      vertex  5.455098e+000 -6.714217e+001  1.700000e+000
    endloop
  endfacet
  facet normal -4.794348e-001  8.775775e-001  0.000000e+000
    outer loop
      vertex  5.715213e+000 -6.700007e+001  1.480000e+001
      vertex  5.455098e+000 -6.714217e+001  1.700000e+000
      vertex  5.455098e+000 -6.714217e+001  1.480000e+001
    endloop
  endfacet
  facet normal -2.554719e-001  9.668165e-001  0.000000e+000
    outer loop
      vertex  5.455098e+000 -6.714217e+001  1.480000e+001
      vertex  5.455098e+000 -6.714217e+001  1.700000e+000
      vertex  5.168534e+000 -6.721790e+001  1.700000e+000
    endloop
  endfacet
  facet normal -2.554719e-001  9.668165e-001  0.000000e+000
    outer loop
      vertex  5.455098e+000 -6.714217e+001  1.480000e+001
      vertex  5.168534e+000 -6.721790e+001  1.700000e+000
      vertex  5.168534e+000 -6.721790e+001  1.480000e+001
    endloop
  endfacet
  facet normal -1.667968e-002  9.998609e-001  0.000000e+000
    outer loop
      vertex  5.168534e+000 -6.721790e+001  1.480000e+001
      vertex  5.168534e+000 -6.721790e+001  1.700000e+000
      vertex  4.872176e+000 -6.722284e+001  1.700000e+000
    endloop
  endfacet
  facet normal -1.667968e-002  9.998609e-001  0.000000e+000
    outer loop
      vertex  5.168534e+000 -6.721790e+001  1.480000e+001
      vertex  4.872176e+000 -6.722284e+001  1.700000e+000
      vertex  4.872176e+000 -6.722284e+001  1.480000e+001
    endloop
  endfacet
  facet normal  2.230904e-001  9.747977e-001  0.000000e+000
    outer loop
      vertex  4.872176e+000 -6.722284e+001  1.480000e+001
      vertex  4.872176e+000 -6.722284e+001  1.700000e+000
      vertex  4.583246e+000 -6.715672e+001  1.700000e+000
    endloop
  endfacet
  facet normal  2.230904e-001  9.747977e-001  -0.000000e+000
    outer loop
      vertex  4.872176e+000 -6.722284e+001  1.480000e+001
      vertex  4.583246e+000 -6.715672e+001  1.700000e+000
      vertex  4.583246e+000 -6.715672e+001  1.480000e+001
    endloop
  endfacet
  facet normal  4.498886e-001  8.930847e-001  0.000000e+000
    outer loop
      vertex  4.583246e+000 -6.715672e+001  1.480000e+001
      vertex  4.583246e+000 -6.715672e+001  1.700000e+000
      vertex  4.318537e+000 -6.702337e+001  1.700000e+000
    endloop
  endfacet
  facet normal  4.498886e-001  8.930847e-001  -0.000000e+000
    outer loop
      vertex  4.583246e+000 -6.715672e+001  1.480000e+001
      vertex  4.318537e+000 -6.702337e+001  1.700000e+000
      vertex  4.318537e+000 -6.702337e+001  1.480000e+001
    endloop
  endfacet
  facet normal  6.505531e-001  7.594607e-001  0.000000e+000
    outer loop
      vertex  4.318537e+000 -6.702337e+001  1.480000e+001
      vertex  4.318537e+000 -6.702337e+001  1.700000e+000
      vertex  4.093431e+000 -6.683054e+001  1.700000e+000
    endloop
  endfacet
  facet normal  6.505531e-001  7.594607e-001  -0.000000e+000
    outer loop
      vertex  4.318537e+000 -6.702337e+001  1.480000e+001
      vertex  4.093431e+000 -6.683054e+001  1.700000e+000
      vertex  4.093431e+000 -6.683054e+001  1.480000e+001
    endloop
  endfacet
  facet normal  8.133942e-001  5.817128e-001  0.000000e+000
    outer loop
      vertex  4.093431e+000 -6.683054e+001  1.480000e+001
      vertex  4.093431e+000 -6.683054e+001  1.700000e+000
      vertex  3.921012e+000 -6.658945e+001  1.700000e+000
    endloop
  endfacet
  facet normal  8.133942e-001  5.817128e-001  -0.000000e+000
    outer loop
      vertex  4.093431e+000 -6.683054e+001  1.480000e+001
      vertex  3.921012e+000 -6.658945e+001  1.700000e+000
      vertex  3.921012e+000 -6.658945e+001  1.480000e+001
    endloop
  endfacet
  facet normal  6.755064e-001 -7.373542e-001  0.000000e+000
    outer loop
      vertex  4.284787e+000 -6.499993e+001  1.700000e+000
      vertex  4.066237e+000 -6.520015e+001  1.480000e+001
      vertex  4.066237e+000 -6.520015e+001  1.700000e+000
    endloop
  endfacet
  facet normal  8.323488e-001 -5.542524e-001  0.000000e+000
    outer loop
      vertex  4.066237e+000 -6.520015e+001  1.700000e+000
      vertex  4.066237e+000 -6.520015e+001  1.480000e+001
      vertex  3.901954e+000 -6.544686e+001  1.480000e+001
    endloop
  endfacet
  facet normal  8.323488e-001 -5.542524e-001  0.000000e+000
    outer loop
      vertex  4.066237e+000 -6.520015e+001  1.700000e+000
      vertex  3.901954e+000 -6.544686e+001  1.480000e+001
      vertex  3.901954e+000 -6.544686e+001  1.700000e+000
    endloop
  endfacet
  facet normal  9.407977e-001 -3.389683e-001  0.000000e+000
    outer loop
      vertex  3.901954e+000 -6.544686e+001  1.700000e+000
      vertex  3.901954e+000 -6.544686e+001  1.480000e+001
      vertex  3.801486e+000 -6.572571e+001  1.480000e+001
    endloop
  endfacet
  facet normal  9.407977e-001 -3.389683e-001  0.000000e+000
    outer loop
      vertex  3.901954e+000 -6.544686e+001  1.700000e+000
      vertex  3.801486e+000 -6.572571e+001  1.480000e+001
      vertex  3.801486e+000 -6.572571e+001  1.700000e+000
    endloop
  endfacet
  facet normal  9.945812e-001 -1.039626e-001  0.000000e+000
    outer loop
      vertex  3.801486e+000 -6.572571e+001  1.700000e+000
      vertex  3.801486e+000 -6.572571e+001  1.480000e+001
      vertex  3.770671e+000 -6.602051e+001  1.480000e+001
    endloop
  endfacet
  facet normal  9.945812e-001 -1.039626e-001  0.000000e+000
    outer loop
      vertex  3.801486e+000 -6.572571e+001  1.700000e+000
      vertex  3.770671e+000 -6.602051e+001  1.480000e+001
      vertex  3.770671e+000 -6.602051e+001  1.700000e+000
    endloop
  endfacet
  facet normal  9.905605e-001  1.370763e-001  -0.000000e+000
    outer loop
      vertex  3.770671e+000 -6.602051e+001  1.700000e+000
      vertex  3.770671e+000 -6.602051e+001  1.480000e+001
      vertex  3.811300e+000 -6.631411e+001  1.480000e+001
    endloop
  endfacet
  facet normal  9.905605e-001  1.370763e-001  0.000000e+000
    outer loop
      vertex  3.770671e+000 -6.602051e+001  1.700000e+000
      vertex  3.811300e+000 -6.631411e+001  1.480000e+001
      vertex  3.811300e+000 -6.631411e+001  1.700000e+000
    endloop
  endfacet
  facet normal  9.289716e-001  3.701512e-001  -0.000000e+000
    outer loop
      vertex  3.811300e+000 -6.631411e+001  1.700000e+000
      vertex  3.811300e+000 -6.631411e+001  1.480000e+001
      vertex  3.921012e+000 -6.658945e+001  1.480000e+001
    endloop
  endfacet
  facet normal  9.289716e-001  3.701512e-001  0.000000e+000
    outer loop
      vertex  3.811300e+000 -6.631411e+001  1.700000e+000
      vertex  3.921012e+000 -6.658945e+001  1.480000e+001
      vertex  3.921012e+000 -6.658945e+001  1.700000e+000
    endloop
  endfacet
  facet normal  6.755064e-001 -7.373542e-001  0.000000e+000
    outer loop
      vertex  4.066237e+000 -6.520015e+001  1.480000e+001
      vertex  4.284787e+000 -6.499993e+001  1.700000e+000
      vertex  4.284787e+000 -6.499993e+001  1.480000e+001
    endloop
  endfacet
  facet normal  4.794348e-001 -8.775775e-001  0.000000e+000
    outer loop
      vertex  4.284787e+000 -6.499993e+001  1.480000e+001
      vertex  4.284787e+000 -6.499993e+001  1.700000e+000
      vertex  4.544902e+000 -6.485783e+001  1.700000e+000
    endloop
  endfacet
  facet normal  4.794348e-001 -8.775775e-001  0.000000e+000
    outer loop
      vertex  4.284787e+000 -6.499993e+001  1.480000e+001
      vertex  4.544902e+000 -6.485783e+001  1.700000e+000
      vertex  4.544902e+000 -6.485783e+001  1.480000e+001
    endloop
  endfacet
  facet normal  2.554719e-001 -9.668165e-001  0.000000e+000
    outer loop
      vertex  4.544902e+000 -6.485783e+001  1.480000e+001
      vertex  4.544902e+000 -6.485783e+001  1.700000e+000
      vertex  4.831466e+000 -6.478210e+001  1.700000e+000
    endloop
  endfacet
  facet normal  2.554719e-001 -9.668165e-001  0.000000e+000
    outer loop
      vertex  4.544902e+000 -6.485783e+001  1.480000e+001
      vertex  4.831466e+000 -6.478210e+001  1.700000e+000
      vertex  4.831466e+000 -6.478210e+001  1.480000e+001
    endloop
  endfacet
  facet normal  1.667968e-002 -9.998609e-001  0.000000e+000
    outer loop
      vertex  4.831466e+000 -6.478210e+001  1.480000e+001
      vertex  4.831466e+000 -6.478210e+001  1.700000e+000
      vertex  5.127824e+000 -6.477716e+001  1.700000e+000
    endloop
  endfacet
  facet normal  1.667968e-002 -9.998609e-001  0.000000e+000
    outer loop
      vertex  4.831466e+000 -6.478210e+001  1.480000e+001
      vertex  5.127824e+000 -6.477716e+001  1.700000e+000
      vertex  5.127824e+000 -6.477716e+001  1.480000e+001
    endloop
  endfacet
  facet normal -2.230904e-001 -9.747977e-001  -0.000000e+000
    outer loop
      vertex  5.127824e+000 -6.477716e+001  1.480000e+001
      vertex  5.127824e+000 -6.477716e+001  1.700000e+000
      vertex  5.416754e+000 -6.484328e+001  1.700000e+000
    endloop
  endfacet
  facet normal -2.230904e-001 -9.747977e-001  0.000000e+000
    outer loop
      vertex  5.127824e+000 -6.477716e+001  1.480000e+001
      vertex  5.416754e+000 -6.484328e+001  1.700000e+000
      vertex  5.416754e+000 -6.484328e+001  1.480000e+001
    endloop
  endfacet
  facet normal -4.498886e-001 -8.930847e-001  -0.000000e+000
    outer loop
      vertex  5.416754e+000 -6.484328e+001  1.480000e+001
      vertex  5.416754e+000 -6.484328e+001  1.700000e+000
      vertex  5.681463e+000 -6.497663e+001  1.700000e+000
    endloop
  endfacet
  facet normal -4.498886e-001 -8.930847e-001  0.000000e+000
    outer loop
      vertex  5.416754e+000 -6.484328e+001  1.480000e+001
      vertex  5.681463e+000 -6.497663e+001  1.700000e+000
      vertex  5.681463e+000 -6.497663e+001  1.480000e+001
    endloop
  endfacet
  facet normal -6.505531e-001 -7.594607e-001  -0.000000e+000
    outer loop
      vertex  5.681463e+000 -6.497663e+001  1.480000e+001
      vertex  5.681463e+000 -6.497663e+001  1.700000e+000
      vertex  5.906569e+000 -6.516946e+001  1.700000e+000
    endloop
  endfacet
  facet normal -6.505531e-001 -7.594607e-001  0.000000e+000
    outer loop
      vertex  5.681463e+000 -6.497663e+001  1.480000e+001
      vertex  5.906569e+000 -6.516946e+001  1.700000e+000
      vertex  5.906569e+000 -6.516946e+001  1.480000e+001
    endloop
  endfacet
  facet normal -8.133945e-001 -5.817122e-001  -0.000000e+000
    outer loop
      vertex  5.906569e+000 -6.516946e+001  1.480000e+001
      vertex  5.906569e+000 -6.516946e+001  1.700000e+000
      vertex  6.078988e+000 -6.541055e+001  1.700000e+000
    endloop
  endfacet
  facet normal -8.133945e-001 -5.817122e-001  0.000000e+000
    outer loop
      vertex  5.906569e+000 -6.516946e+001  1.480000e+001
      vertex  6.078988e+000 -6.541055e+001  1.700000e+000
      vertex  6.078988e+000 -6.541055e+001  1.480000e+001
    endloop
  endfacet
  facet normal -6.755102e-001  7.373508e-001  0.000000e+000
    outer loop
      vertex  8.571521e+001 -5.000070e+000  1.700000e+000
      vertex  8.593376e+001 -4.799848e+000  1.480000e+001
      vertex  8.593376e+001 -4.799848e+000  1.700000e+000
    endloop
  endfacet
  facet normal -8.323418e-001  5.542628e-001  0.000000e+000
    outer loop
      vertex  8.593376e+001 -4.799848e+000  1.700000e+000
      vertex  8.593376e+001 -4.799848e+000  1.480000e+001
      vertex  8.609805e+001 -4.553142e+000  1.480000e+001
    endloop
  endfacet
  facet normal -8.323418e-001  5.542628e-001  0.000000e+000
    outer loop
      vertex  8.593376e+001 -4.799848e+000  1.700000e+000
      vertex  8.609805e+001 -4.553142e+000  1.480000e+001
      vertex  8.609805e+001 -4.553142e+000  1.700000e+000
    endloop
  endfacet
  facet normal -9.407966e-001  3.389716e-001  0.000000e+000
    outer loop
      vertex  8.609805e+001 -4.553142e+000  1.700000e+000
      vertex  8.609805e+001 -4.553142e+000  1.480000e+001
      vertex  8.619852e+001 -4.274289e+000  1.480000e+001
    endloop
  endfacet
  facet normal -9.407966e-001  3.389716e-001  0.000000e+000
    outer loop
      vertex  8.609805e+001 -4.553142e+000  1.700000e+000
      vertex  8.619852e+001 -4.274289e+000  1.480000e+001
      vertex  8.619852e+001 -4.274289e+000  1.700000e+000
    endloop
  endfacet
  facet normal -9.945809e-001  1.039648e-001  0.000000e+000
    outer loop
      vertex  8.619852e+001 -4.274289e+000  1.700000e+000
      vertex  8.619852e+001 -4.274289e+000  1.480000e+001
      vertex  8.622933e+001 -3.979495e+000  1.480000e+001
    endloop
  endfacet
  facet normal -9.945809e-001  1.039648e-001  0.000000e+000
    outer loop
      vertex  8.619852e+001 -4.274289e+000  1.700000e+000
      vertex  8.622933e+001 -3.979495e+000  1.480000e+001
      vertex  8.622933e+001 -3.979495e+000  1.700000e+000
    endloop
  endfacet
  facet normal -9.905583e-001 -1.370922e-001  0.000000e+000
    outer loop
      vertex  8.622933e+001 -3.979495e+000  1.700000e+000
      vertex  8.622933e+001 -3.979495e+000  1.480000e+001
      vertex  8.618870e+001 -3.685894e+000  1.480000e+001
    endloop
  endfacet
  facet normal -9.905583e-001 -1.370922e-001  -0.000000e+000
    outer loop
      vertex  8.622933e+001 -3.979495e+000  1.700000e+000
      vertex  8.618870e+001 -3.685894e+000  1.480000e+001
      vertex  8.618870e+001 -3.685894e+000  1.700000e+000
    endloop
  endfacet
  facet normal -9.289740e-001 -3.701449e-001  0.000000e+000
    outer loop
      vertex  8.618870e+001 -3.685894e+000  1.700000e+000
      vertex  8.618870e+001 -3.685894e+000  1.480000e+001
      vertex  8.607899e+001 -3.410546e+000  1.480000e+001
    endloop
  endfacet
  facet normal -9.289740e-001 -3.701449e-001  -0.000000e+000
    outer loop
      vertex  8.618870e+001 -3.685894e+000  1.700000e+000
      vertex  8.607899e+001 -3.410546e+000  1.480000e+001
      vertex  8.607899e+001 -3.410546e+000  1.700000e+000
    endloop
  endfacet
  facet normal -6.755102e-001  7.373508e-001  0.000000e+000
    outer loop
      vertex  8.593376e+001 -4.799848e+000  1.480000e+001
      vertex  8.571521e+001 -5.000070e+000  1.700000e+000
      vertex  8.571521e+001 -5.000070e+000  1.480000e+001
    endloop
  endfacet
  facet normal -4.794337e-001  8.775781e-001  0.000000e+000
    outer loop
      vertex  8.571521e+001 -5.000070e+000  1.480000e+001
      vertex  8.571521e+001 -5.000070e+000  1.700000e+000
      vertex  8.545510e+001 -5.142171e+000  1.700000e+000
    endloop
  endfacet
  facet normal -4.794337e-001  8.775781e-001  0.000000e+000
    outer loop
      vertex  8.571521e+001 -5.000070e+000  1.480000e+001
      vertex  8.545510e+001 -5.142171e+000  1.700000e+000
      vertex  8.545510e+001 -5.142171e+000  1.480000e+001
    endloop
  endfacet
  facet normal -2.554718e-001  9.668165e-001  0.000000e+000
    outer loop
      vertex  8.545510e+001 -5.142171e+000  1.480000e+001
      vertex  8.545510e+001 -5.142171e+000  1.700000e+000
      vertex  8.516853e+001 -5.217894e+000  1.700000e+000
    endloop
  endfacet
  facet normal -2.554718e-001  9.668165e-001  0.000000e+000
    outer loop
      vertex  8.545510e+001 -5.142171e+000  1.480000e+001
      vertex  8.516853e+001 -5.217894e+000  1.700000e+000
      vertex  8.516853e+001 -5.217894e+000  1.480000e+001
    endloop
  endfacet
  facet normal -1.667818e-002  9.998609e-001  0.000000e+000
    outer loop
      vertex  8.516853e+001 -5.217894e+000  1.480000e+001
      vertex  8.516853e+001 -5.217894e+000  1.700000e+000
      vertex  8.487218e+001 -5.222837e+000  1.700000e+000
    endloop
  endfacet
  facet normal -1.667818e-002  9.998609e-001  0.000000e+000
    outer loop
      vertex  8.516853e+001 -5.217894e+000  1.480000e+001
      vertex  8.487218e+001 -5.222837e+000  1.700000e+000
      vertex  8.487218e+001 -5.222837e+000  1.480000e+001
    endloop
  endfacet
  facet normal  2.230883e-001  9.747983e-001  0.000000e+000
    outer loop
      vertex  8.487218e+001 -5.222837e+000  1.480000e+001
      vertex  8.487218e+001 -5.222837e+000  1.700000e+000
      vertex  8.458324e+001 -5.156713e+000  1.700000e+000
    endloop
  endfacet
  facet normal  2.230883e-001  9.747983e-001  -0.000000e+000
    outer loop
      vertex  8.487218e+001 -5.222837e+000  1.480000e+001
      vertex  8.458324e+001 -5.156713e+000  1.700000e+000
      vertex  8.458324e+001 -5.156713e+000  1.480000e+001
    endloop
  endfacet
  facet normal  4.498911e-001  8.930834e-001  0.000000e+000
    outer loop
      vertex  8.458324e+001 -5.156713e+000  1.480000e+001
      vertex  8.458324e+001 -5.156713e+000  1.700000e+000
      vertex  8.431853e+001 -5.023366e+000  1.700000e+000
    endloop
  endfacet
  facet normal  4.498911e-001  8.930834e-001  -0.000000e+000
    outer loop
      vertex  8.458324e+001 -5.156713e+000  1.480000e+001
      vertex  8.431853e+001 -5.023366e+000  1.700000e+000
      vertex  8.431853e+001 -5.023366e+000  1.480000e+001
    endloop
  endfacet
  facet normal  6.505474e-001  7.594656e-001  0.000000e+000
    outer loop
      vertex  8.431853e+001 -5.023366e+000  1.480000e+001
      vertex  8.431853e+001 -5.023366e+000  1.700000e+000
      vertex  8.409343e+001 -4.830544e+000  1.700000e+000
    endloop
  endfacet
  facet normal  6.505474e-001  7.594656e-001  -0.000000e+000
    outer loop
      vertex  8.431853e+001 -5.023366e+000  1.480000e+001
      vertex  8.409343e+001 -4.830544e+000  1.700000e+000
      vertex  8.409343e+001 -4.830544e+000  1.480000e+001
    endloop
  endfacet
  facet normal  8.133993e-001  5.817057e-001  0.000000e+000
    outer loop
      vertex  8.409343e+001 -4.830544e+000  1.480000e+001
      vertex  8.409343e+001 -4.830544e+000  1.700000e+000
      vertex  8.392101e+001 -4.589454e+000  1.700000e+000
    endloop
  endfacet
  facet normal  8.133993e-001  5.817057e-001  -0.000000e+000
    outer loop
      vertex  8.409343e+001 -4.830544e+000  1.480000e+001
      vertex  8.392101e+001 -4.589454e+000  1.700000e+000
      vertex  8.392101e+001 -4.589454e+000  1.480000e+001
    endloop
  endfacet
  facet normal  6.755102e-001 -7.373508e-001  0.000000e+000
    outer loop
      vertex  8.428479e+001 -2.999930e+000  1.700000e+000
      vertex  8.406624e+001 -3.200152e+000  1.480000e+001
      vertex  8.406624e+001 -3.200152e+000  1.700000e+000
    endloop
  endfacet
  facet normal  8.323415e-001 -5.542632e-001  0.000000e+000
    outer loop
      vertex  8.406624e+001 -3.200152e+000  1.700000e+000
      vertex  8.406624e+001 -3.200152e+000  1.480000e+001
      vertex  8.390195e+001 -3.446858e+000  1.480000e+001
    endloop
  endfacet
  facet normal  8.323415e-001 -5.542632e-001  0.000000e+000
    outer loop
      vertex  8.406624e+001 -3.200152e+000  1.700000e+000
      vertex  8.390195e+001 -3.446858e+000  1.480000e+001
      vertex  8.390195e+001 -3.446858e+000  1.700000e+000
    endloop
  endfacet
  facet normal  9.407966e-001 -3.389719e-001  0.000000e+000
    outer loop
      vertex  8.390195e+001 -3.446858e+000  1.700000e+000
      vertex  8.390195e+001 -3.446858e+000  1.480000e+001
      vertex  8.380148e+001 -3.725711e+000  1.480000e+001
    endloop
  endfacet
  facet normal  9.407966e-001 -3.389719e-001  0.000000e+000
    outer loop
      vertex  8.390195e+001 -3.446858e+000  1.700000e+000
      vertex  8.380148e+001 -3.725711e+000  1.480000e+001
      vertex  8.380148e+001 -3.725711e+000  1.700000e+000
    endloop
  endfacet
  facet normal  9.945810e-001 -1.039646e-001  0.000000e+000
    outer loop
      vertex  8.380148e+001 -3.725711e+000  1.700000e+000
      vertex  8.380148e+001 -3.725711e+000  1.480000e+001
      vertex  8.377067e+001 -4.020505e+000  1.480000e+001
    endloop
  endfacet
  facet normal  9.945810e-001 -1.039646e-001  0.000000e+000
    outer loop
      vertex  8.380148e+001 -3.725711e+000  1.700000e+000
      vertex  8.377067e+001 -4.020505e+000  1.480000e+001
      vertex  8.377067e+001 -4.020505e+000  1.700000e+000
    endloop
  endfacet
  facet normal  9.905583e-001  1.370923e-001  -0.000000e+000
    outer loop
      vertex  8.377067e+001 -4.020505e+000  1.700000e+000
      vertex  8.377067e+001 -4.020505e+000  1.480000e+001
      vertex  8.381130e+001 -4.314106e+000  1.480000e+001
    endloop
  endfacet
  facet normal  9.905583e-001  1.370923e-001  0.000000e+000
    outer loop
      vertex  8.377067e+001 -4.020505e+000  1.700000e+000
      vertex  8.381130e+001 -4.314106e+000  1.480000e+001
      vertex  8.381130e+001 -4.314106e+000  1.700000e+000
    endloop
  endfacet
  facet normal  9.289740e-001  3.701449e-001  -0.000000e+000
    outer loop
      vertex  8.381130e+001 -4.314106e+000  1.700000e+000
      vertex  8.381130e+001 -4.314106e+000  1.480000e+001
      vertex  8.392101e+001 -4.589454e+000  1.480000e+001
    endloop
  endfacet
  facet normal  9.289740e-001  3.701449e-001  0.000000e+000
    outer loop
      vertex  8.381130e+001 -4.314106e+000  1.700000e+000
      vertex  8.392101e+001 -4.589454e+000  1.480000e+001
      vertex  8.392101e+001 -4.589454e+000  1.700000e+000
    endloop
  endfacet
  facet normal  6.755102e-001 -7.373508e-001  0.000000e+000
    outer loop
      vertex  8.406624e+001 -3.200152e+000  1.480000e+001
      vertex  8.428479e+001 -2.999930e+000  1.700000e+000
      vertex  8.428479e+001 -2.999930e+000  1.480000e+001
    endloop
  endfacet
  facet normal  4.794349e-001 -8.775774e-001  0.000000e+000
    outer loop
      vertex  8.428479e+001 -2.999930e+000  1.480000e+001
      vertex  8.428479e+001 -2.999930e+000  1.700000e+000
      vertex  8.454490e+001 -2.857828e+000  1.700000e+000
    endloop
  endfacet
  facet normal  4.794349e-001 -8.775774e-001  0.000000e+000
    outer loop
      vertex  8.428479e+001 -2.999930e+000  1.480000e+001
      vertex  8.454490e+001 -2.857828e+000  1.700000e+000
      vertex  8.454490e+001 -2.857828e+000  1.480000e+001
    endloop
  endfacet
  facet normal  2.554718e-001 -9.668165e-001  0.000000e+000
    outer loop
      vertex  8.454490e+001 -2.857828e+000  1.480000e+001
      vertex  8.454490e+001 -2.857828e+000  1.700000e+000
      vertex  8.483147e+001 -2.782106e+000  1.700000e+000
    endloop
  endfacet
  facet normal  2.554718e-001 -9.668165e-001  0.000000e+000
    outer loop
      vertex  8.454490e+001 -2.857828e+000  1.480000e+001
      vertex  8.483147e+001 -2.782106e+000  1.700000e+000
      vertex  8.483147e+001 -2.782106e+000  1.480000e+001
    endloop
  endfacet
  facet normal  1.667738e-002 -9.998609e-001  0.000000e+000
    outer loop
      vertex  8.483147e+001 -2.782106e+000  1.480000e+001
      vertex  8.483147e+001 -2.782106e+000  1.700000e+000
      vertex  8.512782e+001 -2.777163e+000  1.700000e+000
    endloop
  endfacet
  facet normal  1.667738e-002 -9.998609e-001  0.000000e+000
    outer loop
      vertex  8.483147e+001 -2.782106e+000  1.480000e+001
      vertex  8.512782e+001 -2.777163e+000  1.700000e+000
      vertex  8.512782e+001 -2.777163e+000  1.480000e+001
    endloop
  endfacet
  facet normal -2.230875e-001 -9.747984e-001  -0.000000e+000
    outer loop
      vertex  8.512782e+001 -2.777163e+000  1.480000e+001
      vertex  8.512782e+001 -2.777163e+000  1.700000e+000
      vertex  8.541676e+001 -2.843286e+000  1.700000e+000
    endloop
  endfacet
  facet normal -2.230875e-001 -9.747984e-001  0.000000e+000
    outer loop
      vertex  8.512782e+001 -2.777163e+000  1.480000e+001
      vertex  8.541676e+001 -2.843286e+000  1.700000e+000
      vertex  8.541676e+001 -2.843286e+000  1.480000e+001
    endloop
  endfacet
  facet normal -4.498918e-001 -8.930831e-001  -0.000000e+000
    outer loop
      vertex  8.541676e+001 -2.843286e+000  1.480000e+001
      vertex  8.541676e+001 -2.843286e+000  1.700000e+000
      vertex  8.568147e+001 -2.976634e+000  1.700000e+000
    endloop
  endfacet
  facet normal -4.498918e-001 -8.930831e-001  0.000000e+000
    outer loop
      vertex  8.541676e+001 -2.843286e+000  1.480000e+001
      vertex  8.568147e+001 -2.976634e+000  1.700000e+000
      vertex  8.568147e+001 -2.976634e+000  1.480000e+001
    endloop
  endfacet
  facet normal -6.505474e-001 -7.594656e-001  -0.000000e+000
    outer loop
      vertex  8.568147e+001 -2.976634e+000  1.480000e+001
      vertex  8.568147e+001 -2.976634e+000  1.700000e+000
      vertex  8.590657e+001 -3.169456e+000  1.700000e+000
    endloop
  endfacet
  facet normal -6.505474e-001 -7.594656e-001  0.000000e+000
    outer loop
      vertex  8.568147e+001 -2.976634e+000  1.480000e+001
      vertex  8.590657e+001 -3.169456e+000  1.700000e+000
      vertex  8.590657e+001 -3.169456e+000  1.480000e+001
    endloop
  endfacet
  facet normal -8.133993e-001 -5.817057e-001  -0.000000e+000
    outer loop
      vertex  8.590657e+001 -3.169456e+000  1.480000e+001
      vertex  8.590657e+001 -3.169456e+000  1.700000e+000
      vertex  8.607899e+001 -3.410546e+000  1.700000e+000
    endloop
  endfacet
  facet normal -8.133993e-001 -5.817057e-001  0.000000e+000
    outer loop
      vertex  8.590657e+001 -3.169456e+000  1.480000e+001
      vertex  8.607899e+001 -3.410546e+000  1.700000e+000
      vertex  8.607899e+001 -3.410546e+000  1.480000e+001
    endloop
  endfacet
  facet normal  0.000000e+000  0.000000e+000 -1.000000e+000
    outer loop
      vertex  8.622933e+001 -6.597949e+001  1.480000e+001
      vertex  8.619852e+001 -6.627429e+001  1.480000e+001
      vertex  8.618870e+001 -6.568589e+001  1.480000e+001
    endloop
  endfacet
  facet normal  0.000000e+000  -0.000000e+000 -1.000000e+000
    outer loop
      vertex  8.377067e+001 -6.602051e+001  1.480000e+001
      vertex  8.380148e+001 -6.572571e+001  1.480000e+001
      vertex  8.381130e+001 -6.631411e+001  1.480000e+001
    endloop
  endfacet
  facet normal  0.000000e+000  0.000000e+000 -1.000000e+000
    outer loop
      vertex  8.381130e+001 -6.631411e+001  1.480000e+001
      vertex  8.380148e+001 -6.572571e+001  1.480000e+001
      vertex  8.390195e+001 -6.544686e+001  1.480000e+001
    endloop
  endfacet
  facet normal  0.000000e+000  -0.000000e+000 -9.999999e-001
    outer loop
      vertex  8.381130e+001 -6.631411e+001  1.480000e+001
      vertex  8.390195e+001 -6.544686e+001  1.480000e+001
      vertex  8.392101e+001 -6.658945e+001  1.480000e+001
    endloop
  endfacet
  facet normal  0.000000e+000  0.000000e+000 -9.999999e-001
    outer loop
      vertex  8.392101e+001 -6.658945e+001  1.480000e+001
      vertex  8.390195e+001 -6.544686e+001  1.480000e+001
      vertex  8.406624e+001 -6.520015e+001  1.480000e+001
    endloop
  endfacet
  facet normal  0.000000e+000  -0.000000e+000 -1.000000e+000
    outer loop
      vertex  8.392101e+001 -6.658945e+001  1.480000e+001
      vertex  8.406624e+001 -6.520015e+001  1.480000e+001
      vertex  8.409343e+001 -6.683054e+001  1.480000e+001
    endloop
  endfacet
  facet normal  0.000000e+000  0.000000e+000 -9.999999e-001
    outer loop
      vertex  8.409343e+001 -6.683054e+001  1.480000e+001
      vertex  8.406624e+001 -6.520015e+001  1.480000e+001
      vertex  8.428479e+001 -6.499993e+001  1.480000e+001
    endloop
  endfacet
  facet normal  0.000000e+000  -0.000000e+000 -9.999999e-001
    outer loop
      vertex  8.409343e+001 -6.683054e+001  1.480000e+001
      vertex  8.428479e+001 -6.499993e+001  1.480000e+001
      vertex  8.431853e+001 -6.702337e+001  1.480000e+001
    endloop
  endfacet
  facet normal  0.000000e+000  0.000000e+000 -1.000000e+000
    outer loop
      vertex  8.431853e+001 -6.702337e+001  1.480000e+001
      vertex  8.428479e+001 -6.499993e+001  1.480000e+001
      vertex  8.454490e+001 -6.485783e+001  1.480000e+001
    endloop
  endfacet
  facet normal  0.000000e+000  -0.000000e+000 -1.000000e+000
    outer loop
      vertex  8.431853e+001 -6.702337e+001  1.480000e+001
      vertex  8.454490e+001 -6.485783e+001  1.480000e+001
      vertex  8.458324e+001 -6.715672e+001  1.480000e+001
    endloop
  endfacet
  facet normal  0.000000e+000  0.000000e+000 -1.000000e+000
    outer loop
      vertex  8.458324e+001 -6.715672e+001  1.480000e+001
      vertex  8.454490e+001 -6.485783e+001  1.480000e+001
      vertex  8.483147e+001 -6.478210e+001  1.480000e+001
    endloop
  endfacet
  facet normal  0.000000e+000  -0.000000e+000 -1.000000e+000
    outer loop
      vertex  8.458324e+001 -6.715672e+001  1.480000e+001
      vertex  8.483147e+001 -6.478210e+001  1.480000e+001
      vertex  8.487218e+001 -6.722284e+001  1.480000e+001
    endloop
  endfacet
  facet normal  0.000000e+000  0.000000e+000 -1.000000e+000
    outer loop
      vertex  8.487218e+001 -6.722284e+001  1.480000e+001
      vertex  8.483147e+001 -6.478210e+001  1.480000e+001
      vertex  8.512782e+001 -6.477716e+001  1.480000e+001
    endloop
  endfacet
  facet normal  0.000000e+000  -0.000000e+000 -1.000000e+000
    outer loop
      vertex  8.487218e+001 -6.722284e+001  1.480000e+001
      vertex  8.512782e+001 -6.477716e+001  1.480000e+001
      vertex  8.516853e+001 -6.721790e+001  1.480000e+001
    endloop
  endfacet
  facet normal  0.000000e+000  0.000000e+000 -1.000000e+000
    outer loop
      vertex  8.516853e+001 -6.721790e+001  1.480000e+001
      vertex  8.512782e+001 -6.477716e+001  1.480000e+001
      vertex  8.541676e+001 -6.484328e+001  1.480000e+001
    endloop
  endfacet
  facet normal  0.000000e+000  -0.000000e+000 -1.000000e+000
    outer loop
      vertex  8.516853e+001 -6.721790e+001  1.480000e+001
      vertex  8.541676e+001 -6.484328e+001  1.480000e+001
      vertex  8.545510e+001 -6.714217e+001  1.480000e+001
    endloop
  endfacet
  facet normal  0.000000e+000  0.000000e+000 -1.000000e+000
    outer loop
      vertex  8.545510e+001 -6.714217e+001  1.480000e+001
      vertex  8.541676e+001 -6.484328e+001  1.480000e+001
      vertex  8.568147e+001 -6.497663e+001  1.480000e+001
    endloop
  endfacet
  facet normal  0.000000e+000  -0.000000e+000 -1.000000e+000
    outer loop
      vertex  8.545510e+001 -6.714217e+001  1.480000e+001
      vertex  8.568147e+001 -6.497663e+001  1.480000e+001
      vertex  8.571521e+001 -6.700007e+001  1.480000e+001
    endloop
  endfacet
  facet normal  0.000000e+000  0.000000e+000 -9.999999e-001
    outer loop
      vertex  8.571521e+001 -6.700007e+001  1.480000e+001
      vertex  8.568147e+001 -6.497663e+001  1.480000e+001
      vertex  8.590657e+001 -6.516946e+001  1.480000e+001
    endloop
  endfacet
  facet normal  0.000000e+000  -0.000000e+000 -9.999999e-001
    outer loop
      vertex  8.571521e+001 -6.700007e+001  1.480000e+001
      vertex  8.590657e+001 -6.516946e+001  1.480000e+001
      vertex  8.593376e+001 -6.679985e+001  1.480000e+001
    endloop
  endfacet
  facet normal  0.000000e+000  0.000000e+000 -1.000000e+000
    outer loop
      vertex  8.593376e+001 -6.679985e+001  1.480000e+001
      vertex  8.590657e+001 -6.516946e+001  1.480000e+001
      vertex  8.607899e+001 -6.541055e+001  1.480000e+001
    endloop
  endfacet
  facet normal  0.000000e+000  -0.000000e+000 -9.999999e-001
    outer loop
      vertex  8.593376e+001 -6.679985e+001  1.480000e+001
      vertex  8.607899e+001 -6.541055e+001  1.480000e+001
      vertex  8.609805e+001 -6.655314e+001  1.480000e+001
    endloop
  endfacet
  facet normal  0.000000e+000  0.000000e+000 -9.999999e-001
    outer loop
      vertex  8.609805e+001 -6.655314e+001  1.480000e+001
      vertex  8.607899e+001 -6.541055e+001  1.480000e+001
      vertex  8.618870e+001 -6.568589e+001  1.480000e+001
    endloop
  endfacet
  facet normal  0.000000e+000  -0.000000e+000 -1.000000e+000
    outer loop
      vertex  8.609805e+001 -6.655314e+001  1.480000e+001
      vertex  8.618870e+001 -6.568589e+001  1.480000e+001
      vertex  8.619852e+001 -6.627429e+001  1.480000e+001
    endloop
  endfacet
  facet normal  0.000000e+000  0.000000e+000 -1.000000e+000
    outer loop
      vertex  6.229329e+000 -6.597949e+001  1.480000e+001
      vertex  6.198514e+000 -6.627429e+001  1.480000e+001
      vertex  6.188700e+000 -6.568589e+001  1.480000e+001
    endloop
  endfacet
  facet normal  0.000000e+000  -0.000000e+000 -1.000000e+000
    outer loop
      vertex  3.770671e+000 -6.602051e+001  1.480000e+001
      vertex  3.801486e+000 -6.572571e+001  1.480000e+001
      vertex  3.811300e+000 -6.631411e+001  1.480000e+001
    endloop
  endfacet
  facet normal  0.000000e+000  0.000000e+000 -9.999999e-001
    outer loop
      vertex  3.811300e+000 -6.631411e+001  1.480000e+001
      vertex  3.801486e+000 -6.572571e+001  1.480000e+001
      vertex  3.901954e+000 -6.544686e+001  1.480000e+001
    endloop
  endfacet
  facet normal  0.000000e+000  -0.000000e+000 -1.000000e+000
    outer loop
      vertex  3.811300e+000 -6.631411e+001  1.480000e+001
      vertex  3.901954e+000 -6.544686e+001  1.480000e+001
      vertex  3.921012e+000 -6.658945e+001  1.480000e+001
    endloop
  endfacet
  facet normal  0.000000e+000  0.000000e+000 -9.999999e-001
    outer loop
      vertex  3.921012e+000 -6.658945e+001  1.480000e+001
      vertex  3.901954e+000 -6.544686e+001  1.480000e+001
      vertex  4.066237e+000 -6.520015e+001  1.480000e+001
    endloop
  endfacet
  facet normal  0.000000e+000  -0.000000e+000 -1.000000e+000
    outer loop
      vertex  3.921012e+000 -6.658945e+001  1.480000e+001
      vertex  4.066237e+000 -6.520015e+001  1.480000e+001
      vertex  4.093431e+000 -6.683054e+001  1.480000e+001
    endloop
  endfacet
  facet normal  0.000000e+000  0.000000e+000 -1.000000e+000
    outer loop
      vertex  4.093431e+000 -6.683054e+001  1.480000e+001
      vertex  4.066237e+000 -6.520015e+001  1.480000e+001
      vertex  4.284787e+000 -6.499993e+001  1.480000e+001
    endloop
  endfacet
  facet normal  0.000000e+000  -0.000000e+000 -1.000000e+000
    outer loop
      vertex  4.093431e+000 -6.683054e+001  1.480000e+001
      vertex  4.284787e+000 -6.499993e+001  1.480000e+001
      vertex  4.318537e+000 -6.702337e+001  1.480000e+001
    endloop
  endfacet
  facet normal  0.000000e+000  0.000000e+000 -9.999999e-001
    outer loop
      vertex  4.318537e+000 -6.702337e+001  1.480000e+001
      vertex  4.284787e+000 -6.499993e+001  1.480000e+001
      vertex  4.544902e+000 -6.485783e+001  1.480000e+001
    endloop
  endfacet
  facet normal  0.000000e+000  -0.000000e+000 -1.000000e+000
    outer loop
      vertex  4.318537e+000 -6.702337e+001  1.480000e+001
      vertex  4.544902e+000 -6.485783e+001  1.480000e+001
      vertex  4.583246e+000 -6.715672e+001  1.480000e+001
    endloop
  endfacet
  facet normal  0.000000e+000  0.000000e+000 -1.000000e+000
    outer loop
      vertex  4.583246e+000 -6.715672e+001  1.480000e+001
      vertex  4.544902e+000 -6.485783e+001  1.480000e+001
      vertex  4.831466e+000 -6.478210e+001  1.480000e+001
    endloop
  endfacet
  facet normal  0.000000e+000  -0.000000e+000 -1.000000e+000
    outer loop
      vertex  4.583246e+000 -6.715672e+001  1.480000e+001
      vertex  4.831466e+000 -6.478210e+001  1.480000e+001
      vertex  4.872176e+000 -6.722284e+001  1.480000e+001
    endloop
  endfacet
  facet normal  0.000000e+000  0.000000e+000 -1.000000e+000
    outer loop
      vertex  4.872176e+000 -6.722284e+001  1.480000e+001
      vertex  4.831466e+000 -6.478210e+001  1.480000e+001
      vertex  5.127824e+000 -6.477716e+001  1.480000e+001
    endloop
  endfacet
  facet normal  0.000000e+000  -0.000000e+000 -1.000000e+000
    outer loop
      vertex  4.872176e+000 -6.722284e+001  1.480000e+001
      vertex  5.127824e+000 -6.477716e+001  1.480000e+001
      vertex  5.168534e+000 -6.721790e+001  1.480000e+001
    endloop
  endfacet
  facet normal  0.000000e+000  0.000000e+000 -1.000000e+000
    outer loop
      vertex  5.168534e+000 -6.721790e+001  1.480000e+001
      vertex  5.127824e+000 -6.477716e+001  1.480000e+001
      vertex  5.416754e+000 -6.484328e+001  1.480000e+001
    endloop
  endfacet
  facet normal  0.000000e+000  -0.000000e+000 -1.000000e+000
    outer loop
      vertex  5.168534e+000 -6.721790e+001  1.480000e+001
      vertex  5.416754e+000 -6.484328e+001  1.480000e+001
      vertex  5.455098e+000 -6.714217e+001  1.480000e+001
    endloop
  endfacet
  facet normal  0.000000e+000  0.000000e+000 -1.000000e+000
    outer loop
      vertex  5.455098e+000 -6.714217e+001  1.480000e+001
      vertex  5.416754e+000 -6.484328e+001  1.480000e+001
      vertex  5.681463e+000 -6.497663e+001  1.480000e+001
    endloop
  endfacet
  facet normal  0.000000e+000  -0.000000e+000 -9.999999e-001
    outer loop
      vertex  5.455098e+000 -6.714217e+001  1.480000e+001
      vertex  5.681463e+000 -6.497663e+001  1.480000e+001
      vertex  5.715213e+000 -6.700007e+001  1.480000e+001
    endloop
  endfacet
  facet normal  0.000000e+000  0.000000e+000 -1.000000e+000
    outer loop
      vertex  5.715213e+000 -6.700007e+001  1.480000e+001
      vertex  5.681463e+000 -6.497663e+001  1.480000e+001
      vertex  5.906569e+000 -6.516946e+001  1.480000e+001
    endloop
  endfacet
  facet normal  0.000000e+000  -0.000000e+000 -1.000000e+000
    outer loop
      vertex  5.715213e+000 -6.700007e+001  1.480000e+001
      vertex  5.906569e+000 -6.516946e+001  1.480000e+001
      vertex  5.933763e+000 -6.679985e+001  1.480000e+001
    endloop
  endfacet
  facet normal  0.000000e+000  0.000000e+000 -1.000000e+000
    outer loop
      vertex  5.933763e+000 -6.679985e+001  1.480000e+001
      vertex  5.906569e+000 -6.516946e+001  1.480000e+001
      vertex  6.078988e+000 -6.541055e+001  1.480000e+001
    endloop
  endfacet
  facet normal  0.000000e+000  -0.000000e+000 -1.000000e+000
    outer loop
      vertex  5.933763e+000 -6.679985e+001  1.480000e+001
      vertex  6.078988e+000 -6.541055e+001  1.480000e+001
      vertex  6.098046e+000 -6.655314e+001  1.480000e+001
    endloop
  endfacet
  facet normal  0.000000e+000  0.000000e+000 -1.000000e+000
    outer loop
      vertex  6.098046e+000 -6.655314e+001  1.480000e+001
      vertex  6.078988e+000 -6.541055e+001  1.480000e+001
      vertex  6.188700e+000 -6.568589e+001  1.480000e+001
    endloop
  endfacet
  facet normal  0.000000e+000  -0.000000e+000 -9.999999e-001
    outer loop
      vertex  6.098046e+000 -6.655314e+001  1.480000e+001
      vertex  6.188700e+000 -6.568589e+001  1.480000e+001
      vertex  6.198514e+000 -6.627429e+001  1.480000e+001
    endloop
  endfacet
  facet normal  0.000000e+000  0.000000e+000 -1.000000e+000
    outer loop
      vertex  8.622933e+001 -3.979495e+000  1.480000e+001
      vertex  8.619852e+001 -4.274289e+000  1.480000e+001
      vertex  8.618870e+001 -3.685894e+000  1.480000e+001
    endloop
  endfacet
  facet normal  0.000000e+000  -0.000000e+000 -1.000000e+000
    outer loop
      vertex  8.377067e+001 -4.020505e+000  1.480000e+001
      vertex  8.380148e+001 -3.725711e+000  1.480000e+001
      vertex  8.381130e+001 -4.314106e+000  1.480000e+001
    endloop
  endfacet
  facet normal  0.000000e+000  0.000000e+000 -1.000000e+000
    outer loop
      vertex  8.381130e+001 -4.314106e+000  1.480000e+001
      vertex  8.380148e+001 -3.725711e+000  1.480000e+001
      vertex  8.390195e+001 -3.446858e+000  1.480000e+001
    endloop
  endfacet
  facet normal  0.000000e+000  -0.000000e+000 -9.999999e-001
    outer loop
      vertex  8.381130e+001 -4.314106e+000  1.480000e+001
      vertex  8.390195e+001 -3.446858e+000  1.480000e+001
      vertex  8.392101e+001 -4.589454e+000  1.480000e+001
    endloop
  endfacet
  facet normal  0.000000e+000  0.000000e+000 -9.999999e-001
    outer loop
      vertex  8.392101e+001 -4.589454e+000  1.480000e+001
      vertex  8.390195e+001 -3.446858e+000  1.480000e+001
      vertex  8.406624e+001 -3.200152e+000  1.480000e+001
    endloop
  endfacet
  facet normal  0.000000e+000  -0.000000e+000 -1.000000e+000
    outer loop
      vertex  8.392101e+001 -4.589454e+000  1.480000e+001
      vertex  8.406624e+001 -3.200152e+000  1.480000e+001
      vertex  8.409343e+001 -4.830544e+000  1.480000e+001
    endloop
  endfacet
  facet normal  0.000000e+000  0.000000e+000 -1.000000e+000
    outer loop
      vertex  8.409343e+001 -4.830544e+000  1.480000e+001
      vertex  8.406624e+001 -3.200152e+000  1.480000e+001
      vertex  8.428479e+001 -2.999930e+000  1.480000e+001
    endloop
  endfacet
  facet normal  0.000000e+000  -0.000000e+000 -1.000000e+000
    outer loop
      vertex  8.409343e+001 -4.830544e+000  1.480000e+001
      vertex  8.428479e+001 -2.999930e+000  1.480000e+001
      vertex  8.431853e+001 -5.023366e+000  1.480000e+001
    endloop
  endfacet
  facet normal  0.000000e+000  0.000000e+000 -1.000000e+000
    outer loop
      vertex  8.431853e+001 -5.023366e+000  1.480000e+001
      vertex  8.428479e+001 -2.999930e+000  1.480000e+001
      vertex  8.454490e+001 -2.857828e+000  1.480000e+001
    endloop
  endfacet
  facet normal  0.000000e+000  -0.000000e+000 -1.000000e+000
    outer loop
      vertex  8.431853e+001 -5.023366e+000  1.480000e+001
      vertex  8.454490e+001 -2.857828e+000  1.480000e+001
      vertex  8.458324e+001 -5.156713e+000  1.480000e+001
    endloop
  endfacet
  facet normal  0.000000e+000  0.000000e+000 -9.999999e-001
    outer loop
      vertex  8.458324e+001 -5.156713e+000  1.480000e+001
      vertex  8.454490e+001 -2.857828e+000  1.480000e+001
      vertex  8.483147e+001 -2.782106e+000  1.480000e+001
    endloop
  endfacet
  facet normal  0.000000e+000  -0.000000e+000 -1.000000e+000
    outer loop
      vertex  8.458324e+001 -5.156713e+000  1.480000e+001
      vertex  8.483147e+001 -2.782106e+000  1.480000e+001
      vertex  8.487218e+001 -5.222837e+000  1.480000e+001
    endloop
  endfacet
  facet normal  0.000000e+000  0.000000e+000 -1.000000e+000
    outer loop
      vertex  8.487218e+001 -5.222837e+000  1.480000e+001
      vertex  8.483147e+001 -2.782106e+000  1.480000e+001
      vertex  8.512782e+001 -2.777163e+000  1.480000e+001
    endloop
  endfacet
  facet normal  0.000000e+000  -0.000000e+000 -1.000000e+000
    outer loop
      vertex  8.487218e+001 -5.222837e+000  1.480000e+001
      vertex  8.512782e+001 -2.777163e+000  1.480000e+001
      vertex  8.516853e+001 -5.217894e+000  1.480000e+001
    endloop
  endfacet
  facet normal  0.000000e+000  0.000000e+000 -1.000000e+000
    outer loop
      vertex  8.516853e+001 -5.217894e+000  1.480000e+001
      vertex  8.512782e+001 -2.777163e+000  1.480000e+001
      vertex  8.541676e+001 -2.843286e+000  1.480000e+001
    endloop
  endfacet
  facet normal  0.000000e+000  -0.000000e+000 -9.999999e-001
    outer loop
      vertex  8.516853e+001 -5.217894e+000  1.480000e+001
      vertex  8.541676e+001 -2.843286e+000  1.480000e+001
      vertex  8.545510e+001 -5.142171e+000  1.480000e+001
    endloop
  endfacet
  facet normal  0.000000e+000  0.000000e+000 -1.000000e+000
    outer loop
      vertex  8.545510e+001 -5.142171e+000  1.480000e+001
      vertex  8.541676e+001 -2.843286e+000  1.480000e+001
      vertex  8.568147e+001 -2.976634e+000  1.480000e+001
    endloop
  endfacet
  facet normal  0.000000e+000  -0.000000e+000 -1.000000e+000
    outer loop
      vertex  8.545510e+001 -5.142171e+000  1.480000e+001
      vertex  8.568147e+001 -2.976634e+000  1.480000e+001
      vertex  8.571521e+001 -5.000070e+000  1.480000e+001
    endloop
  endfacet
  facet normal  0.000000e+000  0.000000e+000 -1.000000e+000
    outer loop
      vertex  8.571521e+001 -5.000070e+000  1.480000e+001
      vertex  8.568147e+001 -2.976634e+000  1.480000e+001
      vertex  8.590657e+001 -3.169456e+000  1.480000e+001
    endloop
  endfacet
  facet normal  0.000000e+000  -0.000000e+000 -1.000000e+000
    outer loop
      vertex  8.571521e+001 -5.000070e+000  1.480000e+001
      vertex  8.590657e+001 -3.169456e+000  1.480000e+001
      vertex  8.593376e+001 -4.799848e+000  1.480000e+001
    endloop
  endfacet
  facet normal  0.000000e+000  0.000000e+000 -9.999999e-001
    outer loop
      vertex  8.593376e+001 -4.799848e+000  1.480000e+001
      vertex  8.590657e+001 -3.169456e+000  1.480000e+001
      vertex  8.607899e+001 -3.410546e+000  1.480000e+001
    endloop
  endfacet
  facet normal  0.000000e+000  -0.000000e+000 -1.000000e+000
    outer loop
      vertex  8.593376e+001 -4.799848e+000  1.480000e+001
      vertex  8.607899e+001 -3.410546e+000  1.480000e+001
      vertex  8.609805e+001 -4.553142e+000  1.480000e+001
    endloop
  endfacet
  facet normal  0.000000e+000  0.000000e+000 -9.999999e-001
    outer loop
      vertex  8.609805e+001 -4.553142e+000  1.480000e+001
      vertex  8.607899e+001 -3.410546e+000  1.480000e+001
      vertex  8.618870e+001 -3.685894e+000  1.480000e+001
    endloop
  endfacet
  facet normal  0.000000e+000  -0.000000e+000 -1.000000e+000
    outer loop
      vertex  8.609805e+001 -4.553142e+000  1.480000e+001
      vertex  8.618870e+001 -3.685894e+000  1.480000e+001
      vertex  8.619852e+001 -4.274289e+000  1.480000e+001
    endloop
  endfacet
  facet normal  0.000000e+000  0.000000e+000 -1.000000e+000
    outer loop
      vertex  1.411810e-001 -7.434074e+000  1.700000e+000
      vertex  4.872176e+000 -5.222837e+000  1.700000e+000
      vertex  4.000000e-001 -7.400000e+000  1.700000e+000
    endloop
  endfacet
  facet normal  0.000000e+000  0.000000e+000 -1.000000e+000
    outer loop
      vertex  8.262276e+000 -4.957891e+000  1.700000e+000
      vertex  5.715213e+000 -5.000070e+000  1.700000e+000
      vertex  5.933763e+000 -4.799848e+000  1.700000e+000
    endloop
  endfacet
  facet normal  -0.000000e+000  0.000000e+000 -1.000000e+000
    outer loop
      vertex -6.000000e-001  6.000000e-001  1.700000e+000
      vertex  9.400000e+000  6.000000e-001  1.700000e+000
      vertex  9.141181e+000  5.659258e-001  1.700000e+000
    endloop
  endfacet
  facet normal  -0.000000e+000  0.000000e+000 -9.999999e-001
    outer loop
      vertex -6.000000e-001  6.000000e-001  1.700000e+000
      vertex  9.141181e+000  5.659258e-001  1.700000e+000
      vertex  8.900000e+000  4.660254e-001  1.700000e+000
    endloop
  endfacet
  facet normal  -0.000000e+000  0.000000e+000 -1.000000e+000
    outer loop
      vertex -6.000000e-001  6.000000e-001  1.700000e+000
      vertex  8.900000e+000  4.660254e-001  1.700000e+000
      vertex  8.692893e+000  3.071068e-001  1.700000e+000
    endloop
  endfacet
  facet normal  -0.000000e+000  0.000000e+000 -1.000000e+000
    outer loop
      vertex -6.000000e-001  6.000000e-001  1.700000e+000
      vertex  8.692893e+000  3.071068e-001  1.700000e+000
      vertex  5.127824e+000 -2.777163e+000  1.700000e+000
    endloop
  endfacet
  facet normal  -0.000000e+000  0.000000e+000 -1.000000e+000
    outer loop
      vertex -6.000000e-001  6.000000e-001  1.700000e+000
      vertex  5.127824e+000 -2.777163e+000  1.700000e+000
      vertex  4.831466e+000 -2.782106e+000  1.700000e+000
    endloop
  endfacet
  facet normal  -0.000000e+000  0.000000e+000 -1.000000e+000
    outer loop
      vertex -6.000000e-001  6.000000e-001  1.700000e+000
      vertex  4.831466e+000 -2.782106e+000  1.700000e+000
      vertex  4.544902e+000 -2.857828e+000  1.700000e+000
    endloop
  endfacet
  facet normal  -0.000000e+000  0.000000e+000 -1.000000e+000
    outer loop
      vertex -6.000000e-001  6.000000e-001  1.700000e+000
      vertex  4.544902e+000 -2.857828e+000  1.700000e+000
      vertex  4.284787e+000 -2.999930e+000  1.700000e+000
    endloop
  endfacet
  facet normal  -0.000000e+000  0.000000e+000 -1.000000e+000
    outer loop
      vertex -6.000000e-001  6.000000e-001  1.700000e+000
      vertex  4.284787e+000 -2.999930e+000  1.700000e+000
      vertex  4.066237e+000 -3.200152e+000  1.700000e+000
    endloop
  endfacet
  facet normal  -0.000000e+000  0.000000e+000 -1.000000e+000
    outer loop
      vertex -6.000000e-001  6.000000e-001  1.700000e+000
      vertex  4.066237e+000 -3.200152e+000  1.700000e+000
      vertex -3.071068e-001 -7.692893e+000  1.700000e+000
    endloop
  endfacet
  facet normal  -0.000000e+000  0.000000e+000 -1.000000e+000
    outer loop
      vertex -6.000000e-001  6.000000e-001  1.700000e+000
      vertex -3.071068e-001 -7.692893e+000  1.700000e+000
      vertex -4.660254e-001 -7.900000e+000  1.700000e+000
    endloop
  endfacet
  facet normal  -0.000000e+000  0.000000e+000 -1.000000e+000
    outer loop
      vertex -6.000000e-001  6.000000e-001  1.700000e+000
      vertex -4.660254e-001 -7.900000e+000  1.700000e+000
      vertex -5.659258e-001 -8.141181e+000  1.700000e+000
    endloop
  endfacet
  facet normal  -0.000000e+000  0.000000e+000 -1.000000e+000
    outer loop
      vertex -6.000000e-001  6.000000e-001  1.700000e+000
      vertex -5.659258e-001 -8.141181e+000  1.700000e+000
      vertex -6.000000e-001 -8.400000e+000  1.700000e+000
    endloop
  endfacet
  facet normal  0.000000e+000  -0.000000e+000 -1.000000e+000
    outer loop
      vertex -1.000000e-001 -7.533975e+000  1.700000e+000
      vertex  3.770671e+000 -4.020505e+000  1.700000e+000
      vertex  3.811300e+000 -4.314106e+000  1.700000e+000
    endloop
  endfacet
  facet normal  0.000000e+000  -0.000000e+000 -1.000000e+000
    outer loop
      vertex -1.000000e-001 -7.533975e+000  1.700000e+000
      vertex  3.811300e+000 -4.314106e+000  1.700000e+000
      vertex  3.921012e+000 -4.589454e+000  1.700000e+000
    endloop
  endfacet
  facet normal  0.000000e+000  -0.000000e+000 -1.000000e+000
    outer loop
      vertex -1.000000e-001 -7.533975e+000  1.700000e+000
      vertex  3.921012e+000 -4.589454e+000  1.700000e+000
      vertex  4.093431e+000 -4.830544e+000  1.700000e+000
    endloop
  endfacet
  facet normal  0.000000e+000  -0.000000e+000 -1.000000e+000
    outer loop
      vertex -1.000000e-001 -7.533975e+000  1.700000e+000
      vertex  4.093431e+000 -4.830544e+000  1.700000e+000
      vertex  4.318537e+000 -5.023366e+000  1.700000e+000
    endloop
  endfacet
  facet normal  0.000000e+000  -0.000000e+000 -1.000000e+000
    outer loop
      vertex -1.000000e-001 -7.533975e+000  1.700000e+000
      vertex  4.318537e+000 -5.023366e+000  1.700000e+000
      vertex  4.583246e+000 -5.156713e+000  1.700000e+000
    endloop
  endfacet
  facet normal  0.000000e+000  -0.000000e+000 -1.000000e+000
    outer loop
      vertex -1.000000e-001 -7.533975e+000  1.700000e+000
      vertex  4.583246e+000 -5.156713e+000  1.700000e+000
      vertex  4.872176e+000 -5.222837e+000  1.700000e+000
    endloop
  endfacet
  facet normal  0.000000e+000  0.000000e+000 -9.999999e-001
    outer loop
      vertex -1.000000e-001 -7.533975e+000  1.700000e+000
      vertex  4.872176e+000 -5.222837e+000  1.700000e+000
      vertex  1.411810e-001 -7.434074e+000  1.700000e+000
    endloop
  endfacet
  facet normal  0.000000e+000  0.000000e+000 -9.999999e-001
    outer loop
      vertex -3.071068e-001 -7.692893e+000  1.700000e+000
      vertex  4.066237e+000 -3.200152e+000  1.700000e+000
      vertex  3.901954e+000 -3.446858e+000  1.700000e+000
    endloop
  endfacet
  facet normal  0.000000e+000  0.000000e+000 -1.000000e+000
    outer loop
      vertex -3.071068e-001 -7.692893e+000  1.700000e+000
      vertex  3.901954e+000 -3.446858e+000  1.700000e+000
      vertex  3.801486e+000 -3.725711e+000  1.700000e+000
    endloop
  endfacet
  facet normal  0.000000e+000  0.000000e+000 -1.000000e+000
    outer loop
      vertex -3.071068e-001 -7.692893e+000  1.700000e+000
      vertex  3.801486e+000 -3.725711e+000  1.700000e+000
      vertex  3.770671e+000 -4.020505e+000  1.700000e+000
    endloop
  endfacet
  facet normal  0.000000e+000  0.000000e+000 -1.000000e+000
    outer loop
      vertex -3.071068e-001 -7.692893e+000  1.700000e+000
      vertex  3.770671e+000 -4.020505e+000  1.700000e+000
      vertex -1.000000e-001 -7.533975e+000  1.700000e+000
    endloop
  endfacet
  facet normal  0.000000e+000  0.000000e+000 -1.000000e+000
    outer loop
      vertex  8.400000e+000 -4.000000e+000  1.700000e+000
      vertex  8.365393e+000 -4.483871e+000  1.700000e+000
      vertex  6.198514e+000 -4.274289e+000  1.700000e+000
    endloop
  endfacet
  facet normal  0.000000e+000  0.000000e+000 -1.000000e+000
    outer loop
      vertex  8.400000e+000 -4.000000e+000  1.700000e+000
      vertex  6.198514e+000 -4.274289e+000  1.700000e+000
      vertex  6.229329e+000 -3.979495e+000  1.700000e+000
    endloop
  endfacet
  facet normal  0.000000e+000  0.000000e+000 -9.999999e-001
    outer loop
      vertex  8.400000e+000 -4.000000e+000  1.700000e+000
      vertex  6.229329e+000 -3.979495e+000  1.700000e+000
      vertex  6.188700e+000 -3.685894e+000  1.700000e+000
    endloop
  endfacet
  facet normal  0.000000e+000  0.000000e+000 -1.000000e+000
    outer loop
      vertex  8.400000e+000 -4.000000e+000  1.700000e+000
      vertex  6.188700e+000 -3.685894e+000  1.700000e+000
      vertex  6.078988e+000 -3.410546e+000  1.700000e+000
    endloop
  endfacet
  facet normal  0.000000e+000  0.000000e+000 -1.000000e+000
    outer loop
      vertex  8.400000e+000 -4.000000e+000  1.700000e+000
      vertex  6.078988e+000 -3.410546e+000  1.700000e+000
      vertex  5.906569e+000 -3.169456e+000  1.700000e+000
    endloop
  endfacet
  facet normal  0.000000e+000  0.000000e+000 -1.000000e+000
    outer loop
      vertex  8.400000e+000 -4.000000e+000  1.700000e+000
      vertex  5.906569e+000 -3.169456e+000  1.700000e+000
      vertex  5.681463e+000 -2.976634e+000  1.700000e+000
    endloop
  endfacet
  facet normal  0.000000e+000  0.000000e+000 -1.000000e+000
    outer loop
      vertex  8.400000e+000 -4.000000e+000  1.700000e+000
      vertex  5.681463e+000 -2.976634e+000  1.700000e+000
      vertex  5.416754e+000 -2.843286e+000  1.700000e+000
    endloop
  endfacet
  facet normal  0.000000e+000  0.000000e+000 -1.000000e+000
    outer loop
      vertex  8.400000e+000 -4.000000e+000  1.700000e+000
      vertex  5.416754e+000 -2.843286e+000  1.700000e+000
      vertex  8.400000e+000 -4.000000e-001  1.700000e+000
    endloop
  endfacet
  facet normal  0.000000e+000  0.000000e+000 -1.000000e+000
    outer loop
      vertex  5.127824e+000 -2.777163e+000  1.700000e+000
      vertex  8.692893e+000  3.071068e-001  1.700000e+000
      vertex  8.533975e+000  1.000000e-001  1.700000e+000
    endloop
  endfacet
  facet normal  0.000000e+000  0.000000e+000 -1.000000e+000
    outer loop
      vertex  5.127824e+000 -2.777163e+000  1.700000e+000
      vertex  8.533975e+000  1.000000e-001  1.700000e+000
      vertex  8.434074e+000 -1.411810e-001  1.700000e+000
    endloop
  endfacet
  facet normal  0.000000e+000  0.000000e+000 -1.000000e+000
    outer loop
      vertex  5.127824e+000 -2.777163e+000  1.700000e+000
      vertex  8.434074e+000 -1.411810e-001  1.700000e+000
      vertex  8.400000e+000 -4.000000e-001  1.700000e+000
    endloop
  endfacet
  facet normal  0.000000e+000  0.000000e+000 -1.000000e+000
    outer loop
      vertex  5.127824e+000 -2.777163e+000  1.700000e+000
      vertex  8.400000e+000 -4.000000e-001  1.700000e+000
      vertex  5.416754e+000 -2.843286e+000  1.700000e+000
    endloop
  endfacet
  facet normal  0.000000e+000  0.000000e+000 -1.000000e+000
    outer loop
      vertex  5.000000e+000 -7.400000e+000  1.700000e+000
      vertex  4.000000e-001 -7.400000e+000  1.700000e+000
      vertex  4.872176e+000 -5.222837e+000  1.700000e+000
    endloop
  endfacet
  facet normal  0.000000e+000  0.000000e+000 -1.000000e+000
    outer loop
      vertex  5.000000e+000 -7.400000e+000  1.700000e+000
      vertex  4.872176e+000 -5.222837e+000  1.700000e+000
      vertex  5.168534e+000 -5.217894e+000  1.700000e+000
    endloop
  endfacet
  facet normal  0.000000e+000  -0.000000e+000 -1.000000e+000
    outer loop
      vertex  5.000000e+000 -7.400000e+000  1.700000e+000
      vertex  5.168534e+000 -5.217894e+000  1.700000e+000
      vertex  8.092749e+000 -5.412411e+000  1.700000e+000
    endloop
  endfacet
  facet normal  0.000000e+000  0.000000e+000 -1.000000e+000
    outer loop
      vertex  5.000000e+000 -7.400000e+000  1.700000e+000
      vertex  8.092749e+000 -5.412411e+000  1.700000e+000
      vertex  7.860262e+000 -5.838179e+000  1.700000e+000
    endloop
  endfacet
  facet normal  0.000000e+000  0.000000e+000 -1.000000e+000
    outer loop
      vertex  5.000000e+000 -7.400000e+000  1.700000e+000
      vertex  7.860262e+000 -5.838179e+000  1.700000e+000
      vertex  7.569549e+000 -6.226526e+000  1.700000e+000
    endloop
  endfacet
  facet normal  0.000000e+000  0.000000e+000 -1.000000e+000
    outer loop
      vertex  5.000000e+000 -7.400000e+000  1.700000e+000
      vertex  7.569549e+000 -6.226526e+000  1.700000e+000
      vertex  7.226526e+000 -6.569549e+000  1.700000e+000
    endloop
  endfacet
  facet normal  0.000000e+000  0.000000e+000 -1.000000e+000
    outer loop
      vertex  5.000000e+000 -7.400000e+000  1.700000e+000
      vertex  7.226526e+000 -6.569549e+000  1.700000e+000
      vertex  6.838179e+000 -6.860262e+000  1.700000e+000
    endloop
  endfacet
  facet normal  0.000000e+000  0.000000e+000 -1.000000e+000
    outer loop
      vertex  5.000000e+000 -7.400000e+000  1.700000e+000
      vertex  6.838179e+000 -6.860262e+000  1.700000e+000
      vertex  6.412411e+000 -7.092749e+000  1.700000e+000
    endloop
  endfacet
  facet normal  0.000000e+000  0.000000e+000 -1.000000e+000
    outer loop
      vertex  5.000000e+000 -7.400000e+000  1.700000e+000
      vertex  6.412411e+000 -7.092749e+000  1.700000e+000
      vertex  5.957891e+000 -7.262276e+000  1.700000e+000
    endloop
  endfacet
  facet normal  0.000000e+000  0.000000e+000 -1.000000e+000
    outer loop
      vertex  5.000000e+000 -7.400000e+000  1.700000e+000
      vertex  5.957891e+000 -7.262276e+000  1.700000e+000
      vertex  5.483871e+000 -7.365393e+000  1.700000e+000
    endloop
  endfacet
  facet normal  0.000000e+000  0.000000e+000 -1.000000e+000
    outer loop
      vertex  8.092749e+000 -5.412411e+000  1.700000e+000
      vertex  5.168534e+000 -5.217894e+000  1.700000e+000
      vertex  5.455098e+000 -5.142171e+000  1.700000e+000
    endloop
  endfacet
  facet normal  0.000000e+000  0.000000e+000 -1.000000e+000
    outer loop
      vertex  8.092749e+000 -5.412411e+000  1.700000e+000
      vertex  5.455098e+000 -5.142171e+000  1.700000e+000
      vertex  5.715213e+000 -5.000070e+000  1.700000e+000
    endloop
  endfacet
  facet normal  0.000000e+000  0.000000e+000 -1.000000e+000
    outer loop
      vertex  8.092749e+000 -5.412411e+000  1.700000e+000
      vertex  5.715213e+000 -5.000070e+000  1.700000e+000
      vertex  8.262276e+000 -4.957891e+000  1.700000e+000
    endloop
  endfacet
  facet normal  -0.000000e+000  0.000000e+000 -9.999999e-001
    outer loop
      vertex  6.198514e+000 -4.274289e+000  1.700000e+000
      vertex  8.365393e+000 -4.483871e+000  1.700000e+000
      vertex  6.098046e+000 -4.553142e+000  1.700000e+000
    endloop
  endfacet
  facet normal  0.000000e+000  0.000000e+000 -1.000000e+000
    outer loop
      vertex  6.098046e+000 -4.553142e+000  1.700000e+000
      vertex  8.365393e+000 -4.483871e+000  1.700000e+000
      vertex  8.262276e+000 -4.957891e+000  1.700000e+000
    endloop
  endfacet
  facet normal  0.000000e+000  0.000000e+000 -1.000000e+000
    outer loop
      vertex  6.098046e+000 -4.553142e+000  1.700000e+000
      vertex  8.262276e+000 -4.957891e+000  1.700000e+000
      vertex  5.933763e+000 -4.799848e+000  1.700000e+000
    endloop
  endfacet
  facet normal  0.000000e+000  0.000000e+000 -1.000000e+000
    outer loop
      vertex  6.229329e+000 -3.979495e+000  1.480000e+001
      vertex  6.198514e+000 -4.274289e+000  1.480000e+001
      vertex  6.188700e+000 -3.685894e+000  1.480000e+001
    endloop
  endfacet
  facet normal  0.000000e+000  -0.000000e+000 -1.000000e+000
    outer loop
      vertex  3.770671e+000 -4.020505e+000  1.480000e+001
      vertex  3.801486e+000 -3.725711e+000  1.480000e+001
      vertex  3.811300e+000 -4.314106e+000  1.480000e+001
    endloop
  endfacet
  facet normal  0.000000e+000  0.000000e+000 -1.000000e+000
    outer loop
      vertex  3.811300e+000 -4.314106e+000  1.480000e+001
      vertex  3.801486e+000 -3.725711e+000  1.480000e+001
      vertex  3.901954e+000 -3.446858e+000  1.480000e+001
    endloop
  endfacet
  facet normal  0.000000e+000  -0.000000e+000 -1.000000e+000
    outer loop
      vertex  3.811300e+000 -4.314106e+000  1.480000e+001
      vertex  3.901954e+000 -3.446858e+000  1.480000e+001
      vertex  3.921012e+000 -4.589454e+000  1.480000e+001
    endloop
  endfacet
  facet normal  0.000000e+000  0.000000e+000 -9.999999e-001
    outer loop
      vertex  3.921012e+000 -4.589454e+000  1.480000e+001
      vertex  3.901954e+000 -3.446858e+000  1.480000e+001
      vertex  4.066237e+000 -3.200152e+000  1.480000e+001
    endloop
  endfacet
  facet normal  0.000000e+000  -0.000000e+000 -1.000000e+000
    outer loop
      vertex  3.921012e+000 -4.589454e+000  1.480000e+001
      vertex  4.066237e+000 -3.200152e+000  1.480000e+001
      vertex  4.093431e+000 -4.830544e+000  1.480000e+001
    endloop
  endfacet
  facet normal  0.000000e+000  0.000000e+000 -1.000000e+000
    outer loop
      vertex  4.093431e+000 -4.830544e+000  1.480000e+001
      vertex  4.066237e+000 -3.200152e+000  1.480000e+001
      vertex  4.284787e+000 -2.999930e+000  1.480000e+001
    endloop
  endfacet
  facet normal  0.000000e+000  -0.000000e+000 -1.000000e+000
    outer loop
      vertex  4.093431e+000 -4.830544e+000  1.480000e+001
      vertex  4.284787e+000 -2.999930e+000  1.480000e+001
      vertex  4.318537e+000 -5.023366e+000  1.480000e+001
    endloop
  endfacet
  facet normal  0.000000e+000  0.000000e+000 -1.000000e+000
    outer loop
      vertex  4.318537e+000 -5.023366e+000  1.480000e+001
      vertex  4.284787e+000 -2.999930e+000  1.480000e+001
      vertex  4.544902e+000 -2.857828e+000  1.480000e+001
    endloop
  endfacet
  facet normal  0.000000e+000  -0.000000e+000 -1.000000e+000
    outer loop
      vertex  4.318537e+000 -5.023366e+000  1.480000e+001
      vertex  4.544902e+000 -2.857828e+000  1.480000e+001
      vertex  4.583246e+000 -5.156713e+000  1.480000e+001
    endloop
  endfacet
  facet normal  0.000000e+000  0.000000e+000 -9.999999e-001
    outer loop
      vertex  4.583246e+000 -5.156713e+000  1.480000e+001
      vertex  4.544902e+000 -2.857828e+000  1.480000e+001
      vertex  4.831466e+000 -2.782106e+000  1.480000e+001
    endloop
  endfacet
  facet normal  0.000000e+000  -0.000000e+000 -9.999999e-001
    outer loop
      vertex  4.583246e+000 -5.156713e+000  1.480000e+001
      vertex  4.831466e+000 -2.782106e+000  1.480000e+001
      vertex  4.872176e+000 -5.222837e+000  1.480000e+001
    endloop
  endfacet
  facet normal  0.000000e+000  0.000000e+000 -1.000000e+000
    outer loop
      vertex  4.872176e+000 -5.222837e+000  1.480000e+001
      vertex  4.831466e+000 -2.782106e+000  1.480000e+001
      vertex  5.127824e+000 -2.777163e+000  1.480000e+001
    endloop
  endfacet
  facet normal  0.000000e+000  -0.000000e+000 -1.000000e+000
    outer loop
      vertex  4.872176e+000 -5.222837e+000  1.480000e+001
      vertex  5.127824e+000 -2.777163e+000  1.480000e+001
      vertex  5.168534e+000 -5.217894e+000  1.480000e+001
    endloop
  endfacet
  facet normal  0.000000e+000  0.000000e+000 -9.999999e-001
    outer loop
      vertex  5.168534e+000 -5.217894e+000  1.480000e+001
      vertex  5.127824e+000 -2.777163e+000  1.480000e+001
      vertex  5.416754e+000 -2.843286e+000  1.480000e+001
    endloop
  endfacet
  facet normal  0.000000e+000  -0.000000e+000 -9.999999e-001
    outer loop
      vertex  5.168534e+000 -5.217894e+000  1.480000e+001
      vertex  5.416754e+000 -2.843286e+000  1.480000e+001
      vertex  5.455098e+000 -5.142171e+000  1.480000e+001
    endloop
  endfacet
  facet normal  0.000000e+000  0.000000e+000 -1.000000e+000
    outer loop
      vertex  5.455098e+000 -5.142171e+000  1.480000e+001
      vertex  5.416754e+000 -2.843286e+000  1.480000e+001
      vertex  5.681463e+000 -2.976634e+000  1.480000e+001
    endloop
  endfacet
  facet normal  0.000000e+000  -0.000000e+000 -1.000000e+000
    outer loop
      vertex  5.455098e+000 -5.142171e+000  1.480000e+001
      vertex  5.681463e+000 -2.976634e+000  1.480000e+001
      vertex  5.715213e+000 -5.000070e+000  1.480000e+001
    endloop
  endfacet
  facet normal  0.000000e+000  0.000000e+000 -9.999999e-001
    outer loop
      vertex  5.715213e+000 -5.000070e+000  1.480000e+001
      vertex  5.681463e+000 -2.976634e+000  1.480000e+001
      vertex  5.906569e+000 -3.169456e+000  1.480000e+001
    endloop
  endfacet
  facet normal  0.000000e+000  -0.000000e+000 -1.000000e+000
    outer loop
      vertex  5.715213e+000 -5.000070e+000  1.480000e+001
      vertex  5.906569e+000 -3.169456e+000  1.480000e+001
      vertex  5.933763e+000 -4.799848e+000  1.480000e+001
    endloop
  endfacet
  facet normal  0.000000e+000  0.000000e+000 -1.000000e+000
    outer loop
      vertex  5.933763e+000 -4.799848e+000  1.480000e+001
      vertex  5.906569e+000 -3.169456e+000  1.480000e+001
      vertex  6.078988e+000 -3.410546e+000  1.480000e+001
    endloop
  endfacet
  facet normal  0.000000e+000  -0.000000e+000 -1.000000e+000
    outer loop
      vertex  5.933763e+000 -4.799848e+000  1.480000e+001
      vertex  6.078988e+000 -3.410546e+000  1.480000e+001
      vertex  6.098046e+000 -4.553142e+000  1.480000e+001
    endloop
  endfacet
  facet normal  0.000000e+000  0.000000e+000 -1.000000e+000
    outer loop
      vertex  6.098046e+000 -4.553142e+000  1.480000e+001
      vertex  6.078988e+000 -3.410546e+000  1.480000e+001
      vertex  6.188700e+000 -3.685894e+000  1.480000e+001
    endloop
  endfacet
  facet normal  0.000000e+000  -0.000000e+000 -1.000000e+000
    outer loop
      vertex  6.098046e+000 -4.553142e+000  1.480000e+001
      vertex  6.188700e+000 -3.685894e+000  1.480000e+001
      vertex  6.198514e+000 -4.274289e+000  1.480000e+001
    endloop
  endfacet
  facet normal -6.755134e-001  7.373478e-001  0.000000e+000
    outer loop
      vertex  5.715213e+000 -5.000070e+000  1.700000e+000
      vertex  5.933763e+000 -4.799848e+000  1.480000e+001
      vertex  5.933763e+000 -4.799848e+000  1.700000e+000
    endloop
  endfacet
  facet normal -8.323432e-001  5.542605e-001  0.000000e+000
    outer loop
      vertex  5.933763e+000 -4.799848e+000  1.700000e+000
      vertex  5.933763e+000 -4.799848e+000  1.480000e+001
      vertex  6.098046e+000 -4.553142e+000  1.480000e+001
    endloop
  endfacet
  facet normal -8.323432e-001  5.542605e-001  0.000000e+000
    outer loop
      vertex  5.933763e+000 -4.799848e+000  1.700000e+000
      vertex  6.098046e+000 -4.553142e+000  1.480000e+001
      vertex  6.098046e+000 -4.553142e+000  1.700000e+000
    endloop
  endfacet
  facet normal -9.408002e-001  3.389617e-001  0.000000e+000
    outer loop
      vertex  6.098046e+000 -4.553142e+000  1.700000e+000
      vertex  6.098046e+000 -4.553142e+000  1.480000e+001
      vertex  6.198514e+000 -4.274289e+000  1.480000e+001
    endloop
  endfacet
  facet normal -9.408002e-001  3.389617e-001  0.000000e+000
    outer loop
      vertex  6.098046e+000 -4.553142e+000  1.700000e+000
      vertex  6.198514e+000 -4.274289e+000  1.480000e+001
      vertex  6.198514e+000 -4.274289e+000  1.700000e+000
    endloop
  endfacet
  facet normal -9.945809e-001  1.039648e-001  0.000000e+000
    outer loop
      vertex  6.198514e+000 -4.274289e+000  1.700000e+000
      vertex  6.198514e+000 -4.274289e+000  1.480000e+001
      vertex  6.229329e+000 -3.979495e+000  1.480000e+001
    endloop
  endfacet
  facet normal -9.945809e-001  1.039648e-001  0.000000e+000
    outer loop
      vertex  6.198514e+000 -4.274289e+000  1.700000e+000
      vertex  6.229329e+000 -3.979495e+000  1.480000e+001
      vertex  6.229329e+000 -3.979495e+000  1.700000e+000
    endloop
  endfacet
  facet normal -9.905605e-001 -1.370764e-001  0.000000e+000
    outer loop
      vertex  6.229329e+000 -3.979495e+000  1.700000e+000
      vertex  6.229329e+000 -3.979495e+000  1.480000e+001
      vertex  6.188700e+000 -3.685894e+000  1.480000e+001
    endloop
  endfacet
  facet normal -9.905605e-001 -1.370764e-001  -0.000000e+000
    outer loop
      vertex  6.229329e+000 -3.979495e+000  1.700000e+000
      vertex  6.188700e+000 -3.685894e+000  1.480000e+001
      vertex  6.188700e+000 -3.685894e+000  1.700000e+000
    endloop
  endfacet
  facet normal -9.289724e-001 -3.701491e-001  0.000000e+000
    outer loop
      vertex  6.188700e+000 -3.685894e+000  1.700000e+000
      vertex  6.188700e+000 -3.685894e+000  1.480000e+001
      vertex  6.078988e+000 -3.410546e+000  1.480000e+001
    endloop
  endfacet
  facet normal -9.289724e-001 -3.701491e-001  -0.000000e+000
    outer loop
      vertex  6.188700e+000 -3.685894e+000  1.700000e+000
      vertex  6.078988e+000 -3.410546e+000  1.480000e+001
      vertex  6.078988e+000 -3.410546e+000  1.700000e+000
    endloop
  endfacet
  facet normal -6.755134e-001  7.373478e-001  0.000000e+000
    outer loop
      vertex  5.933763e+000 -4.799848e+000  1.480000e+001
      vertex  5.715213e+000 -5.000070e+000  1.700000e+000
      vertex  5.715213e+000 -5.000070e+000  1.480000e+001
    endloop
  endfacet
  facet normal -4.794248e-001  8.775829e-001  0.000000e+000
    outer loop
      vertex  5.715213e+000 -5.000070e+000  1.480000e+001
      vertex  5.715213e+000 -5.000070e+000  1.700000e+000
      vertex  5.455098e+000 -5.142171e+000  1.700000e+000
    endloop
  endfacet
  facet normal -4.794248e-001  8.775829e-001  0.000000e+000
    outer loop
      vertex  5.715213e+000 -5.000070e+000  1.480000e+001
      vertex  5.455098e+000 -5.142171e+000  1.700000e+000
      vertex  5.455098e+000 -5.142171e+000  1.480000e+001
    endloop
  endfacet
  facet normal -2.554750e-001  9.668157e-001  0.000000e+000
    outer loop
      vertex  5.455098e+000 -5.142171e+000  1.480000e+001
      vertex  5.455098e+000 -5.142171e+000  1.700000e+000
      vertex  5.168534e+000 -5.217894e+000  1.700000e+000
    endloop
  endfacet
  facet normal -2.554750e-001  9.668157e-001  0.000000e+000
    outer loop
      vertex  5.455098e+000 -5.142171e+000  1.480000e+001
      vertex  5.168534e+000 -5.217894e+000  1.700000e+000
      vertex  5.168534e+000 -5.217894e+000  1.480000e+001
    endloop
  endfacet
  facet normal -1.667808e-002  9.998609e-001  0.000000e+000
    outer loop
      vertex  5.168534e+000 -5.217894e+000  1.480000e+001
      vertex  5.168534e+000 -5.217894e+000  1.700000e+000
      vertex  4.872176e+000 -5.222837e+000  1.700000e+000
    endloop
  endfacet
  facet normal -1.667808e-002  9.998609e-001  0.000000e+000
    outer loop
      vertex  5.168534e+000 -5.217894e+000  1.480000e+001
      vertex  4.872176e+000 -5.222837e+000  1.700000e+000
      vertex  4.872176e+000 -5.222837e+000  1.480000e+001
    endloop
  endfacet
  facet normal  2.230904e-001  9.747977e-001  0.000000e+000
    outer loop
      vertex  4.872176e+000 -5.222837e+000  1.480000e+001
      vertex  4.872176e+000 -5.222837e+000  1.700000e+000
      vertex  4.583246e+000 -5.156713e+000  1.700000e+000
    endloop
  endfacet
  facet normal  2.230904e-001  9.747977e-001  -0.000000e+000
    outer loop
      vertex  4.872176e+000 -5.222837e+000  1.480000e+001
      vertex  4.583246e+000 -5.156713e+000  1.700000e+000
      vertex  4.583246e+000 -5.156713e+000  1.480000e+001
    endloop
  endfacet
  facet normal  4.498911e-001  8.930834e-001  0.000000e+000
    outer loop
      vertex  4.583246e+000 -5.156713e+000  1.480000e+001
      vertex  4.583246e+000 -5.156713e+000  1.700000e+000
      vertex  4.318537e+000 -5.023366e+000  1.700000e+000
    endloop
  endfacet
  facet normal  4.498911e-001  8.930834e-001  -0.000000e+000
    outer loop
      vertex  4.583246e+000 -5.156713e+000  1.480000e+001
      vertex  4.318537e+000 -5.023366e+000  1.700000e+000
      vertex  4.318537e+000 -5.023366e+000  1.480000e+001
    endloop
  endfacet
  facet normal  6.505467e-001  7.594664e-001  0.000000e+000
    outer loop
      vertex  4.318537e+000 -5.023366e+000  1.480000e+001
      vertex  4.318537e+000 -5.023366e+000  1.700000e+000
      vertex  4.093431e+000 -4.830544e+000  1.700000e+000
    endloop
  endfacet
  facet normal  6.505467e-001  7.594664e-001  -0.000000e+000
    outer loop
      vertex  4.318537e+000 -5.023366e+000  1.480000e+001
      vertex  4.093431e+000 -4.830544e+000  1.700000e+000
      vertex  4.093431e+000 -4.830544e+000  1.480000e+001
    endloop
  endfacet
  facet normal  8.133959e-001  5.817105e-001  0.000000e+000
    outer loop
      vertex  4.093431e+000 -4.830544e+000  1.480000e+001
      vertex  4.093431e+000 -4.830544e+000  1.700000e+000
      vertex  3.921012e+000 -4.589454e+000  1.700000e+000
    endloop
  endfacet
  facet normal  8.133959e-001  5.817105e-001  -0.000000e+000
    outer loop
      vertex  4.093431e+000 -4.830544e+000  1.480000e+001
      vertex  3.921012e+000 -4.589454e+000  1.700000e+000
      vertex  3.921012e+000 -4.589454e+000  1.480000e+001
    endloop
  endfacet
  facet normal  6.755134e-001 -7.373478e-001  0.000000e+000
    outer loop
      vertex  4.284787e+000 -2.999930e+000  1.700000e+000
      vertex  4.066237e+000 -3.200152e+000  1.480000e+001
      vertex  4.066237e+000 -3.200152e+000  1.700000e+000
    endloop
  endfacet
  facet normal  8.323430e-001 -5.542610e-001  0.000000e+000
    outer loop
      vertex  4.066237e+000 -3.200152e+000  1.700000e+000
      vertex  4.066237e+000 -3.200152e+000  1.480000e+001
      vertex  3.901954e+000 -3.446858e+000  1.480000e+001
    endloop
  endfacet
  facet normal  8.323430e-001 -5.542610e-001  0.000000e+000
    outer loop
      vertex  4.066237e+000 -3.200152e+000  1.700000e+000
      vertex  3.901954e+000 -3.446858e+000  1.480000e+001
      vertex  3.901954e+000 -3.446858e+000  1.700000e+000
    endloop
  endfacet
  facet normal  9.408001e-001 -3.389620e-001  0.000000e+000
    outer loop
      vertex  3.901954e+000 -3.446858e+000  1.700000e+000
      vertex  3.901954e+000 -3.446858e+000  1.480000e+001
      vertex  3.801486e+000 -3.725711e+000  1.480000e+001
    endloop
  endfacet
  facet normal  9.408001e-001 -3.389620e-001  0.000000e+000
    outer loop
      vertex  3.901954e+000 -3.446858e+000  1.700000e+000
      vertex  3.801486e+000 -3.725711e+000  1.480000e+001
      vertex  3.801486e+000 -3.725711e+000  1.700000e+000
    endloop
  endfacet
  facet normal  9.945810e-001 -1.039646e-001  0.000000e+000
    outer loop
      vertex  3.801486e+000 -3.725711e+000  1.700000e+000
      vertex  3.801486e+000 -3.725711e+000  1.480000e+001
      vertex  3.770671e+000 -4.020505e+000  1.480000e+001
    endloop
  endfacet
  facet normal  9.945810e-001 -1.039646e-001  0.000000e+000
    outer loop
      vertex  3.801486e+000 -3.725711e+000  1.700000e+000
      vertex  3.770671e+000 -4.020505e+000  1.480000e+001
      vertex  3.770671e+000 -4.020505e+000  1.700000e+000
    endloop
  endfacet
  facet normal  9.905605e-001  1.370765e-001  -0.000000e+000
    outer loop
      vertex  3.770671e+000 -4.020505e+000  1.700000e+000
      vertex  3.770671e+000 -4.020505e+000  1.480000e+001
      vertex  3.811300e+000 -4.314106e+000  1.480000e+001
    endloop
  endfacet
  facet normal  9.905605e-001  1.370765e-001  0.000000e+000
    outer loop
      vertex  3.770671e+000 -4.020505e+000  1.700000e+000
      vertex  3.811300e+000 -4.314106e+000  1.480000e+001
      vertex  3.811300e+000 -4.314106e+000  1.700000e+000
    endloop
  endfacet
  facet normal  9.289726e-001  3.701484e-001  -0.000000e+000
    outer loop
      vertex  3.811300e+000 -4.314106e+000  1.700000e+000
      vertex  3.811300e+000 -4.314106e+000  1.480000e+001
      vertex  3.921012e+000 -4.589454e+000  1.480000e+001
    endloop
  endfacet
  facet normal  9.289726e-001  3.701484e-001  0.000000e+000
    outer loop
      vertex  3.811300e+000 -4.314106e+000  1.700000e+000
      vertex  3.921012e+000 -4.589454e+000  1.480000e+001
      vertex  3.921012e+000 -4.589454e+000  1.700000e+000
    endloop
  endfacet
  facet normal  6.755134e-001 -7.373478e-001  0.000000e+000
    outer loop
      vertex  4.066237e+000 -3.200152e+000  1.480000e+001
      vertex  4.284787e+000 -2.999930e+000  1.700000e+000
      vertex  4.284787e+000 -2.999930e+000  1.480000e+001
    endloop
  endfacet
  facet normal  4.794261e-001 -8.775823e-001  0.000000e+000
    outer loop
      vertex  4.284787e+000 -2.999930e+000  1.480000e+001
      vertex  4.284787e+000 -2.999930e+000  1.700000e+000
      vertex  4.544902e+000 -2.857828e+000  1.700000e+000
    endloop
  endfacet
  facet normal  4.794261e-001 -8.775823e-001  0.000000e+000
    outer loop
      vertex  4.284787e+000 -2.999930e+000  1.480000e+001
      vertex  4.544902e+000 -2.857828e+000  1.700000e+000
      vertex  4.544902e+000 -2.857828e+000  1.480000e+001
    endloop
  endfacet
  facet normal  2.554750e-001 -9.668157e-001  0.000000e+000
    outer loop
      vertex  4.544902e+000 -2.857828e+000  1.480000e+001
      vertex  4.544902e+000 -2.857828e+000  1.700000e+000
      vertex  4.831466e+000 -2.782106e+000  1.700000e+000
    endloop
  endfacet
  facet normal  2.554750e-001 -9.668157e-001  0.000000e+000
    outer loop
      vertex  4.544902e+000 -2.857828e+000  1.480000e+001
      vertex  4.831466e+000 -2.782106e+000  1.700000e+000
      vertex  4.831466e+000 -2.782106e+000  1.480000e+001
    endloop
  endfacet
  facet normal  1.667727e-002 -9.998609e-001  0.000000e+000
    outer loop
      vertex  4.831466e+000 -2.782106e+000  1.480000e+001
      vertex  4.831466e+000 -2.782106e+000  1.700000e+000
      vertex  5.127824e+000 -2.777163e+000  1.700000e+000
    endloop
  endfacet
  facet normal  1.667727e-002 -9.998609e-001  0.000000e+000
    outer loop
      vertex  4.831466e+000 -2.782106e+000  1.480000e+001
      vertex  5.127824e+000 -2.777163e+000  1.700000e+000
      vertex  5.127824e+000 -2.777163e+000  1.480000e+001
    endloop
  endfacet
  facet normal -2.230896e-001 -9.747979e-001  -0.000000e+000
    outer loop
      vertex  5.127824e+000 -2.777163e+000  1.480000e+001
      vertex  5.127824e+000 -2.777163e+000  1.700000e+000
      vertex  5.416754e+000 -2.843286e+000  1.700000e+000
    endloop
  endfacet
  facet normal -2.230896e-001 -9.747979e-001  0.000000e+000
    outer loop
      vertex  5.127824e+000 -2.777163e+000  1.480000e+001
      vertex  5.416754e+000 -2.843286e+000  1.700000e+000
      vertex  5.416754e+000 -2.843286e+000  1.480000e+001
    endloop
  endfacet
  facet normal -4.498918e-001 -8.930831e-001  -0.000000e+000
    outer loop
      vertex  5.416754e+000 -2.843286e+000  1.480000e+001
      vertex  5.416754e+000 -2.843286e+000  1.700000e+000
      vertex  5.681463e+000 -2.976634e+000  1.700000e+000
    endloop
  endfacet
  facet normal -4.498918e-001 -8.930831e-001  0.000000e+000
    outer loop
      vertex  5.416754e+000 -2.843286e+000  1.480000e+001
      vertex  5.681463e+000 -2.976634e+000  1.700000e+000
      vertex  5.681463e+000 -2.976634e+000  1.480000e+001
    endloop
  endfacet
  facet normal -6.505467e-001 -7.594664e-001  -0.000000e+000
    outer loop
      vertex  5.681463e+000 -2.976634e+000  1.480000e+001
      vertex  5.681463e+000 -2.976634e+000  1.700000e+000
      vertex  5.906569e+000 -3.169456e+000  1.700000e+000
    endloop
  endfacet
  facet normal -6.505467e-001 -7.594664e-001  0.000000e+000
    outer loop
      vertex  5.681463e+000 -2.976634e+000  1.480000e+001
      vertex  5.906569e+000 -3.169456e+000  1.700000e+000
      vertex  5.906569e+000 -3.169456e+000  1.480000e+001
    endloop
  endfacet
  facet normal -8.133962e-001 -5.817100e-001  -0.000000e+000
    outer loop
      vertex  5.906569e+000 -3.169456e+000  1.480000e+001
      vertex  5.906569e+000 -3.169456e+000  1.700000e+000
      vertex  6.078988e+000 -3.410546e+000  1.700000e+000
    endloop
  endfacet
  facet normal -8.133962e-001 -5.817100e-001  0.000000e+000
    outer loop
      vertex  5.906569e+000 -3.169456e+000  1.480000e+001
      vertex  6.078988e+000 -3.410546e+000  1.700000e+000
      vertex  6.078988e+000 -3.410546e+000  1.480000e+001
    endloop
  endfacet
  facet normal -7.933514e-001  6.087641e-001  0.000000e+000
    outer loop
      vertex  8.130711e+001 -7.030711e+001  1.700000e+000
      vertex  8.146603e+001 -7.010000e+001  1.380000e+001
      vertex  8.146603e+001 -7.010000e+001  1.700000e+000
    endloop
  endfacet
  facet normal -9.238807e-001  3.826804e-001  0.000000e+000
    outer loop
      vertex  8.146603e+001 -7.010000e+001  1.700000e+000
      vertex  8.146603e+001 -7.010000e+001  1.380000e+001
      vertex  8.156593e+001 -6.985882e+001  1.380000e+001
    endloop
  endfacet
  facet normal -9.238807e-001  3.826804e-001  0.000000e+000
    outer loop
      vertex  8.146603e+001 -7.010000e+001  1.700000e+000
      vertex  8.156593e+001 -6.985882e+001  1.380000e+001
      vertex  8.156593e+001 -6.985882e+001  1.700000e+000
    endloop
  endfacet
  facet normal -9.914455e-001  1.305210e-001  0.000000e+000
    outer loop
      vertex  8.156593e+001 -6.985882e+001  1.700000e+000
      vertex  8.156593e+001 -6.985882e+001  1.380000e+001
      vertex  8.160000e+001 -6.960000e+001  1.380000e+001
    endloop
  endfacet
  facet normal -9.914455e-001  1.305210e-001  0.000000e+000
    outer loop
      vertex  8.156593e+001 -6.985882e+001  1.700000e+000
      vertex  8.160000e+001 -6.960000e+001  1.380000e+001
      vertex  8.160000e+001 -6.960000e+001  1.700000e+000
    endloop
  endfacet
  facet normal -7.933514e-001  6.087641e-001  0.000000e+000
    outer loop
      vertex  8.146603e+001 -7.010000e+001  1.380000e+001
      vertex  8.130711e+001 -7.030711e+001  1.700000e+000
      vertex  8.130711e+001 -7.030711e+001  1.380000e+001
    endloop
  endfacet
  facet normal -6.087641e-001  7.933514e-001  0.000000e+000
    outer loop
      vertex  8.130711e+001 -7.030711e+001  1.380000e+001
      vertex  8.130711e+001 -7.030711e+001  1.700000e+000
      vertex  8.110000e+001 -7.046603e+001  1.700000e+000
    endloop
  endfacet
  facet normal -6.087641e-001  7.933514e-001  0.000000e+000
    outer loop
      vertex  8.130711e+001 -7.030711e+001  1.380000e+001
      vertex  8.110000e+001 -7.046603e+001  1.700000e+000
      vertex  8.110000e+001 -7.046603e+001  1.380000e+001
    endloop
  endfacet
  facet normal -3.826804e-001  9.238807e-001  0.000000e+000
    outer loop
      vertex  8.110000e+001 -7.046603e+001  1.380000e+001
      vertex  8.110000e+001 -7.046603e+001  1.700000e+000
      vertex  8.085882e+001 -7.056593e+001  1.700000e+000
    endloop
  endfacet
  facet normal -3.826804e-001  9.238807e-001  0.000000e+000
    outer loop
      vertex  8.110000e+001 -7.046603e+001  1.380000e+001
      vertex  8.085882e+001 -7.056593e+001  1.700000e+000
      vertex  8.085882e+001 -7.056593e+001  1.380000e+001
    endloop
  endfacet
  facet normal -1.305210e-001  9.914455e-001  0.000000e+000
    outer loop
      vertex  8.085882e+001 -7.056593e+001  1.380000e+001
      vertex  8.085882e+001 -7.056593e+001  1.700000e+000
      vertex  8.060000e+001 -7.060000e+001  1.700000e+000
    endloop
  endfacet
  facet normal -1.305210e-001  9.914455e-001  0.000000e+000
    outer loop
      vertex  8.085882e+001 -7.056593e+001  1.380000e+001
      vertex  8.060000e+001 -7.060000e+001  1.700000e+000
      vertex  8.060000e+001 -7.060000e+001  1.380000e+001
    endloop
  endfacet
  facet normal  0.000000e+000  0.000000e+000 -1.000000e+000
    outer loop
      vertex  8.060000e+001 -6.960000e+001  1.480000e+001
      vertex  9.400000e+000 -6.960000e+001  1.480000e+001
      vertex  9.400000e+000 -6.600000e+001  1.480000e+001
    endloop
  endfacet
  facet normal  0.000000e+000  0.000000e+000 -1.000000e+000
    outer loop
      vertex  8.060000e+001 -6.960000e+001  1.480000e+001
      vertex  9.400000e+000 -6.600000e+001  1.480000e+001
      vertex  9.400000e+000 -4.000000e+000  1.480000e+001
    endloop
  endfacet
  facet normal  0.000000e+000  0.000000e+000 -1.000000e+000
    outer loop
      vertex  8.060000e+001 -6.960000e+001  1.480000e+001
      vertex  9.400000e+000 -4.000000e+000  1.480000e+001
      vertex  9.400000e+000 -4.000000e-001  1.480000e+001
    endloop
  endfacet
  facet normal  -0.000000e+000  -0.000000e+000 -1.000000e+000
    outer loop
      vertex  9.400000e+000 -4.000000e-001  1.480000e+001
      vertex  8.060000e+001 -4.000000e-001  1.480000e+001
      vertex  8.060000e+001 -4.000000e+000  1.480000e+001
    endloop
  endfacet
  facet normal  -0.000000e+000  -0.000000e+000 -1.000000e+000
    outer loop
      vertex  9.400000e+000 -4.000000e-001  1.480000e+001
      vertex  8.060000e+001 -4.000000e+000  1.480000e+001
      vertex  8.060000e+001 -6.600000e+001  1.480000e+001
    endloop
  endfacet
  facet normal  -0.000000e+000  -0.000000e+000 -1.000000e+000
    outer loop
      vertex  9.400000e+000 -4.000000e-001  1.480000e+001
      vertex  8.060000e+001 -6.600000e+001  1.480000e+001
      vertex  8.060000e+001 -6.960000e+001  1.480000e+001
    endloop
  endfacet
  facet normal  0.000000e+000  -0.000000e+000 -1.000000e+000
    outer loop
      vertex  8.232145e+001 -6.250925e+001  1.480000e+001
      vertex  8.280000e+001 -7.810512e+000  1.480000e+001
      vertex  8.280000e+001 -6.218949e+001  1.480000e+001
    endloop
  endfacet
  facet normal  0.000000e+000  0.000000e+000 -9.999999e-001
    outer loop
      vertex  8.280000e+001 -6.218949e+001  1.480000e+001
      vertex  8.280000e+001 -7.810512e+000  1.480000e+001
      vertex  8.331619e+001 -8.065070e+000  1.480000e+001
    endloop
  endfacet
  facet normal  0.000000e+000  -0.000000e+000 -1.000000e+000
    outer loop
      vertex  8.280000e+001 -6.218949e+001  1.480000e+001
      vertex  8.331619e+001 -8.065070e+000  1.480000e+001
      vertex  8.331619e+001 -6.193493e+001  1.480000e+001
    endloop
  endfacet
  facet normal  0.000000e+000  0.000000e+000 -1.000000e+000
    outer loop
      vertex  8.331619e+001 -6.193493e+001  1.480000e+001
      vertex  8.331619e+001 -8.065070e+000  1.480000e+001
      vertex  8.386120e+001 -8.250073e+000  1.480000e+001
    endloop
  endfacet
  facet normal  0.000000e+000  -0.000000e+000 -1.000000e+000
    outer loop
      vertex  8.331619e+001 -6.193493e+001  1.480000e+001
      vertex  8.386120e+001 -8.250073e+000  1.480000e+001
      vertex  8.386120e+001 -6.174993e+001  1.480000e+001
    endloop
  endfacet
  facet normal  0.000000e+000  0.000000e+000 -1.000000e+000
    outer loop
      vertex  8.386120e+001 -6.174993e+001  1.480000e+001
      vertex  8.386120e+001 -8.250073e+000  1.480000e+001
      vertex  8.442568e+001 -8.362357e+000  1.480000e+001
    endloop
  endfacet
  facet normal  0.000000e+000  -0.000000e+000 -9.999999e-001
    outer loop
      vertex  8.386120e+001 -6.174993e+001  1.480000e+001
      vertex  8.442568e+001 -8.362357e+000  1.480000e+001
      vertex  8.442568e+001 -6.163764e+001  1.480000e+001
    endloop
  endfacet
  facet normal  0.000000e+000  0.000000e+000 -1.000000e+000
    outer loop
      vertex  8.442568e+001 -6.163764e+001  1.480000e+001
      vertex  8.442568e+001 -8.362357e+000  1.480000e+001
      vertex  8.500000e+001 -8.400000e+000  1.480000e+001
    endloop
  endfacet
  facet normal  0.000000e+000  -0.000000e+000 -1.000000e+000
    outer loop
      vertex  8.442568e+001 -6.163764e+001  1.480000e+001
      vertex  8.500000e+001 -8.400000e+000  1.480000e+001
      vertex  8.500000e+001 -6.160000e+001  1.480000e+001
    endloop
  endfacet
  facet normal  0.000000e+000  0.000000e+000 -9.999999e-001
    outer loop
      vertex  8.500000e+001 -6.160000e+001  1.480000e+001
      vertex  8.500000e+001 -8.400000e+000  1.480000e+001
      vertex  8.960000e+001 -8.400000e+000  1.480000e+001
    endloop
  endfacet
  facet normal  0.000000e+000  -0.000000e+000 -9.999999e-001
    outer loop
      vertex  8.500000e+001 -6.160000e+001  1.480000e+001
      vertex  8.960000e+001 -8.400000e+000  1.480000e+001
      vertex  8.960000e+001 -6.160000e+001  1.480000e+001
    endloop
  endfacet
  facet normal  0.000000e+000  0.000000e+000 -1.000000e+000
    outer loop
      vertex  8.280000e+001 -7.810512e+000  1.480000e+001
      vertex  8.232145e+001 -6.250925e+001  1.480000e+001
      vertex  8.232145e+001 -7.490755e+000  1.480000e+001
    endloop
  endfacet
  facet normal  0.000000e+000  -0.000000e+000 -1.000000e+000
    outer loop
      vertex  8.232145e+001 -7.490755e+000  1.480000e+001
      vertex  8.232145e+001 -6.250925e+001  1.480000e+001
      vertex  8.188873e+001 -6.288873e+001  1.480000e+001
    endloop
  endfacet
  facet normal  0.000000e+000  0.000000e+000 -1.000000e+000
    outer loop
      vertex  8.232145e+001 -7.490755e+000  1.480000e+001
      vertex  8.188873e+001 -6.288873e+001  1.480000e+001
      vertex  8.188873e+001 -7.111270e+000  1.480000e+001
    endloop
  endfacet
  facet normal  0.000000e+000  -0.000000e+000 -1.000000e+000
    outer loop
      vertex  8.188873e+001 -7.111270e+000  1.480000e+001
      vertex  8.188873e+001 -6.288873e+001  1.480000e+001
      vertex  8.150925e+001 -6.332145e+001  1.480000e+001
    endloop
  endfacet
  facet normal  0.000000e+000  0.000000e+000 -1.000000e+000
    outer loop
      vertex  8.188873e+001 -7.111270e+000  1.480000e+001
      vertex  8.150925e+001 -6.332145e+001  1.480000e+001
      vertex  8.150925e+001 -6.678550e+000  1.480000e+001
    endloop
  endfacet
  facet normal  0.000000e+000  -0.000000e+000 -1.000000e+000
    outer loop
      vertex  8.150925e+001 -6.678550e+000  1.480000e+001
      vertex  8.150925e+001 -6.332145e+001  1.480000e+001
      vertex  8.118949e+001 -6.380000e+001  1.480000e+001
    endloop
  endfacet
  facet normal  0.000000e+000  0.000000e+000 -1.000000e+000
    outer loop
      vertex  8.150925e+001 -6.678550e+000  1.480000e+001
      vertex  8.118949e+001 -6.380000e+001  1.480000e+001
      vertex  8.118949e+001 -6.200000e+000  1.480000e+001
    endloop
  endfacet
  facet normal  0.000000e+000  -0.000000e+000 -1.000000e+000
    outer loop
      vertex  8.118949e+001 -6.200000e+000  1.480000e+001
      vertex  8.118949e+001 -6.380000e+001  1.480000e+001
      vertex  8.093493e+001 -6.431619e+001  1.480000e+001
    endloop
  endfacet
  facet normal  0.000000e+000  0.000000e+000 -1.000000e+000
    outer loop
      vertex  8.118949e+001 -6.200000e+000  1.480000e+001
      vertex  8.093493e+001 -6.431619e+001  1.480000e+001
      vertex  8.093493e+001 -5.683807e+000  1.480000e+001
    endloop
  endfacet
  facet normal  0.000000e+000  -0.000000e+000 -9.999999e-001
    outer loop
      vertex  8.093493e+001 -5.683807e+000  1.480000e+001
      vertex  8.093493e+001 -6.431619e+001  1.480000e+001
      vertex  8.074992e+001 -6.486120e+001  1.480000e+001
    endloop
  endfacet
  facet normal  0.000000e+000  0.000000e+000 -1.000000e+000
    outer loop
      vertex  8.093493e+001 -5.683807e+000  1.480000e+001
      vertex  8.074992e+001 -6.486120e+001  1.480000e+001
      vertex  8.074992e+001 -5.138804e+000  1.480000e+001
    endloop
  endfacet
  facet normal  0.000000e+000  -0.000000e+000 -1.000000e+000
    outer loop
      vertex  8.074992e+001 -5.138804e+000  1.480000e+001
      vertex  8.074992e+001 -6.486120e+001  1.480000e+001
      vertex  8.063764e+001 -6.542568e+001  1.480000e+001
    endloop
  endfacet
  facet normal  0.000000e+000  0.000000e+000 -1.000000e+000
    outer loop
      vertex  8.074992e+001 -5.138804e+000  1.480000e+001
      vertex  8.063764e+001 -6.542568e+001  1.480000e+001
      vertex  8.063764e+001 -4.574315e+000  1.480000e+001
    endloop
  endfacet
  facet normal  0.000000e+000  -0.000000e+000 -1.000000e+000
    outer loop
      vertex  8.063764e+001 -4.574315e+000  1.480000e+001
      vertex  8.063764e+001 -6.542568e+001  1.480000e+001
      vertex  8.060000e+001 -6.600000e+001  1.480000e+001
    endloop
  endfacet
  facet normal  0.000000e+000  0.000000e+000 -1.000000e+000
    outer loop
      vertex  8.063764e+001 -4.574315e+000  1.480000e+001
      vertex  8.060000e+001 -6.600000e+001  1.480000e+001
      vertex  8.060000e+001 -4.000000e+000  1.480000e+001
    endloop
  endfacet
  facet normal  0.000000e+000  -0.000000e+000 -1.000000e+000
    outer loop
      vertex  8.111270e+000 -6.288873e+001  1.480000e+001
      vertex  8.490755e+000 -6.678550e+000  1.480000e+001
      vertex  8.490755e+000 -6.332145e+001  1.480000e+001
    endloop
  endfacet
  facet normal  0.000000e+000  0.000000e+000 -1.000000e+000
    outer loop
      vertex  8.490755e+000 -6.332145e+001  1.480000e+001
      vertex  8.490755e+000 -6.678550e+000  1.480000e+001
      vertex  8.810512e+000 -6.200000e+000  1.480000e+001
    endloop
  endfacet
  facet normal  0.000000e+000  -0.000000e+000 -1.000000e+000
    outer loop
      vertex  8.490755e+000 -6.332145e+001  1.480000e+001
      vertex  8.810512e+000 -6.200000e+000  1.480000e+001
      vertex  8.810512e+000 -6.380000e+001  1.480000e+001
    endloop
  endfacet
  facet normal  0.000000e+000  0.000000e+000 -1.000000e+000
    outer loop
      vertex  8.810512e+000 -6.380000e+001  1.480000e+001
      vertex  8.810512e+000 -6.200000e+000  1.480000e+001
      vertex  9.065070e+000 -5.683807e+000  1.480000e+001
    endloop
  endfacet
  facet normal  0.000000e+000  -0.000000e+000 -1.000000e+000
    outer loop
      vertex  8.810512e+000 -6.380000e+001  1.480000e+001
      vertex  9.065070e+000 -5.683807e+000  1.480000e+001
      vertex  9.065070e+000 -6.431619e+001  1.480000e+001
    endloop
  endfacet
  facet normal  0.000000e+000  0.000000e+000 -1.000000e+000
    outer loop
      vertex  9.065070e+000 -6.431619e+001  1.480000e+001
      vertex  9.065070e+000 -5.683807e+000  1.480000e+001
      vertex  9.250073e+000 -5.138804e+000  1.480000e+001
    endloop
  endfacet
  facet normal  0.000000e+000  -0.000000e+000 -9.999999e-001
    outer loop
      vertex  9.065070e+000 -6.431619e+001  1.480000e+001
      vertex  9.250073e+000 -5.138804e+000  1.480000e+001
      vertex  9.250073e+000 -6.486120e+001  1.480000e+001
    endloop
  endfacet
  facet normal  0.000000e+000  0.000000e+000 -1.000000e+000
    outer loop
      vertex  9.250073e+000 -6.486120e+001  1.480000e+001
      vertex  9.250073e+000 -5.138804e+000  1.480000e+001
      vertex  9.362357e+000 -4.574316e+000  1.480000e+001
    endloop
  endfacet
  facet normal  0.000000e+000  -0.000000e+000 -1.000000e+000
    outer loop
      vertex  9.250073e+000 -6.486120e+001  1.480000e+001
      vertex  9.362357e+000 -4.574316e+000  1.480000e+001
      vertex  9.362357e+000 -6.542568e+001  1.480000e+001
    endloop
  endfacet
  facet normal  0.000000e+000  0.000000e+000 -1.000000e+000
    outer loop
      vertex  9.362357e+000 -6.542568e+001  1.480000e+001
      vertex  9.362357e+000 -4.574316e+000  1.480000e+001
      vertex  9.400000e+000 -4.000000e+000  1.480000e+001
    endloop
  endfacet
  facet normal  0.000000e+000  -0.000000e+000 -1.000000e+000
    outer loop
      vertex  9.362357e+000 -6.542568e+001  1.480000e+001
      vertex  9.400000e+000 -4.000000e+000  1.480000e+001
      vertex  9.400000e+000 -6.600000e+001  1.480000e+001
    endloop
  endfacet
  facet normal  0.000000e+000  0.000000e+000 -1.000000e+000
    outer loop
      vertex  8.490755e+000 -6.678550e+000  1.480000e+001
      vertex  8.111270e+000 -6.288873e+001  1.480000e+001
      vertex  8.111270e+000 -7.111270e+000  1.480000e+001
    endloop
  endfacet
  facet normal  0.000000e+000  -0.000000e+000 -1.000000e+000
    outer loop
      vertex  8.111270e+000 -7.111270e+000  1.480000e+001
      vertex  8.111270e+000 -6.288873e+001  1.480000e+001
      vertex  7.678550e+000 -6.250925e+001  1.480000e+001
    endloop
  endfacet
  facet normal  0.000000e+000  0.000000e+000 -1.000000e+000
    outer loop
      vertex  8.111270e+000 -7.111270e+000  1.480000e+001
      vertex  7.678550e+000 -6.250925e+001  1.480000e+001
      vertex  7.678550e+000 -7.490755e+000  1.480000e+001
    endloop
  endfacet
  facet normal  0.000000e+000  -0.000000e+000 -9.999999e-001
    outer loop
      vertex  7.678550e+000 -7.490755e+000  1.480000e+001
      vertex  7.678550e+000 -6.250925e+001  1.480000e+001
      vertex  7.200000e+000 -6.218949e+001  1.480000e+001
    endloop
  endfacet
  facet normal  0.000000e+000  0.000000e+000 -1.000000e+000
    outer loop
      vertex  7.678550e+000 -7.490755e+000  1.480000e+001
      vertex  7.200000e+000 -6.218949e+001  1.480000e+001
      vertex  7.200000e+000 -7.810512e+000  1.480000e+001
    endloop
  endfacet
  facet normal  0.000000e+000  -0.000000e+000 -1.000000e+000
    outer loop
      vertex  7.200000e+000 -7.810512e+000  1.480000e+001
      vertex  7.200000e+000 -6.218949e+001  1.480000e+001
      vertex  6.683807e+000 -6.193493e+001  1.480000e+001
    endloop
  endfacet
  facet normal  0.000000e+000  0.000000e+000 -1.000000e+000
    outer loop
      vertex  7.200000e+000 -7.810512e+000  1.480000e+001
      vertex  6.683807e+000 -6.193493e+001  1.480000e+001
      vertex  6.683807e+000 -8.065070e+000  1.480000e+001
    endloop
  endfacet
  facet normal  0.000000e+000  -0.000000e+000 -1.000000e+000
    outer loop
      vertex  6.683807e+000 -8.065070e+000  1.480000e+001
      vertex  6.683807e+000 -6.193493e+001  1.480000e+001
      vertex  6.138804e+000 -6.174993e+001  1.480000e+001
    endloop
  endfacet
  facet normal  0.000000e+000  0.000000e+000 -9.999999e-001
    outer loop
      vertex  6.683807e+000 -8.065070e+000  1.480000e+001
      vertex  6.138804e+000 -6.174993e+001  1.480000e+001
      vertex  6.138804e+000 -8.250073e+000  1.480000e+001
    endloop
  endfacet
  facet normal  0.000000e+000  -0.000000e+000 -1.000000e+000
    outer loop
      vertex  6.138804e+000 -8.250073e+000  1.480000e+001
      vertex  6.138804e+000 -6.174993e+001  1.480000e+001
      vertex  5.574316e+000 -6.163764e+001  1.480000e+001
    endloop
  endfacet
  facet normal  0.000000e+000  0.000000e+000 -1.000000e+000
    outer loop
      vertex  6.138804e+000 -8.250073e+000  1.480000e+001
      vertex  5.574316e+000 -6.163764e+001  1.480000e+001
      vertex  5.574315e+000 -8.362357e+000  1.480000e+001
    endloop
  endfacet
  facet normal  0.000000e+000  -0.000000e+000 -9.999999e-001
    outer loop
      vertex  5.574315e+000 -8.362357e+000  1.480000e+001
      vertex  5.574316e+000 -6.163764e+001  1.480000e+001
      vertex  5.000000e+000 -6.160000e+001  1.480000e+001
    endloop
  endfacet
  facet normal  0.000000e+000  0.000000e+000 -1.000000e+000
    outer loop
      vertex  5.574315e+000 -8.362357e+000  1.480000e+001
      vertex  5.000000e+000 -6.160000e+001  1.480000e+001
      vertex  5.000000e+000 -8.400000e+000  1.480000e+001
    endloop
  endfacet
  facet normal  0.000000e+000  -0.000000e+000 -1.000000e+000
    outer loop
      vertex  5.000000e+000 -8.400000e+000  1.480000e+001
      vertex  5.000000e+000 -6.160000e+001  1.480000e+001
      vertex  4.000000e-001 -6.160000e+001  1.480000e+001
    endloop
  endfacet
  facet normal  0.000000e+000  0.000000e+000 -1.000000e+000
    outer loop
      vertex  5.000000e+000 -8.400000e+000  1.480000e+001
      vertex  4.000000e-001 -6.160000e+001  1.480000e+001
      vertex  4.000000e-001 -8.400000e+000  1.480000e+001
    endloop
  endfacet
  facet normal -1.000000e+000  -0.000000e+000  0.000000e+000
    outer loop
      vertex  8.160000e+001 -6.960000e+001  1.380000e+001
      vertex  8.160000e+001 -6.600000e+001  1.380000e+001
      vertex  8.160000e+001 -6.960000e+001  1.700000e+000
    endloop
  endfacet
  facet normal -1.000000e+000  0.000000e+000  0.000000e+000
    outer loop
      vertex  8.160000e+001 -6.960000e+001  1.700000e+000
      vertex  8.160000e+001 -6.600000e+001  1.380000e+001
      vertex  8.160000e+001 -6.600000e+001  1.700000e+000
    endloop
  endfacet
  facet normal -7.933514e-001  6.087641e-001  0.000000e+000
    outer loop
      vertex  9.030711e+001 -6.230711e+001  1.700000e+000
      vertex  9.046603e+001 -6.210000e+001  1.380000e+001
      vertex  9.046603e+001 -6.210000e+001  1.700000e+000
    endloop
  endfacet
  facet normal -9.238807e-001  3.826804e-001  0.000000e+000
    outer loop
      vertex  9.046603e+001 -6.210000e+001  1.700000e+000
      vertex  9.046603e+001 -6.210000e+001  1.380000e+001
      vertex  9.056593e+001 -6.185882e+001  1.380000e+001
    endloop
  endfacet
  facet normal -9.238807e-001  3.826804e-001  0.000000e+000
    outer loop
      vertex  9.046603e+001 -6.210000e+001  1.700000e+000
      vertex  9.056593e+001 -6.185882e+001  1.380000e+001
      vertex  9.056593e+001 -6.185882e+001  1.700000e+000
    endloop
  endfacet
  facet normal -9.914455e-001  1.305210e-001  0.000000e+000
    outer loop
      vertex  9.056593e+001 -6.185882e+001  1.700000e+000
      vertex  9.056593e+001 -6.185882e+001  1.380000e+001
      vertex  9.060000e+001 -6.160000e+001  1.380000e+001
    endloop
  endfacet
  facet normal -9.914455e-001  1.305210e-001  0.000000e+000
    outer loop
      vertex  9.056593e+001 -6.185882e+001  1.700000e+000
      vertex  9.060000e+001 -6.160000e+001  1.380000e+001
      vertex  9.060000e+001 -6.160000e+001  1.700000e+000
    endloop
  endfacet
  facet normal -7.933514e-001  6.087641e-001  0.000000e+000
    outer loop
      vertex  9.046603e+001 -6.210000e+001  1.380000e+001
      vertex  9.030711e+001 -6.230711e+001  1.700000e+000
      vertex  9.030711e+001 -6.230711e+001  1.380000e+001
    endloop
  endfacet
  facet normal -6.087641e-001  7.933514e-001  0.000000e+000
    outer loop
      vertex  9.030711e+001 -6.230711e+001  1.380000e+001
      vertex  9.030711e+001 -6.230711e+001  1.700000e+000
      vertex  9.010000e+001 -6.246603e+001  1.700000e+000
    endloop
  endfacet
  facet normal -6.087641e-001  7.933514e-001  0.000000e+000
    outer loop
      vertex  9.030711e+001 -6.230711e+001  1.380000e+001
      vertex  9.010000e+001 -6.246603e+001  1.700000e+000
      vertex  9.010000e+001 -6.246603e+001  1.380000e+001
    endloop
  endfacet
  facet normal -3.826804e-001  9.238807e-001  0.000000e+000
    outer loop
      vertex  9.010000e+001 -6.246603e+001  1.380000e+001
      vertex  9.010000e+001 -6.246603e+001  1.700000e+000
      vertex  8.985882e+001 -6.256593e+001  1.700000e+000
    endloop
  endfacet
  facet normal -3.826804e-001  9.238807e-001  0.000000e+000
    outer loop
      vertex  9.010000e+001 -6.246603e+001  1.380000e+001
      vertex  8.985882e+001 -6.256593e+001  1.700000e+000
      vertex  8.985882e+001 -6.256593e+001  1.380000e+001
    endloop
  endfacet
  facet normal -1.305210e-001  9.914455e-001  0.000000e+000
    outer loop
      vertex  8.985882e+001 -6.256593e+001  1.380000e+001
      vertex  8.985882e+001 -6.256593e+001  1.700000e+000
      vertex  8.960000e+001 -6.260000e+001  1.700000e+000
    endloop
  endfacet
  facet normal -1.305210e-001  9.914455e-001  0.000000e+000
    outer loop
      vertex  8.985882e+001 -6.256593e+001  1.380000e+001
      vertex  8.960000e+001 -6.260000e+001  1.700000e+000
      vertex  8.960000e+001 -6.260000e+001  1.380000e+001
    endloop
  endfacet
  facet normal  0.000000e+000  9.999999e-001  -0.000000e+000
    outer loop
      vertex  8.960000e+001 -6.260000e+001  1.380000e+001
      vertex  8.960000e+001 -6.260000e+001  1.700000e+000
      vertex  8.500000e+001 -6.260000e+001  1.380000e+001
    endloop
  endfacet
  facet normal  0.000000e+000  9.999999e-001  0.000000e+000
    outer loop
      vertex  8.500000e+001 -6.260000e+001  1.380000e+001
      vertex  8.960000e+001 -6.260000e+001  1.700000e+000
      vertex  8.500000e+001 -6.260000e+001  1.700000e+000
    endloop
  endfacet
  facet normal -6.087594e-001 -7.933549e-001  -0.000000e+000
    outer loop
      vertex  9.030711e+001 -7.692893e+000  1.700000e+000
      vertex  9.010000e+001 -7.533975e+000  1.380000e+001
      vertex  9.010000e+001 -7.533975e+000  1.700000e+000
    endloop
  endfacet
  facet normal -3.826835e-001 -9.238794e-001  0.000000e+000
    outer loop
      vertex  9.010000e+001 -7.533975e+000  1.700000e+000
      vertex  9.010000e+001 -7.533975e+000  1.380000e+001
      vertex  8.985882e+001 -7.434074e+000  1.380000e+001
    endloop
  endfacet
  facet normal -3.826835e-001 -9.238794e-001  -0.000000e+000
    outer loop
      vertex  9.010000e+001 -7.533975e+000  1.700000e+000
      vertex  8.985882e+001 -7.434074e+000  1.380000e+001
      vertex  8.985882e+001 -7.434074e+000  1.700000e+000
    endloop
  endfacet
  facet normal -1.305264e-001 -9.914448e-001  0.000000e+000
    outer loop
      vertex  8.985882e+001 -7.434074e+000  1.700000e+000
      vertex  8.985882e+001 -7.434074e+000  1.380000e+001
      vertex  8.960000e+001 -7.400000e+000  1.380000e+001
    endloop
  endfacet
  facet normal -1.305264e-001 -9.914448e-001  -0.000000e+000
    outer loop
      vertex  8.985882e+001 -7.434074e+000  1.700000e+000
      vertex  8.960000e+001 -7.400000e+000  1.380000e+001
      vertex  8.960000e+001 -7.400000e+000  1.700000e+000
    endloop
  endfacet
  facet normal -6.087594e-001 -7.933549e-001  0.000000e+000
    outer loop
      vertex  9.010000e+001 -7.533975e+000  1.380000e+001
      vertex  9.030711e+001 -7.692893e+000  1.700000e+000
      vertex  9.030711e+001 -7.692893e+000  1.380000e+001
    endloop
  endfacet
  facet normal -7.933506e-001 -6.087649e-001  -0.000000e+000
    outer loop
      vertex  9.030711e+001 -7.692893e+000  1.380000e+001
      vertex  9.030711e+001 -7.692893e+000  1.700000e+000
      vertex  9.046603e+001 -7.900000e+000  1.700000e+000
    endloop
  endfacet
  facet normal -7.933506e-001 -6.087649e-001  0.000000e+000
    outer loop
      vertex  9.030711e+001 -7.692893e+000  1.380000e+001
      vertex  9.046603e+001 -7.900000e+000  1.700000e+000
      vertex  9.046603e+001 -7.900000e+000  1.380000e+001
    endloop
  endfacet
  facet normal -9.238811e-001 -3.826798e-001  -0.000000e+000
    outer loop
      vertex  9.046603e+001 -7.900000e+000  1.380000e+001
      vertex  9.046603e+001 -7.900000e+000  1.700000e+000
      vertex  9.056593e+001 -8.141181e+000  1.700000e+000
    endloop
  endfacet
  facet normal -9.238811e-001 -3.826798e-001  0.000000e+000
    outer loop
      vertex  9.046603e+001 -7.900000e+000  1.380000e+001
      vertex  9.056593e+001 -8.141181e+000  1.700000e+000
      vertex  9.056593e+001 -8.141181e+000  1.380000e+001
    endloop
  endfacet
  facet normal -9.914455e-001 -1.305215e-001  -0.000000e+000
    outer loop
      vertex  9.056593e+001 -8.141181e+000  1.380000e+001
      vertex  9.056593e+001 -8.141181e+000  1.700000e+000
      vertex  9.060000e+001 -8.400000e+000  1.700000e+000
    endloop
  endfacet
  facet normal -9.914455e-001 -1.305215e-001  0.000000e+000
    outer loop
      vertex  9.056593e+001 -8.141181e+000  1.380000e+001
      vertex  9.060000e+001 -8.400000e+000  1.700000e+000
      vertex  9.060000e+001 -8.400000e+000  1.380000e+001
    endloop
  endfacet
  facet normal  0.000000e+000 -9.999999e-001  0.000000e+000
    outer loop
      vertex  8.960000e+001 -7.400000e+000  1.380000e+001
      vertex  8.500000e+001 -7.400000e+000  1.380000e+001
      vertex  8.960000e+001 -7.400000e+000  1.700000e+000
    endloop
  endfacet
  facet normal  0.000000e+000 -9.999999e-001  0.000000e+000
    outer loop
      vertex  8.960000e+001 -7.400000e+000  1.700000e+000
      vertex  8.500000e+001 -7.400000e+000  1.380000e+001
      vertex  8.500000e+001 -7.400000e+000  1.700000e+000
    endloop
  endfacet
  facet normal -6.087601e-001 -7.933545e-001  -0.000000e+000
    outer loop
      vertex  8.130711e+001  3.071068e-001  1.700000e+000
      vertex  8.110000e+001  4.660254e-001  1.380000e+001
      vertex  8.110000e+001  4.660254e-001  1.700000e+000
    endloop
  endfacet
  facet normal -3.826842e-001 -9.238792e-001  0.000000e+000
    outer loop
      vertex  8.110000e+001  4.660254e-001  1.700000e+000
      vertex  8.110000e+001  4.660254e-001  1.380000e+001
      vertex  8.085882e+001  5.659258e-001  1.380000e+001
    endloop
  endfacet
  facet normal -3.826842e-001 -9.238792e-001  -0.000000e+000
    outer loop
      vertex  8.110000e+001  4.660254e-001  1.700000e+000
      vertex  8.085882e+001  5.659258e-001  1.380000e+001
      vertex  8.085882e+001  5.659258e-001  1.700000e+000
    endloop
  endfacet
  facet normal -1.305260e-001 -9.914448e-001  0.000000e+000
    outer loop
      vertex  8.085882e+001  5.659258e-001  1.700000e+000
      vertex  8.085882e+001  5.659258e-001  1.380000e+001
      vertex  8.060000e+001  6.000000e-001  1.380000e+001
    endloop
  endfacet
  facet normal -1.305260e-001 -9.914448e-001  -0.000000e+000
    outer loop
      vertex  8.085882e+001  5.659258e-001  1.700000e+000
      vertex  8.060000e+001  6.000000e-001  1.380000e+001
      vertex  8.060000e+001  6.000000e-001  1.700000e+000
    endloop
  endfacet
  facet normal -6.087601e-001 -7.933545e-001  0.000000e+000
    outer loop
      vertex  8.110000e+001  4.660254e-001  1.380000e+001
      vertex  8.130711e+001  3.071068e-001  1.700000e+000
      vertex  8.130711e+001  3.071068e-001  1.380000e+001
    endloop
  endfacet
  facet normal -7.933503e-001 -6.087654e-001  -0.000000e+000
    outer loop
      vertex  8.130711e+001  3.071068e-001  1.380000e+001
      vertex  8.130711e+001  3.071068e-001  1.700000e+000
      vertex  8.146603e+001  1.000000e-001  1.700000e+000
    endloop
  endfacet
  facet normal -7.933503e-001 -6.087654e-001  0.000000e+000
    outer loop
      vertex  8.130711e+001  3.071068e-001  1.380000e+001
      vertex  8.146603e+001  1.000000e-001  1.700000e+000
      vertex  8.146603e+001  1.000000e-001  1.380000e+001
    endloop
  endfacet
  facet normal -9.238810e-001 -3.826797e-001  -0.000000e+000
    outer loop
      vertex  8.146603e+001  1.000000e-001  1.380000e+001
      vertex  8.146603e+001  1.000000e-001  1.700000e+000
      vertex  8.156593e+001 -1.411810e-001  1.700000e+000
    endloop
  endfacet
  facet normal -9.238810e-001 -3.826797e-001  0.000000e+000
    outer loop
      vertex  8.146603e+001  1.000000e-001  1.380000e+001
      vertex  8.156593e+001 -1.411810e-001  1.700000e+000
      vertex  8.156593e+001 -1.411810e-001  1.380000e+001
    endloop
  endfacet
  facet normal -9.914455e-001 -1.305213e-001  -0.000000e+000
    outer loop
      vertex  8.156593e+001 -1.411810e-001  1.380000e+001
      vertex  8.156593e+001 -1.411810e-001  1.700000e+000
      vertex  8.160000e+001 -4.000000e-001  1.700000e+000
    endloop
  endfacet
  facet normal -9.914455e-001 -1.305213e-001  0.000000e+000
    outer loop
      vertex  8.156593e+001 -1.411810e-001  1.380000e+001
      vertex  8.160000e+001 -4.000000e-001  1.700000e+000
      vertex  8.160000e+001 -4.000000e-001  1.380000e+001
    endloop
  endfacet
  facet normal -1.000000e+000  -0.000000e+000  0.000000e+000
    outer loop
      vertex  8.160000e+001 -4.000000e+000  1.380000e+001
      vertex  8.160000e+001 -4.000000e-001  1.380000e+001
      vertex  8.160000e+001 -4.000000e+000  1.700000e+000
    endloop
  endfacet
  facet normal -1.000000e+000  0.000000e+000  0.000000e+000
    outer loop
      vertex  8.160000e+001 -4.000000e+000  1.700000e+000
      vertex  8.160000e+001 -4.000000e-001  1.380000e+001
      vertex  8.160000e+001 -4.000000e-001  1.700000e+000
    endloop
  endfacet
  facet normal  7.933538e-001 -6.087608e-001  0.000000e+000
    outer loop
      vertex  8.692893e+000  3.071068e-001  1.700000e+000
      vertex  8.533975e+000  1.000000e-001  1.380000e+001
      vertex  8.533975e+000  1.000000e-001  1.700000e+000
    endloop
  endfacet
  facet normal  9.238798e-001 -3.826829e-001  0.000000e+000
    outer loop
      vertex  8.533975e+000  1.000000e-001  1.700000e+000
      vertex  8.533975e+000  1.000000e-001  1.380000e+001
      vertex  8.434074e+000 -1.411810e-001  1.380000e+001
    endloop
  endfacet
  facet normal  9.238798e-001 -3.826829e-001  0.000000e+000
    outer loop
      vertex  8.533975e+000  1.000000e-001  1.700000e+000
      vertex  8.434074e+000 -1.411810e-001  1.380000e+001
      vertex  8.434074e+000 -1.411810e-001  1.700000e+000
    endloop
  endfacet
  facet normal  9.914446e-001 -1.305285e-001  0.000000e+000
    outer loop
      vertex  8.434074e+000 -1.411810e-001  1.700000e+000
      vertex  8.434074e+000 -1.411810e-001  1.380000e+001
      vertex  8.400000e+000 -4.000000e-001  1.380000e+001
    endloop
  endfacet
  facet normal  9.914446e-001 -1.305285e-001  0.000000e+000
    outer loop
      vertex  8.434074e+000 -1.411810e-001  1.700000e+000
      vertex  8.400000e+000 -4.000000e-001  1.380000e+001
      vertex  8.400000e+000 -4.000000e-001  1.700000e+000
    endloop
  endfacet
  facet normal  7.933538e-001 -6.087608e-001  0.000000e+000
    outer loop
      vertex  8.533975e+000  1.000000e-001  1.380000e+001
      vertex  8.692893e+000  3.071068e-001  1.700000e+000
      vertex  8.692893e+000  3.071068e-001  1.380000e+001
    endloop
  endfacet
  facet normal  6.087617e-001 -7.933530e-001  0.000000e+000
    outer loop
      vertex  8.692893e+000  3.071068e-001  1.380000e+001
      vertex  8.692893e+000  3.071068e-001  1.700000e+000
      vertex  8.900000e+000  4.660254e-001  1.700000e+000
    endloop
  endfacet
  facet normal  6.087617e-001 -7.933530e-001  0.000000e+000
    outer loop
      vertex  8.692893e+000  3.071068e-001  1.380000e+001
      vertex  8.900000e+000  4.660254e-001  1.700000e+000
      vertex  8.900000e+000  4.660254e-001  1.380000e+001
    endloop
  endfacet
  facet normal  3.826829e-001 -9.238797e-001  0.000000e+000
    outer loop
      vertex  8.900000e+000  4.660254e-001  1.380000e+001
      vertex  8.900000e+000  4.660254e-001  1.700000e+000
      vertex  9.141181e+000  5.659258e-001  1.700000e+000
    endloop
  endfacet
  facet normal  3.826829e-001 -9.238797e-001  0.000000e+000
    outer loop
      vertex  8.900000e+000  4.660254e-001  1.380000e+001
      vertex  9.141181e+000  5.659258e-001  1.700000e+000
      vertex  9.141181e+000  5.659258e-001  1.380000e+001
    endloop
  endfacet
  facet normal  1.305265e-001 -9.914448e-001  0.000000e+000
    outer loop
      vertex  9.141181e+000  5.659258e-001  1.380000e+001
      vertex  9.141181e+000  5.659258e-001  1.700000e+000
      vertex  9.400000e+000  6.000000e-001  1.700000e+000
    endloop
  endfacet
  facet normal  1.305265e-001 -9.914448e-001  0.000000e+000
    outer loop
      vertex  9.141181e+000  5.659258e-001  1.380000e+001
      vertex  9.400000e+000  6.000000e-001  1.700000e+000
      vertex  9.400000e+000  6.000000e-001  1.380000e+001
    endloop
  endfacet
  facet normal  1.000000e+000  0.000000e+000  0.000000e+000
    outer loop
      vertex  8.400000e+000 -4.000000e+000  1.380000e+001
      vertex  8.400000e+000 -4.000000e+000  1.700000e+000
      vertex  8.400000e+000 -4.000000e-001  1.380000e+001
    endloop
  endfacet
  facet normal  1.000000e+000  0.000000e+000  0.000000e+000
    outer loop
      vertex  8.400000e+000 -4.000000e-001  1.380000e+001
      vertex  8.400000e+000 -4.000000e+000  1.700000e+000
      vertex  8.400000e+000 -4.000000e-001  1.700000e+000
    endloop
  endfacet
  facet normal  6.087658e-001  7.933499e-001  0.000000e+000
    outer loop
      vertex  8.692893e+000 -7.030711e+001  1.700000e+000
      vertex  8.900000e+000 -7.046603e+001  1.380000e+001
      vertex  8.900000e+000 -7.046603e+001  1.700000e+000
    endloop
  endfacet
  facet normal  3.826792e-001  9.238813e-001  -0.000000e+000
    outer loop
      vertex  8.900000e+000 -7.046603e+001  1.700000e+000
      vertex  8.900000e+000 -7.046603e+001  1.380000e+001
      vertex  9.141181e+000 -7.056593e+001  1.380000e+001
    endloop
  endfacet
  facet normal  3.826792e-001  9.238813e-001  0.000000e+000
    outer loop
      vertex  8.900000e+000 -7.046603e+001  1.700000e+000
      vertex  9.141181e+000 -7.056593e+001  1.380000e+001
      vertex  9.141181e+000 -7.056593e+001  1.700000e+000
    endloop
  endfacet
  facet normal  1.305215e-001  9.914455e-001  -0.000000e+000
    outer loop
      vertex  9.141181e+000 -7.056593e+001  1.700000e+000
      vertex  9.141181e+000 -7.056593e+001  1.380000e+001
      vertex  9.400000e+000 -7.060000e+001  1.380000e+001
    endloop
  endfacet
  facet normal  1.305215e-001  9.914455e-001  0.000000e+000
    outer loop
      vertex  9.141181e+000 -7.056593e+001  1.700000e+000
      vertex  9.400000e+000 -7.060000e+001  1.380000e+001
      vertex  9.400000e+000 -7.060000e+001  1.700000e+000
    endloop
  endfacet
  facet normal  6.087658e-001  7.933499e-001  -0.000000e+000
    outer loop
      vertex  8.900000e+000 -7.046603e+001  1.380000e+001
      vertex  8.692893e+000 -7.030711e+001  1.700000e+000
      vertex  8.692893e+000 -7.030711e+001  1.380000e+001
    endloop
  endfacet
  facet normal  7.933549e-001  6.087594e-001  0.000000e+000
    outer loop
      vertex  8.692893e+000 -7.030711e+001  1.380000e+001
      vertex  8.692893e+000 -7.030711e+001  1.700000e+000
      vertex  8.533975e+000 -7.010000e+001  1.700000e+000
    endloop
  endfacet
  facet normal  7.933549e-001  6.087594e-001  -0.000000e+000
    outer loop
      vertex  8.692893e+000 -7.030711e+001  1.380000e+001
      vertex  8.533975e+000 -7.010000e+001  1.700000e+000
      vertex  8.533975e+000 -7.010000e+001  1.380000e+001
    endloop
  endfacet
  facet normal  9.238794e-001  3.826835e-001  0.000000e+000
    outer loop
      vertex  8.533975e+000 -7.010000e+001  1.380000e+001
      vertex  8.533975e+000 -7.010000e+001  1.700000e+000
      vertex  8.434074e+000 -6.985882e+001  1.700000e+000
    endloop
  endfacet
  facet normal  9.238794e-001  3.826835e-001  -0.000000e+000
    outer loop
      vertex  8.533975e+000 -7.010000e+001  1.380000e+001
      vertex  8.434074e+000 -6.985882e+001  1.700000e+000
      vertex  8.434074e+000 -6.985882e+001  1.380000e+001
    endloop
  endfacet
  facet normal  9.914446e-001  1.305282e-001  0.000000e+000
    outer loop
      vertex  8.434074e+000 -6.985882e+001  1.380000e+001
      vertex  8.434074e+000 -6.985882e+001  1.700000e+000
      vertex  8.400000e+000 -6.960000e+001  1.700000e+000
    endloop
  endfacet
  facet normal  9.914446e-001  1.305282e-001  -0.000000e+000
    outer loop
      vertex  8.434074e+000 -6.985882e+001  1.380000e+001
      vertex  8.400000e+000 -6.960000e+001  1.700000e+000
      vertex  8.400000e+000 -6.960000e+001  1.380000e+001
    endloop
  endfacet
  facet normal  1.000000e+000  0.000000e+000  0.000000e+000
    outer loop
      vertex  8.400000e+000 -6.960000e+001  1.380000e+001
      vertex  8.400000e+000 -6.960000e+001  1.700000e+000
      vertex  8.400000e+000 -6.600000e+001  1.380000e+001
    endloop
  endfacet
  facet normal  1.000000e+000  0.000000e+000  0.000000e+000
    outer loop
      vertex  8.400000e+000 -6.600000e+001  1.380000e+001
      vertex  8.400000e+000 -6.960000e+001  1.700000e+000
      vertex  8.400000e+000 -6.600000e+001  1.700000e+000
    endloop
  endfacet
  facet normal  6.087654e-001  7.933503e-001  0.000000e+000
    outer loop
      vertex -3.071068e-001 -6.230711e+001  1.700000e+000
      vertex -1.000000e-001 -6.246603e+001  1.380000e+001
      vertex -1.000000e-001 -6.246603e+001  1.700000e+000
    endloop
  endfacet
  facet normal  3.826797e-001  9.238810e-001  -0.000000e+000
    outer loop
      vertex -1.000000e-001 -6.246603e+001  1.700000e+000
      vertex -1.000000e-001 -6.246603e+001  1.380000e+001
      vertex  1.411810e-001 -6.256593e+001  1.380000e+001
    endloop
  endfacet
  facet normal  3.826797e-001  9.238810e-001  0.000000e+000
    outer loop
      vertex -1.000000e-001 -6.246603e+001  1.700000e+000
      vertex  1.411810e-001 -6.256593e+001  1.380000e+001
      vertex  1.411810e-001 -6.256593e+001  1.700000e+000
    endloop
  endfacet
  facet normal  1.305213e-001  9.914455e-001  -0.000000e+000
    outer loop
      vertex  1.411810e-001 -6.256593e+001  1.700000e+000
      vertex  1.411810e-001 -6.256593e+001  1.380000e+001
      vertex  4.000000e-001 -6.260000e+001  1.380000e+001
    endloop
  endfacet
  facet normal  1.305213e-001  9.914455e-001  0.000000e+000
    outer loop
      vertex  1.411810e-001 -6.256593e+001  1.700000e+000
      vertex  4.000000e-001 -6.260000e+001  1.380000e+001
      vertex  4.000000e-001 -6.260000e+001  1.700000e+000
    endloop
  endfacet
  facet normal  6.087654e-001  7.933503e-001  -0.000000e+000
    outer loop
      vertex -1.000000e-001 -6.246603e+001  1.380000e+001
      vertex -3.071068e-001 -6.230711e+001  1.700000e+000
      vertex -3.071068e-001 -6.230711e+001  1.380000e+001
    endloop
  endfacet
  facet normal  7.933545e-001  6.087601e-001  0.000000e+000
    outer loop
      vertex -3.071068e-001 -6.230711e+001  1.380000e+001
      vertex -3.071068e-001 -6.230711e+001  1.700000e+000
      vertex -4.660254e-001 -6.210000e+001  1.700000e+000
    endloop
  endfacet
  facet normal  7.933545e-001  6.087601e-001  -0.000000e+000
    outer loop
      vertex -3.071068e-001 -6.230711e+001  1.380000e+001
      vertex -4.660254e-001 -6.210000e+001  1.700000e+000
      vertex -4.660254e-001 -6.210000e+001  1.380000e+001
    endloop
  endfacet
  facet normal  9.238792e-001  3.826842e-001  0.000000e+000
    outer loop
      vertex -4.660254e-001 -6.210000e+001  1.380000e+001
      vertex -4.660254e-001 -6.210000e+001  1.700000e+000
      vertex -5.659258e-001 -6.185882e+001  1.700000e+000
    endloop
  endfacet
  facet normal  9.238792e-001  3.826842e-001  -0.000000e+000
    outer loop
      vertex -4.660254e-001 -6.210000e+001  1.380000e+001
      vertex -5.659258e-001 -6.185882e+001  1.700000e+000
      vertex -5.659258e-001 -6.185882e+001  1.380000e+001
    endloop
  endfacet
  facet normal  9.914448e-001  1.305260e-001  0.000000e+000
    outer loop
      vertex -5.659258e-001 -6.185882e+001  1.380000e+001
      vertex -5.659258e-001 -6.185882e+001  1.700000e+000
      vertex -6.000000e-001 -6.160000e+001  1.700000e+000
    endloop
  endfacet
  facet normal  9.914448e-001  1.305260e-001  -0.000000e+000
    outer loop
      vertex -5.659258e-001 -6.185882e+001  1.380000e+001
      vertex -6.000000e-001 -6.160000e+001  1.700000e+000
      vertex -6.000000e-001 -6.160000e+001  1.380000e+001
    endloop
  endfacet
  facet normal  0.000000e+000  1.000000e+000  -0.000000e+000
    outer loop
      vertex  5.000000e+000 -6.260000e+001  1.380000e+001
      vertex  5.000000e+000 -6.260000e+001  1.700000e+000
      vertex  4.000000e-001 -6.260000e+001  1.380000e+001
    endloop
  endfacet
  facet normal  0.000000e+000  1.000000e+000  0.000000e+000
    outer loop
      vertex  4.000000e-001 -6.260000e+001  1.380000e+001
      vertex  5.000000e+000 -6.260000e+001  1.700000e+000
      vertex  4.000000e-001 -6.260000e+001  1.700000e+000
    endloop
  endfacet
  facet normal  7.933537e-001 -6.087609e-001  0.000000e+000
    outer loop
      vertex -3.071068e-001 -7.692893e+000  1.700000e+000
      vertex -4.660254e-001 -7.900000e+000  1.380000e+001
      vertex -4.660254e-001 -7.900000e+000  1.700000e+000
    endloop
  endfacet
  facet normal  9.238794e-001 -3.826835e-001  0.000000e+000
    outer loop
      vertex -4.660254e-001 -7.900000e+000  1.700000e+000
      vertex -4.660254e-001 -7.900000e+000  1.380000e+001
      vertex -5.659258e-001 -8.141181e+000  1.380000e+001
    endloop
  endfacet
  facet normal  9.238794e-001 -3.826835e-001  0.000000e+000
    outer loop
      vertex -4.660254e-001 -7.900000e+000  1.700000e+000
      vertex -5.659258e-001 -8.141181e+000  1.380000e+001
      vertex -5.659258e-001 -8.141181e+000  1.700000e+000
    endloop
  endfacet
  facet normal  9.914448e-001 -1.305265e-001  0.000000e+000
    outer loop
      vertex -5.659258e-001 -8.141181e+000  1.700000e+000
      vertex -5.659258e-001 -8.141181e+000  1.380000e+001
      vertex -6.000000e-001 -8.400000e+000  1.380000e+001
    endloop
  endfacet
  facet normal  9.914448e-001 -1.305265e-001  0.000000e+000
    outer loop
      vertex -5.659258e-001 -8.141181e+000  1.700000e+000
      vertex -6.000000e-001 -8.400000e+000  1.380000e+001
      vertex -6.000000e-001 -8.400000e+000  1.700000e+000
    endloop
  endfacet
  facet normal  7.933537e-001 -6.087609e-001  0.000000e+000
    outer loop
      vertex -4.660254e-001 -7.900000e+000  1.380000e+001
      vertex -3.071068e-001 -7.692893e+000  1.700000e+000
      vertex -3.071068e-001 -7.692893e+000  1.380000e+001
    endloop
  endfacet
  facet normal  6.087608e-001 -7.933538e-001  0.000000e+000
    outer loop
      vertex -3.071068e-001 -7.692893e+000  1.380000e+001
      vertex -3.071068e-001 -7.692893e+000  1.700000e+000
      vertex -1.000000e-001 -7.533975e+000  1.700000e+000
    endloop
  endfacet
  facet normal  6.087608e-001 -7.933538e-001  0.000000e+000
    outer loop
      vertex -3.071068e-001 -7.692893e+000  1.380000e+001
      vertex -1.000000e-001 -7.533975e+000  1.700000e+000
      vertex -1.000000e-001 -7.533975e+000  1.380000e+001
    endloop
  endfacet
  facet normal  3.826829e-001 -9.238798e-001  0.000000e+000
    outer loop
      vertex -1.000000e-001 -7.533975e+000  1.380000e+001
      vertex -1.000000e-001 -7.533975e+000  1.700000e+000
      vertex  1.411810e-001 -7.434074e+000  1.700000e+000
    endloop
  endfacet
  facet normal  3.826829e-001 -9.238798e-001  0.000000e+000
    outer loop
      vertex -1.000000e-001 -7.533975e+000  1.380000e+001
      vertex  1.411810e-001 -7.434074e+000  1.700000e+000
      vertex  1.411810e-001 -7.434074e+000  1.380000e+001
    endloop
  endfacet
  facet normal  1.305267e-001 -9.914448e-001  0.000000e+000
    outer loop
      vertex  1.411810e-001 -7.434074e+000  1.380000e+001
      vertex  1.411810e-001 -7.434074e+000  1.700000e+000
      vertex  4.000000e-001 -7.400000e+000  1.700000e+000
    endloop
  endfacet
  facet normal  1.305267e-001 -9.914448e-001  0.000000e+000
    outer loop
      vertex  1.411810e-001 -7.434074e+000  1.380000e+001
      vertex  4.000000e-001 -7.400000e+000  1.700000e+000
      vertex  4.000000e-001 -7.400000e+000  1.380000e+001
    endloop
  endfacet
  facet normal  0.000000e+000 -1.000000e+000  0.000000e+000
    outer loop
      vertex  5.000000e+000 -7.400000e+000  1.380000e+001
      vertex  4.000000e-001 -7.400000e+000  1.380000e+001
      vertex  5.000000e+000 -7.400000e+000  1.700000e+000
    endloop
  endfacet
  facet normal  0.000000e+000 -1.000000e+000  0.000000e+000
    outer loop
      vertex  5.000000e+000 -7.400000e+000  1.700000e+000
      vertex  4.000000e-001 -7.400000e+000  1.380000e+001
      vertex  4.000000e-001 -7.400000e+000  1.700000e+000
    endloop
  endfacet
  facet normal -7.133968e-002 -9.974521e-001  -0.000000e+000
    outer loop
      vertex  8.500000e+001 -7.400000e+000  1.700000e+000
      vertex  8.500000e+001 -7.400000e+000  1.380000e+001
      vertex  8.451613e+001 -7.365393e+000  1.700000e+000
    endloop
  endfacet
  facet normal -7.133968e-002 -9.974521e-001  0.000000e+000
    outer loop
      vertex  8.451613e+001 -7.365393e+000  1.700000e+000
      vertex  8.500000e+001 -7.400000e+000  1.380000e+001
      vertex  8.451613e+001 -7.365393e+000  1.380000e+001
    endloop
  endfacet
  facet normal -2.125640e-001 -9.771472e-001  -0.000000e+000
    outer loop
      vertex  8.451613e+001 -7.365393e+000  1.700000e+000
      vertex  8.451613e+001 -7.365393e+000  1.380000e+001
      vertex  8.404211e+001 -7.262276e+000  1.700000e+000
    endloop
  endfacet
  facet normal -2.125640e-001 -9.771472e-001  0.000000e+000
    outer loop
      vertex  8.404211e+001 -7.262276e+000  1.700000e+000
      vertex  8.451613e+001 -7.365393e+000  1.380000e+001
      vertex  8.404211e+001 -7.262276e+000  1.380000e+001
    endloop
  endfacet
  facet normal -3.494640e-001 -9.369498e-001  -0.000000e+000
    outer loop
      vertex  8.404211e+001 -7.262276e+000  1.700000e+000
      vertex  8.404211e+001 -7.262276e+000  1.380000e+001
      vertex  8.358759e+001 -7.092749e+000  1.700000e+000
    endloop
  endfacet
  facet normal -3.494640e-001 -9.369498e-001  0.000000e+000
    outer loop
      vertex  8.358759e+001 -7.092749e+000  1.700000e+000
      vertex  8.404211e+001 -7.262276e+000  1.380000e+001
      vertex  8.358759e+001 -7.092749e+000  1.380000e+001
    endloop
  endfacet
  facet normal -4.792504e-001 -8.776782e-001  -0.000000e+000
    outer loop
      vertex  8.358759e+001 -7.092749e+000  1.700000e+000
      vertex  8.358759e+001 -7.092749e+000  1.380000e+001
      vertex  8.316182e+001 -6.860262e+000  1.700000e+000
    endloop
  endfacet
  facet normal -4.792504e-001 -8.776782e-001  0.000000e+000
    outer loop
      vertex  8.316182e+001 -6.860262e+000  1.700000e+000
      vertex  8.358759e+001 -7.092749e+000  1.380000e+001
      vertex  8.316182e+001 -6.860262e+000  1.380000e+001
    endloop
  endfacet
  facet normal -5.992813e-001 -8.005385e-001  -0.000000e+000
    outer loop
      vertex  8.316182e+001 -6.860262e+000  1.700000e+000
      vertex  8.316182e+001 -6.860262e+000  1.380000e+001
      vertex  8.277348e+001 -6.569549e+000  1.700000e+000
    endloop
  endfacet
  facet normal -5.992813e-001 -8.005385e-001  0.000000e+000
    outer loop
      vertex  8.277348e+001 -6.569549e+000  1.700000e+000
      vertex  8.316182e+001 -6.860262e+000  1.380000e+001
      vertex  8.277348e+001 -6.569549e+000  1.380000e+001
    endloop
  endfacet
  facet normal -7.071038e-001 -7.071097e-001  -0.000000e+000
    outer loop
      vertex  8.277348e+001 -6.569549e+000  1.700000e+000
      vertex  8.277348e+001 -6.569549e+000  1.380000e+001
      vertex  8.243045e+001 -6.226526e+000  1.700000e+000
    endloop
  endfacet
  facet normal -7.071038e-001 -7.071097e-001  0.000000e+000
    outer loop
      vertex  8.243045e+001 -6.226526e+000  1.700000e+000
      vertex  8.277348e+001 -6.569549e+000  1.380000e+001
      vertex  8.243045e+001 -6.226526e+000  1.380000e+001
    endloop
  endfacet
  facet normal -8.005441e-001 -5.992737e-001  -0.000000e+000
    outer loop
      vertex  8.243045e+001 -6.226526e+000  1.700000e+000
      vertex  8.243045e+001 -6.226526e+000  1.380000e+001
      vertex  8.213974e+001 -5.838179e+000  1.700000e+000
    endloop
  endfacet
  facet normal -8.005441e-001 -5.992737e-001  0.000000e+000
    outer loop
      vertex  8.213974e+001 -5.838179e+000  1.700000e+000
      vertex  8.243045e+001 -6.226526e+000  1.380000e+001
      vertex  8.213974e+001 -5.838179e+000  1.380000e+001
    endloop
  endfacet
  facet normal -8.776756e-001 -4.792553e-001  -0.000000e+000
    outer loop
      vertex  8.213974e+001 -5.838179e+000  1.700000e+000
      vertex  8.213974e+001 -5.838179e+000  1.380000e+001
      vertex  8.190725e+001 -5.412411e+000  1.700000e+000
    endloop
  endfacet
  facet normal -8.776756e-001 -4.792553e-001  0.000000e+000
    outer loop
      vertex  8.190725e+001 -5.412411e+000  1.700000e+000
      vertex  8.213974e+001 -5.838179e+000  1.380000e+001
      vertex  8.190725e+001 -5.412411e+000  1.380000e+001
    endloop
  endfacet
  facet normal -9.369513e-001 -3.494600e-001  -0.000000e+000
    outer loop
      vertex  8.190725e+001 -5.412411e+000  1.700000e+000
      vertex  8.190725e+001 -5.412411e+000  1.380000e+001
      vertex  8.173772e+001 -4.957891e+000  1.700000e+000
    endloop
  endfacet
  facet normal -9.369513e-001 -3.494600e-001  0.000000e+000
    outer loop
      vertex  8.173772e+001 -4.957891e+000  1.700000e+000
      vertex  8.190725e+001 -5.412411e+000  1.380000e+001
      vertex  8.173772e+001 -4.957891e+000  1.380000e+001
    endloop
  endfacet
  facet normal -9.771459e-001 -2.125695e-001  -0.000000e+000
    outer loop
      vertex  8.173772e+001 -4.957891e+000  1.700000e+000
      vertex  8.173772e+001 -4.957891e+000  1.380000e+001
      vertex  8.163461e+001 -4.483871e+000  1.700000e+000
    endloop
  endfacet
  facet normal -9.771459e-001 -2.125695e-001  0.000000e+000
    outer loop
      vertex  8.163461e+001 -4.483871e+000  1.700000e+000
      vertex  8.173772e+001 -4.957891e+000  1.380000e+001
      vertex  8.163461e+001 -4.483871e+000  1.380000e+001
    endloop
  endfacet
  facet normal -9.974521e-001 -7.133884e-002  -0.000000e+000
    outer loop
      vertex  8.163461e+001 -4.483871e+000  1.700000e+000
      vertex  8.163461e+001 -4.483871e+000  1.380000e+001
      vertex  8.160000e+001 -4.000000e+000  1.700000e+000
    endloop
  endfacet
  facet normal -9.974521e-001 -7.133884e-002  0.000000e+000
    outer loop
      vertex  8.160000e+001 -4.000000e+000  1.700000e+000
      vertex  8.163461e+001 -4.483871e+000  1.380000e+001
      vertex  8.160000e+001 -4.000000e+000  1.380000e+001
    endloop
  endfacet
  facet normal -9.974523e-001  7.133871e-002  0.000000e+000
    outer loop
      vertex  8.160000e+001 -6.600000e+001  1.700000e+000
      vertex  8.160000e+001 -6.600000e+001  1.380000e+001
      vertex  8.163461e+001 -6.551613e+001  1.700000e+000
    endloop
  endfacet
  facet normal -9.974523e-001  7.133871e-002  0.000000e+000
    outer loop
      vertex  8.163461e+001 -6.551613e+001  1.700000e+000
      vertex  8.160000e+001 -6.600000e+001  1.380000e+001
      vertex  8.163461e+001 -6.551613e+001  1.380000e+001
    endloop
  endfacet
  facet normal -9.771461e-001  2.125687e-001  0.000000e+000
    outer loop
      vertex  8.163461e+001 -6.551613e+001  1.700000e+000
      vertex  8.163461e+001 -6.551613e+001  1.380000e+001
      vertex  8.173772e+001 -6.504211e+001  1.700000e+000
    endloop
  endfacet
  facet normal -9.771461e-001  2.125687e-001  0.000000e+000
    outer loop
      vertex  8.173772e+001 -6.504211e+001  1.700000e+000
      vertex  8.163461e+001 -6.551613e+001  1.380000e+001
      vertex  8.173772e+001 -6.504211e+001  1.380000e+001
    endloop
  endfacet
  facet normal -9.369514e-001  3.494597e-001  0.000000e+000
    outer loop
      vertex  8.173772e+001 -6.504211e+001  1.700000e+000
      vertex  8.173772e+001 -6.504211e+001  1.380000e+001
      vertex  8.190725e+001 -6.458759e+001  1.700000e+000
    endloop
  endfacet
  facet normal -9.369514e-001  3.494597e-001  0.000000e+000
    outer loop
      vertex  8.190725e+001 -6.458759e+001  1.700000e+000
      vertex  8.173772e+001 -6.504211e+001  1.380000e+001
      vertex  8.190725e+001 -6.458759e+001  1.380000e+001
    endloop
  endfacet
  facet normal -8.776749e-001  4.792565e-001  0.000000e+000
    outer loop
      vertex  8.190725e+001 -6.458759e+001  1.700000e+000
      vertex  8.190725e+001 -6.458759e+001  1.380000e+001
      vertex  8.213974e+001 -6.416182e+001  1.700000e+000
    endloop
  endfacet
  facet normal -8.776749e-001  4.792565e-001  0.000000e+000
    outer loop
      vertex  8.213974e+001 -6.416182e+001  1.700000e+000
      vertex  8.190725e+001 -6.458759e+001  1.380000e+001
      vertex  8.213974e+001 -6.416182e+001  1.380000e+001
    endloop
  endfacet
  facet normal -8.005441e-001  5.992737e-001  0.000000e+000
    outer loop
      vertex  8.213974e+001 -6.416182e+001  1.700000e+000
      vertex  8.213974e+001 -6.416182e+001  1.380000e+001
      vertex  8.243045e+001 -6.377347e+001  1.700000e+000
    endloop
  endfacet
  facet normal -8.005441e-001  5.992737e-001  0.000000e+000
    outer loop
      vertex  8.243045e+001 -6.377347e+001  1.700000e+000
      vertex  8.213974e+001 -6.416182e+001  1.380000e+001
      vertex  8.243045e+001 -6.377347e+001  1.380000e+001
    endloop
  endfacet
  facet normal -7.071028e-001  7.071107e-001  0.000000e+000
    outer loop
      vertex  8.243045e+001 -6.377347e+001  1.700000e+000
      vertex  8.243045e+001 -6.377347e+001  1.380000e+001
      vertex  8.277348e+001 -6.343045e+001  1.700000e+000
    endloop
  endfacet
  facet normal -7.071028e-001  7.071107e-001  0.000000e+000
    outer loop
      vertex  8.277348e+001 -6.343045e+001  1.700000e+000
      vertex  8.243045e+001 -6.377347e+001  1.380000e+001
      vertex  8.277348e+001 -6.343045e+001  1.380000e+001
    endloop
  endfacet
  facet normal -5.992826e-001  8.005376e-001  0.000000e+000
    outer loop
      vertex  8.277348e+001 -6.343045e+001  1.700000e+000
      vertex  8.277348e+001 -6.343045e+001  1.380000e+001
      vertex  8.316182e+001 -6.313974e+001  1.700000e+000
    endloop
  endfacet
  facet normal -5.992826e-001  8.005376e-001  0.000000e+000
    outer loop
      vertex  8.316182e+001 -6.313974e+001  1.700000e+000
      vertex  8.277348e+001 -6.343045e+001  1.380000e+001
      vertex  8.316182e+001 -6.313974e+001  1.380000e+001
    endloop
  endfacet
  facet normal -4.792504e-001  8.776782e-001  0.000000e+000
    outer loop
      vertex  8.316182e+001 -6.313974e+001  1.700000e+000
      vertex  8.316182e+001 -6.313974e+001  1.380000e+001
      vertex  8.358759e+001 -6.290725e+001  1.700000e+000
    endloop
  endfacet
  facet normal -4.792504e-001  8.776782e-001  0.000000e+000
    outer loop
      vertex  8.358759e+001 -6.290725e+001  1.700000e+000
      vertex  8.316182e+001 -6.313974e+001  1.380000e+001
      vertex  8.358759e+001 -6.290725e+001  1.380000e+001
    endloop
  endfacet
  facet normal -3.494597e-001  9.369514e-001  0.000000e+000
    outer loop
      vertex  8.358759e+001 -6.290725e+001  1.700000e+000
      vertex  8.358759e+001 -6.290725e+001  1.380000e+001
      vertex  8.404211e+001 -6.273772e+001  1.700000e+000
    endloop
  endfacet
  facet normal -3.494597e-001  9.369514e-001  0.000000e+000
    outer loop
      vertex  8.404211e+001 -6.273772e+001  1.700000e+000
      vertex  8.358759e+001 -6.290725e+001  1.380000e+001
      vertex  8.404211e+001 -6.273772e+001  1.380000e+001
    endloop
  endfacet
  facet normal -2.125687e-001  9.771461e-001  0.000000e+000
    outer loop
      vertex  8.404211e+001 -6.273772e+001  1.700000e+000
      vertex  8.404211e+001 -6.273772e+001  1.380000e+001
      vertex  8.451613e+001 -6.263461e+001  1.700000e+000
    endloop
  endfacet
  facet normal -2.125687e-001  9.771461e-001  0.000000e+000
    outer loop
      vertex  8.451613e+001 -6.263461e+001  1.700000e+000
      vertex  8.404211e+001 -6.273772e+001  1.380000e+001
      vertex  8.451613e+001 -6.263461e+001  1.380000e+001
    endloop
  endfacet
  facet normal -7.133871e-002  9.974523e-001  0.000000e+000
    outer loop
      vertex  8.451613e+001 -6.263461e+001  1.700000e+000
      vertex  8.451613e+001 -6.263461e+001  1.380000e+001
      vertex  8.500000e+001 -6.260000e+001  1.700000e+000
    endloop
  endfacet
  facet normal -7.133871e-002  9.974523e-001  0.000000e+000
    outer loop
      vertex  8.500000e+001 -6.260000e+001  1.700000e+000
      vertex  8.451613e+001 -6.263461e+001  1.380000e+001
      vertex  8.500000e+001 -6.260000e+001  1.380000e+001
    endloop
  endfacet
  facet normal  7.133884e-002  9.974521e-001  0.000000e+000
    outer loop
      vertex  5.000000e+000 -6.260000e+001  1.700000e+000
      vertex  5.000000e+000 -6.260000e+001  1.380000e+001
      vertex  5.483871e+000 -6.263461e+001  1.700000e+000
    endloop
  endfacet
  facet normal  7.133884e-002  9.974521e-001  -0.000000e+000
    outer loop
      vertex  5.483871e+000 -6.263461e+001  1.700000e+000
      vertex  5.000000e+000 -6.260000e+001  1.380000e+001
      vertex  5.483871e+000 -6.263461e+001  1.380000e+001
    endloop
  endfacet
  facet normal  2.125695e-001  9.771459e-001  0.000000e+000
    outer loop
      vertex  5.483871e+000 -6.263461e+001  1.700000e+000
      vertex  5.483871e+000 -6.263461e+001  1.380000e+001
      vertex  5.957891e+000 -6.273772e+001  1.700000e+000
    endloop
  endfacet
  facet normal  2.125695e-001  9.771459e-001  -0.000000e+000
    outer loop
      vertex  5.957891e+000 -6.273772e+001  1.700000e+000
      vertex  5.483871e+000 -6.263461e+001  1.380000e+001
      vertex  5.957891e+000 -6.273772e+001  1.380000e+001
    endloop
  endfacet
  facet normal  3.494600e-001  9.369513e-001  0.000000e+000
    outer loop
      vertex  5.957891e+000 -6.273772e+001  1.700000e+000
      vertex  5.957891e+000 -6.273772e+001  1.380000e+001
      vertex  6.412411e+000 -6.290725e+001  1.700000e+000
    endloop
  endfacet
  facet normal  3.494600e-001  9.369513e-001  -0.000000e+000
    outer loop
      vertex  6.412411e+000 -6.290725e+001  1.700000e+000
      vertex  5.957891e+000 -6.273772e+001  1.380000e+001
      vertex  6.412411e+000 -6.290725e+001  1.380000e+001
    endloop
  endfacet
  facet normal  4.792492e-001  8.776789e-001  0.000000e+000
    outer loop
      vertex  6.412411e+000 -6.290725e+001  1.700000e+000
      vertex  6.412411e+000 -6.290725e+001  1.380000e+001
      vertex  6.838179e+000 -6.313974e+001  1.700000e+000
    endloop
  endfacet
  facet normal  4.792492e-001  8.776789e-001  -0.000000e+000
    outer loop
      vertex  6.838179e+000 -6.313974e+001  1.700000e+000
      vertex  6.412411e+000 -6.290725e+001  1.380000e+001
      vertex  6.838179e+000 -6.313974e+001  1.380000e+001
    endloop
  endfacet
  facet normal  5.992788e-001  8.005404e-001  0.000000e+000
    outer loop
      vertex  6.838179e+000 -6.313974e+001  1.700000e+000
      vertex  6.838179e+000 -6.313974e+001  1.380000e+001
      vertex  7.226526e+000 -6.343045e+001  1.700000e+000
    endloop
  endfacet
  facet normal  5.992788e-001  8.005404e-001  -0.000000e+000
    outer loop
      vertex  7.226526e+000 -6.343045e+001  1.700000e+000
      vertex  6.838179e+000 -6.313974e+001  1.380000e+001
      vertex  7.226526e+000 -6.343045e+001  1.380000e+001
    endloop
  endfacet
  facet normal  7.071058e-001  7.071077e-001  0.000000e+000
    outer loop
      vertex  7.226526e+000 -6.343045e+001  1.700000e+000
      vertex  7.226526e+000 -6.343045e+001  1.380000e+001
      vertex  7.569549e+000 -6.377347e+001  1.700000e+000
    endloop
  endfacet
  facet normal  7.071058e-001  7.071077e-001  -0.000000e+000
    outer loop
      vertex  7.569549e+000 -6.377347e+001  1.700000e+000
      vertex  7.226526e+000 -6.343045e+001  1.380000e+001
      vertex  7.569549e+000 -6.377347e+001  1.380000e+001
    endloop
  endfacet
  facet normal  8.005413e-001  5.992775e-001  0.000000e+000
    outer loop
      vertex  7.569549e+000 -6.377347e+001  1.700000e+000
      vertex  7.569549e+000 -6.377347e+001  1.380000e+001
      vertex  7.860262e+000 -6.416182e+001  1.700000e+000
    endloop
  endfacet
  facet normal  8.005413e-001  5.992775e-001  -0.000000e+000
    outer loop
      vertex  7.860262e+000 -6.416182e+001  1.700000e+000
      vertex  7.569549e+000 -6.377347e+001  1.380000e+001
      vertex  7.860262e+000 -6.416182e+001  1.380000e+001
    endloop
  endfacet
  facet normal  8.776782e-001  4.792504e-001  0.000000e+000
    outer loop
      vertex  7.860262e+000 -6.416182e+001  1.700000e+000
      vertex  7.860262e+000 -6.416182e+001  1.380000e+001
      vertex  8.092749e+000 -6.458759e+001  1.700000e+000
    endloop
  endfacet
  facet normal  8.776782e-001  4.792504e-001  -0.000000e+000
    outer loop
      vertex  8.092749e+000 -6.458759e+001  1.700000e+000
      vertex  7.860262e+000 -6.416182e+001  1.380000e+001
      vertex  8.092749e+000 -6.458759e+001  1.380000e+001
    endloop
  endfacet
  facet normal  9.369501e-001  3.494631e-001  0.000000e+000
    outer loop
      vertex  8.092749e+000 -6.458759e+001  1.700000e+000
      vertex  8.092749e+000 -6.458759e+001  1.380000e+001
      vertex  8.262276e+000 -6.504211e+001  1.700000e+000
    endloop
  endfacet
  facet normal  9.369501e-001  3.494631e-001  -0.000000e+000
    outer loop
      vertex  8.262276e+000 -6.504211e+001  1.700000e+000
      vertex  8.092749e+000 -6.458759e+001  1.380000e+001
      vertex  8.262276e+000 -6.504211e+001  1.380000e+001
    endloop
  endfacet
  facet normal  9.771470e-001  2.125650e-001  0.000000e+000
    outer loop
      vertex  8.262276e+000 -6.504211e+001  1.700000e+000
      vertex  8.262276e+000 -6.504211e+001  1.380000e+001
      vertex  8.365393e+000 -6.551613e+001  1.700000e+000
    endloop
  endfacet
  facet normal  9.771470e-001  2.125650e-001  -0.000000e+000
    outer loop
      vertex  8.365393e+000 -6.551613e+001  1.700000e+000
      vertex  8.262276e+000 -6.504211e+001  1.380000e+001
      vertex  8.365393e+000 -6.551613e+001  1.380000e+001
    endloop
  endfacet
  facet normal  9.974523e-001  7.133871e-002  0.000000e+000
    outer loop
      vertex  8.365393e+000 -6.551613e+001  1.700000e+000
      vertex  8.365393e+000 -6.551613e+001  1.380000e+001
      vertex  8.400000e+000 -6.600000e+001  1.700000e+000
    endloop
  endfacet
  facet normal  9.974523e-001  7.133871e-002  -0.000000e+000
    outer loop
      vertex  8.400000e+000 -6.600000e+001  1.700000e+000
      vertex  8.365393e+000 -6.551613e+001  1.380000e+001
      vertex  8.400000e+000 -6.600000e+001  1.380000e+001
    endloop
  endfacet
  facet normal  9.974521e-001 -7.133884e-002  0.000000e+000
    outer loop
      vertex  8.400000e+000 -4.000000e+000  1.700000e+000
      vertex  8.400000e+000 -4.000000e+000  1.380000e+001
      vertex  8.365393e+000 -4.483871e+000  1.700000e+000
    endloop
  endfacet
  facet normal  9.974521e-001 -7.133884e-002  0.000000e+000
    outer loop
      vertex  8.365393e+000 -4.483871e+000  1.700000e+000
      vertex  8.400000e+000 -4.000000e+000  1.380000e+001
      vertex  8.365393e+000 -4.483871e+000  1.380000e+001
    endloop
  endfacet
  facet normal  9.771467e-001 -2.125658e-001  0.000000e+000
    outer loop
      vertex  8.365393e+000 -4.483871e+000  1.700000e+000
      vertex  8.365393e+000 -4.483871e+000  1.380000e+001
      vertex  8.262276e+000 -4.957891e+000  1.700000e+000
    endloop
  endfacet
  facet normal  9.771467e-001 -2.125658e-001  0.000000e+000
    outer loop
      vertex  8.262276e+000 -4.957891e+000  1.700000e+000
      vertex  8.365393e+000 -4.483871e+000  1.380000e+001
      vertex  8.262276e+000 -4.957891e+000  1.380000e+001
    endloop
  endfacet
  facet normal  9.369500e-001 -3.494634e-001  0.000000e+000
    outer loop
      vertex  8.262276e+000 -4.957891e+000  1.700000e+000
      vertex  8.262276e+000 -4.957891e+000  1.380000e+001
      vertex  8.092749e+000 -5.412411e+000  1.700000e+000
    endloop
  endfacet
  facet normal  9.369500e-001 -3.494634e-001  0.000000e+000
    outer loop
      vertex  8.092749e+000 -5.412411e+000  1.700000e+000
      vertex  8.262276e+000 -4.957891e+000  1.380000e+001
      vertex  8.092749e+000 -5.412411e+000  1.380000e+001
    endloop
  endfacet
  facet normal  8.776789e-001 -4.792492e-001  0.000000e+000
    outer loop
      vertex  8.092749e+000 -5.412411e+000  1.700000e+000
      vertex  8.092749e+000 -5.412411e+000  1.380000e+001
      vertex  7.860262e+000 -5.838179e+000  1.700000e+000
    endloop
  endfacet
  facet normal  8.776789e-001 -4.792492e-001  0.000000e+000
    outer loop
      vertex  7.860262e+000 -5.838179e+000  1.700000e+000
      vertex  8.092749e+000 -5.412411e+000  1.380000e+001
      vertex  7.860262e+000 -5.838179e+000  1.380000e+001
    endloop
  endfacet
  facet normal  8.005413e-001 -5.992775e-001  0.000000e+000
    outer loop
      vertex  7.860262e+000 -5.838179e+000  1.700000e+000
      vertex  7.860262e+000 -5.838179e+000  1.380000e+001
      vertex  7.569549e+000 -6.226526e+000  1.700000e+000
    endloop
  endfacet
  facet normal  8.005413e-001 -5.992775e-001  0.000000e+000
    outer loop
      vertex  7.569549e+000 -6.226526e+000  1.700000e+000
      vertex  7.860262e+000 -5.838179e+000  1.380000e+001
      vertex  7.569549e+000 -6.226526e+000  1.380000e+001
    endloop
  endfacet
  facet normal  7.071068e-001 -7.071068e-001  0.000000e+000
    outer loop
      vertex  7.569549e+000 -6.226526e+000  1.700000e+000
      vertex  7.569549e+000 -6.226526e+000  1.380000e+001
      vertex  7.226526e+000 -6.569549e+000  1.700000e+000
    endloop
  endfacet
  facet normal  7.071068e-001 -7.071068e-001  0.000000e+000
    outer loop
      vertex  7.226526e+000 -6.569549e+000  1.700000e+000
      vertex  7.569549e+000 -6.226526e+000  1.380000e+001
      vertex  7.226526e+000 -6.569549e+000  1.380000e+001
    endloop
  endfacet
  facet normal  5.992775e-001 -8.005413e-001  0.000000e+000
    outer loop
      vertex  7.226526e+000 -6.569549e+000  1.700000e+000
      vertex  7.226526e+000 -6.569549e+000  1.380000e+001
      vertex  6.838179e+000 -6.860262e+000  1.700000e+000
    endloop
  endfacet
  facet normal  5.992775e-001 -8.005413e-001  0.000000e+000
    outer loop
      vertex  6.838179e+000 -6.860262e+000  1.700000e+000
      vertex  7.226526e+000 -6.569549e+000  1.380000e+001
      vertex  6.838179e+000 -6.860262e+000  1.380000e+001
    endloop
  endfacet
  facet normal  4.792492e-001 -8.776789e-001  0.000000e+000
    outer loop
      vertex  6.838179e+000 -6.860262e+000  1.700000e+000
      vertex  6.838179e+000 -6.860262e+000  1.380000e+001
      vertex  6.412411e+000 -7.092749e+000  1.700000e+000
    endloop
  endfacet
  facet normal  4.792492e-001 -8.776789e-001  0.000000e+000
    outer loop
      vertex  6.412411e+000 -7.092749e+000  1.700000e+000
      vertex  6.838179e+000 -6.860262e+000  1.380000e+001
      vertex  6.412411e+000 -7.092749e+000  1.380000e+001
    endloop
  endfacet
  facet normal  3.494643e-001 -9.369496e-001  0.000000e+000
    outer loop
      vertex  6.412411e+000 -7.092749e+000  1.700000e+000
      vertex  6.412411e+000 -7.092749e+000  1.380000e+001
      vertex  5.957891e+000 -7.262276e+000  1.700000e+000
    endloop
  endfacet
  facet normal  3.494643e-001 -9.369496e-001  0.000000e+000
    outer loop
      vertex  5.957891e+000 -7.262276e+000  1.700000e+000
      vertex  6.412411e+000 -7.092749e+000  1.380000e+001
      vertex  5.957891e+000 -7.262276e+000  1.380000e+001
    endloop
  endfacet
  facet normal  2.125648e-001 -9.771469e-001  0.000000e+000
    outer loop
      vertex  5.957891e+000 -7.262276e+000  1.700000e+000
      vertex  5.957891e+000 -7.262276e+000  1.380000e+001
      vertex  5.483871e+000 -7.365393e+000  1.700000e+000
    endloop
  endfacet
  facet normal  2.125648e-001 -9.771469e-001  0.000000e+000
    outer loop
      vertex  5.483871e+000 -7.365393e+000  1.700000e+000
      vertex  5.957891e+000 -7.262276e+000  1.380000e+001
      vertex  5.483871e+000 -7.365393e+000  1.380000e+001
    endloop
  endfacet
  facet normal  7.133982e-002 -9.974520e-001  0.000000e+000
    outer loop
      vertex  5.483871e+000 -7.365393e+000  1.700000e+000
      vertex  5.483871e+000 -7.365393e+000  1.380000e+001
      vertex  5.000000e+000 -7.400000e+000  1.700000e+000
    endloop
  endfacet
  facet normal  7.133982e-002 -9.974520e-001  0.000000e+000
    outer loop
      vertex  5.000000e+000 -7.400000e+000  1.700000e+000
      vertex  5.483871e+000 -7.365393e+000  1.380000e+001
      vertex  5.000000e+000 -7.400000e+000  1.380000e+001
    endloop
  endfacet
  facet normal -7.049964e-001  5.042199e-002 -7.074162e-001
    outer loop
      vertex  8.160000e+001 -6.600000e+001  1.380000e+001
      vertex  8.063764e+001 -6.542568e+001  1.480000e+001
      vertex  8.163461e+001 -6.551613e+001  1.380000e+001
    endloop
  endfacet
  facet normal -7.063485e-001  4.629733e-002 -7.063485e-001
    outer loop
      vertex  8.160000e+001 -6.600000e+001  1.380000e+001
      vertex  8.060000e+001 -6.600000e+001  1.480000e+001
      vertex  8.063764e+001 -6.542568e+001  1.480000e+001
    endloop
  endfacet
  facet normal -4.629733e-002  7.063485e-001 -7.063485e-001
    outer loop
      vertex  8.500000e+001 -6.260000e+001  1.380000e+001
      vertex  8.442568e+001 -6.163764e+001  1.480000e+001
      vertex  8.500000e+001 -6.160000e+001  1.480000e+001
    endloop
  endfacet
  facet normal -5.042199e-002  7.049964e-001 -7.074162e-001
    outer loop
      vertex  8.500000e+001 -6.260000e+001  1.380000e+001
      vertex  8.451613e+001 -6.263461e+001  1.380000e+001
      vertex  8.442568e+001 -6.163764e+001  1.480000e+001
    endloop
  endfacet
  facet normal -1.382671e-001  6.950982e-001 -7.054933e-001
    outer loop
      vertex  8.451613e+001 -6.263461e+001  1.380000e+001
      vertex  8.386120e+001 -6.174993e+001  1.480000e+001
      vertex  8.442568e+001 -6.163764e+001  1.480000e+001
    endloop
  endfacet
  facet normal -2.280254e-001  6.717528e-001 -7.048069e-001
    outer loop
      vertex  8.404211e+001 -6.273772e+001  1.380000e+001
      vertex  8.331619e+001 -6.193493e+001  1.480000e+001
      vertex  8.386120e+001 -6.174993e+001  1.480000e+001
    endloop
  endfacet
  facet normal -1.500327e-001  6.896774e-001 -7.084032e-001
    outer loop
      vertex  8.404211e+001 -6.273772e+001  1.380000e+001
      vertex  8.386120e+001 -6.174993e+001  1.480000e+001
      vertex  8.451613e+001 -6.263461e+001  1.380000e+001
    endloop
  endfacet
  facet normal -3.139881e-001  6.366998e-001 -7.042904e-001
    outer loop
      vertex  8.358759e+001 -6.290725e+001  1.380000e+001
      vertex  8.280000e+001 -6.218949e+001  1.480000e+001
      vertex  8.331619e+001 -6.193493e+001  1.480000e+001
    endloop
  endfacet
  facet normal -2.463826e-001  6.605871e-001 -7.091689e-001
    outer loop
      vertex  8.358759e+001 -6.290725e+001  1.380000e+001
      vertex  8.331619e+001 -6.193493e+001  1.480000e+001
      vertex  8.404211e+001 -6.273772e+001  1.380000e+001
    endloop
  endfacet
  facet normal -3.945960e-001  5.905548e-001 -7.039453e-001
    outer loop
      vertex  8.316182e+001 -6.313974e+001  1.380000e+001
      vertex  8.232145e+001 -6.250925e+001  1.480000e+001
      vertex  8.280000e+001 -6.218949e+001  1.480000e+001
    endloop
  endfacet
  facet normal -3.376275e-001  6.183161e-001 -7.097132e-001
    outer loop
      vertex  8.316182e+001 -6.313974e+001  1.380000e+001
      vertex  8.280000e+001 -6.218949e+001  1.480000e+001
      vertex  8.358759e+001 -6.290725e+001  1.380000e+001
    endloop
  endfacet
  facet normal -4.684152e-001  5.341249e-001 -7.037739e-001
    outer loop
      vertex  8.277348e+001 -6.343045e+001  1.380000e+001
      vertex  8.188873e+001 -6.288873e+001  1.480000e+001
      vertex  8.232145e+001 -6.250925e+001  1.480000e+001
    endloop
  endfacet
  facet normal -4.219914e-001  5.637073e-001 -7.100404e-001
    outer loop
      vertex  8.277348e+001 -6.343045e+001  1.380000e+001
      vertex  8.232145e+001 -6.250925e+001  1.480000e+001
      vertex  8.316182e+001 -6.313974e+001  1.380000e+001
    endloop
  endfacet
  facet normal -5.341254e-001  4.684162e-001 -7.037729e-001
    outer loop
      vertex  8.243045e+001 -6.377347e+001  1.380000e+001
      vertex  8.150925e+001 -6.332145e+001  1.480000e+001
      vertex  8.188873e+001 -6.288873e+001  1.480000e+001
    endloop
  endfacet
  facet normal -4.978366e-001  4.978422e-001 -7.101491e-001
    outer loop
      vertex  8.243045e+001 -6.377347e+001  1.380000e+001
      vertex  8.188873e+001 -6.288873e+001  1.480000e+001
      vertex  8.277348e+001 -6.343045e+001  1.380000e+001
    endloop
  endfacet
  facet normal -5.905548e-001  3.945945e-001 -7.039462e-001
    outer loop
      vertex  8.213974e+001 -6.416182e+001  1.380000e+001
      vertex  8.118949e+001 -6.380000e+001  1.480000e+001
      vertex  8.150925e+001 -6.332145e+001  1.480000e+001
    endloop
  endfacet
  facet normal -5.637119e-001  4.219852e-001 -7.100403e-001
    outer loop
      vertex  8.213974e+001 -6.416182e+001  1.380000e+001
      vertex  8.150925e+001 -6.332145e+001  1.480000e+001
      vertex  8.243045e+001 -6.377347e+001  1.380000e+001
    endloop
  endfacet
  facet normal -6.366990e-001  3.139901e-001 -7.042902e-001
    outer loop
      vertex  8.190725e+001 -6.458759e+001  1.380000e+001
      vertex  8.093493e+001 -6.431619e+001  1.480000e+001
      vertex  8.118949e+001 -6.380000e+001  1.480000e+001
    endloop
  endfacet
  facet normal -6.183136e-001  3.376316e-001 -7.097135e-001
    outer loop
      vertex  8.190725e+001 -6.458759e+001  1.380000e+001
      vertex  8.118949e+001 -6.380000e+001  1.480000e+001
      vertex  8.213974e+001 -6.416182e+001  1.380000e+001
    endloop
  endfacet
  facet normal -6.717504e-001  2.280293e-001 -7.048078e-001
    outer loop
      vertex  8.173772e+001 -6.504211e+001  1.380000e+001
      vertex  8.074992e+001 -6.486120e+001  1.480000e+001
      vertex  8.093493e+001 -6.431619e+001  1.480000e+001
    endloop
  endfacet
  facet normal -6.605871e-001  2.463826e-001 -7.091689e-001
    outer loop
      vertex  8.173772e+001 -6.504211e+001  1.380000e+001
      vertex  8.093493e+001 -6.431619e+001  1.480000e+001
      vertex  8.190725e+001 -6.458759e+001  1.380000e+001
    endloop
  endfacet
  facet normal -6.950988e-001  1.382625e-001 -7.054935e-001
    outer loop
      vertex  8.163461e+001 -6.551613e+001  1.380000e+001
      vertex  8.063764e+001 -6.542568e+001  1.480000e+001
      vertex  8.074992e+001 -6.486120e+001  1.480000e+001
    endloop
  endfacet
  facet normal -6.896761e-001  1.500324e-001 -7.084046e-001
    outer loop
      vertex  8.163461e+001 -6.551613e+001  1.380000e+001
      vertex  8.074992e+001 -6.486120e+001  1.480000e+001
      vertex  8.173772e+001 -6.504211e+001  1.380000e+001
    endloop
  endfacet
  facet normal  0.000000e+000  7.071068e-001 -7.071068e-001
    outer loop
      vertex  8.960000e+001 -6.260000e+001  1.380000e+001
      vertex  8.500000e+001 -6.260000e+001  1.380000e+001
      vertex  8.960000e+001 -6.160000e+001  1.480000e+001
    endloop
  endfacet
  facet normal  0.000000e+000  7.071068e-001 -7.071068e-001
    outer loop
      vertex  8.960000e+001 -6.160000e+001  1.480000e+001
      vertex  8.500000e+001 -6.260000e+001  1.380000e+001
      vertex  8.500000e+001 -6.160000e+001  1.480000e+001
    endloop
  endfacet
  facet normal -7.040628e-001  9.268790e-002 -7.040628e-001
    outer loop
      vertex  8.960000e+001 -6.160000e+001  1.480000e+001
      vertex  9.060000e+001 -6.160000e+001  1.380000e+001
      vertex  9.056593e+001 -6.185882e+001  1.380000e+001
    endloop
  endfacet
  facet normal -6.560822e-001  2.717557e-001 -7.040632e-001
    outer loop
      vertex  8.960000e+001 -6.160000e+001  1.480000e+001
      vertex  9.056593e+001 -6.185882e+001  1.380000e+001
      vertex  9.046603e+001 -6.210000e+001  1.380000e+001
    endloop
  endfacet
  facet normal -5.633884e-001  4.323061e-001 -7.040631e-001
    outer loop
      vertex  8.960000e+001 -6.160000e+001  1.480000e+001
      vertex  9.046603e+001 -6.210000e+001  1.380000e+001
      vertex  9.030711e+001 -6.230711e+001  1.380000e+001
    endloop
  endfacet
  facet normal -4.323061e-001  5.633884e-001 -7.040631e-001
    outer loop
      vertex  8.960000e+001 -6.160000e+001  1.480000e+001
      vertex  9.030711e+001 -6.230711e+001  1.380000e+001
      vertex  9.010000e+001 -6.246603e+001  1.380000e+001
    endloop
  endfacet
  facet normal -2.717557e-001  6.560822e-001 -7.040632e-001
    outer loop
      vertex  8.960000e+001 -6.160000e+001  1.480000e+001
      vertex  9.010000e+001 -6.246603e+001  1.380000e+001
      vertex  8.985882e+001 -6.256593e+001  1.380000e+001
    endloop
  endfacet
  facet normal -9.268790e-002  7.040628e-001 -7.040628e-001
    outer loop
      vertex  8.960000e+001 -6.160000e+001  1.480000e+001
      vertex  8.985882e+001 -6.256593e+001  1.380000e+001
      vertex  8.960000e+001 -6.260000e+001  1.380000e+001
    endloop
  endfacet
  facet normal -7.071068e-001  0.000000e+000 -7.071068e-001
    outer loop
      vertex  9.060000e+001 -6.160000e+001  1.380000e+001
      vertex  8.960000e+001 -6.160000e+001  1.480000e+001
      vertex  9.060000e+001 -8.400000e+000  1.380000e+001
    endloop
  endfacet
  facet normal -7.071068e-001  0.000000e+000 -7.071068e-001
    outer loop
      vertex  9.060000e+001 -8.400000e+000  1.380000e+001
      vertex  8.960000e+001 -6.160000e+001  1.480000e+001
      vertex  8.960000e+001 -8.400000e+000  1.480000e+001
    endloop
  endfacet
  facet normal -9.269178e-002 -7.040627e-001 -7.040624e-001
    outer loop
      vertex  8.960000e+001 -8.400000e+000  1.480000e+001
      vertex  8.960000e+001 -7.400000e+000  1.380000e+001
      vertex  8.985882e+001 -7.434074e+000  1.380000e+001
    endloop
  endfacet
  facet normal -2.717582e-001 -6.560820e-001 -7.040625e-001
    outer loop
      vertex  8.960000e+001 -8.400000e+000  1.480000e+001
      vertex  8.985882e+001 -7.434074e+000  1.380000e+001
      vertex  9.010000e+001 -7.533975e+000  1.380000e+001
    endloop
  endfacet
  facet normal -4.323031e-001 -5.633913e-001 -7.040625e-001
    outer loop
      vertex  8.960000e+001 -8.400000e+000  1.480000e+001
      vertex  9.010000e+001 -7.533975e+000  1.380000e+001
      vertex  9.030711e+001 -7.692893e+000  1.380000e+001
    endloop
  endfacet
  facet normal -5.633881e-001 -4.323068e-001 -7.040630e-001
    outer loop
      vertex  8.960000e+001 -8.400000e+000  1.480000e+001
      vertex  9.030711e+001 -7.692893e+000  1.380000e+001
      vertex  9.046603e+001 -7.900000e+000  1.380000e+001
    endloop
  endfacet
  facet normal -6.560825e-001 -2.717552e-001 -7.040632e-001
    outer loop
      vertex  8.960000e+001 -8.400000e+000  1.480000e+001
      vertex  9.046603e+001 -7.900000e+000  1.380000e+001
      vertex  9.056593e+001 -8.141181e+000  1.380000e+001
    endloop
  endfacet
  facet normal -7.040628e-001 -9.268825e-002 -7.040628e-001
    outer loop
      vertex  8.960000e+001 -8.400000e+000  1.480000e+001
      vertex  9.056593e+001 -8.141181e+000  1.380000e+001
      vertex  9.060000e+001 -8.400000e+000  1.380000e+001
    endloop
  endfacet
  facet normal  0.000000e+000 -7.071069e-001 -7.071066e-001
    outer loop
      vertex  8.960000e+001 -7.400000e+000  1.380000e+001
      vertex  8.960000e+001 -8.400000e+000  1.480000e+001
      vertex  8.500000e+001 -7.400000e+000  1.380000e+001
    endloop
  endfacet
  facet normal  0.000000e+000 -7.071069e-001 -7.071066e-001
    outer loop
      vertex  8.500000e+001 -7.400000e+000  1.380000e+001
      vertex  8.960000e+001 -8.400000e+000  1.480000e+001
      vertex  8.500000e+001 -8.400000e+000  1.480000e+001
    endloop
  endfacet
  facet normal -5.042266e-002 -7.049960e-001 -7.074165e-001
    outer loop
      vertex  8.500000e+001 -7.400000e+000  1.380000e+001
      vertex  8.442568e+001 -8.362357e+000  1.480000e+001
      vertex  8.451613e+001 -7.365393e+000  1.380000e+001
    endloop
  endfacet
  facet normal -4.629617e-002 -7.063488e-001 -7.063484e-001
    outer loop
      vertex  8.500000e+001 -7.400000e+000  1.380000e+001
      vertex  8.500000e+001 -8.400000e+000  1.480000e+001
      vertex  8.442568e+001 -8.362357e+000  1.480000e+001
    endloop
  endfacet
  facet normal -7.063485e-001 -4.629755e-002 -7.063485e-001
    outer loop
      vertex  8.160000e+001 -4.000000e+000  1.380000e+001
      vertex  8.063764e+001 -4.574315e+000  1.480000e+001
      vertex  8.060000e+001 -4.000000e+000  1.480000e+001
    endloop
  endfacet
  facet normal -7.049965e-001 -5.042210e-002 -7.074162e-001
    outer loop
      vertex  8.160000e+001 -4.000000e+000  1.380000e+001
      vertex  8.163461e+001 -4.483871e+000  1.380000e+001
      vertex  8.063764e+001 -4.574315e+000  1.480000e+001
    endloop
  endfacet
  facet normal -6.950991e-001 -1.382613e-001 -7.054935e-001
    outer loop
      vertex  8.163461e+001 -4.483871e+000  1.380000e+001
      vertex  8.074992e+001 -5.138804e+000  1.480000e+001
      vertex  8.063764e+001 -4.574315e+000  1.480000e+001
    endloop
  endfacet
  facet normal -6.717495e-001 -2.280302e-001 -7.048084e-001
    outer loop
      vertex  8.173772e+001 -4.957891e+000  1.380000e+001
      vertex  8.093493e+001 -5.683807e+000  1.480000e+001
      vertex  8.074992e+001 -5.138804e+000  1.480000e+001
    endloop
  endfacet
  facet normal -6.896756e-001 -1.500329e-001 -7.084049e-001
    outer loop
      vertex  8.173772e+001 -4.957891e+000  1.380000e+001
      vertex  8.074992e+001 -5.138804e+000  1.480000e+001
      vertex  8.163461e+001 -4.483871e+000  1.380000e+001
    endloop
  endfacet
  facet normal -6.366985e-001 -3.139901e-001 -7.042906e-001
    outer loop
      vertex  8.190725e+001 -5.412411e+000  1.380000e+001
      vertex  8.118949e+001 -6.200000e+000  1.480000e+001
      vertex  8.093493e+001 -5.683807e+000  1.480000e+001
    endloop
  endfacet
  facet normal -6.605867e-001 -2.463827e-001 -7.091691e-001
    outer loop
      vertex  8.190725e+001 -5.412411e+000  1.380000e+001
      vertex  8.093493e+001 -5.683807e+000  1.480000e+001
      vertex  8.173772e+001 -4.957891e+000  1.380000e+001
    endloop
  endfacet
  facet normal -5.905548e-001 -3.945941e-001 -7.039465e-001
    outer loop
      vertex  8.213974e+001 -5.838179e+000  1.380000e+001
      vertex  8.150925e+001 -6.678550e+000  1.480000e+001
      vertex  8.118949e+001 -6.200000e+000  1.480000e+001
    endloop
  endfacet
  facet normal -6.183138e-001 -3.376306e-001 -7.097138e-001
    outer loop
      vertex  8.213974e+001 -5.838179e+000  1.380000e+001
      vertex  8.118949e+001 -6.200000e+000  1.480000e+001
      vertex  8.190725e+001 -5.412411e+000  1.380000e+001
    endloop
  endfacet
  facet normal -5.341249e-001 -4.684163e-001 -7.037732e-001
    outer loop
      vertex  8.243045e+001 -6.226526e+000  1.380000e+001
      vertex  8.188873e+001 -7.111270e+000  1.480000e+001
      vertex  8.150925e+001 -6.678550e+000  1.480000e+001
    endloop
  endfacet
  facet normal -5.637118e-001 -4.219851e-001 -7.100406e-001
    outer loop
      vertex  8.243045e+001 -6.226526e+000  1.380000e+001
      vertex  8.150925e+001 -6.678550e+000  1.480000e+001
      vertex  8.213974e+001 -5.838179e+000  1.380000e+001
    endloop
  endfacet
  facet normal -4.684167e-001 -5.341232e-001 -7.037742e-001
    outer loop
      vertex  8.277348e+001 -6.569549e+000  1.380000e+001
      vertex  8.232145e+001 -7.490755e+000  1.480000e+001
      vertex  8.188873e+001 -7.111270e+000  1.480000e+001
    endloop
  endfacet
  facet normal -4.978372e-001 -4.978414e-001 -7.101492e-001
    outer loop
      vertex  8.277348e+001 -6.569549e+000  1.380000e+001
      vertex  8.188873e+001 -7.111270e+000  1.480000e+001
      vertex  8.243045e+001 -6.226526e+000  1.380000e+001
    endloop
  endfacet
  facet normal -3.945937e-001 -5.905557e-001 -7.039458e-001
    outer loop
      vertex  8.316182e+001 -6.860262e+000  1.380000e+001
      vertex  8.280000e+001 -7.810512e+000  1.480000e+001
      vertex  8.232145e+001 -7.490755e+000  1.480000e+001
    endloop
  endfacet
  facet normal -4.219900e-001 -5.637073e-001 -7.100412e-001
    outer loop
      vertex  8.316182e+001 -6.860262e+000  1.380000e+001
      vertex  8.232145e+001 -7.490755e+000  1.480000e+001
      vertex  8.277348e+001 -6.569549e+000  1.380000e+001
    endloop
  endfacet
  facet normal -3.139879e-001 -6.366995e-001 -7.042906e-001
    outer loop
      vertex  8.358759e+001 -7.092749e+000  1.380000e+001
      vertex  8.331619e+001 -8.065070e+000  1.480000e+001
      vertex  8.280000e+001 -7.810512e+000  1.480000e+001
    endloop
  endfacet
  facet normal -3.376273e-001 -6.183158e-001 -7.097135e-001
    outer loop
      vertex  8.358759e+001 -7.092749e+000  1.380000e+001
      vertex  8.280000e+001 -7.810512e+000  1.480000e+001
      vertex  8.316182e+001 -6.860262e+000  1.380000e+001
    endloop
  endfacet
  facet normal -2.280275e-001 -6.717520e-001 -7.048068e-001
    outer loop
      vertex  8.404211e+001 -7.262276e+000  1.380000e+001
      vertex  8.386120e+001 -8.250073e+000  1.480000e+001
      vertex  8.331619e+001 -8.065070e+000  1.480000e+001
    endloop
  endfacet
  facet normal -2.463856e-001 -6.605857e-001 -7.091690e-001
    outer loop
      vertex  8.404211e+001 -7.262276e+000  1.380000e+001
      vertex  8.331619e+001 -8.065070e+000  1.480000e+001
      vertex  8.358759e+001 -7.092749e+000  1.380000e+001
    endloop
  endfacet
  facet normal -1.382648e-001 -6.950982e-001 -7.054937e-001
    outer loop
      vertex  8.451613e+001 -7.365393e+000  1.380000e+001
      vertex  8.442568e+001 -8.362357e+000  1.480000e+001
      vertex  8.386120e+001 -8.250073e+000  1.480000e+001
    endloop
  endfacet
  facet normal -1.500293e-001 -6.896780e-001 -7.084035e-001
    outer loop
      vertex  8.451613e+001 -7.365393e+000  1.380000e+001
      vertex  8.386120e+001 -8.250073e+000  1.480000e+001
      vertex  8.404211e+001 -7.262276e+000  1.380000e+001
    endloop
  endfacet
  facet normal -7.071068e-001  0.000000e+000 -7.071068e-001
    outer loop
      vertex  8.160000e+001 -4.000000e+000  1.380000e+001
      vertex  8.060000e+001 -4.000000e+000  1.480000e+001
      vertex  8.160000e+001 -4.000000e-001  1.380000e+001
    endloop
  endfacet
  facet normal -7.071068e-001  0.000000e+000 -7.071068e-001
    outer loop
      vertex  8.160000e+001 -4.000000e-001  1.380000e+001
      vertex  8.060000e+001 -4.000000e+000  1.480000e+001
      vertex  8.060000e+001 -4.000000e-001  1.480000e+001
    endloop
  endfacet
  facet normal -9.269145e-002 -7.040626e-001 -7.040626e-001
    outer loop
      vertex  8.060000e+001 -4.000000e-001  1.480000e+001
      vertex  8.060000e+001  6.000000e-001  1.380000e+001
      vertex  8.085882e+001  5.659258e-001  1.380000e+001
    endloop
  endfacet
  facet normal -2.717585e-001 -6.560816e-001 -7.040626e-001
    outer loop
      vertex  8.060000e+001 -4.000000e-001  1.480000e+001
      vertex  8.085882e+001  5.659258e-001  1.380000e+001
      vertex  8.110000e+001  4.660254e-001  1.380000e+001
    endloop
  endfacet
  facet normal -4.323035e-001 -5.633910e-001 -7.040626e-001
    outer loop
      vertex  8.060000e+001 -4.000000e-001  1.480000e+001
      vertex  8.110000e+001  4.660254e-001  1.380000e+001
      vertex  8.130711e+001  3.071068e-001  1.380000e+001
    endloop
  endfacet
  facet normal -5.633878e-001 -4.323072e-001 -7.040631e-001
    outer loop
      vertex  8.060000e+001 -4.000000e-001  1.480000e+001
      vertex  8.130711e+001  3.071068e-001  1.380000e+001
      vertex  8.146603e+001  1.000000e-001  1.380000e+001
    endloop
  endfacet
  facet normal -6.560823e-001 -2.717551e-001 -7.040632e-001
    outer loop
      vertex  8.060000e+001 -4.000000e-001  1.480000e+001
      vertex  8.146603e+001  1.000000e-001  1.380000e+001
      vertex  8.156593e+001 -1.411810e-001  1.380000e+001
    endloop
  endfacet
  facet normal -7.040628e-001 -9.268809e-002 -7.040628e-001
    outer loop
      vertex  8.060000e+001 -4.000000e-001  1.480000e+001
      vertex  8.156593e+001 -1.411810e-001  1.380000e+001
      vertex  8.160000e+001 -4.000000e-001  1.380000e+001
    endloop
  endfacet
  facet normal  -0.000000e+000 -7.071068e-001 -7.071068e-001
    outer loop
      vertex  9.400000e+000  6.000000e-001  1.380000e+001
      vertex  8.060000e+001  6.000000e-001  1.380000e+001
      vertex  9.400000e+000 -4.000000e-001  1.480000e+001
    endloop
  endfacet
  facet normal  0.000000e+000 -7.071068e-001 -7.071068e-001
    outer loop
      vertex  9.400000e+000 -4.000000e-001  1.480000e+001
      vertex  8.060000e+001  6.000000e-001  1.380000e+001
      vertex  8.060000e+001 -4.000000e-001  1.480000e+001
    endloop
  endfacet
  facet normal  7.040625e-001 -9.269325e-002 -7.040625e-001
    outer loop
      vertex  9.400000e+000 -4.000000e-001  1.480000e+001
      vertex  8.400000e+000 -4.000000e-001  1.380000e+001
      vertex  8.434074e+000 -1.411810e-001  1.380000e+001
    endloop
  endfacet
  facet normal  6.560822e-001 -2.717577e-001 -7.040624e-001
    outer loop
      vertex  9.400000e+000 -4.000000e-001  1.480000e+001
      vertex  8.434074e+000 -1.411810e-001  1.380000e+001
      vertex  8.533975e+000  1.000000e-001  1.380000e+001
    endloop
  endfacet
  facet normal  5.633907e-001 -4.323042e-001 -7.040625e-001
    outer loop
      vertex  9.400000e+000 -4.000000e-001  1.480000e+001
      vertex  8.533975e+000  1.000000e-001  1.380000e+001
      vertex  8.692893e+000  3.071068e-001  1.380000e+001
    endloop
  endfacet
  facet normal  4.323048e-001 -5.633901e-001 -7.040626e-001
    outer loop
      vertex  9.400000e+000 -4.000000e-001  1.480000e+001
      vertex  8.692893e+000  3.071068e-001  1.380000e+001
      vertex  8.900000e+000  4.660254e-001  1.380000e+001
    endloop
  endfacet
  facet normal  2.717576e-001 -6.560820e-001 -7.040625e-001
    outer loop
      vertex  9.400000e+000 -4.000000e-001  1.480000e+001
      vertex  8.900000e+000  4.660254e-001  1.380000e+001
      vertex  9.141181e+000  5.659258e-001  1.380000e+001
    endloop
  endfacet
  facet normal  9.269178e-002 -7.040626e-001 -7.040626e-001
    outer loop
      vertex  9.400000e+000 -4.000000e-001  1.480000e+001
      vertex  9.141181e+000  5.659258e-001  1.380000e+001
      vertex  9.400000e+000  6.000000e-001  1.380000e+001
    endloop
  endfacet
  facet normal  7.071068e-001  0.000000e+000 -7.071068e-001
    outer loop
      vertex  8.400000e+000 -4.000000e+000  1.380000e+001
      vertex  8.400000e+000 -4.000000e-001  1.380000e+001
      vertex  9.400000e+000 -4.000000e+000  1.480000e+001
    endloop
  endfacet
  facet normal  7.071068e-001  0.000000e+000 -7.071068e-001
    outer loop
      vertex  9.400000e+000 -4.000000e+000  1.480000e+001
      vertex  8.400000e+000 -4.000000e-001  1.380000e+001
      vertex  9.400000e+000 -4.000000e-001  1.480000e+001
    endloop
  endfacet
  facet normal  7.049961e-001 -5.042207e-002 -7.074164e-001
    outer loop
      vertex  8.400000e+000 -4.000000e+000  1.380000e+001
      vertex  9.362357e+000 -4.574316e+000  1.480000e+001
      vertex  8.365393e+000 -4.483871e+000  1.380000e+001
    endloop
  endfacet
  facet normal  7.063487e-001 -4.629635e-002 -7.063487e-001
    outer loop
      vertex  8.400000e+000 -4.000000e+000  1.380000e+001
      vertex  9.400000e+000 -4.000000e+000  1.480000e+001
      vertex  9.362357e+000 -4.574316e+000  1.480000e+001
    endloop
  endfacet
  facet normal  4.629640e-002 -7.063487e-001 -7.063484e-001
    outer loop
      vertex  5.000000e+000 -7.400000e+000  1.380000e+001
      vertex  5.574315e+000 -8.362357e+000  1.480000e+001
      vertex  5.000000e+000 -8.400000e+000  1.480000e+001
    endloop
  endfacet
  facet normal  5.042276e-002 -7.049960e-001 -7.074165e-001
    outer loop
      vertex  5.000000e+000 -7.400000e+000  1.380000e+001
      vertex  5.483871e+000 -7.365393e+000  1.380000e+001
      vertex  5.574315e+000 -8.362357e+000  1.480000e+001
    endloop
  endfacet
  facet normal  1.382636e-001 -6.950985e-001 -7.054937e-001
    outer loop
      vertex  5.483871e+000 -7.365393e+000  1.380000e+001
      vertex  6.138804e+000 -8.250073e+000  1.480000e+001
      vertex  5.574315e+000 -8.362357e+000  1.480000e+001
    endloop
  endfacet
  facet normal  2.280284e-001 -6.717511e-001 -7.048073e-001
    outer loop
      vertex  5.957891e+000 -7.262276e+000  1.380000e+001
      vertex  6.683807e+000 -8.065070e+000  1.480000e+001
      vertex  6.138804e+000 -8.250073e+000  1.480000e+001
    endloop
  endfacet
  facet normal  1.500298e-001 -6.896774e-001 -7.084039e-001
    outer loop
      vertex  5.957891e+000 -7.262276e+000  1.380000e+001
      vertex  6.138804e+000 -8.250073e+000  1.480000e+001
      vertex  5.483871e+000 -7.365393e+000  1.380000e+001
    endloop
  endfacet
  facet normal  3.139861e-001 -6.366998e-001 -7.042913e-001
    outer loop
      vertex  6.412411e+000 -7.092749e+000  1.380000e+001
      vertex  7.200000e+000 -7.810512e+000  1.480000e+001
      vertex  6.683807e+000 -8.065070e+000  1.480000e+001
    endloop
  endfacet
  facet normal  2.463857e-001 -6.605853e-001 -7.091694e-001
    outer loop
      vertex  6.412411e+000 -7.092749e+000  1.380000e+001
      vertex  6.683807e+000 -8.065070e+000  1.480000e+001
      vertex  5.957891e+000 -7.262276e+000  1.380000e+001
    endloop
  endfacet
  facet normal  3.945952e-001 -5.905539e-001 -7.039465e-001
    outer loop
      vertex  6.838179e+000 -6.860262e+000  1.380000e+001
      vertex  7.678550e+000 -7.490755e+000  1.480000e+001
      vertex  7.200000e+000 -7.810512e+000  1.480000e+001
    endloop
  endfacet
  facet normal  3.376260e-001 -6.183156e-001 -7.097144e-001
    outer loop
      vertex  6.838179e+000 -6.860262e+000  1.380000e+001
      vertex  7.200000e+000 -7.810512e+000  1.480000e+001
      vertex  6.412411e+000 -7.092749e+000  1.380000e+001
    endloop
  endfacet
  facet normal  4.684148e-001 -5.341252e-001 -7.037740e-001
    outer loop
      vertex  7.226526e+000 -6.569549e+000  1.380000e+001
      vertex  8.111270e+000 -7.111270e+000  1.480000e+001
      vertex  7.678550e+000 -7.490755e+000  1.480000e+001
    endloop
  endfacet
  facet normal  4.219875e-001 -5.637094e-001 -7.100410e-001
    outer loop
      vertex  7.226526e+000 -6.569549e+000  1.380000e+001
      vertex  7.678550e+000 -7.490755e+000  1.480000e+001
      vertex  6.838179e+000 -6.860262e+000  1.380000e+001
    endloop
  endfacet
  facet normal  5.341249e-001 -4.684151e-001 -7.037741e-001
    outer loop
      vertex  7.569549e+000 -6.226526e+000  1.380000e+001
      vertex  8.490755e+000 -6.678550e+000  1.480000e+001
      vertex  8.111270e+000 -7.111270e+000  1.480000e+001
    endloop
  endfacet
  facet normal  4.978389e-001 -4.978389e-001 -7.101498e-001
    outer loop
      vertex  7.569549e+000 -6.226526e+000  1.380000e+001
      vertex  8.111270e+000 -7.111270e+000  1.480000e+001
      vertex  7.226526e+000 -6.569549e+000  1.380000e+001
    endloop
  endfacet
  facet normal  5.905539e-001 -3.945951e-001 -7.039467e-001
    outer loop
      vertex  7.860262e+000 -5.838179e+000  1.380000e+001
      vertex  8.810512e+000 -6.200000e+000  1.480000e+001
      vertex  8.490755e+000 -6.678550e+000  1.480000e+001
    endloop
  endfacet
  facet normal  5.637093e-001 -4.219874e-001 -7.100412e-001
    outer loop
      vertex  7.860262e+000 -5.838179e+000  1.380000e+001
      vertex  8.490755e+000 -6.678550e+000  1.480000e+001
      vertex  7.569549e+000 -6.226526e+000  1.380000e+001
    endloop
  endfacet
  facet normal  6.366997e-001 -3.139860e-001 -7.042913e-001
    outer loop
      vertex  8.092749e+000 -5.412411e+000  1.380000e+001
      vertex  9.065070e+000 -5.683807e+000  1.480000e+001
      vertex  8.810512e+000 -6.200000e+000  1.480000e+001
    endloop
  endfacet
  facet normal  6.183155e-001 -3.376260e-001 -7.097145e-001
    outer loop
      vertex  8.092749e+000 -5.412411e+000  1.380000e+001
      vertex  8.810512e+000 -6.200000e+000  1.480000e+001
      vertex  7.860262e+000 -5.838179e+000  1.380000e+001
    endloop
  endfacet
  facet normal  6.717511e-001 -2.280282e-001 -7.048075e-001
    outer loop
      vertex  8.262276e+000 -4.957891e+000  1.380000e+001
      vertex  9.250073e+000 -5.138804e+000  1.480000e+001
      vertex  9.065070e+000 -5.683807e+000  1.480000e+001
    endloop
  endfacet
  facet normal  6.605855e-001 -2.463851e-001 -7.091694e-001
    outer loop
      vertex  8.262276e+000 -4.957891e+000  1.380000e+001
      vertex  9.065070e+000 -5.683807e+000  1.480000e+001
      vertex  8.092749e+000 -5.412411e+000  1.380000e+001
    endloop
  endfacet
  facet normal  6.950984e-001 -1.382636e-001 -7.054936e-001
    outer loop
      vertex  8.365393e+000 -4.483871e+000  1.380000e+001
      vertex  9.362357e+000 -4.574316e+000  1.480000e+001
      vertex  9.250073e+000 -5.138804e+000  1.480000e+001
    endloop
  endfacet
  facet normal  6.896771e-001 -1.500304e-001 -7.084041e-001
    outer loop
      vertex  8.365393e+000 -4.483871e+000  1.380000e+001
      vertex  9.250073e+000 -5.138804e+000  1.480000e+001
      vertex  8.262276e+000 -4.957891e+000  1.380000e+001
    endloop
  endfacet
  facet normal  0.000000e+000 -7.071069e-001 -7.071066e-001
    outer loop
      vertex  5.000000e+000 -7.400000e+000  1.380000e+001
      vertex  5.000000e+000 -8.400000e+000  1.480000e+001
      vertex  4.000000e-001 -7.400000e+000  1.380000e+001
    endloop
  endfacet
  facet normal  0.000000e+000 -7.071069e-001 -7.071066e-001
    outer loop
      vertex  4.000000e-001 -7.400000e+000  1.380000e+001
      vertex  5.000000e+000 -8.400000e+000  1.480000e+001
      vertex  4.000000e-001 -8.400000e+000  1.480000e+001
    endloop
  endfacet
  facet normal  7.040626e-001 -9.269178e-002 -7.040626e-001
    outer loop
      vertex  4.000000e-001 -8.400000e+000  1.480000e+001
      vertex -6.000000e-001 -8.400000e+000  1.380000e+001
      vertex -5.659258e-001 -8.141181e+000  1.380000e+001
    endloop
  endfacet
  facet normal  6.560819e-001 -2.717581e-001 -7.040625e-001
    outer loop
      vertex  4.000000e-001 -8.400000e+000  1.480000e+001
      vertex -5.659258e-001 -8.141181e+000  1.380000e+001
      vertex -4.660254e-001 -7.900000e+000  1.380000e+001
    endloop
  endfacet
  facet normal  5.633906e-001 -4.323042e-001 -7.040625e-001
    outer loop
      vertex  4.000000e-001 -8.400000e+000  1.480000e+001
      vertex -4.660254e-001 -7.900000e+000  1.380000e+001
      vertex -3.071068e-001 -7.692893e+000  1.380000e+001
    endloop
  endfacet
  facet normal  4.323042e-001 -5.633907e-001 -7.040625e-001
    outer loop
      vertex  4.000000e-001 -8.400000e+000  1.480000e+001
      vertex -3.071068e-001 -7.692893e+000  1.380000e+001
      vertex -1.000000e-001 -7.533975e+000  1.380000e+001
    endloop
  endfacet
  facet normal  2.717577e-001 -6.560822e-001 -7.040624e-001
    outer loop
      vertex  4.000000e-001 -8.400000e+000  1.480000e+001
      vertex -1.000000e-001 -7.533975e+000  1.380000e+001
      vertex  1.411810e-001 -7.434074e+000  1.380000e+001
    endloop
  endfacet
  facet normal  9.269198e-002 -7.040627e-001 -7.040624e-001
    outer loop
      vertex  4.000000e-001 -8.400000e+000  1.480000e+001
      vertex  1.411810e-001 -7.434074e+000  1.380000e+001
      vertex  4.000000e-001 -7.400000e+000  1.380000e+001
    endloop
  endfacet
  facet normal  7.071068e-001  0.000000e+000 -7.071068e-001
    outer loop
      vertex -6.000000e-001 -8.400000e+000  1.380000e+001
      vertex  4.000000e-001 -8.400000e+000  1.480000e+001
      vertex -6.000000e-001 -6.160000e+001  1.380000e+001
    endloop
  endfacet
  facet normal  7.071068e-001  0.000000e+000 -7.071068e-001
    outer loop
      vertex -6.000000e-001 -6.160000e+001  1.380000e+001
      vertex  4.000000e-001 -8.400000e+000  1.480000e+001
      vertex  4.000000e-001 -6.160000e+001  1.480000e+001
    endloop
  endfacet
  facet normal  9.268809e-002  7.040628e-001 -7.040628e-001
    outer loop
      vertex  4.000000e-001 -6.160000e+001  1.480000e+001
      vertex  4.000000e-001 -6.260000e+001  1.380000e+001
      vertex  1.411810e-001 -6.256593e+001  1.380000e+001
    endloop
  endfacet
  facet normal  2.717551e-001  6.560823e-001 -7.040632e-001
    outer loop
      vertex  4.000000e-001 -6.160000e+001  1.480000e+001
      vertex  1.411810e-001 -6.256593e+001  1.380000e+001
      vertex -1.000000e-001 -6.246603e+001  1.380000e+001
    endloop
  endfacet
  facet normal  4.323072e-001  5.633878e-001 -7.040631e-001
    outer loop
      vertex  4.000000e-001 -6.160000e+001  1.480000e+001
      vertex -1.000000e-001 -6.246603e+001  1.380000e+001
      vertex -3.071068e-001 -6.230711e+001  1.380000e+001
    endloop
  endfacet
  facet normal  5.633910e-001  4.323035e-001 -7.040626e-001
    outer loop
      vertex  4.000000e-001 -6.160000e+001  1.480000e+001
      vertex -3.071068e-001 -6.230711e+001  1.380000e+001
      vertex -4.660254e-001 -6.210000e+001  1.380000e+001
    endloop
  endfacet
  facet normal  6.560816e-001  2.717585e-001 -7.040626e-001
    outer loop
      vertex  4.000000e-001 -6.160000e+001  1.480000e+001
      vertex -4.660254e-001 -6.210000e+001  1.380000e+001
      vertex -5.659258e-001 -6.185882e+001  1.380000e+001
    endloop
  endfacet
  facet normal  7.040626e-001  9.269145e-002 -7.040626e-001
    outer loop
      vertex  4.000000e-001 -6.160000e+001  1.480000e+001
      vertex -5.659258e-001 -6.185882e+001  1.380000e+001
      vertex -6.000000e-001 -6.160000e+001  1.380000e+001
    endloop
  endfacet
  facet normal  0.000000e+000  7.071067e-001 -7.071067e-001
    outer loop
      vertex  5.000000e+000 -6.260000e+001  1.380000e+001
      vertex  4.000000e-001 -6.260000e+001  1.380000e+001
      vertex  5.000000e+000 -6.160000e+001  1.480000e+001
    endloop
  endfacet
  facet normal  0.000000e+000  7.071067e-001 -7.071067e-001
    outer loop
      vertex  5.000000e+000 -6.160000e+001  1.480000e+001
      vertex  4.000000e-001 -6.260000e+001  1.380000e+001
      vertex  4.000000e-001 -6.160000e+001  1.480000e+001
    endloop
  endfacet
  facet normal  5.042209e-002  7.049965e-001 -7.074162e-001
    outer loop
      vertex  5.000000e+000 -6.260000e+001  1.380000e+001
      vertex  5.574316e+000 -6.163764e+001  1.480000e+001
      vertex  5.483871e+000 -6.263461e+001  1.380000e+001
    endloop
  endfacet
  facet normal  4.629752e-002  7.063486e-001 -7.063486e-001
    outer loop
      vertex  5.000000e+000 -6.260000e+001  1.380000e+001
      vertex  5.000000e+000 -6.160000e+001  1.480000e+001
      vertex  5.574316e+000 -6.163764e+001  1.480000e+001
    endloop
  endfacet
  facet normal  7.063487e-001  4.629616e-002 -7.063487e-001
    outer loop
      vertex  8.400000e+000 -6.600000e+001  1.380000e+001
      vertex  9.362357e+000 -6.542568e+001  1.480000e+001
      vertex  9.400000e+000 -6.600000e+001  1.480000e+001
    endloop
  endfacet
  facet normal  7.049961e-001  5.042197e-002 -7.074166e-001
    outer loop
      vertex  8.400000e+000 -6.600000e+001  1.380000e+001
      vertex  8.365393e+000 -6.551613e+001  1.380000e+001
      vertex  9.362357e+000 -6.542568e+001  1.480000e+001
    endloop
  endfacet
  facet normal  6.950982e-001  1.382648e-001 -7.054937e-001
    outer loop
      vertex  8.365393e+000 -6.551613e+001  1.380000e+001
      vertex  9.250073e+000 -6.486120e+001  1.480000e+001
      vertex  9.362357e+000 -6.542568e+001  1.480000e+001
    endloop
  endfacet
  facet normal  6.717519e-001  2.280275e-001 -7.048070e-001
    outer loop
      vertex  8.262276e+000 -6.504211e+001  1.380000e+001
      vertex  9.065070e+000 -6.431619e+001  1.480000e+001
      vertex  9.250073e+000 -6.486120e+001  1.480000e+001
    endloop
  endfacet
  facet normal  6.896777e-001  1.500300e-001 -7.084037e-001
    outer loop
      vertex  8.262276e+000 -6.504211e+001  1.380000e+001
      vertex  9.250073e+000 -6.486120e+001  1.480000e+001
      vertex  8.365393e+000 -6.551613e+001  1.380000e+001
    endloop
  endfacet
  facet normal  6.367002e-001  3.139860e-001 -7.042909e-001
    outer loop
      vertex  8.092749e+000 -6.458759e+001  1.380000e+001
      vertex  8.810512e+000 -6.380000e+001  1.480000e+001
      vertex  9.065070e+000 -6.431619e+001  1.480000e+001
    endloop
  endfacet
  facet normal  6.605859e-001  2.463850e-001 -7.091690e-001
    outer loop
      vertex  8.092749e+000 -6.458759e+001  1.380000e+001
      vertex  9.065070e+000 -6.431619e+001  1.480000e+001
      vertex  8.262276e+000 -6.504211e+001  1.380000e+001
    endloop
  endfacet
  facet normal  5.905541e-001  3.945952e-001 -7.039464e-001
    outer loop
      vertex  7.860262e+000 -6.416182e+001  1.380000e+001
      vertex  8.490755e+000 -6.332145e+001  1.480000e+001
      vertex  8.810512e+000 -6.380000e+001  1.480000e+001
    endloop
  endfacet
  facet normal  6.183153e-001  3.376270e-001 -7.097141e-001
    outer loop
      vertex  7.860262e+000 -6.416182e+001  1.380000e+001
      vertex  8.810512e+000 -6.380000e+001  1.480000e+001
      vertex  8.092749e+000 -6.458759e+001  1.380000e+001
    endloop
  endfacet
  facet normal  5.341253e-001  4.684150e-001 -7.037738e-001
    outer loop
      vertex  7.569549e+000 -6.377347e+001  1.380000e+001
      vertex  8.111270e+000 -6.288873e+001  1.480000e+001
      vertex  8.490755e+000 -6.332145e+001  1.480000e+001
    endloop
  endfacet
  facet normal  5.637096e-001  4.219876e-001 -7.100407e-001
    outer loop
      vertex  7.569549e+000 -6.377347e+001  1.380000e+001
      vertex  8.490755e+000 -6.332145e+001  1.480000e+001
      vertex  7.860262e+000 -6.416182e+001  1.380000e+001
    endloop
  endfacet
  facet normal  4.684134e-001  5.341269e-001 -7.037737e-001
    outer loop
      vertex  7.226526e+000 -6.343045e+001  1.380000e+001
      vertex  7.678550e+000 -6.250925e+001  1.480000e+001
      vertex  8.111270e+000 -6.288873e+001  1.480000e+001
    endloop
  endfacet
  facet normal  4.978383e-001  4.978397e-001 -7.101497e-001
    outer loop
      vertex  7.226526e+000 -6.343045e+001  1.380000e+001
      vertex  8.111270e+000 -6.288873e+001  1.480000e+001
      vertex  7.569549e+000 -6.377347e+001  1.380000e+001
    endloop
  endfacet
  facet normal  3.945978e-001  5.905527e-001 -7.039460e-001
    outer loop
      vertex  6.838179e+000 -6.313974e+001  1.380000e+001
      vertex  7.200000e+000 -6.218949e+001  1.480000e+001
      vertex  7.678550e+000 -6.250925e+001  1.480000e+001
    endloop
  endfacet
  facet normal  4.219888e-001  5.637094e-001 -7.100402e-001
    outer loop
      vertex  6.838179e+000 -6.313974e+001  1.380000e+001
      vertex  7.678550e+000 -6.250925e+001  1.480000e+001
      vertex  7.226526e+000 -6.343045e+001  1.380000e+001
    endloop
  endfacet
  facet normal  3.139862e-001  6.367000e-001 -7.042911e-001
    outer loop
      vertex  6.412411e+000 -6.290725e+001  1.380000e+001
      vertex  6.683807e+000 -6.193493e+001  1.480000e+001
      vertex  7.200000e+000 -6.218949e+001  1.480000e+001
    endloop
  endfacet
  facet normal  3.376261e-001  6.183157e-001 -7.097142e-001
    outer loop
      vertex  6.412411e+000 -6.290725e+001  1.380000e+001
      vertex  7.200000e+000 -6.218949e+001  1.480000e+001
      vertex  6.838179e+000 -6.313974e+001  1.380000e+001
    endloop
  endfacet
  facet normal  2.280261e-001  6.717519e-001 -7.048074e-001
    outer loop
      vertex  5.957891e+000 -6.273772e+001  1.380000e+001
      vertex  6.138804e+000 -6.174993e+001  1.480000e+001
      vertex  6.683807e+000 -6.193493e+001  1.480000e+001
    endloop
  endfacet
  facet normal  2.463827e-001  6.605866e-001 -7.091692e-001
    outer loop
      vertex  5.957891e+000 -6.273772e+001  1.380000e+001
      vertex  6.683807e+000 -6.193493e+001  1.480000e+001
      vertex  6.412411e+000 -6.290725e+001  1.380000e+001
    endloop
  endfacet
  facet normal  1.382660e-001  6.950984e-001 -7.054932e-001
    outer loop
      vertex  5.483871e+000 -6.263461e+001  1.380000e+001
      vertex  5.574316e+000 -6.163764e+001  1.480000e+001
      vertex  6.138804e+000 -6.174993e+001  1.480000e+001
    endloop
  endfacet
  facet normal  1.500332e-001  6.896769e-001 -7.084037e-001
    outer loop
      vertex  5.483871e+000 -6.263461e+001  1.380000e+001
      vertex  6.138804e+000 -6.174993e+001  1.480000e+001
      vertex  5.957891e+000 -6.273772e+001  1.380000e+001
    endloop
  endfacet
  facet normal  7.071068e-001  0.000000e+000 -7.071068e-001
    outer loop
      vertex  8.400000e+000 -6.960000e+001  1.380000e+001
      vertex  8.400000e+000 -6.600000e+001  1.380000e+001
      vertex  9.400000e+000 -6.960000e+001  1.480000e+001
    endloop
  endfacet
  facet normal  7.071068e-001  0.000000e+000 -7.071068e-001
    outer loop
      vertex  9.400000e+000 -6.960000e+001  1.480000e+001
      vertex  8.400000e+000 -6.600000e+001  1.380000e+001
      vertex  9.400000e+000 -6.600000e+001  1.480000e+001
    endloop
  endfacet
  facet normal  9.268825e-002  7.040628e-001 -7.040628e-001
    outer loop
      vertex  9.400000e+000 -6.960000e+001  1.480000e+001
      vertex  9.400000e+000 -7.060000e+001  1.380000e+001
      vertex  9.141181e+000 -7.056593e+001  1.380000e+001
    endloop
  endfacet
  facet normal  2.717547e-001  6.560826e-001 -7.040632e-001
    outer loop
      vertex  9.400000e+000 -6.960000e+001  1.480000e+001
      vertex  9.141181e+000 -7.056593e+001  1.380000e+001
      vertex  8.900000e+000 -7.046603e+001  1.380000e+001
    endloop
  endfacet
  facet normal  4.323074e-001  5.633875e-001 -7.040630e-001
    outer loop
      vertex  9.400000e+000 -6.960000e+001  1.480000e+001
      vertex  8.900000e+000 -7.046603e+001  1.380000e+001
      vertex  8.692893e+000 -7.030711e+001  1.380000e+001
    endloop
  endfacet
  facet normal  5.633913e-001  4.323031e-001 -7.040625e-001
    outer loop
      vertex  9.400000e+000 -6.960000e+001  1.480000e+001
      vertex  8.692893e+000 -7.030711e+001  1.380000e+001
      vertex  8.533975e+000 -7.010000e+001  1.380000e+001
    endloop
  endfacet
  facet normal  6.560820e-001  2.717582e-001 -7.040625e-001
    outer loop
      vertex  9.400000e+000 -6.960000e+001  1.480000e+001
      vertex  8.533975e+000 -7.010000e+001  1.380000e+001
      vertex  8.434074e+000 -6.985882e+001  1.380000e+001
    endloop
  endfacet
  facet normal  7.040625e-001  9.269305e-002 -7.040625e-001
    outer loop
      vertex  9.400000e+000 -6.960000e+001  1.480000e+001
      vertex  8.434074e+000 -6.985882e+001  1.380000e+001
      vertex  8.400000e+000 -6.960000e+001  1.380000e+001
    endloop
  endfacet
  facet normal  0.000000e+000  7.071068e-001 -7.071068e-001
    outer loop
      vertex  8.060000e+001 -7.060000e+001  1.380000e+001
      vertex  9.400000e+000 -7.060000e+001  1.380000e+001
      vertex  8.060000e+001 -6.960000e+001  1.480000e+001
    endloop
  endfacet
  facet normal  0.000000e+000  7.071068e-001 -7.071068e-001
    outer loop
      vertex  8.060000e+001 -6.960000e+001  1.480000e+001
      vertex  9.400000e+000 -7.060000e+001  1.380000e+001
      vertex  9.400000e+000 -6.960000e+001  1.480000e+001
    endloop
  endfacet
  facet normal -7.040628e-001  9.268790e-002 -7.040628e-001
    outer loop
      vertex  8.060000e+001 -6.960000e+001  1.480000e+001
      vertex  8.160000e+001 -6.960000e+001  1.380000e+001
      vertex  8.156593e+001 -6.985882e+001  1.380000e+001
    endloop
  endfacet
  facet normal -6.560822e-001  2.717557e-001 -7.040632e-001
    outer loop
      vertex  8.060000e+001 -6.960000e+001  1.480000e+001
      vertex  8.156593e+001 -6.985882e+001  1.380000e+001
      vertex  8.146603e+001 -7.010000e+001  1.380000e+001
    endloop
  endfacet
  facet normal -5.633884e-001  4.323061e-001 -7.040631e-001
    outer loop
      vertex  8.060000e+001 -6.960000e+001  1.480000e+001
      vertex  8.146603e+001 -7.010000e+001  1.380000e+001
      vertex  8.130711e+001 -7.030711e+001  1.380000e+001
    endloop
  endfacet
  facet normal -4.323061e-001  5.633884e-001 -7.040631e-001
    outer loop
      vertex  8.060000e+001 -6.960000e+001  1.480000e+001
      vertex  8.130711e+001 -7.030711e+001  1.380000e+001
      vertex  8.110000e+001 -7.046603e+001  1.380000e+001
    endloop
  endfacet
  facet normal -2.717557e-001  6.560822e-001 -7.040632e-001
    outer loop
      vertex  8.060000e+001 -6.960000e+001  1.480000e+001
      vertex  8.110000e+001 -7.046603e+001  1.380000e+001
      vertex  8.085882e+001 -7.056593e+001  1.380000e+001
    endloop
  endfacet
  facet normal -9.268790e-002  7.040628e-001 -7.040628e-001
    outer loop
      vertex  8.060000e+001 -6.960000e+001  1.480000e+001
      vertex  8.085882e+001 -7.056593e+001  1.380000e+001
      vertex  8.060000e+001 -7.060000e+001  1.380000e+001
    endloop
  endfacet
  facet normal -7.071068e-001  0.000000e+000 -7.071068e-001
    outer loop
      vertex  8.160000e+001 -6.960000e+001  1.380000e+001
      vertex  8.060000e+001 -6.960000e+001  1.480000e+001
      vertex  8.160000e+001 -6.600000e+001  1.380000e+001
    endloop
  endfacet
  facet normal -7.071068e-001  0.000000e+000 -7.071068e-001
    outer loop
      vertex  8.160000e+001 -6.600000e+001  1.380000e+001
      vertex  8.060000e+001 -6.960000e+001  1.480000e+001
      vertex  8.060000e+001 -6.600000e+001  1.480000e+001
    endloop
  endfacet
  facet normal -1.119785e-001 -9.937106e-001  -0.000000e+000
    outer loop
      vertex -6.000000e-001 -7.180000e+001 -3.700000e+000
      vertex -6.000000e-001 -7.180000e+001  1.500000e+001
      vertex -8.670251e-001 -7.176991e+001 -3.700000e+000
    endloop
  endfacet
  facet normal -1.119785e-001 -9.937106e-001  0.000000e+000
    outer loop
      vertex -8.670251e-001 -7.176991e+001 -3.700000e+000
      vertex -6.000000e-001 -7.180000e+001  1.500000e+001
      vertex -8.670251e-001 -7.176991e+001  1.500000e+001
    endloop
  endfacet
  facet normal -3.302853e-001 -9.438812e-001  -0.000000e+000
    outer loop
      vertex -8.670251e-001 -7.176991e+001 -3.700000e+000
      vertex -8.670251e-001 -7.176991e+001  1.500000e+001
      vertex -1.120661e+000 -7.168116e+001 -3.700000e+000
    endloop
  endfacet
  facet normal -3.302853e-001 -9.438812e-001  0.000000e+000
    outer loop
      vertex -1.120661e+000 -7.168116e+001 -3.700000e+000
      vertex -8.670251e-001 -7.176991e+001  1.500000e+001
      vertex -1.120661e+000 -7.168116e+001  1.500000e+001
    endloop
  endfacet
  facet normal -5.320181e-001 -8.467330e-001  -0.000000e+000
    outer loop
      vertex -1.120661e+000 -7.168116e+001 -3.700000e+000
      vertex -1.120661e+000 -7.168116e+001  1.500000e+001
      vertex -1.348188e+000 -7.153820e+001 -3.700000e+000
    endloop
  endfacet
  facet normal -5.320181e-001 -8.467330e-001  0.000000e+000
    outer loop
      vertex -1.348188e+000 -7.153820e+001 -3.700000e+000
      vertex -1.120661e+000 -7.168116e+001  1.500000e+001
      vertex -1.348188e+000 -7.153820e+001  1.500000e+001
    endloop
  endfacet
  facet normal -7.071070e-001 -7.071065e-001  -0.000000e+000
    outer loop
      vertex -1.348188e+000 -7.153820e+001 -3.700000e+000
      vertex -1.348188e+000 -7.153820e+001  1.500000e+001
      vertex -1.538198e+000 -7.134819e+001 -3.700000e+000
    endloop
  endfacet
  facet normal -7.071070e-001 -7.071065e-001  0.000000e+000
    outer loop
      vertex -1.538198e+000 -7.134819e+001 -3.700000e+000
      vertex -1.348188e+000 -7.153820e+001  1.500000e+001
      vertex -1.538198e+000 -7.134819e+001  1.500000e+001
    endloop
  endfacet
  facet normal -8.467286e-001 -5.320250e-001  -0.000000e+000
    outer loop
      vertex -1.538198e+000 -7.134819e+001 -3.700000e+000
      vertex -1.538198e+000 -7.134819e+001  1.500000e+001
      vertex -1.681163e+000 -7.112066e+001 -3.700000e+000
    endloop
  endfacet
  facet normal -8.467286e-001 -5.320250e-001  0.000000e+000
    outer loop
      vertex -1.681163e+000 -7.112066e+001 -3.700000e+000
      vertex -1.538198e+000 -7.134819e+001  1.500000e+001
      vertex -1.681163e+000 -7.112066e+001  1.500000e+001
    endloop
  endfacet
  facet normal -9.438817e-001 -3.302838e-001  -0.000000e+000
    outer loop
      vertex -1.681163e+000 -7.112066e+001 -3.700000e+000
      vertex -1.681163e+000 -7.112066e+001  1.500000e+001
      vertex -1.769914e+000 -7.086703e+001 -3.700000e+000
    endloop
  endfacet
  facet normal -9.438817e-001 -3.302838e-001  0.000000e+000
    outer loop
      vertex -1.769914e+000 -7.086703e+001 -3.700000e+000
      vertex -1.681163e+000 -7.112066e+001  1.500000e+001
      vertex -1.769914e+000 -7.086703e+001  1.500000e+001
    endloop
  endfacet
  facet normal -9.937125e-001 -1.119626e-001  -0.000000e+000
    outer loop
      vertex -1.769914e+000 -7.086703e+001 -3.700000e+000
      vertex -1.769914e+000 -7.086703e+001  1.500000e+001
      vertex -1.800000e+000 -7.060000e+001 -3.700000e+000
    endloop
  endfacet
  facet normal -9.937125e-001 -1.119626e-001  0.000000e+000
    outer loop
      vertex -1.800000e+000 -7.060000e+001 -3.700000e+000
      vertex -1.769914e+000 -7.086703e+001  1.500000e+001
      vertex -1.800000e+000 -7.060000e+001  1.500000e+001
    endloop
  endfacet
  facet normal  9.937108e-001 -1.119770e-001  0.000000e+000
    outer loop
      vertex  9.180000e+001 -7.060000e+001 -3.700000e+000
      vertex  9.180000e+001 -7.060000e+001  1.500000e+001
      vertex  9.176991e+001 -7.086703e+001 -3.700000e+000
    endloop
  endfacet
  facet normal  9.937108e-001 -1.119770e-001  0.000000e+000
    outer loop
      vertex  9.176991e+001 -7.086703e+001 -3.700000e+000
      vertex  9.180000e+001 -7.060000e+001  1.500000e+001
      vertex  9.176991e+001 -7.086703e+001  1.500000e+001
    endloop
  endfacet
  facet normal  9.438796e-001 -3.302897e-001  0.000000e+000
    outer loop
      vertex  9.176991e+001 -7.086703e+001 -3.700000e+000
      vertex  9.176991e+001 -7.086703e+001  1.500000e+001
      vertex  9.168116e+001 -7.112066e+001 -3.700000e+000
    endloop
  endfacet
  facet normal  9.438796e-001 -3.302897e-001  0.000000e+000
    outer loop
      vertex  9.168116e+001 -7.112066e+001 -3.700000e+000
      vertex  9.176991e+001 -7.086703e+001  1.500000e+001
      vertex  9.168116e+001 -7.112066e+001  1.500000e+001
    endloop
  endfacet
  facet normal  8.467374e-001 -5.320110e-001  0.000000e+000
    outer loop
      vertex  9.168116e+001 -7.112066e+001 -3.700000e+000
      vertex  9.168116e+001 -7.112066e+001  1.500000e+001
      vertex  9.153820e+001 -7.134819e+001 -3.700000e+000
    endloop
  endfacet
  facet normal  8.467374e-001 -5.320110e-001  0.000000e+000
    outer loop
      vertex  9.153820e+001 -7.134819e+001 -3.700000e+000
      vertex  9.168116e+001 -7.112066e+001  1.500000e+001
      vertex  9.153820e+001 -7.134819e+001  1.500000e+001
    endloop
  endfacet
  facet normal  7.071068e-001 -7.071068e-001  0.000000e+000
    outer loop
      vertex  9.153820e+001 -7.134819e+001 -3.700000e+000
      vertex  9.153820e+001 -7.134819e+001  1.500000e+001
      vertex  9.134819e+001 -7.153820e+001 -3.700000e+000
    endloop
  endfacet
  facet normal  7.071068e-001 -7.071068e-001  0.000000e+000
    outer loop
      vertex  9.134819e+001 -7.153820e+001 -3.700000e+000
      vertex  9.153820e+001 -7.134819e+001  1.500000e+001
      vertex  9.134819e+001 -7.153820e+001  1.500000e+001
    endloop
  endfacet
  facet normal  5.320110e-001 -8.467374e-001  0.000000e+000
    outer loop
      vertex  9.134819e+001 -7.153820e+001 -3.700000e+000
      vertex  9.134819e+001 -7.153820e+001  1.500000e+001
      vertex  9.112066e+001 -7.168116e+001 -3.700000e+000
    endloop
  endfacet
  facet normal  5.320110e-001 -8.467374e-001  0.000000e+000
    outer loop
      vertex  9.112066e+001 -7.168116e+001 -3.700000e+000
      vertex  9.134819e+001 -7.153820e+001  1.500000e+001
      vertex  9.112066e+001 -7.168116e+001  1.500000e+001
    endloop
  endfacet
  facet normal  3.302897e-001 -9.438796e-001  0.000000e+000
    outer loop
      vertex  9.112066e+001 -7.168116e+001 -3.700000e+000
      vertex  9.112066e+001 -7.168116e+001  1.500000e+001
      vertex  9.086703e+001 -7.176991e+001 -3.700000e+000
    endloop
  endfacet
  facet normal  3.302897e-001 -9.438796e-001  0.000000e+000
    outer loop
      vertex  9.086703e+001 -7.176991e+001 -3.700000e+000
      vertex  9.112066e+001 -7.168116e+001  1.500000e+001
      vertex  9.086703e+001 -7.176991e+001  1.500000e+001
    endloop
  endfacet
  facet normal  1.119770e-001 -9.937108e-001  0.000000e+000
    outer loop
      vertex  9.086703e+001 -7.176991e+001 -3.700000e+000
      vertex  9.086703e+001 -7.176991e+001  1.500000e+001
      vertex  9.060000e+001 -7.180000e+001 -3.700000e+000
    endloop
  endfacet
  facet normal  1.119770e-001 -9.937108e-001  0.000000e+000
    outer loop
      vertex  9.060000e+001 -7.180000e+001 -3.700000e+000
      vertex  9.086703e+001 -7.176991e+001  1.500000e+001
      vertex  9.060000e+001 -7.180000e+001  1.500000e+001
    endloop
  endfacet
  facet normal  1.119626e-001  9.937125e-001  0.000000e+000
    outer loop
      vertex  9.060000e+001  1.800000e+000 -3.700000e+000
      vertex  9.060000e+001  1.800000e+000  1.500000e+001
      vertex  9.086703e+001  1.769914e+000 -3.700000e+000
    endloop
  endfacet
  facet normal  1.119626e-001  9.937125e-001  -0.000000e+000
    outer loop
      vertex  9.086703e+001  1.769914e+000 -3.700000e+000
      vertex  9.060000e+001  1.800000e+000  1.500000e+001
      vertex  9.086703e+001  1.769914e+000  1.500000e+001
    endloop
  endfacet
  facet normal  3.302838e-001  9.438817e-001  0.000000e+000
    outer loop
      vertex  9.086703e+001  1.769914e+000 -3.700000e+000
      vertex  9.086703e+001  1.769914e+000  1.500000e+001
      vertex  9.112066e+001  1.681163e+000 -3.700000e+000
    endloop
  endfacet
  facet normal  3.302838e-001  9.438817e-001  -0.000000e+000
    outer loop
      vertex  9.112066e+001  1.681163e+000 -3.700000e+000
      vertex  9.086703e+001  1.769914e+000  1.500000e+001
      vertex  9.112066e+001  1.681163e+000  1.500000e+001
    endloop
  endfacet
  facet normal  5.320250e-001  8.467286e-001  0.000000e+000
    outer loop
      vertex  9.112066e+001  1.681163e+000 -3.700000e+000
      vertex  9.112066e+001  1.681163e+000  1.500000e+001
      vertex  9.134819e+001  1.538198e+000 -3.700000e+000
    endloop
  endfacet
  facet normal  5.320250e-001  8.467286e-001  -0.000000e+000
    outer loop
      vertex  9.134819e+001  1.538198e+000 -3.700000e+000
      vertex  9.112066e+001  1.681163e+000  1.500000e+001
      vertex  9.134819e+001  1.538198e+000  1.500000e+001
    endloop
  endfacet
  facet normal  7.071065e-001  7.071070e-001  0.000000e+000
    outer loop
      vertex  9.134819e+001  1.538198e+000 -3.700000e+000
      vertex  9.134819e+001  1.538198e+000  1.500000e+001
      vertex  9.153820e+001  1.348188e+000 -3.700000e+000
    endloop
  endfacet
  facet normal  7.071065e-001  7.071070e-001  -0.000000e+000
    outer loop
      vertex  9.153820e+001  1.348188e+000 -3.700000e+000
      vertex  9.134819e+001  1.538198e+000  1.500000e+001
      vertex  9.153820e+001  1.348188e+000  1.500000e+001
    endloop
  endfacet
  facet normal  8.467330e-001  5.320181e-001  0.000000e+000
    outer loop
      vertex  9.153820e+001  1.348188e+000 -3.700000e+000
      vertex  9.153820e+001  1.348188e+000  1.500000e+001
      vertex  9.168116e+001  1.120661e+000 -3.700000e+000
    endloop
  endfacet
  facet normal  8.467330e-001  5.320181e-001  -0.000000e+000
    outer loop
      vertex  9.168116e+001  1.120661e+000 -3.700000e+000
      vertex  9.153820e+001  1.348188e+000  1.500000e+001
      vertex  9.168116e+001  1.120661e+000  1.500000e+001
    endloop
  endfacet
  facet normal  9.438812e-001  3.302853e-001  0.000000e+000
    outer loop
      vertex  9.168116e+001  1.120661e+000 -3.700000e+000
      vertex  9.168116e+001  1.120661e+000  1.500000e+001
      vertex  9.176991e+001  8.670251e-001 -3.700000e+000
    endloop
  endfacet
  facet normal  9.438812e-001  3.302853e-001  -0.000000e+000
    outer loop
      vertex  9.176991e+001  8.670251e-001 -3.700000e+000
      vertex  9.168116e+001  1.120661e+000  1.500000e+001
      vertex  9.176991e+001  8.670251e-001  1.500000e+001
    endloop
  endfacet
  facet normal  9.937106e-001  1.119785e-001  0.000000e+000
    outer loop
      vertex  9.176991e+001  8.670251e-001 -3.700000e+000
      vertex  9.176991e+001  8.670251e-001  1.500000e+001
      vertex  9.180000e+001  6.000000e-001 -3.700000e+000
    endloop
  endfacet
  facet normal  9.937106e-001  1.119785e-001  -0.000000e+000
    outer loop
      vertex  9.180000e+001  6.000000e-001 -3.700000e+000
      vertex  9.176991e+001  8.670251e-001  1.500000e+001
      vertex  9.180000e+001  6.000000e-001  1.500000e+001
    endloop
  endfacet
  facet normal -9.937122e-001  1.119641e-001  0.000000e+000
    outer loop
      vertex -1.800000e+000  6.000000e-001 -3.700000e+000
      vertex -1.800000e+000  6.000000e-001  1.500000e+001
      vertex -1.769914e+000  8.670251e-001 -3.700000e+000
    endloop
  endfacet
  facet normal -9.937122e-001  1.119641e-001  0.000000e+000
    outer loop
      vertex -1.769914e+000  8.670251e-001 -3.700000e+000
      vertex -1.800000e+000  6.000000e-001  1.500000e+001
      vertex -1.769914e+000  8.670251e-001  1.500000e+001
    endloop
  endfacet
  facet normal -9.438832e-001  3.302794e-001  0.000000e+000
    outer loop
      vertex -1.769914e+000  8.670251e-001 -3.700000e+000
      vertex -1.769914e+000  8.670251e-001  1.500000e+001
      vertex -1.681163e+000  1.120661e+000 -3.700000e+000
    endloop
  endfacet
  facet normal -9.438832e-001  3.302794e-001  0.000000e+000
    outer loop
      vertex -1.681163e+000  1.120661e+000 -3.700000e+000
      vertex -1.769914e+000  8.670251e-001  1.500000e+001
      vertex -1.681163e+000  1.120661e+000  1.500000e+001
    endloop
  endfacet
  facet normal -8.467242e-001  5.320321e-001  0.000000e+000
    outer loop
      vertex -1.681163e+000  1.120661e+000 -3.700000e+000
      vertex -1.681163e+000  1.120661e+000  1.500000e+001
      vertex -1.538198e+000  1.348188e+000 -3.700000e+000
    endloop
  endfacet
  facet normal -8.467242e-001  5.320321e-001  0.000000e+000
    outer loop
      vertex -1.538198e+000  1.348188e+000 -3.700000e+000
      vertex -1.681163e+000  1.120661e+000  1.500000e+001
      vertex -1.538198e+000  1.348188e+000  1.500000e+001
    endloop
  endfacet
  facet normal -7.071068e-001  7.071068e-001  0.000000e+000
    outer loop
      vertex -1.538198e+000  1.348188e+000 -3.700000e+000
      vertex -1.538198e+000  1.348188e+000  1.500000e+001
      vertex -1.348188e+000  1.538198e+000 -3.700000e+000
    endloop
  endfacet
  facet normal -7.071068e-001  7.071068e-001  0.000000e+000
    outer loop
      vertex -1.348188e+000  1.538198e+000 -3.700000e+000
      vertex -1.538198e+000  1.348188e+000  1.500000e+001
      vertex -1.348188e+000  1.538198e+000  1.500000e+001
    endloop
  endfacet
  facet normal -5.320321e-001  8.467242e-001  0.000000e+000
    outer loop
      vertex -1.348188e+000  1.538198e+000 -3.700000e+000
      vertex -1.348188e+000  1.538198e+000  1.500000e+001
      vertex -1.120661e+000  1.681163e+000 -3.700000e+000
    endloop
  endfacet
  facet normal -5.320321e-001  8.467242e-001  0.000000e+000
    outer loop
      vertex -1.120661e+000  1.681163e+000 -3.700000e+000
      vertex -1.348188e+000  1.538198e+000  1.500000e+001
      vertex -1.120661e+000  1.681163e+000  1.500000e+001
    endloop
  endfacet
  facet normal -3.302794e-001  9.438832e-001  0.000000e+000
    outer loop
      vertex -1.120661e+000  1.681163e+000 -3.700000e+000
      vertex -1.120661e+000  1.681163e+000  1.500000e+001
      vertex -8.670251e-001  1.769914e+000 -3.700000e+000
    endloop
  endfacet
  facet normal -3.302794e-001  9.438832e-001  0.000000e+000
    outer loop
      vertex -8.670251e-001  1.769914e+000 -3.700000e+000
      vertex -1.120661e+000  1.681163e+000  1.500000e+001
      vertex -8.670251e-001  1.769914e+000  1.500000e+001
    endloop
  endfacet
  facet normal -1.119641e-001  9.937122e-001  0.000000e+000
    outer loop
      vertex -8.670251e-001  1.769914e+000 -3.700000e+000
      vertex -8.670251e-001  1.769914e+000  1.500000e+001
      vertex -6.000000e-001  1.800000e+000 -3.700000e+000
    endloop
  endfacet
  facet normal -1.119641e-001  9.937122e-001  0.000000e+000
    outer loop
      vertex -6.000000e-001  1.800000e+000 -3.700000e+000
      vertex -8.670251e-001  1.769914e+000  1.500000e+001
      vertex -6.000000e-001  1.800000e+000  1.500000e+001
    endloop
  endfacet
  facet normal  -0.000000e+000  0.000000e+000  9.999999e-001
    outer loop
      vertex  9.059998e+001  8.000000e-001  1.600000e+001
      vertex -6.000000e-001  8.000000e-001  1.600000e+001
      vertex  9.069999e+001  7.732100e-001  1.600000e+001
    endloop
  endfacet
  facet normal  0.000000e+000  0.000000e+000  9.999999e-001
    outer loop
      vertex  9.069999e+001  7.732100e-001  1.600000e+001
      vertex -6.000000e-001  8.000000e-001  1.600000e+001
      vertex -7.000042e-001  7.732027e-001  1.600000e+001
    endloop
  endfacet
  facet normal  -0.000000e+000  0.000000e+000  9.999999e-001
    outer loop
      vertex  9.069999e+001  7.732100e-001  1.600000e+001
      vertex -7.000042e-001  7.732027e-001  1.600000e+001
      vertex  9.077320e+001  7.000042e-001  1.600000e+001
    endloop
  endfacet
  facet normal  0.000000e+000  0.000000e+000  1.000000e+000
    outer loop
      vertex  9.077320e+001  7.000042e-001  1.600000e+001
      vertex -7.000042e-001  7.732027e-001  1.600000e+001
      vertex -7.732100e-001  6.999915e-001  1.600000e+001
    endloop
  endfacet
  facet normal  -0.000000e+000  0.000000e+000  1.000000e+000
    outer loop
      vertex  9.077320e+001  7.000042e-001  1.600000e+001
      vertex -7.732100e-001  6.999915e-001  1.600000e+001
      vertex  9.080000e+001  6.000000e-001  1.600000e+001
    endloop
  endfacet
  facet normal  0.000000e+000  0.000000e+000  1.000000e+000
    outer loop
      vertex  9.080000e+001  6.000000e-001  1.600000e+001
      vertex -7.732100e-001  6.999915e-001  1.600000e+001
      vertex -8.000000e-001  5.999853e-001  1.600000e+001
    endloop
  endfacet
  facet normal  -0.000000e+000  0.000000e+000  1.000000e+000
    outer loop
      vertex  9.080000e+001  6.000000e-001  1.600000e+001
      vertex -8.000000e-001  5.999853e-001  1.600000e+001
      vertex  9.080000e+001 -7.059998e+001  1.600000e+001
    endloop
  endfacet
  facet normal  0.000000e+000  0.000000e+000  1.000000e+000
    outer loop
      vertex  9.080000e+001 -7.059998e+001  1.600000e+001
      vertex -8.000000e-001  5.999853e-001  1.600000e+001
      vertex -8.000000e-001 -7.060000e+001  1.600000e+001
    endloop
  endfacet
  facet normal  -0.000000e+000  0.000000e+000  1.000000e+000
    outer loop
      vertex  9.080000e+001 -7.059998e+001  1.600000e+001
      vertex -8.000000e-001 -7.060000e+001  1.600000e+001
      vertex  9.077321e+001 -7.069999e+001  1.600000e+001
    endloop
  endfacet
  facet normal  0.000000e+000  0.000000e+000  1.000000e+000
    outer loop
      vertex  9.077321e+001 -7.069999e+001  1.600000e+001
      vertex -8.000000e-001 -7.060000e+001  1.600000e+001
      vertex -7.732027e-001 -7.070000e+001  1.600000e+001
    endloop
  endfacet
  facet normal  -0.000000e+000  0.000000e+000  9.999999e-001
    outer loop
      vertex  9.077321e+001 -7.069999e+001  1.600000e+001
      vertex -7.732027e-001 -7.070000e+001  1.600000e+001
      vertex  9.070000e+001 -7.077320e+001  1.600000e+001
    endloop
  endfacet
  facet normal  0.000000e+000  0.000000e+000  9.999999e-001
    outer loop
      vertex  9.070000e+001 -7.077320e+001  1.600000e+001
      vertex -7.732027e-001 -7.070000e+001  1.600000e+001
      vertex -6.999915e-001 -7.077321e+001  1.600000e+001
    endloop
  endfacet
  facet normal  -0.000000e+000  0.000000e+000  9.999999e-001
    outer loop
      vertex  9.070000e+001 -7.077320e+001  1.600000e+001
      vertex -6.999915e-001 -7.077321e+001  1.600000e+001
      vertex  9.060000e+001 -7.080000e+001  1.600000e+001
    endloop
  endfacet
  facet normal  0.000000e+000  0.000000e+000  1.000000e+000
    outer loop
      vertex  9.060000e+001 -7.080000e+001  1.600000e+001
      vertex -6.999915e-001 -7.077321e+001  1.600000e+001
      vertex -5.999853e-001 -7.080000e+001  1.600000e+001
    endloop
  endfacet
  facet normal  1.824248e-001  6.809847e-001  7.092116e-001
    outer loop
      vertex  9.069999e+001  7.732100e-001  1.600000e+001
      vertex  9.086703e+001  1.769914e+000  1.500000e+001
      vertex  9.059998e+001  8.000000e-001  1.600000e+001
    endloop
  endfacet
  facet normal  7.941870e-002  7.048727e-001  7.048738e-001
    outer loop
      vertex  9.086703e+001  1.769914e+000  1.500000e+001
      vertex  9.060000e+001  1.800000e+000  1.500000e+001
      vertex  9.059998e+001  8.000000e-001  1.600000e+001
    endloop
  endfacet
  facet normal  6.009514e-001  3.775889e-001  7.044743e-001
    outer loop
      vertex  9.168116e+001  1.120661e+000  1.500000e+001
      vertex  9.153820e+001  1.348188e+000  1.500000e+001
      vertex  9.077320e+001  7.000042e-001  1.600000e+001
    endloop
  endfacet
  facet normal  3.775937e-001  6.009480e-001  7.044746e-001
    outer loop
      vertex  9.134819e+001  1.538198e+000  1.500000e+001
      vertex  9.112066e+001  1.681163e+000  1.500000e+001
      vertex  9.069999e+001  7.732100e-001  1.600000e+001
    endloop
  endfacet
  facet normal  5.001603e-001  5.002006e-001  7.068515e-001
    outer loop
      vertex  9.077320e+001  7.000042e-001  1.600000e+001
      vertex  9.134819e+001  1.538198e+000  1.500000e+001
      vertex  9.069999e+001  7.732100e-001  1.600000e+001
    endloop
  endfacet
  facet normal  5.001821e-001  5.001824e-001  7.068490e-001
    outer loop
      vertex  9.153820e+001  1.348188e+000  1.500000e+001
      vertex  9.134819e+001  1.538198e+000  1.500000e+001
      vertex  9.077320e+001  7.000042e-001  1.600000e+001
    endloop
  endfacet
  facet normal  2.340205e-001  6.687813e-001  7.056671e-001
    outer loop
      vertex  9.112066e+001  1.681163e+000  1.500000e+001
      vertex  9.086703e+001  1.769914e+000  1.500000e+001
      vertex  9.069999e+001  7.732100e-001  1.600000e+001
    endloop
  endfacet
  facet normal  7.048726e-001  7.943017e-002  7.048726e-001
    outer loop
      vertex  9.080000e+001  6.000000e-001  1.600000e+001
      vertex  9.180000e+001  6.000000e-001  1.500000e+001
      vertex  9.176991e+001  8.670251e-001  1.500000e+001
    endloop
  endfacet
  facet normal  6.661998e-001  2.331183e-001  7.084020e-001
    outer loop
      vertex  9.080000e+001  6.000000e-001  1.600000e+001
      vertex  9.176991e+001  8.670251e-001  1.500000e+001
      vertex  9.168116e+001  1.120661e+000  1.500000e+001
    endloop
  endfacet
  facet normal  6.878330e-001  1.843457e-001  7.020701e-001
    outer loop
      vertex  9.080000e+001  6.000000e-001  1.600000e+001
      vertex  9.168116e+001  1.120661e+000  1.500000e+001
      vertex  9.077320e+001  7.000042e-001  1.600000e+001
    endloop
  endfacet
  facet normal  7.071068e-001  -0.000000e+000  7.071068e-001
    outer loop
      vertex  9.080000e+001  6.000000e-001  1.600000e+001
      vertex  9.080000e+001 -7.059998e+001  1.600000e+001
      vertex  9.180000e+001  6.000000e-001  1.500000e+001
    endloop
  endfacet
  facet normal  7.071068e-001  0.000000e+000  7.071068e-001
    outer loop
      vertex  9.180000e+001  6.000000e-001  1.500000e+001
      vertex  9.080000e+001 -7.059998e+001  1.600000e+001
      vertex  9.180000e+001 -7.060000e+001  1.500000e+001
    endloop
  endfacet
  facet normal  6.809783e-001 -1.824532e-001  7.092105e-001
    outer loop
      vertex  9.077321e+001 -7.069999e+001  1.600000e+001
      vertex  9.176991e+001 -7.086703e+001  1.500000e+001
      vertex  9.080000e+001 -7.059998e+001  1.600000e+001
    endloop
  endfacet
  facet normal  7.048722e-001 -7.942902e-002  7.048733e-001
    outer loop
      vertex  9.176991e+001 -7.086703e+001  1.500000e+001
      vertex  9.180000e+001 -7.060000e+001  1.500000e+001
      vertex  9.080000e+001 -7.059998e+001  1.600000e+001
    endloop
  endfacet
  facet normal  3.775839e-001 -6.009545e-001  7.044743e-001
    outer loop
      vertex  9.112066e+001 -7.168116e+001  1.500000e+001
      vertex  9.134819e+001 -7.153820e+001  1.500000e+001
      vertex  9.070000e+001 -7.077320e+001  1.600000e+001
    endloop
  endfacet
  facet normal  6.009540e-001 -3.775836e-001  7.044749e-001
    outer loop
      vertex  9.153820e+001 -7.134819e+001  1.500000e+001
      vertex  9.168116e+001 -7.112066e+001  1.500000e+001
      vertex  9.077321e+001 -7.069999e+001  1.600000e+001
    endloop
  endfacet
  facet normal  5.002055e-001 -5.001534e-001  7.068529e-001
    outer loop
      vertex  9.070000e+001 -7.077320e+001  1.600000e+001
      vertex  9.153820e+001 -7.134819e+001  1.500000e+001
      vertex  9.077321e+001 -7.069999e+001  1.600000e+001
    endloop
  endfacet
  facet normal  5.001819e-001 -5.001819e-001  7.068495e-001
    outer loop
      vertex  9.134819e+001 -7.153820e+001  1.500000e+001
      vertex  9.153820e+001 -7.134819e+001  1.500000e+001
      vertex  9.070000e+001 -7.077320e+001  1.600000e+001
    endloop
  endfacet
  facet normal  6.687801e-001 -2.340247e-001  7.056668e-001
    outer loop
      vertex  9.168116e+001 -7.112066e+001  1.500000e+001
      vertex  9.176991e+001 -7.086703e+001  1.500000e+001
      vertex  9.077321e+001 -7.069999e+001  1.600000e+001
    endloop
  endfacet
  facet normal  7.942908e-002 -7.048727e-001  7.048727e-001
    outer loop
      vertex  9.060000e+001 -7.080000e+001  1.600000e+001
      vertex  9.060000e+001 -7.180000e+001  1.500000e+001
      vertex  9.086703e+001 -7.176991e+001  1.500000e+001
    endloop
  endfacet
  facet normal  2.331214e-001 -6.661984e-001  7.084024e-001
    outer loop
      vertex  9.060000e+001 -7.080000e+001  1.600000e+001
      vertex  9.086703e+001 -7.176991e+001  1.500000e+001
      vertex  9.112066e+001 -7.168116e+001  1.500000e+001
    endloop
  endfacet
  facet normal  1.843425e-001 -6.878343e-001  7.020698e-001
    outer loop
      vertex  9.060000e+001 -7.080000e+001  1.600000e+001
      vertex  9.112066e+001 -7.168116e+001  1.500000e+001
      vertex  9.070000e+001 -7.077320e+001  1.600000e+001
    endloop
  endfacet
  facet normal  0.000000e+000 -7.071068e-001  7.071068e-001
    outer loop
      vertex -5.999853e-001 -7.080000e+001  1.600000e+001
      vertex -6.000000e-001 -7.180000e+001  1.500000e+001
      vertex  9.060000e+001 -7.080000e+001  1.600000e+001
    endloop
  endfacet
  facet normal  0.000000e+000 -7.071068e-001  7.071068e-001
    outer loop
      vertex  9.060000e+001 -7.080000e+001  1.600000e+001
      vertex -6.000000e-001 -7.180000e+001  1.500000e+001
      vertex  9.060000e+001 -7.180000e+001  1.500000e+001
    endloop
  endfacet
  facet normal -1.824530e-001 -6.809787e-001  7.092102e-001
    outer loop
      vertex -6.999915e-001 -7.077321e+001  1.600000e+001
      vertex -8.670251e-001 -7.176991e+001  1.500000e+001
      vertex -5.999853e-001 -7.080000e+001  1.600000e+001
    endloop
  endfacet
  facet normal -7.943011e-002 -7.048720e-001  7.048732e-001
    outer loop
      vertex -8.670251e-001 -7.176991e+001  1.500000e+001
      vertex -6.000000e-001 -7.180000e+001  1.500000e+001
      vertex -5.999853e-001 -7.080000e+001  1.600000e+001
    endloop
  endfacet
  facet normal -6.009486e-001 -3.775941e-001  7.044738e-001
    outer loop
      vertex -1.681163e+000 -7.112066e+001  1.500000e+001
      vertex -1.538198e+000 -7.134819e+001  1.500000e+001
      vertex -7.732027e-001 -7.070000e+001  1.600000e+001
    endloop
  endfacet
  facet normal -3.775888e-001 -6.009513e-001  7.044744e-001
    outer loop
      vertex -1.348188e+000 -7.153820e+001  1.500000e+001
      vertex -1.120661e+000 -7.168116e+001  1.500000e+001
      vertex -6.999915e-001 -7.077321e+001  1.600000e+001
    endloop
  endfacet
  facet normal -5.001560e-001 -5.002045e-001  7.068516e-001
    outer loop
      vertex -7.732027e-001 -7.070000e+001  1.600000e+001
      vertex -1.348188e+000 -7.153820e+001  1.500000e+001
      vertex -6.999915e-001 -7.077321e+001  1.600000e+001
    endloop
  endfacet
  facet normal -5.001827e-001 -5.001824e-001  7.068484e-001
    outer loop
      vertex -1.538198e+000 -7.134819e+001  1.500000e+001
      vertex -1.348188e+000 -7.153820e+001  1.500000e+001
      vertex -7.732027e-001 -7.070000e+001  1.600000e+001
    endloop
  endfacet
  facet normal -2.340217e-001 -6.687813e-001  7.056665e-001
    outer loop
      vertex -1.120661e+000 -7.168116e+001  1.500000e+001
      vertex -8.670251e-001 -7.176991e+001  1.500000e+001
      vertex -6.999915e-001 -7.077321e+001  1.600000e+001
    endloop
  endfacet
  facet normal -7.048733e-001 -7.941877e-002  7.048733e-001
    outer loop
      vertex -8.000000e-001 -7.060000e+001  1.600000e+001
      vertex -1.800000e+000 -7.060000e+001  1.500000e+001
      vertex -1.769914e+000 -7.086703e+001  1.500000e+001
    endloop
  endfacet
  facet normal -6.661986e-001 -2.331167e-001  7.084039e-001
    outer loop
      vertex -8.000000e-001 -7.060000e+001  1.600000e+001
      vertex -1.769914e+000 -7.086703e+001  1.500000e+001
      vertex -1.681163e+000 -7.112066e+001  1.500000e+001
    endloop
  endfacet
  facet normal -6.878446e-001 -1.843129e-001  7.020673e-001
    outer loop
      vertex -8.000000e-001 -7.060000e+001  1.600000e+001
      vertex -1.681163e+000 -7.112066e+001  1.500000e+001
      vertex -7.732027e-001 -7.070000e+001  1.600000e+001
    endloop
  endfacet
  facet normal -7.071068e-001  0.000000e+000  7.071067e-001
    outer loop
      vertex -8.000000e-001 -7.060000e+001  1.600000e+001
      vertex -8.000000e-001  5.999853e-001  1.600000e+001
      vertex -1.800000e+000 -7.060000e+001  1.500000e+001
    endloop
  endfacet
  facet normal -7.071069e-001  0.000000e+000  7.071068e-001
    outer loop
      vertex -1.800000e+000 -7.060000e+001  1.500000e+001
      vertex -8.000000e-001  5.999853e-001  1.600000e+001
      vertex -1.800000e+000  6.000000e-001  1.500000e+001
    endloop
  endfacet
  facet normal -6.809850e-001  1.824247e-001  7.092113e-001
    outer loop
      vertex -7.732100e-001  6.999915e-001  1.600000e+001
      vertex -1.769914e+000  8.670251e-001  1.500000e+001
      vertex -8.000000e-001  5.999853e-001  1.600000e+001
    endloop
  endfacet
  facet normal -7.048726e-001  7.941978e-002  7.048737e-001
    outer loop
      vertex -1.769914e+000  8.670251e-001  1.500000e+001
      vertex -1.800000e+000  6.000000e-001  1.500000e+001
      vertex -8.000000e-001  5.999853e-001  1.600000e+001
    endloop
  endfacet
  facet normal -3.775991e-001  6.009455e-001  7.044739e-001
    outer loop
      vertex -1.120661e+000  1.681163e+000  1.500000e+001
      vertex -1.348188e+000  1.538198e+000  1.500000e+001
      vertex -7.000042e-001  7.732027e-001  1.600000e+001
    endloop
  endfacet
  facet normal -6.009454e-001  3.775989e-001  7.044741e-001
    outer loop
      vertex -1.538198e+000  1.348188e+000  1.500000e+001
      vertex -1.681163e+000  1.120661e+000  1.500000e+001
      vertex -7.732100e-001  6.999915e-001  1.600000e+001
    endloop
  endfacet
  facet normal -5.001996e-001  5.001630e-001  7.068503e-001
    outer loop
      vertex -7.000042e-001  7.732027e-001  1.600000e+001
      vertex -1.538198e+000  1.348188e+000  1.500000e+001
      vertex -7.732100e-001  6.999915e-001  1.600000e+001
    endloop
  endfacet
  facet normal -5.001829e-001  5.001829e-001  7.068479e-001
    outer loop
      vertex -1.348188e+000  1.538198e+000  1.500000e+001
      vertex -1.538198e+000  1.348188e+000  1.500000e+001
      vertex -7.000042e-001  7.732027e-001  1.600000e+001
    endloop
  endfacet
  facet normal -6.687827e-001  2.340174e-001  7.056668e-001
    outer loop
      vertex -1.681163e+000  1.120661e+000  1.500000e+001
      vertex -1.769914e+000  8.670251e-001  1.500000e+001
      vertex -7.732100e-001  6.999915e-001  1.600000e+001
    endloop
  endfacet
  facet normal -7.941986e-002  7.048733e-001  7.048731e-001
    outer loop
      vertex -6.000000e-001  8.000000e-001  1.600000e+001
      vertex -6.000000e-001  1.800000e+000  1.500000e+001
      vertex -8.670251e-001  1.769914e+000  1.500000e+001
    endloop
  endfacet
  facet normal -2.331137e-001  6.662000e-001  7.084036e-001
    outer loop
      vertex -6.000000e-001  8.000000e-001  1.600000e+001
      vertex -8.670251e-001  1.769914e+000  1.500000e+001
      vertex -1.120661e+000  1.681163e+000  1.500000e+001
    endloop
  endfacet
  facet normal -1.843161e-001  6.878433e-001  7.020678e-001
    outer loop
      vertex -6.000000e-001  8.000000e-001  1.600000e+001
      vertex -1.120661e+000  1.681163e+000  1.500000e+001
      vertex -7.000042e-001  7.732027e-001  1.600000e+001
    endloop
  endfacet
  facet normal  0.000000e+000  7.071068e-001  7.071068e-001
    outer loop
      vertex  9.059998e+001  8.000000e-001  1.600000e+001
      vertex  9.060000e+001  1.800000e+000  1.500000e+001
      vertex -6.000000e-001  8.000000e-001  1.600000e+001
    endloop
  endfacet
  facet normal  0.000000e+000  7.071068e-001  7.071067e-001
    outer loop
      vertex -6.000000e-001  8.000000e-001  1.600000e+001
      vertex  9.060000e+001  1.800000e+000  1.500000e+001
      vertex -6.000000e-001  1.800000e+000  1.500000e+001
    endloop
  endfacet
  facet normal -7.941987e-002  7.048732e-001 -7.048733e-001
    outer loop
      vertex -6.000000e-001  1.500000e+000 -4.000000e+000
      vertex -8.670251e-001  1.769914e+000 -3.700000e+000
      vertex -6.000000e-001  1.800000e+000 -3.700000e+000
    endloop
  endfacet
  facet normal -9.191848e-002  6.981910e-001 -7.099860e-001
    outer loop
      vertex -6.000000e-001  1.500000e+000 -4.000000e+000
      vertex -8.329371e-001  1.469333e+000 -4.000000e+000
      vertex -8.670251e-001  1.769914e+000 -3.700000e+000
    endloop
  endfacet
  facet normal -6.981909e-001  9.191886e-002 -7.099862e-001
    outer loop
      vertex -1.500000e+000  6.000003e-001 -4.000000e+000
      vertex -1.769914e+000  8.670251e-001 -3.700000e+000
      vertex -1.469333e+000  8.329374e-001 -4.000000e+000
    endloop
  endfacet
  facet normal -7.048733e-001  7.941987e-002 -7.048732e-001
    outer loop
      vertex -1.500000e+000  6.000003e-001 -4.000000e+000
      vertex -1.800000e+000  6.000000e-001 -3.700000e+000
      vertex -1.769914e+000  8.670251e-001 -3.700000e+000
    endloop
  endfacet
  facet normal -2.355083e-001  6.730433e-001 -7.011052e-001
    outer loop
      vertex -8.329371e-001  1.469333e+000 -4.000000e+000
      vertex -1.120661e+000  1.681163e+000 -3.700000e+000
      vertex -8.670251e-001  1.769914e+000 -3.700000e+000
    endloop
  endfacet
  facet normal -3.805645e-001  6.056650e-001 -6.988137e-001
    outer loop
      vertex -1.050000e+000  1.379423e+000 -4.000000e+000
      vertex -1.348188e+000  1.538198e+000 -3.700000e+000
      vertex -1.120661e+000  1.681163e+000 -3.700000e+000
    endloop
  endfacet
  facet normal -2.679898e-001  6.469845e-001 -7.138575e-001
    outer loop
      vertex -1.050000e+000  1.379423e+000 -4.000000e+000
      vertex -1.120661e+000  1.681163e+000 -3.700000e+000
      vertex -8.329371e-001  1.469333e+000 -4.000000e+000
    endloop
  endfacet
  facet normal -5.063267e-001  5.063267e-001 -6.980448e-001
    outer loop
      vertex -1.236396e+000  1.236396e+000 -4.000000e+000
      vertex -1.538198e+000  1.348188e+000 -3.700000e+000
      vertex -1.348188e+000  1.538198e+000 -3.700000e+000
    endloop
  endfacet
  facet normal -4.251198e-001  5.540269e-001 -7.157705e-001
    outer loop
      vertex -1.236396e+000  1.236396e+000 -4.000000e+000
      vertex -1.348188e+000  1.538198e+000 -3.700000e+000
      vertex -1.050000e+000  1.379423e+000 -4.000000e+000
    endloop
  endfacet
  facet normal -6.056650e-001  3.805645e-001 -6.988136e-001
    outer loop
      vertex -1.379423e+000  1.050000e+000 -4.000000e+000
      vertex -1.681163e+000  1.120661e+000 -3.700000e+000
      vertex -1.538198e+000  1.348188e+000 -3.700000e+000
    endloop
  endfacet
  facet normal -5.540267e-001  4.251201e-001 -7.157705e-001
    outer loop
      vertex -1.379423e+000  1.050000e+000 -4.000000e+000
      vertex -1.538198e+000  1.348188e+000 -3.700000e+000
      vertex -1.236396e+000  1.236396e+000 -4.000000e+000
    endloop
  endfacet
  facet normal -6.730433e-001  2.355082e-001 -7.011052e-001
    outer loop
      vertex -1.469333e+000  8.329374e-001 -4.000000e+000
      vertex -1.769914e+000  8.670251e-001 -3.700000e+000
      vertex -1.681163e+000  1.120661e+000 -3.700000e+000
    endloop
  endfacet
  facet normal -6.469845e-001  2.679898e-001 -7.138575e-001
    outer loop
      vertex -1.469333e+000  8.329374e-001 -4.000000e+000
      vertex -1.681163e+000  1.120661e+000 -3.700000e+000
      vertex -1.379423e+000  1.050000e+000 -4.000000e+000
    endloop
  endfacet
  facet normal  7.048690e-001  7.942978e-002 -7.048764e-001
    outer loop
      vertex  9.150000e+001  6.000000e-001 -4.000000e+000
      vertex  9.176991e+001  8.670251e-001 -3.700000e+000
      vertex  9.180000e+001  6.000000e-001 -3.700000e+000
    endloop
  endfacet
  facet normal  6.981868e-001  9.192827e-002 -7.099890e-001
    outer loop
      vertex  9.150000e+001  6.000000e-001 -4.000000e+000
      vertex  9.146933e+001  8.329371e-001 -4.000000e+000
      vertex  9.176991e+001  8.670251e-001 -3.700000e+000
    endloop
  endfacet
  facet normal  9.191746e-002  6.981910e-001 -7.099862e-001
    outer loop
      vertex  9.060000e+001  1.500000e+000 -4.000000e+000
      vertex  9.086703e+001  1.769914e+000 -3.700000e+000
      vertex  9.083294e+001  1.469333e+000 -4.000000e+000
    endloop
  endfacet
  facet normal  7.941877e-002  7.048733e-001 -7.048733e-001
    outer loop
      vertex  9.060000e+001  1.500000e+000 -4.000000e+000
      vertex  9.060000e+001  1.800000e+000 -3.700000e+000
      vertex  9.086703e+001  1.769914e+000 -3.700000e+000
    endloop
  endfacet
  facet normal  6.730396e-001  2.355117e-001 -7.011077e-001
    outer loop
      vertex  9.146933e+001  8.329371e-001 -4.000000e+000
      vertex  9.168116e+001  1.120661e+000 -3.700000e+000
      vertex  9.176991e+001  8.670251e-001 -3.700000e+000
    endloop
  endfacet
  facet normal  6.056737e-001  3.805560e-001 -6.988108e-001
    outer loop
      vertex  9.137943e+001  1.050000e+000 -4.000000e+000
      vertex  9.153820e+001  1.348188e+000 -3.700000e+000
      vertex  9.168116e+001  1.120661e+000 -3.700000e+000
    endloop
  endfacet
  facet normal  6.469939e-001  2.679770e-001 -7.138537e-001
    outer loop
      vertex  9.137943e+001  1.050000e+000 -4.000000e+000
      vertex  9.168116e+001  1.120661e+000 -3.700000e+000
      vertex  9.146933e+001  8.329371e-001 -4.000000e+000
    endloop
  endfacet
  facet normal  5.063254e-001  5.063257e-001 -6.980464e-001
    outer loop
      vertex  9.123640e+001  1.236396e+000 -4.000000e+000
      vertex  9.134819e+001  1.538198e+000 -3.700000e+000
      vertex  9.153820e+001  1.348188e+000 -3.700000e+000
    endloop
  endfacet
  facet normal  5.540236e-001  4.251220e-001 -7.157717e-001
    outer loop
      vertex  9.123640e+001  1.236396e+000 -4.000000e+000
      vertex  9.153820e+001  1.348188e+000 -3.700000e+000
      vertex  9.137943e+001  1.050000e+000 -4.000000e+000
    endloop
  endfacet
  facet normal  3.805605e-001  6.056697e-001 -6.988117e-001
    outer loop
      vertex  9.105000e+001  1.379423e+000 -4.000000e+000
      vertex  9.112066e+001  1.681163e+000 -3.700000e+000
      vertex  9.134819e+001  1.538198e+000 -3.700000e+000
    endloop
  endfacet
  facet normal  4.251229e-001  5.540236e-001 -7.157711e-001
    outer loop
      vertex  9.105000e+001  1.379423e+000 -4.000000e+000
      vertex  9.134819e+001  1.538198e+000 -3.700000e+000
      vertex  9.123640e+001  1.236396e+000 -4.000000e+000
    endloop
  endfacet
  facet normal  2.355115e-001  6.730424e-001 -7.011051e-001
    outer loop
      vertex  9.083294e+001  1.469333e+000 -4.000000e+000
      vertex  9.086703e+001  1.769914e+000 -3.700000e+000
      vertex  9.112066e+001  1.681163e+000 -3.700000e+000
    endloop
  endfacet
  facet normal  2.679894e-001  6.469867e-001 -7.138557e-001
    outer loop
      vertex  9.083294e+001  1.469333e+000 -4.000000e+000
      vertex  9.112066e+001  1.681163e+000 -3.700000e+000
      vertex  9.105000e+001  1.379423e+000 -4.000000e+000
    endloop
  endfacet
  facet normal  7.942868e-002 -7.048691e-001 -7.048764e-001
    outer loop
      vertex  9.060000e+001 -7.150000e+001 -4.000000e+000
      vertex  9.086703e+001 -7.176991e+001 -3.700000e+000
      vertex  9.060000e+001 -7.180000e+001 -3.700000e+000
    endloop
  endfacet
  facet normal  9.192688e-002 -6.981870e-001 -7.099890e-001
    outer loop
      vertex  9.060000e+001 -7.150000e+001 -4.000000e+000
      vertex  9.083294e+001 -7.146933e+001 -4.000000e+000
      vertex  9.086703e+001 -7.176991e+001 -3.700000e+000
    endloop
  endfacet
  facet normal  6.981869e-001 -9.192690e-002 -7.099890e-001
    outer loop
      vertex  9.150000e+001 -7.060000e+001 -4.000000e+000
      vertex  9.176991e+001 -7.086703e+001 -3.700000e+000
      vertex  9.146933e+001 -7.083294e+001 -4.000000e+000
    endloop
  endfacet
  facet normal  7.048691e-001 -7.942868e-002 -7.048764e-001
    outer loop
      vertex  9.150000e+001 -7.060000e+001 -4.000000e+000
      vertex  9.180000e+001 -7.060000e+001 -3.700000e+000
      vertex  9.176991e+001 -7.086703e+001 -3.700000e+000
    endloop
  endfacet
  facet normal  2.355150e-001 -6.730388e-001 -7.011074e-001
    outer loop
      vertex  9.083294e+001 -7.146933e+001 -4.000000e+000
      vertex  9.112066e+001 -7.168116e+001 -3.700000e+000
      vertex  9.086703e+001 -7.176991e+001 -3.700000e+000
    endloop
  endfacet
  facet normal  3.805521e-001 -6.056785e-001 -6.988087e-001
    outer loop
      vertex  9.105000e+001 -7.137943e+001 -4.000000e+000
      vertex  9.134819e+001 -7.153820e+001 -3.700000e+000
      vertex  9.112066e+001 -7.168116e+001 -3.700000e+000
    endloop
  endfacet
  facet normal  2.679766e-001 -6.469963e-001 -7.138517e-001
    outer loop
      vertex  9.105000e+001 -7.137943e+001 -4.000000e+000
      vertex  9.112066e+001 -7.168116e+001 -3.700000e+000
      vertex  9.083294e+001 -7.146933e+001 -4.000000e+000
    endloop
  endfacet
  facet normal  5.063245e-001 -5.063245e-001 -6.980479e-001
    outer loop
      vertex  9.123640e+001 -7.123640e+001 -4.000000e+000
      vertex  9.153820e+001 -7.134819e+001 -3.700000e+000
      vertex  9.134819e+001 -7.153820e+001 -3.700000e+000
    endloop
  endfacet
  facet normal  4.251249e-001 -5.540207e-001 -7.157723e-001
    outer loop
      vertex  9.123640e+001 -7.123640e+001 -4.000000e+000
      vertex  9.134819e+001 -7.153820e+001 -3.700000e+000
      vertex  9.105000e+001 -7.137943e+001 -4.000000e+000
    endloop
  endfacet
  facet normal  6.056785e-001 -3.805521e-001 -6.988087e-001
    outer loop
      vertex  9.137943e+001 -7.105000e+001 -4.000000e+000
      vertex  9.168116e+001 -7.112066e+001 -3.700000e+000
      vertex  9.153820e+001 -7.134819e+001 -3.700000e+000
    endloop
  endfacet
  facet normal  5.540207e-001 -4.251249e-001 -7.157723e-001
    outer loop
      vertex  9.137943e+001 -7.105000e+001 -4.000000e+000
      vertex  9.153820e+001 -7.134819e+001 -3.700000e+000
      vertex  9.123640e+001 -7.123640e+001 -4.000000e+000
    endloop
  endfacet
  facet normal  6.730388e-001 -2.355150e-001 -7.011074e-001
    outer loop
      vertex  9.146933e+001 -7.083294e+001 -4.000000e+000
      vertex  9.176991e+001 -7.086703e+001 -3.700000e+000
      vertex  9.168116e+001 -7.112066e+001 -3.700000e+000
    endloop
  endfacet
  facet normal  6.469963e-001 -2.679766e-001 -7.138517e-001
    outer loop
      vertex  9.146933e+001 -7.083294e+001 -4.000000e+000
      vertex  9.168116e+001 -7.112066e+001 -3.700000e+000
      vertex  9.137943e+001 -7.105000e+001 -4.000000e+000
    endloop
  endfacet
  facet normal -7.048733e-001 -7.941877e-002 -7.048733e-001
    outer loop
      vertex -1.500000e+000 -7.060000e+001 -4.000000e+000
      vertex -1.769914e+000 -7.086703e+001 -3.700000e+000
      vertex -1.800000e+000 -7.060000e+001 -3.700000e+000
    endloop
  endfacet
  facet normal -6.981913e-001 -9.191709e-002 -7.099860e-001
    outer loop
      vertex -1.500000e+000 -7.060000e+001 -4.000000e+000
      vertex -1.469333e+000 -7.083294e+001 -4.000000e+000
      vertex -1.769914e+000 -7.086703e+001 -3.700000e+000
    endloop
  endfacet
  facet normal -9.192830e-002 -6.981869e-001 -7.099890e-001
    outer loop
      vertex -6.000003e-001 -7.150000e+001 -4.000000e+000
      vertex -8.670251e-001 -7.176991e+001 -3.700000e+000
      vertex -8.329374e-001 -7.146933e+001 -4.000000e+000
    endloop
  endfacet
  facet normal -7.942978e-002 -7.048690e-001 -7.048763e-001
    outer loop
      vertex -6.000003e-001 -7.150000e+001 -4.000000e+000
      vertex -6.000000e-001 -7.180000e+001 -3.700000e+000
      vertex -8.670251e-001 -7.176991e+001 -3.700000e+000
    endloop
  endfacet
  facet normal -6.730425e-001 -2.355115e-001 -7.011049e-001
    outer loop
      vertex -1.469333e+000 -7.083294e+001 -4.000000e+000
      vertex -1.681163e+000 -7.112066e+001 -3.700000e+000
      vertex -1.769914e+000 -7.086703e+001 -3.700000e+000
    endloop
  endfacet
  facet normal -6.056698e-001 -3.805605e-001 -6.988116e-001
    outer loop
      vertex -1.379423e+000 -7.105000e+001 -4.000000e+000
      vertex -1.538198e+000 -7.134819e+001 -3.700000e+000
      vertex -1.681163e+000 -7.112066e+001 -3.700000e+000
    endloop
  endfacet
  facet normal -6.469868e-001 -2.679895e-001 -7.138554e-001
    outer loop
      vertex -1.379423e+000 -7.105000e+001 -4.000000e+000
      vertex -1.681163e+000 -7.112066e+001 -3.700000e+000
      vertex -1.469333e+000 -7.083294e+001 -4.000000e+000
    endloop
  endfacet
  facet normal -5.063258e-001 -5.063255e-001 -6.980462e-001
    outer loop
      vertex -1.236396e+000 -7.123640e+001 -4.000000e+000
      vertex -1.348188e+000 -7.153820e+001 -3.700000e+000
      vertex -1.538198e+000 -7.134819e+001 -3.700000e+000
    endloop
  endfacet
  facet normal -5.540240e-001 -4.251228e-001 -7.157710e-001
    outer loop
      vertex -1.236396e+000 -7.123640e+001 -4.000000e+000
      vertex -1.538198e+000 -7.134819e+001 -3.700000e+000
      vertex -1.379423e+000 -7.105000e+001 -4.000000e+000
    endloop
  endfacet
  facet normal -3.805561e-001 -6.056738e-001 -6.988107e-001
    outer loop
      vertex -1.050000e+000 -7.137943e+001 -4.000000e+000
      vertex -1.120661e+000 -7.168116e+001 -3.700000e+000
      vertex -1.348188e+000 -7.153820e+001 -3.700000e+000
    endloop
  endfacet
  facet normal -4.251221e-001 -5.540237e-001 -7.157716e-001
    outer loop
      vertex -1.050000e+000 -7.137943e+001 -4.000000e+000
      vertex -1.348188e+000 -7.153820e+001 -3.700000e+000
      vertex -1.236396e+000 -7.123640e+001 -4.000000e+000
    endloop
  endfacet
  facet normal -2.355117e-001 -6.730396e-001 -7.011076e-001
    outer loop
      vertex -8.329374e-001 -7.146933e+001 -4.000000e+000
      vertex -8.670251e-001 -7.176991e+001 -3.700000e+000
      vertex -1.120661e+000 -7.168116e+001 -3.700000e+000
    endloop
  endfacet
  facet normal -2.679770e-001 -6.469941e-001 -7.138536e-001
    outer loop
      vertex -8.329374e-001 -7.146933e+001 -4.000000e+000
      vertex -1.120661e+000 -7.168116e+001 -3.700000e+000
      vertex -1.050000e+000 -7.137943e+001 -4.000000e+000
    endloop
  endfacet
endsolid CATIA STL
